DocName	SectionType	OriginalText	EntityType	BegIndex	EntityText	PossiblyCorrectedText	CorrectionDistance	ResolvedForm
82846-7	E	11-Dehydrocorticosterone	DictMol	0	11-Dehydrocorticosterone	11-Dehydrocorticosterone	0	C[C@]12CCC(=O)C=C1CC[C@@H]3[C@@H]2C(=O)C[C@]4([C@H]3CC[C@@H]4C(=O)CO)C
82846-7	E	tetrahydrocorticosterone	DictMol	25	tetrahydrocorticosterone	tetrahydrocorticosterone	0	C[C@]12CC[C@H](C[C@H]1CC[C@@H]3[C@@H]2[C@H](C[C@]4([C@H]3CC[C@@H]4C(=O)CO)C)O)O
82846-7	E	tetrahydrocorticosterone	DictMol	55	tetrahydrocorticosterone	tetrahydrocorticosterone	0	C[C@]12CC[C@H](C[C@H]1CC[C@@H]3[C@@H]2[C@H](C[C@]4([C@H]3CC[C@@H]4C(=O)CO)C)O)O
82846-7	E	Androsterone	DictMol	80	Androsterone	Androsterone	0	C[C@@]12CC[C@@H](O)C[C@@H]2CC[C@@H]2[C@@H]1CC[C@]1(C)C(=O)CC[C@@H]21
82846-7	E	etiocholanolone	DictMol	93	etiocholanolone	etiocholanolone	0	C[C@@]12CC[C@@H](O)C[C@H]2CC[C@@H]2[C@@H]1CC[C@]1(C)C(=O)CC[C@@H]21
82846-7	E	11-Dehydrocorticosterone	DictMol	0	11-Dehydrocorticosterone	11-Dehydrocorticosterone	0	C[C@]12CCC(=O)C=C1CC[C@@H]3[C@@H]2C(=O)C[C@]4([C@H]3CC[C@@H]4C(=O)CO)C
82846-7	E	tetrahydrocorticosterone	DictMol	25	tetrahydrocorticosterone	tetrahydrocorticosterone	0	C[C@]12CC[C@H](C[C@H]1CC[C@@H]3[C@@H]2[C@H](C[C@]4([C@H]3CC[C@@H]4C(=O)CO)C)O)O
82846-7	E	tetrahydrocorticosterone	DictMol	55	tetrahydrocorticosterone	tetrahydrocorticosterone	0	C[C@]12CC[C@H](C[C@H]1CC[C@@H]3[C@@H]2[C@H](C[C@]4([C@H]3CC[C@@H]4C(=O)CO)C)O)O
82846-7	E	Androsterone	DictMol	80	Androsterone	Androsterone	0	C[C@@]12CC[C@@H](O)C[C@@H]2CC[C@@H]2[C@@H]1CC[C@]1(C)C(=O)CC[C@@H]21
82846-7	E	etiocholanolone	DictMol	93	etiocholanolone	etiocholanolone	0	C[C@@]12CC[C@@H](O)C[C@H]2CC[C@@H]2[C@@H]1CC[C@]1(C)C(=O)CC[C@@H]21
82848-3	E	11-Dehydrocorticosterone	DictMol	0	11-Dehydrocorticosterone	11-Dehydrocorticosterone	0	C[C@]12CCC(=O)C=C1CC[C@@H]3[C@@H]2C(=O)C[C@]4([C@H]3CC[C@@H]4C(=O)CO)C
82848-3	E	tetrahydrocorticosterone	DictMol	25	tetrahydrocorticosterone	tetrahydrocorticosterone	0	C[C@]12CC[C@H](C[C@H]1CC[C@@H]3[C@@H]2[C@H](C[C@]4([C@H]3CC[C@@H]4C(=O)CO)C)O)O
82848-3	E	tetrahydrocorticosterone	DictMol	55	tetrahydrocorticosterone	tetrahydrocorticosterone	0	C[C@]12CC[C@H](C[C@H]1CC[C@@H]3[C@@H]2[C@H](C[C@]4([C@H]3CC[C@@H]4C(=O)CO)C)O)O
82848-3	E	Tetrahydrocortisone	DictMol	80	Tetrahydrocortisone	Tetrahydrocortisone	0	C[C@@]12CC[C@@H](O)C[C@H]2CC[C@@H]2[C@@H]1C(=O)C[C@@]1(C)[C@H]2CC[C@]1(O)C(=O)CO
82848-3	E	tetrahydrocortisol	DictMol	100	tetrahydrocortisol	tetrahydrocortisol	0	C[C@]12CC[C@H](C[C@H]1CC[C@@H]3[C@@H]2[C@H](C[C@]4([C@H]3CC[C@@]4(C(=O)CO)O)C)O)O
82848-3	E	5-alpha tetrahydrocortisol	DictMol	119	5-alpha tetrahydrocortisol	5alpha-tetrahydrocortisol	0	C[C@]12CC[C@H](C[C@@H]1CC[C@@H]3[C@@H]2[C@H](C[C@]4([C@H]3CC[C@@]4(C(=O)CO)O)C)O)O
82848-3	E	11-Dehydrocorticosterone	DictMol	0	11-Dehydrocorticosterone	11-Dehydrocorticosterone	0	C[C@]12CCC(=O)C=C1CC[C@@H]3[C@@H]2C(=O)C[C@]4([C@H]3CC[C@@H]4C(=O)CO)C
82848-3	E	tetrahydrocorticosterone	DictMol	25	tetrahydrocorticosterone	tetrahydrocorticosterone	0	C[C@]12CC[C@H](C[C@H]1CC[C@@H]3[C@@H]2[C@H](C[C@]4([C@H]3CC[C@@H]4C(=O)CO)C)O)O
82848-3	E	tetrahydrocorticosterone	DictMol	55	tetrahydrocorticosterone	tetrahydrocorticosterone	0	C[C@]12CC[C@H](C[C@H]1CC[C@@H]3[C@@H]2[C@H](C[C@]4([C@H]3CC[C@@H]4C(=O)CO)C)O)O
82848-3	E	Tetrahydrocortisone	DictMol	80	Tetrahydrocortisone	Tetrahydrocortisone	0	C[C@@]12CC[C@@H](O)C[C@H]2CC[C@@H]2[C@@H]1C(=O)C[C@@]1(C)[C@H]2CC[C@]1(O)C(=O)CO
82848-3	E	tetrahydrocortisol	DictMol	100	tetrahydrocortisol	tetrahydrocortisol	0	C[C@]12CC[C@H](C[C@H]1CC[C@@H]3[C@@H]2[C@H](C[C@]4([C@H]3CC[C@@]4(C(=O)CO)O)C)O)O
82848-3	E	5-alpha tetrahydrocortisol	DictMol	119	5-alpha tetrahydrocortisol	5alpha-tetrahydrocortisol	0	C[C@]12CC[C@H](C[C@@H]1CC[C@@H]3[C@@H]2[C@H](C[C@]4([C@H]3CC[C@@]4(C(=O)CO)O)C)O)O
21034-4	E	11-Deoxycortisol	DictMol	0	11-Deoxycortisol	11-Deoxycortisol	0	C[C@@]12CCC(=O)C=C2CC[C@@H]2[C@@H]1CC[C@@]1(C)[C@H]2CC[C@]1(O)C(=O)CO
82861-6	E	11-Deoxytetrahydrocortisol	DictMol	0	11-Deoxytetrahydrocortisol	11-Deoxytetrahydrocortisol	0	C[C@]12CC[C@H](C[C@H]1CC[C@@H]3[C@@H]2CC[C@]4([C@H]3CC[C@@]4(C(=O)CO)O)C)O
82861-6	E	Tetrahydrocortisone	DictMol	27	Tetrahydrocortisone	Tetrahydrocortisone	0	C[C@@]12CC[C@@H](O)C[C@H]2CC[C@@H]2[C@@H]1C(=O)C[C@@]1(C)[C@H]2CC[C@]1(O)C(=O)CO
82861-6	E	tetrahydrocortisol	DictMol	47	tetrahydrocortisol	tetrahydrocortisol	0	C[C@]12CC[C@H](C[C@H]1CC[C@@H]3[C@@H]2[C@H](C[C@]4([C@H]3CC[C@@]4(C(=O)CO)O)C)O)O
82861-6	E	5-alpha tetrahydrocortisol	DictMol	66	5-alpha tetrahydrocortisol	5alpha-tetrahydrocortisol	0	C[C@]12CC[C@H](C[C@@H]1CC[C@@H]3[C@@H]2[C@H](C[C@]4([C@H]3CC[C@@]4(C(=O)CO)O)C)O)O
104677-0	E	C16:0	DictMol	46	C16:0	C16:0	0	CCCCCCCCCCCCCCCC(=O)O
104677-0	E	C16:0	DictMol	46	C16:0	C16:0	0	CCCCCCCCCCCCCCCC(=O)O
104677-0	E	C16:0	DictMol	46	C16:0	C16:0	0	CCCCCCCCCCCCCCCC(=O)O
104677-0	E	C16:0	DictMol	46	C16:0	C16:0	0	CCCCCCCCCCCCCCCC(=O)O
104677-0	E	C16:0	DictMol	46	C16:0	C16:0	0	CCCCCCCCCCCCCCCC(=O)O
104677-0	E	C16:0	DictMol	46	C16:0	C16:0	0	CCCCCCCCCCCCCCCC(=O)O
104677-0	E	C16:0	DictMol	46	C16:0	C16:0	0	CCCCCCCCCCCCCCCC(=O)O
104678-8	E	C18:0	DictMol	50	C18:0	C18:0	0	CCCCCCCCCCCCCCCCCC(=O)O
104678-8	E	C18:0	DictMol	50	C18:0	C18:0	0	CCCCCCCCCCCCCCCCCC(=O)O
104678-8	E	C18:0	DictMol	50	C18:0	C18:0	0	CCCCCCCCCCCCCCCCCC(=O)O
104678-8	E	C18:0	DictMol	50	C18:0	C18:0	0	CCCCCCCCCCCCCCCCCC(=O)O
104678-8	E	C18:0	DictMol	50	C18:0	C18:0	0	CCCCCCCCCCCCCCCCCC(=O)O
104678-8	E	C18:0	DictMol	50	C18:0	C18:0	0	CCCCCCCCCCCCCCCCCC(=O)O
104678-8	E	C18:0	DictMol	50	C18:0	C18:0	0	CCCCCCCCCCCCCCCCCC(=O)O
104678-8	E	C18:0	DictMol	50	C18:0	C18:0	0	CCCCCCCCCCCCCCCCCC(=O)O
104678-8	E	C18:0	DictMol	50	C18:0	C18:0	0	CCCCCCCCCCCCCCCCCC(=O)O
104678-8	E	C18:0	DictMol	50	C18:0	C18:0	0	CCCCCCCCCCCCCCCCCC(=O)O
104678-8	E	C18:0	DictMol	50	C18:0	C18:0	0	CCCCCCCCCCCCCCCCCC(=O)O
104117-7	E	11-Hydroxytestosterone	DictMol	0	11-Hydroxytestosterone	11-Hydroxytestosterone	0	C[C@]12CCC(=O)C=C1CC[C@@H]3[C@@H]2[C@H](C[C@]4([C@H]3CC[C@@H]4O)C)O
103962-7	E	11-Ketotestosterone	DictMol	0	11-Ketotestosterone	11-Ketotestosterone	0	C[C@]12CCC(=O)C=C1CC[C@@H]3[C@@H]2C(=O)C[C@]4([C@H]3CC[C@@H]4O)C
62290-2	E	1,25-Dihydroxyvitamin D	DictMol	0	1,25-Dihydroxyvitamin D	1,25-Dihydroxyvitamin D	0	C[C@H](CCCC(C)(C)O)[C@H]1CC[C@@H]\2[C@@]1(CCC/C2=C\C=C/3\C[C@H](C[C@@H](C3=C)O)O)C
62291-0	E	1,25-Dihydroxyvitamin D2	DictMol	0	1,25-Dihydroxyvitamin D2	1,25-Dihydroxyvitamin D2	0	C=C1C(=C\C=C2/CCC[C@]3(C)[C@@H]([C@H](C)/C=C/[C@H](C)C(C)(C)O)CC[C@@H]23)/C[C@@H](O)C[C@@H]1O
79471-9	E	Creatinine	DictMol	20	Creatinine	Creatinine	0	CN1CC(=O)NC1=N
79471-9	E	Creatinine	DictMol	20	Creatinine	Creatinine	0	CN1CC(=O)NC1=N
79471-9	E	Creatinine	DictMol	20	Creatinine	Creatinine	0	CN1CC(=O)NC1=N
79471-9	E	Creatinine	DictMol	20	Creatinine	Creatinine	0	CN1CC(=O)NC1=N
44277-2	E	Creatinine	DictMol	40	Creatinine	Creatinine	0	CN1CC(=O)NC1=N
49825-3	E	16-Alpha hydroxyestrone	DictMol	0	16-Alpha hydroxyestrone	16-Alpha-hydroxyestrone	0	C[C@]12CC[C@H]3[C@H]([C@@H]1CC(C2=O)O)CCC4=C3C=CC(=C4)O
49825-3	E	16-Alpha hydroxyestrone	DictMol	0	16-Alpha hydroxyestrone	16-Alpha-hydroxyestrone	0	C[C@]12CC[C@H]3[C@H]([C@@H]1CC(C2=O)O)CCC4=C3C=CC(=C4)O
49825-3	E	16-Alpha hydroxyestrone	DictMol	0	16-Alpha hydroxyestrone	16-Alpha-hydroxyestrone	0	C[C@]12CC[C@H]3[C@H]([C@@H]1CC(C2=O)O)CCC4=C3C=CC(=C4)O
95574-0	E	hydroxypregnanolone	DictMol	20	hydroxypregnanolone	hydroxypregnanolone	0	CC[C@H]1CC[C@@H]2[C@@]1(CC[C@H]3[C@H]2CC[C@@H]4[C@@]3(C(C(=O)CC4)(O)O)C)C
101174-1	E	17-Hydroxyprogesterone	DictMol	0	17-Hydroxyprogesterone	17-Hydroxyprogesterone	0	CCCCCC(=O)O[C@]1(C(C)=O)CC[C@H]2[C@@H]3CCC4=CC(=O)CC[C@]4(C)[C@H]3CC[C@]12C
101174-1	E	17-Hydroxyprogesterone	DictMol	0	17-Hydroxyprogesterone	17-Hydroxyprogesterone	0	CCCCCC(=O)O[C@]1(C(C)=O)CC[C@H]2[C@@H]3CCC4=CC(=O)CC[C@]4(C)[C@H]3CC[C@]12C
101174-1	E	17-Hydroxyprogesterone	DictMol	0	17-Hydroxyprogesterone	17-Hydroxyprogesterone	0	CCCCCC(=O)O[C@]1(C(C)=O)CC[C@H]2[C@@H]3CCC4=CC(=O)CC[C@]4(C)[C@H]3CC[C@]12C
101174-1	E	17-Hydroxyprogesterone	DictMol	0	17-Hydroxyprogesterone	17-Hydroxyprogesterone	0	CCCCCC(=O)O[C@]1(C(C)=O)CC[C@H]2[C@@H]3CCC4=CC(=O)CC[C@]4(C)[C@H]3CC[C@]12C
101174-1	E	17-Hydroxyprogesterone	DictMol	0	17-Hydroxyprogesterone	17-Hydroxyprogesterone	0	CCCCCC(=O)O[C@]1(C(C)=O)CC[C@H]2[C@@H]3CCC4=CC(=O)CC[C@]4(C)[C@H]3CC[C@]12C
101174-1	E	17-Hydroxyprogesterone	DictMol	0	17-Hydroxyprogesterone	17-Hydroxyprogesterone	0	CCCCCC(=O)O[C@]1(C(C)=O)CC[C@H]2[C@@H]3CCC4=CC(=O)CC[C@]4(C)[C@H]3CC[C@]12C
101174-1	E	17-Hydroxyprogesterone	DictMol	0	17-Hydroxyprogesterone	17-Hydroxyprogesterone	0	CCCCCC(=O)O[C@]1(C(C)=O)CC[C@H]2[C@@H]3CCC4=CC(=O)CC[C@]4(C)[C@H]3CC[C@]12C
101174-1	E	17-Hydroxyprogesterone	DictMol	0	17-Hydroxyprogesterone	17-Hydroxyprogesterone	0	CCCCCC(=O)O[C@]1(C(C)=O)CC[C@H]2[C@@H]3CCC4=CC(=O)CC[C@]4(C)[C@H]3CC[C@]12C
101174-1	E	17-Hydroxyprogesterone	DictMol	0	17-Hydroxyprogesterone	17-Hydroxyprogesterone	0	CCCCCC(=O)O[C@]1(C(C)=O)CC[C@H]2[C@@H]3CCC4=CC(=O)CC[C@]4(C)[C@H]3CC[C@]12C
53336-4	E	17-Hydroxyprogesterone	DictMol	0	17-Hydroxyprogesterone	17-Hydroxyprogesterone	0	CCCCCC(=O)O[C@]1(C(C)=O)CC[C@H]2[C@@H]3CCC4=CC(=O)CC[C@]4(C)[C@H]3CC[C@]12C
53336-4	E	Cortisol	DictMol	39	Cortisol	Cortisol	0	C[C@@]12CCC(=O)C=C2CC[C@@H]2[C@@H]1[C@@H](O)C[C@@]1(C)[C@H]2CC[C@]1(O)C(=O)CO
12769-6	E	17-Ketosteroids	G	0	17-Ketosteroids	17-Ketosteroids	0	
73850-0	E	glycyrrhetinate	DictMol	8	glycyrrhetinate	glycyrrhetinate	0	C[C@]12CC[C@](C[C@H]1C3=CC(=O)[C@@H]4[C@]5(CC[C@@H](C([C@@H]5CC[C@]4([C@@]3(CC2)C)C)(C)C)O)C)(C)C(=O)[O-]
1674-1	E	18-Hydroxycorticosterone	DictMol	0	18-Hydroxycorticosterone	18-Hydroxycorticosterone	0	C[C@]12CCC(=O)C=C1CC[C@@H]3[C@@H]2[C@H](C[C@]4([C@H]3CC[C@@H]4C(=O)CO)CO)O
11206-0	E	18-Hydroxydeoxycorticosterone	DictMol	0	18-Hydroxydeoxycorticosterone	18-Hydroxydeoxycorticosterone	0	C[C@]12CCC(=O)C=C1CC[C@@H]3[C@@H]2CC[C@]4([C@H]3CC[C@@H]4C(=O)CO)CO
11206-0	E	18-Hydroxydeoxycorticosterone	DictMol	0	18-Hydroxydeoxycorticosterone	18-Hydroxydeoxycorticosterone	0	C[C@]12CCC(=O)C=C1CC[C@@H]3[C@@H]2CC[C@]4([C@H]3CC[C@@H]4C(=O)CO)CO
11206-0	E	18-Hydroxydeoxycorticosterone	DictMol	0	18-Hydroxydeoxycorticosterone	18-Hydroxydeoxycorticosterone	0	C[C@]12CCC(=O)C=C1CC[C@@H]3[C@@H]2CC[C@]4([C@H]3CC[C@@H]4C(=O)CO)CO
13480-9	E	Creatinine	DictMol	24	Creatinine	Creatinine	0	CN1CC(=O)NC1=N
13480-9	E	Creatinine	DictMol	24	Creatinine	Creatinine	0	CN1CC(=O)NC1=N
1678-2	E	20-Hydroxyprogesterone	DictMol	0	20-Hydroxyprogesterone	20-Hydroxyprogesterone	0	CC([C@H]1CC[C@@H]2[C@@]1(CC[C@H]3[C@H]2CCC4=CC(=O)CC[C@]34C)C)O
1678-2	E	20-Hydroxyprogesterone	DictMol	0	20-Hydroxyprogesterone	20-Hydroxyprogesterone	0	CC([C@H]1CC[C@@H]2[C@@]1(CC[C@H]3[C@H]2CCC4=CC(=O)CC[C@]34C)C)O
1678-2	E	20-Hydroxyprogesterone	DictMol	0	20-Hydroxyprogesterone	20-Hydroxyprogesterone	0	CC([C@H]1CC[C@@H]2[C@@]1(CC[C@H]3[C@H]2CCC4=CC(=O)CC[C@]34C)C)O
1678-2	E	20-Hydroxyprogesterone	DictMol	0	20-Hydroxyprogesterone	20-Hydroxyprogesterone	0	CC([C@H]1CC[C@@H]2[C@@]1(CC[C@H]3[C@H]2CCC4=CC(=O)CC[C@]34C)C)O
94381-1	E	2,3-dinor 11 beta-Prostaglandin F2 alpha	DictMol	0	2,3-dinor 11 beta-Prostaglandin F2 alpha	2,3-dinor 11beta-Prostaglandin F2alpha	0	CCCCC[C@@H](/C=C/[C@H]1[C@H](C[C@@H]([C@@H]1C/C=C\CC(=O)O)O)O)O
94381-1	E	Creatinine	DictMol	41	Creatinine	Creatinine	0	CN1CC(=O)NC1=N
94381-1	E	2,3-dinor 11 beta-Prostaglandin F2 alpha	DictMol	0	2,3-dinor 11 beta-Prostaglandin F2 alpha	2,3-dinor 11beta-Prostaglandin F2alpha	0	CCCCC[C@@H](/C=C/[C@H]1[C@H](C[C@@H]([C@@H]1C/C=C\CC(=O)O)O)O)O
94381-1	E	Creatinine	DictMol	41	Creatinine	Creatinine	0	CN1CC(=O)NC1=N
94381-1	E	2,3-dinor 11 beta-Prostaglandin F2 alpha	DictMol	0	2,3-dinor 11 beta-Prostaglandin F2 alpha	2,3-dinor 11beta-Prostaglandin F2alpha	0	CCCCC[C@@H](/C=C/[C@H]1[C@H](C[C@@H]([C@@H]1C/C=C\CC(=O)O)O)O)O
94381-1	E	Creatinine	DictMol	41	Creatinine	Creatinine	0	CN1CC(=O)NC1=N
94381-1	E	2,3-dinor 11 beta-Prostaglandin F2 alpha	DictMol	0	2,3-dinor 11 beta-Prostaglandin F2 alpha	2,3-dinor 11beta-Prostaglandin F2alpha	0	CCCCC[C@@H](/C=C/[C@H]1[C@H](C[C@@H]([C@@H]1C/C=C\CC(=O)O)O)O)O
94381-1	E	Creatinine	DictMol	41	Creatinine	Creatinine	0	CN1CC(=O)NC1=N
94381-1	E	2,3-dinor 11 beta-Prostaglandin F2 alpha	DictMol	0	2,3-dinor 11 beta-Prostaglandin F2 alpha	2,3-dinor 11beta-Prostaglandin F2alpha	0	CCCCC[C@@H](/C=C/[C@H]1[C@H](C[C@@H]([C@@H]1C/C=C\CC(=O)O)O)O)O
94381-1	E	Creatinine	DictMol	41	Creatinine	Creatinine	0	CN1CC(=O)NC1=N
106774-3	E	24,25-dihydroxyvitamin D3	DictMol	0	24,25-dihydroxyvitamin D3	24,25-dihydroxyvitamin D3	0	C[C@H](CCC(C(C)(C)O)O)[C@H]1CC[C@@H]\2[C@@]1(CCC/C2=C\C=C/3\C[C@H](CCC3=C)O)C
106774-3	E	24,25-dihydroxyvitamin D2	DictMol	26	24,25-dihydroxyvitamin D2	24,25-dihydroxyvitamin D2	0	C[C@H](/C=C/[C@](C)(C(C)(C)O)O)[C@H]1CC[C@@H]\2[C@@]1(CCC/C2=C\C=C/3\C[C@H](CCC3=C)O)C
106774-3	E	24,25-dihydroxyvitamin D3	DictMol	0	24,25-dihydroxyvitamin D3	24,25-dihydroxyvitamin D3	0	C[C@H](CCC(C(C)(C)O)O)[C@H]1CC[C@@H]\2[C@@]1(CCC/C2=C\C=C/3\C[C@H](CCC3=C)O)C
106774-3	E	24,25-dihydroxyvitamin D2	DictMol	26	24,25-dihydroxyvitamin D2	24,25-dihydroxyvitamin D2	0	C[C@H](/C=C/[C@](C)(C(C)(C)O)O)[C@H]1CC[C@@H]\2[C@@]1(CCC/C2=C\C=C/3\C[C@H](CCC3=C)O)C
106774-3	E	24,25-dihydroxyvitamin D3	DictMol	0	24,25-dihydroxyvitamin D3	24,25-dihydroxyvitamin D3	0	C[C@H](CCC(C(C)(C)O)O)[C@H]1CC[C@@H]\2[C@@]1(CCC/C2=C\C=C/3\C[C@H](CCC3=C)O)C
106774-3	E	24,25-dihydroxyvitamin D2	DictMol	26	24,25-dihydroxyvitamin D2	24,25-dihydroxyvitamin D2	0	C[C@H](/C=C/[C@](C)(C(C)(C)O)O)[C@H]1CC[C@@H]\2[C@@]1(CCC/C2=C\C=C/3\C[C@H](CCC3=C)O)C
106774-3	E	24,25-dihydroxyvitamin D3	DictMol	0	24,25-dihydroxyvitamin D3	24,25-dihydroxyvitamin D3	0	C[C@H](CCC(C(C)(C)O)O)[C@H]1CC[C@@H]\2[C@@]1(CCC/C2=C\C=C/3\C[C@H](CCC3=C)O)C
106774-3	E	24,25-dihydroxyvitamin D2	DictMol	26	24,25-dihydroxyvitamin D2	24,25-dihydroxyvitamin D2	0	C[C@H](/C=C/[C@](C)(C(C)(C)O)O)[C@H]1CC[C@@H]\2[C@@]1(CCC/C2=C\C=C/3\C[C@H](CCC3=C)O)C
106774-3	E	24,25-dihydroxyvitamin D3	DictMol	0	24,25-dihydroxyvitamin D3	24,25-dihydroxyvitamin D3	0	C[C@H](CCC(C(C)(C)O)O)[C@H]1CC[C@@H]\2[C@@]1(CCC/C2=C\C=C/3\C[C@H](CCC3=C)O)C
106774-3	E	24,25-dihydroxyvitamin D2	DictMol	26	24,25-dihydroxyvitamin D2	24,25-dihydroxyvitamin D2	0	C[C@H](/C=C/[C@](C)(C(C)(C)O)O)[C@H]1CC[C@@H]\2[C@@]1(CCC/C2=C\C=C/3\C[C@H](CCC3=C)O)C
106774-3	E	24,25-dihydroxyvitamin D3	DictMol	0	24,25-dihydroxyvitamin D3	24,25-dihydroxyvitamin D3	0	C[C@H](CCC(C(C)(C)O)O)[C@H]1CC[C@@H]\2[C@@]1(CCC/C2=C\C=C/3\C[C@H](CCC3=C)O)C
106774-3	E	24,25-dihydroxyvitamin D2	DictMol	26	24,25-dihydroxyvitamin D2	24,25-dihydroxyvitamin D2	0	C[C@H](/C=C/[C@](C)(C(C)(C)O)O)[C@H]1CC[C@@H]\2[C@@]1(CCC/C2=C\C=C/3\C[C@H](CCC3=C)O)C
106774-3	E	24,25-dihydroxyvitamin D3	DictMol	0	24,25-dihydroxyvitamin D3	24,25-dihydroxyvitamin D3	0	C[C@H](CCC(C(C)(C)O)O)[C@H]1CC[C@@H]\2[C@@]1(CCC/C2=C\C=C/3\C[C@H](CCC3=C)O)C
106774-3	E	24,25-dihydroxyvitamin D2	DictMol	26	24,25-dihydroxyvitamin D2	24,25-dihydroxyvitamin D2	0	C[C@H](/C=C/[C@](C)(C(C)(C)O)O)[C@H]1CC[C@@H]\2[C@@]1(CCC/C2=C\C=C/3\C[C@H](CCC3=C)O)C
106774-3	E	24,25-dihydroxyvitamin D3	DictMol	0	24,25-dihydroxyvitamin D3	24,25-dihydroxyvitamin D3	0	C[C@H](CCC(C(C)(C)O)O)[C@H]1CC[C@@H]\2[C@@]1(CCC/C2=C\C=C/3\C[C@H](CCC3=C)O)C
106774-3	E	24,25-dihydroxyvitamin D2	DictMol	26	24,25-dihydroxyvitamin D2	24,25-dihydroxyvitamin D2	0	C[C@H](/C=C/[C@](C)(C(C)(C)O)O)[C@H]1CC[C@@H]\2[C@@]1(CCC/C2=C\C=C/3\C[C@H](CCC3=C)O)C
106774-3	E	24,25-dihydroxyvitamin D3	DictMol	0	24,25-dihydroxyvitamin D3	24,25-dihydroxyvitamin D3	0	C[C@H](CCC(C(C)(C)O)O)[C@H]1CC[C@@H]\2[C@@]1(CCC/C2=C\C=C/3\C[C@H](CCC3=C)O)C
106774-3	E	24,25-dihydroxyvitamin D2	DictMol	26	24,25-dihydroxyvitamin D2	24,25-dihydroxyvitamin D2	0	C[C@H](/C=C/[C@](C)(C(C)(C)O)O)[C@H]1CC[C@@H]\2[C@@]1(CCC/C2=C\C=C/3\C[C@H](CCC3=C)O)C
106774-3	E	24,25-dihydroxyvitamin D3	DictMol	0	24,25-dihydroxyvitamin D3	24,25-dihydroxyvitamin D3	0	C[C@H](CCC(C(C)(C)O)O)[C@H]1CC[C@@H]\2[C@@]1(CCC/C2=C\C=C/3\C[C@H](CCC3=C)O)C
106774-3	E	24,25-dihydroxyvitamin D2	DictMol	26	24,25-dihydroxyvitamin D2	24,25-dihydroxyvitamin D2	0	C[C@H](/C=C/[C@](C)(C(C)(C)O)O)[C@H]1CC[C@@H]\2[C@@]1(CCC/C2=C\C=C/3\C[C@H](CCC3=C)O)C
80159-7	E	Creatinine	DictMol	22	Creatinine	Creatinine	0	CN1CC(=O)NC1=N
80159-7	E	Creatinine	DictMol	22	Creatinine	Creatinine	0	CN1CC(=O)NC1=N
80159-7	E	Creatinine	DictMol	22	Creatinine	Creatinine	0	CN1CC(=O)NC1=N
80165-4	E	Amino	A	2	Amino	Amino	0	
80165-4	E	Amino	A	2	Amino	Amino	0	
94146-8	E	Creatinine	DictMol	15	Creatinine	Creatinine	0	CN1CC(=O)NC1=N
94146-8	E	Creatinine	DictMol	15	Creatinine	Creatinine	0	CN1CC(=O)NC1=N
47807-3	E	Creatinine	DictMol	17	Creatinine	Creatinine	0	CN1CC(=O)NC1=N
29523-8	E	Creatinine	DictMol	39	Creatinine	Creatinine	0	CN1CC(=O)NC1=N
13668-9	E	Creatinine	DictMol	20	Creatinine	Creatinine	0	CN1CC(=O)NC1=N
13668-9	E	Creatinine	DictMol	20	Creatinine	Creatinine	0	CN1CC(=O)NC1=N
13668-9	E	Creatinine	DictMol	20	Creatinine	Creatinine	0	CN1CC(=O)NC1=N
13668-9	E	Creatinine	DictMol	20	Creatinine	Creatinine	0	CN1CC(=O)NC1=N
13669-7	E	Hydroxy	A	2	Hydroxy	Hydroxy	0	
13669-7	E	Creatinine	DictMol	27	Creatinine	Creatinine	0	CN1CC(=O)NC1=N
13669-7	E	Hydroxy	A	2	Hydroxy	Hydroxy	0	
13669-7	E	Creatinine	DictMol	27	Creatinine	Creatinine	0	CN1CC(=O)NC1=N
13669-7	E	Hydroxy	A	2	Hydroxy	Hydroxy	0	
13669-7	E	Creatinine	DictMol	27	Creatinine	Creatinine	0	CN1CC(=O)NC1=N
13669-7	E	Hydroxy	A	2	Hydroxy	Hydroxy	0	
13669-7	E	Creatinine	DictMol	27	Creatinine	Creatinine	0	CN1CC(=O)NC1=N
13670-5	E	Creatinine	DictMol	17	Creatinine	Creatinine	0	CN1CC(=O)NC1=N
13670-5	E	Creatinine	DictMol	17	Creatinine	Creatinine	0	CN1CC(=O)NC1=N
13670-5	E	Creatinine	DictMol	17	Creatinine	Creatinine	0	CN1CC(=O)NC1=N
59190-9	E	Creatinine	DictMol	18	Creatinine	Creatinine	0	CN1CC(=O)NC1=N
59190-9	E	Creatinine	DictMol	18	Creatinine	Creatinine	0	CN1CC(=O)NC1=N
49826-1	E	2-Hydroxyestrone	DictMol	0	2-Hydroxyestrone	2-Hydroxyestrone	0	C[C@@]12CC[C@@H]3C4C=C(O)C(O)=CC=4CC[C@H]3[C@@H]2CCC1=O
49826-1	E	2-Hydroxyestrone	DictMol	0	2-Hydroxyestrone	2-Hydroxyestrone	0	C[C@@]12CC[C@@H]3C4C=C(O)C(O)=CC=4CC[C@H]3[C@@H]2CCC1=O
49826-1	E	2-Hydroxyestrone	DictMol	0	2-Hydroxyestrone	2-Hydroxyestrone	0	C[C@@]12CC[C@@H]3C4C=C(O)C(O)=CC=4CC[C@H]3[C@@H]2CCC1=O
49827-9	E	2-Hydroxyestrone	DictMol	0	2-Hydroxyestrone	2-Hydroxyestrone	0	C[C@@]12CC[C@@H]3C4C=C(O)C(O)=CC=4CC[C@H]3[C@@H]2CCC1=O
49827-9	E	16-Alpha hydroxyestrone	DictMol	17	16-Alpha hydroxyestrone	16-Alpha-hydroxyestrone	0	C[C@]12CC[C@H]3[C@H]([C@@H]1CC(C2=O)O)CCC4=C3C=CC(=C4)O
13673-9	E	Creatinine	DictMol	21	Creatinine	Creatinine	0	CN1CC(=O)NC1=N
13673-9	E	Creatinine	DictMol	21	Creatinine	Creatinine	0	CN1CC(=O)NC1=N
13673-9	E	Creatinine	DictMol	21	Creatinine	Creatinine	0	CN1CC(=O)NC1=N
13673-9	E	Creatinine	DictMol	21	Creatinine	Creatinine	0	CN1CC(=O)NC1=N
13673-9	E	Creatinine	DictMol	21	Creatinine	Creatinine	0	CN1CC(=O)NC1=N
13673-9	E	Creatinine	DictMol	21	Creatinine	Creatinine	0	CN1CC(=O)NC1=N
13674-7	E	Creatinine	DictMol	21	Creatinine	Creatinine	0	CN1CC(=O)NC1=N
13674-7	E	Creatinine	DictMol	21	Creatinine	Creatinine	0	CN1CC(=O)NC1=N
13674-7	E	Creatinine	DictMol	21	Creatinine	Creatinine	0	CN1CC(=O)NC1=N
13674-7	E	Creatinine	DictMol	21	Creatinine	Creatinine	0	CN1CC(=O)NC1=N
47809-9	E	Creatinine	DictMol	18	Creatinine	Creatinine	0	CN1CC(=O)NC1=N
48608-4	E	Creatinine	DictMol	18	Creatinine	Creatinine	0	CN1CC(=O)NC1=N
13675-4	E	methyl	A	2	methyl	methyl	0	
13675-4	E	Creatinine	DictMol	35	Creatinine	Creatinine	0	CN1CC(=O)NC1=N
13675-4	E	methyl	A	2	methyl	methyl	0	
13675-4	E	Creatinine	DictMol	35	Creatinine	Creatinine	0	CN1CC(=O)NC1=N
13675-4	E	methyl	A	2	methyl	methyl	0	
13675-4	E	Creatinine	DictMol	35	Creatinine	Creatinine	0	CN1CC(=O)NC1=N
13675-4	E	methyl	A	2	methyl	methyl	0	
13675-4	E	Creatinine	DictMol	35	Creatinine	Creatinine	0	CN1CC(=O)NC1=N
13675-4	E	methyl	A	2	methyl	methyl	0	
13675-4	E	Creatinine	DictMol	35	Creatinine	Creatinine	0	CN1CC(=O)NC1=N
13675-4	E	methyl	A	2	methyl	methyl	0	
13675-4	E	Creatinine	DictMol	35	Creatinine	Creatinine	0	CN1CC(=O)NC1=N
13675-4	E	methyl	A	2	methyl	methyl	0	
13675-4	E	Creatinine	DictMol	35	Creatinine	Creatinine	0	CN1CC(=O)NC1=N
13675-4	E	methyl	A	2	methyl	methyl	0	
13675-4	E	Creatinine	DictMol	35	Creatinine	Creatinine	0	CN1CC(=O)NC1=N
13675-4	E	methyl	A	2	methyl	methyl	0	
13675-4	E	Creatinine	DictMol	35	Creatinine	Creatinine	0	CN1CC(=O)NC1=N
13675-4	E	methyl	A	2	methyl	methyl	0	
13675-4	E	Creatinine	DictMol	35	Creatinine	Creatinine	0	CN1CC(=O)NC1=N
13675-4	E	methyl	A	2	methyl	methyl	0	
13675-4	E	Creatinine	DictMol	35	Creatinine	Creatinine	0	CN1CC(=O)NC1=N
13675-4	E	methyl	A	2	methyl	methyl	0	
13675-4	E	Creatinine	DictMol	35	Creatinine	Creatinine	0	CN1CC(=O)NC1=N
13675-4	E	methyl	A	2	methyl	methyl	0	
13675-4	E	Creatinine	DictMol	35	Creatinine	Creatinine	0	CN1CC(=O)NC1=N
13675-4	E	methyl	A	2	methyl	methyl	0	
13675-4	E	Creatinine	DictMol	35	Creatinine	Creatinine	0	CN1CC(=O)NC1=N
13675-4	E	methyl	A	2	methyl	methyl	0	
13675-4	E	Creatinine	DictMol	35	Creatinine	Creatinine	0	CN1CC(=O)NC1=N
46750-6	E	methyl	A	2	methyl	methyl	0	
46750-6	E	methyl	A	2	methyl	methyl	0	
50086-8	E	Methyl	A	2	Methyl	Methyl	0	
47810-7	E	Methyl	A	2	Methyl	Methyl	0	
47811-5	E	Methyl	A	2	Methyl	Methyl	0	
47811-5	E	Creatinine	DictMol	23	Creatinine	Creatinine	0	CN1CC(=O)NC1=N
59377-2	E	Creatinine	DictMol	21	Creatinine	Creatinine	0	CN1CC(=O)NC1=N
24435-0	E	Creatinine	DictMol	23	Creatinine	Creatinine	0	CN1CC(=O)NC1=N
24435-0	E	Creatinine	DictMol	23	Creatinine	Creatinine	0	CN1CC(=O)NC1=N
47812-3	E	Creatinine	DictMol	20	Creatinine	Creatinine	0	CN1CC(=O)NC1=N
47813-1	E	Creatinine	DictMol	18	Creatinine	Creatinine	0	CN1CC(=O)NC1=N
47813-1	E	Creatinine	DictMol	18	Creatinine	Creatinine	0	CN1CC(=O)NC1=N
93775-5	E	Creatinine	DictMol	12	Creatinine	Creatinine	0	CN1CC(=O)NC1=N
13676-2	E	Oxo	A	2	Oxo	Oxo	0	
13676-2	E	Creatinine	DictMol	23	Creatinine	Creatinine	0	CN1CC(=O)NC1=N
13676-2	E	Oxo	A	2	Oxo	Oxo	0	
13676-2	E	Creatinine	DictMol	23	Creatinine	Creatinine	0	CN1CC(=O)NC1=N
13676-2	E	Oxo	A	2	Oxo	Oxo	0	
13676-2	E	Creatinine	DictMol	23	Creatinine	Creatinine	0	CN1CC(=O)NC1=N
13676-2	E	Oxo	A	2	Oxo	Oxo	0	
13676-2	E	Creatinine	DictMol	23	Creatinine	Creatinine	0	CN1CC(=O)NC1=N
13676-2	E	Oxo	A	2	Oxo	Oxo	0	
13676-2	E	Creatinine	DictMol	23	Creatinine	Creatinine	0	CN1CC(=O)NC1=N
13676-2	E	Oxo	A	2	Oxo	Oxo	0	
13676-2	E	Creatinine	DictMol	23	Creatinine	Creatinine	0	CN1CC(=O)NC1=N
13677-0	E	Creatinine	DictMol	13	Creatinine	Creatinine	0	CN1CC(=O)NC1=N
13677-0	E	Creatinine	DictMol	13	Creatinine	Creatinine	0	CN1CC(=O)NC1=N
13677-0	E	Creatinine	DictMol	13	Creatinine	Creatinine	0	CN1CC(=O)NC1=N
13677-0	E	Creatinine	DictMol	13	Creatinine	Creatinine	0	CN1CC(=O)NC1=N
13679-6	E	Creatinine	DictMol	17	Creatinine	Creatinine	0	CN1CC(=O)NC1=N
13679-6	E	Creatinine	DictMol	17	Creatinine	Creatinine	0	CN1CC(=O)NC1=N
13679-6	E	Creatinine	DictMol	17	Creatinine	Creatinine	0	CN1CC(=O)NC1=N
13679-6	E	Creatinine	DictMol	17	Creatinine	Creatinine	0	CN1CC(=O)NC1=N
13679-6	E	Creatinine	DictMol	17	Creatinine	Creatinine	0	CN1CC(=O)NC1=N
13679-6	E	Creatinine	DictMol	17	Creatinine	Creatinine	0	CN1CC(=O)NC1=N
13679-6	E	Creatinine	DictMol	17	Creatinine	Creatinine	0	CN1CC(=O)NC1=N
13680-4	E	Creatinine	DictMol	17	Creatinine	Creatinine	0	CN1CC(=O)NC1=N
13680-4	E	Creatinine	DictMol	17	Creatinine	Creatinine	0	CN1CC(=O)NC1=N
13680-4	E	Creatinine	DictMol	17	Creatinine	Creatinine	0	CN1CC(=O)NC1=N
13680-4	E	Creatinine	DictMol	17	Creatinine	Creatinine	0	CN1CC(=O)NC1=N
79482-6	E	Creatinine	DictMol	30	Creatinine	Creatinine	0	CN1CC(=O)NC1=N
79482-6	E	Creatinine	DictMol	30	Creatinine	Creatinine	0	CN1CC(=O)NC1=N
79482-6	E	Creatinine	DictMol	30	Creatinine	Creatinine	0	CN1CC(=O)NC1=N
47814-9	E	Creatinine	DictMol	38	Creatinine	Creatinine	0	CN1CC(=O)NC1=N
47815-6	E	Creatinine	DictMol	21	Creatinine	Creatinine	0	CN1CC(=O)NC1=N
79486-7	E	Creatinine	DictMol	22	Creatinine	Creatinine	0	CN1CC(=O)NC1=N
79486-7	E	Creatinine	DictMol	22	Creatinine	Creatinine	0	CN1CC(=O)NC1=N
48078-0	E	Creatinine	DictMol	22	Creatinine	Creatinine	0	CN1CC(=O)NC1=N
48079-8	E	Creatinine	DictMol	24	Creatinine	Creatinine	0	CN1CC(=O)NC1=N
48080-6	E	Creatinine	DictMol	22	Creatinine	Creatinine	0	CN1CC(=O)NC1=N
48081-4	E	Creatinine	DictMol	27	Creatinine	Creatinine	0	CN1CC(=O)NC1=N
72404-7	E	3-epi-25-Hydroxyvitamin D2	DictMol	0	3-epi-25-Hydroxyvitamin D2	3-epi-25-Hydroxyvitamin D2	0	C[C@H](/C=C/[C@H](C)C(C)(C)O)[C@H]1CC[C@@H]\2[C@@]1(CCC/C2=C\C=C/3\C[C@@H](CCC3=C)O)C
72404-7	E	3-epi-25-Hydroxyvitamin D2	DictMol	0	3-epi-25-Hydroxyvitamin D2	3-epi-25-Hydroxyvitamin D2	0	C[C@H](/C=C/[C@H](C)C(C)(C)O)[C@H]1CC[C@@H]\2[C@@]1(CCC/C2=C\C=C/3\C[C@@H](CCC3=C)O)C
72404-7	E	3-epi-25-Hydroxyvitamin D2	DictMol	0	3-epi-25-Hydroxyvitamin D2	3-epi-25-Hydroxyvitamin D2	0	C[C@H](/C=C/[C@H](C)C(C)(C)O)[C@H]1CC[C@@H]\2[C@@]1(CCC/C2=C\C=C/3\C[C@@H](CCC3=C)O)C
72403-9	E	3-epi-25-Hydroxyvitamin D3	DictMol	0	3-epi-25-Hydroxyvitamin D3	3-epi-25-Hydroxyvitamin D3	0	CC(CCCC(C)(C)O)C1CCC2C1(CCCC2=CC=C3CC(CCC3=C)O)C
72403-9	E	3-epi-25-Hydroxyvitamin D3	DictMol	0	3-epi-25-Hydroxyvitamin D3	3-epi-25-Hydroxyvitamin D3	0	CC(CCCC(C)(C)O)C1CCC2C1(CCCC2=CC=C3CC(CCC3=C)O)C
72403-9	E	3-epi-25-Hydroxyvitamin D3	DictMol	0	3-epi-25-Hydroxyvitamin D3	3-epi-25-Hydroxyvitamin D3	0	CC(CCCC(C)(C)O)C1CCC2C1(CCCC2=CC=C3CC(CCC3=C)O)C
72888-1	E	3-epi-25-Hydroxyvitamin D3	DictMol	0	3-epi-25-Hydroxyvitamin D3	3-epi-25-Hydroxyvitamin D3	0	CC(CCCC(C)(C)O)C1CCC2C1(CCCC2=CC=C3CC(CCC3=C)O)C
72888-1	E	25-hydroxyvitamin D	DictMol	27	25-hydroxyvitamin D	25-hydroxyvitamin D	0	C=C1CC[C@H](O)C/C1=C/C=C1\CCC[C@]2(C)[C@@H]([C@H](C)/C=C/[C@H](C)C(C)(C)O)CC[C@@H]12
47817-2	E	Hydroxy	A	2	Hydroxy	Hydroxy	0	
47817-2	E	Creatinine	DictMol	28	Creatinine	Creatinine	0	CN1CC(=O)NC1=N
48082-2	E	lactone	G	21	lactone	lactone	0	
48082-2	E	Creatinine	DictMol	29	Creatinine	Creatinine	0	CN1CC(=O)NC1=N
48082-2	E	lactone	G	21	lactone	lactone	0	
48082-2	E	Creatinine	DictMol	29	Creatinine	Creatinine	0	CN1CC(=O)NC1=N
13683-8	E	Creatinine	DictMol	17	Creatinine	Creatinine	0	CN1CC(=O)NC1=N
13683-8	E	Creatinine	DictMol	17	Creatinine	Creatinine	0	CN1CC(=O)NC1=N
13683-8	E	Creatinine	DictMol	17	Creatinine	Creatinine	0	CN1CC(=O)NC1=N
55886-6	E	Creatinine	DictMol	22	Creatinine	Creatinine	0	CN1CC(=O)NC1=N
55886-6	E	Creatinine	DictMol	22	Creatinine	Creatinine	0	CN1CC(=O)NC1=N
55886-6	E	Creatinine	DictMol	22	Creatinine	Creatinine	0	CN1CC(=O)NC1=N
48755-3	E	3-OH-C10	DictMol	25	3-OH-C10	3-OH-C10	0	CCCCCCCC(CC(=O)O)O
48755-3	E	3-OH-C10	DictMol	25	3-OH-C10	3-OH-C10	0	CCCCCCCC(CC(=O)O)O
48755-3	E	3-OH-C10	DictMol	25	3-OH-C10	3-OH-C10	0	CCCCCCCC(CC(=O)O)O
48755-3	E	3-OH-C10	DictMol	25	3-OH-C10	3-OH-C10	0	CCCCCCCC(CC(=O)O)O
48755-3	E	3-OH-C10	DictMol	25	3-OH-C10	3-OH-C10	0	CCCCCCCC(CC(=O)O)O
48755-3	E	3-OH-C10	DictMol	25	3-OH-C10	3-OH-C10	0	CCCCCCCC(CC(=O)O)O
53182-2	E	C10:1	DictMol	28	C10:1	C10:1	0	CCCCCCC/C=C/C(=O)O
53182-2	E	C10:1	DictMol	28	C10:1	C10:1	0	CCCCCCC/C=C/C(=O)O
53182-2	E	C10:1	DictMol	28	C10:1	C10:1	0	CCCCCCC/C=C/C(=O)O
53182-2	E	C10:1	DictMol	28	C10:1	C10:1	0	CCCCCCC/C=C/C(=O)O
48083-0	E	Creatinine	DictMol	29	Creatinine	Creatinine	0	CN1CC(=O)NC1=N
48083-0	E	Creatinine	DictMol	29	Creatinine	Creatinine	0	CN1CC(=O)NC1=N
48083-0	E	Creatinine	DictMol	29	Creatinine	Creatinine	0	CN1CC(=O)NC1=N
21041-9	E	Creatinine	DictMol	37	Creatinine	Creatinine	0	CN1CC(=O)NC1=N
21041-9	E	Creatinine	DictMol	37	Creatinine	Creatinine	0	CN1CC(=O)NC1=N
21041-9	E	Creatinine	DictMol	37	Creatinine	Creatinine	0	CN1CC(=O)NC1=N
21042-7	E	C12:0	DictMol	27	C12:0	C12:0	0	CCCCCCCCCCCC(=O)O
21042-7	E	Creatinine	DictMol	34	Creatinine	Creatinine	0	CN1CC(=O)NC1=N
21042-7	E	C12:0	DictMol	27	C12:0	C12:0	0	CCCCCCCCCCCC(=O)O
21042-7	E	Creatinine	DictMol	34	Creatinine	Creatinine	0	CN1CC(=O)NC1=N
21042-7	E	C12:0	DictMol	27	C12:0	C12:0	0	CCCCCCCCCCCC(=O)O
21042-7	E	Creatinine	DictMol	34	Creatinine	Creatinine	0	CN1CC(=O)NC1=N
21042-7	E	C12:0	DictMol	27	C12:0	C12:0	0	CCCCCCCCCCCC(=O)O
21042-7	E	Creatinine	DictMol	34	Creatinine	Creatinine	0	CN1CC(=O)NC1=N
48753-8	E	C12:0	DictMol	32	C12:0	C12:0	0	CCCCCCCCCCCC(=O)O
48085-5	E	Creatinine	DictMol	24	Creatinine	Creatinine	0	CN1CC(=O)NC1=N
48085-5	E	Creatinine	DictMol	24	Creatinine	Creatinine	0	CN1CC(=O)NC1=N
48085-5	E	Creatinine	DictMol	24	Creatinine	Creatinine	0	CN1CC(=O)NC1=N
53188-9	E	C12:1	DictMol	30	C12:1	C12:1	0	CCCCCCCCC/C=C/C(=O)O
53188-9	E	C12:1	DictMol	30	C12:1	C12:1	0	CCCCCCCCC/C=C/C(=O)O
53188-9	E	C12:1	DictMol	30	C12:1	C12:1	0	CCCCCCCCC/C=C/C(=O)O
53188-9	E	C12:1	DictMol	30	C12:1	C12:1	0	CCCCCCCCC/C=C/C(=O)O
48750-4	E	3-Hydroxy fatty acids	G	0	3-Hydroxy fatty acids	3-Hydroxy fatty acids	0	
13685-3	E	Creatinine	DictMol	19	Creatinine	Creatinine	0	CN1CC(=O)NC1=N
13685-3	E	Creatinine	DictMol	19	Creatinine	Creatinine	0	CN1CC(=O)NC1=N
13685-3	E	Creatinine	DictMol	19	Creatinine	Creatinine	0	CN1CC(=O)NC1=N
13685-3	E	Creatinine	DictMol	19	Creatinine	Creatinine	0	CN1CC(=O)NC1=N
47818-0	E	C6:0	DictMol	25	C6:0	C6:0	0	CCCCCC(=O)O
47818-0	E	Creatinine	DictMol	31	Creatinine	Creatinine	0	CN1CC(=O)NC1=N
47818-0	E	C6:0	DictMol	25	C6:0	C6:0	0	CCCCCC(=O)O
47818-0	E	Creatinine	DictMol	31	Creatinine	Creatinine	0	CN1CC(=O)NC1=N
47818-0	E	C6:0	DictMol	25	C6:0	C6:0	0	CCCCCC(=O)O
47818-0	E	Creatinine	DictMol	31	Creatinine	Creatinine	0	CN1CC(=O)NC1=N
47818-0	E	C6:0	DictMol	25	C6:0	C6:0	0	CCCCCC(=O)O
47818-0	E	Creatinine	DictMol	31	Creatinine	Creatinine	0	CN1CC(=O)NC1=N
48758-7	E	C6:0	DictMol	30	C6:0	C6:0	0	CCCCCC(=O)O
79501-3	E	Creatinine	DictMol	19	Creatinine	Creatinine	0	CN1CC(=O)NC1=N
79501-3	E	Creatinine	DictMol	19	Creatinine	Creatinine	0	CN1CC(=O)NC1=N
13686-1	E	Creatinine	DictMol	21	Creatinine	Creatinine	0	CN1CC(=O)NC1=N
13686-1	E	Creatinine	DictMol	21	Creatinine	Creatinine	0	CN1CC(=O)NC1=N
13686-1	E	Creatinine	DictMol	21	Creatinine	Creatinine	0	CN1CC(=O)NC1=N
13686-1	E	Creatinine	DictMol	21	Creatinine	Creatinine	0	CN1CC(=O)NC1=N
13686-1	E	Creatinine	DictMol	21	Creatinine	Creatinine	0	CN1CC(=O)NC1=N
13686-1	E	Creatinine	DictMol	21	Creatinine	Creatinine	0	CN1CC(=O)NC1=N
13687-9	E	Creatinine	DictMol	21	Creatinine	Creatinine	0	CN1CC(=O)NC1=N
13687-9	E	Creatinine	DictMol	21	Creatinine	Creatinine	0	CN1CC(=O)NC1=N
13687-9	E	Creatinine	DictMol	21	Creatinine	Creatinine	0	CN1CC(=O)NC1=N
13687-9	E	Creatinine	DictMol	21	Creatinine	Creatinine	0	CN1CC(=O)NC1=N
51412-5	E	Methyl	A	31	Methyl	Methyl	0	
74430-0	E	3-Hydroxykynurenin	DictMol	0	3-Hydroxykynurenin	3-Hydroxykynurenine	0	C1=CC(=C(C(=C1)O)N)C(=O)CC(C(=O)O)N
18464-8	E	C18:2-OH	DictMol	29	C18:2-OH	C18:2-OH	0	C[N+](C)(C)C[C@@H](CC(=O)[O-])OC=O
18464-8	E	C18:2-OH	DictMol	29	C18:2-OH	C18:2-OH	0	C[N+](C)(C)C[C@@H](CC(=O)[O-])OC=O
18464-8	E	C18:2-OH	DictMol	29	C18:2-OH	C18:2-OH	0	C[N+](C)(C)C[C@@H](CC(=O)[O-])OC=O
18464-8	E	C18:2-OH	DictMol	29	C18:2-OH	C18:2-OH	0	C[N+](C)(C)C[C@@H](CC(=O)[O-])OC=O
18464-8	E	C18:2-OH	DictMol	29	C18:2-OH	C18:2-OH	0	C[N+](C)(C)C[C@@H](CC(=O)[O-])OC=O
48752-0	E	C14:0	DictMol	30	C14:0	C14:0	0	CCCCCCCCCCCCCC(=O)O
48752-0	E	C14:0	DictMol	30	C14:0	C14:0	0	CCCCCCCCCCCCCC(=O)O
48752-0	E	C14:0	DictMol	30	C14:0	C14:0	0	CCCCCCCCCCCCCC(=O)O
48752-0	E	C14:0	DictMol	30	C14:0	C14:0	0	CCCCCCCCCCCCCC(=O)O
48752-0	E	C14:0	DictMol	30	C14:0	C14:0	0	CCCCCCCCCCCCCC(=O)O
48752-0	E	C14:0	DictMol	30	C14:0	C14:0	0	CCCCCCCCCCCCCC(=O)O
48752-0	E	C14:0	DictMol	30	C14:0	C14:0	0	CCCCCCCCCCCCCC(=O)O
48752-0	E	C14:0	DictMol	30	C14:0	C14:0	0	CCCCCCCCCCCCCC(=O)O
48752-0	E	C14:0	DictMol	30	C14:0	C14:0	0	CCCCCCCCCCCCCC(=O)O
50273-2	E	C14:1	G	31	C14:1	C14:1	0	
50273-2	E	C14:1	G	31	C14:1	C14:1	0	
50273-2	E	C14:1	G	31	C14:1	C14:1	0	
50273-2	E	C14:1	G	31	C14:1	C14:1	0	
50273-2	E	C14:1	G	31	C14:1	C14:1	0	
48756-1	E	C8:0	DictMol	30	C8:0	C8:0	0	CCCCCCCC(=O)O
48756-1	E	C8:0	DictMol	30	C8:0	C8:0	0	CCCCCCCC(=O)O
48756-1	E	C8:0	DictMol	30	C8:0	C8:0	0	CCCCCCCC(=O)O
48756-1	E	C8:0	DictMol	30	C8:0	C8:0	0	CCCCCCCC(=O)O
48756-1	E	C8:0	DictMol	30	C8:0	C8:0	0	CCCCCCCC(=O)O
18465-5	E	C18:1	DictMol	26	C18:1	C18:1	0	CCCCCCCC/C=C\CCCCCCCC(=O)O
18465-5	E	C18:1	DictMol	26	C18:1	C18:1	0	CCCCCCCC/C=C\CCCCCCCC(=O)O
18465-5	E	C18:1	DictMol	26	C18:1	C18:1	0	CCCCCCCC/C=C\CCCCCCCC(=O)O
18465-5	E	C18:1	DictMol	26	C18:1	C18:1	0	CCCCCCCC/C=C\CCCCCCCC(=O)O
18465-5	E	C18:1	DictMol	26	C18:1	C18:1	0	CCCCCCCC/C=C\CCCCCCCC(=O)O
48751-2	E	C16:0	DictMol	30	C16:0	C16:0	0	CCCCCCCCCCCCCCCC(=O)O
48751-2	E	C16:0	DictMol	30	C16:0	C16:0	0	CCCCCCCCCCCCCCCC(=O)O
48751-2	E	C16:0	DictMol	30	C16:0	C16:0	0	CCCCCCCCCCCCCCCC(=O)O
48751-2	E	C16:0	DictMol	30	C16:0	C16:0	0	CCCCCCCCCCCCCCCC(=O)O
48751-2	E	C16:0	DictMol	30	C16:0	C16:0	0	CCCCCCCCCCCCCCCC(=O)O
48751-2	E	C16:0	DictMol	30	C16:0	C16:0	0	CCCCCCCCCCCCCCCC(=O)O
48751-2	E	C16:0	DictMol	30	C16:0	C16:0	0	CCCCCCCCCCCCCCCC(=O)O
48751-2	E	C16:0	DictMol	30	C16:0	C16:0	0	CCCCCCCCCCCCCCCC(=O)O
48751-2	E	C16:0	DictMol	30	C16:0	C16:0	0	CCCCCCCCCCCCCCCC(=O)O
30235-6	E	C16:1	G	31	C16:1	C16:1	0	
30235-6	E	C16:1	G	31	C16:1	C16:1	0	
30235-6	E	C16:1	G	31	C16:1	C16:1	0	
30235-6	E	C16:1	G	31	C16:1	C16:1	0	
30235-6	E	C16:1	G	31	C16:1	C16:1	0	
30235-6	E	C16:1	G	31	C16:1	C16:1	0	
13688-7	E	Creatinine	DictMol	30	Creatinine	Creatinine	0	CN1CC(=O)NC1=N
13688-7	E	Creatinine	DictMol	30	Creatinine	Creatinine	0	CN1CC(=O)NC1=N
13688-7	E	Creatinine	DictMol	30	Creatinine	Creatinine	0	CN1CC(=O)NC1=N
101991-8	E	Creatinine	DictMol	29	Creatinine	Creatinine	0	CN1CC(=O)NC1=N
101991-8	E	Creatinine	DictMol	29	Creatinine	Creatinine	0	CN1CC(=O)NC1=N
101991-8	E	Creatinine	DictMol	29	Creatinine	Creatinine	0	CN1CC(=O)NC1=N
101991-8	E	Creatinine	DictMol	29	Creatinine	Creatinine	0	CN1CC(=O)NC1=N
49931-9	E	Creatinine	DictMol	40	Creatinine	Creatinine	0	CN1CC(=O)NC1=N
47819-8	E	Creatinine	DictMol	18	Creatinine	Creatinine	0	CN1CC(=O)NC1=N
47819-8	E	Creatinine	DictMol	18	Creatinine	Creatinine	0	CN1CC(=O)NC1=N
47819-8	E	Creatinine	DictMol	18	Creatinine	Creatinine	0	CN1CC(=O)NC1=N
47819-8	E	Creatinine	DictMol	18	Creatinine	Creatinine	0	CN1CC(=O)NC1=N
47819-8	E	Creatinine	DictMol	18	Creatinine	Creatinine	0	CN1CC(=O)NC1=N
49932-7	E	Creatinine	DictMol	30	Creatinine	Creatinine	0	CN1CC(=O)NC1=N
48086-3	E	Creatinine	DictMol	30	Creatinine	Creatinine	0	CN1CC(=O)NC1=N
48086-3	E	Creatinine	DictMol	30	Creatinine	Creatinine	0	CN1CC(=O)NC1=N
48087-1	E	Creatinine	DictMol	27	Creatinine	Creatinine	0	CN1CC(=O)NC1=N
48087-1	E	Creatinine	DictMol	27	Creatinine	Creatinine	0	CN1CC(=O)NC1=N
48087-1	E	Creatinine	DictMol	27	Creatinine	Creatinine	0	CN1CC(=O)NC1=N
48088-9	E	Creatinine	DictMol	27	Creatinine	Creatinine	0	CN1CC(=O)NC1=N
48088-9	E	Creatinine	DictMol	27	Creatinine	Creatinine	0	CN1CC(=O)NC1=N
48088-9	E	Creatinine	DictMol	27	Creatinine	Creatinine	0	CN1CC(=O)NC1=N
18459-8	E	C14:1	G	33	C14:1	C14:1	0	
18459-8	E	C14:1	G	33	C14:1	C14:1	0	
18459-8	E	C14:1	G	33	C14:1	C14:1	0	
18459-8	E	C14:1	G	33	C14:1	C14:1	0	
79272-1	E	Trimethyllysine	DictMol	28	Trimethyllysine	Trimethyllysine	0	C[N+](C)(C)CCCC[C@H](N)C(=O)O
79272-1	E	Trimethyllysine	DictMol	28	Trimethyllysine	Trimethyllysine	0	C[N+](C)(C)CCCC[C@H](N)C(=O)O
79272-1	E	Trimethyllysine	DictMol	28	Trimethyllysine	Trimethyllysine	0	C[N+](C)(C)CCCC[C@H](N)C(=O)O
79272-1	E	Trimethyllysine	DictMol	28	Trimethyllysine	Trimethyllysine	0	C[N+](C)(C)CCCC[C@H](N)C(=O)O
13689-5	E	Creatinine	DictMol	18	Creatinine	Creatinine	0	CN1CC(=O)NC1=N
13689-5	E	Creatinine	DictMol	18	Creatinine	Creatinine	0	CN1CC(=O)NC1=N
13689-5	E	Creatinine	DictMol	18	Creatinine	Creatinine	0	CN1CC(=O)NC1=N
13689-5	E	Creatinine	DictMol	18	Creatinine	Creatinine	0	CN1CC(=O)NC1=N
13689-5	E	Creatinine	DictMol	18	Creatinine	Creatinine	0	CN1CC(=O)NC1=N
101175-8	E	Creatinine	DictMol	23	Creatinine	Creatinine	0	CN1CC(=O)NC1=N
101175-8	E	Creatinine	DictMol	23	Creatinine	Creatinine	0	CN1CC(=O)NC1=N
101175-8	E	Creatinine	DictMol	23	Creatinine	Creatinine	0	CN1CC(=O)NC1=N
59192-5	E	Methyl	A	2	Methyl	Methyl	0	
59192-5	E	Creatinine	DictMol	19	Creatinine	Creatinine	0	CN1CC(=O)NC1=N
59192-5	E	Methyl	A	2	Methyl	Methyl	0	
59192-5	E	Creatinine	DictMol	19	Creatinine	Creatinine	0	CN1CC(=O)NC1=N
59192-5	E	Methyl	A	2	Methyl	Methyl	0	
59192-5	E	Creatinine	DictMol	19	Creatinine	Creatinine	0	CN1CC(=O)NC1=N
13691-1	E	Creatinine	DictMol	24	Creatinine	Creatinine	0	CN1CC(=O)NC1=N
13691-1	E	Creatinine	DictMol	24	Creatinine	Creatinine	0	CN1CC(=O)NC1=N
48137-4	E	Creatinine	DictMol	23	Creatinine	Creatinine	0	CN1CC(=O)NC1=N
48137-4	E	Creatinine	DictMol	23	Creatinine	Creatinine	0	CN1CC(=O)NC1=N
48137-4	E	Creatinine	DictMol	23	Creatinine	Creatinine	0	CN1CC(=O)NC1=N
48137-4	E	Creatinine	DictMol	23	Creatinine	Creatinine	0	CN1CC(=O)NC1=N
48106-9	E	Creatinine	DictMol	27	Creatinine	Creatinine	0	CN1CC(=O)NC1=N
48106-9	E	Creatinine	DictMol	27	Creatinine	Creatinine	0	CN1CC(=O)NC1=N
48106-9	E	Creatinine	DictMol	27	Creatinine	Creatinine	0	CN1CC(=O)NC1=N
47823-0	E	Hydroxy	A	2	Hydroxy	Hydroxy	0	
47823-0	E	Creatinine	DictMol	33	Creatinine	Creatinine	0	CN1CC(=O)NC1=N
47823-0	E	Hydroxy	A	2	Hydroxy	Hydroxy	0	
47823-0	E	Creatinine	DictMol	33	Creatinine	Creatinine	0	CN1CC(=O)NC1=N
47823-0	E	Hydroxy	A	2	Hydroxy	Hydroxy	0	
47823-0	E	Creatinine	DictMol	33	Creatinine	Creatinine	0	CN1CC(=O)NC1=N
47823-0	E	Hydroxy	A	2	Hydroxy	Hydroxy	0	
47823-0	E	Creatinine	DictMol	33	Creatinine	Creatinine	0	CN1CC(=O)NC1=N
47823-0	E	Hydroxy	A	2	Hydroxy	Hydroxy	0	
47823-0	E	Creatinine	DictMol	33	Creatinine	Creatinine	0	CN1CC(=O)NC1=N
93772-2	E	Creatinine	DictMol	19	Creatinine	Creatinine	0	CN1CC(=O)NC1=N
79498-2	E	Creatinine	DictMol	19	Creatinine	Creatinine	0	CN1CC(=O)NC1=N
79498-2	E	Creatinine	DictMol	19	Creatinine	Creatinine	0	CN1CC(=O)NC1=N
44861-3	E	Creatinine	DictMol	19	Creatinine	Creatinine	0	CN1CC(=O)NC1=N
44861-3	E	Creatinine	DictMol	19	Creatinine	Creatinine	0	CN1CC(=O)NC1=N
44861-3	E	Creatinine	DictMol	19	Creatinine	Creatinine	0	CN1CC(=O)NC1=N
44861-3	E	Creatinine	DictMol	19	Creatinine	Creatinine	0	CN1CC(=O)NC1=N
13697-8	E	Creatinine	DictMol	23	Creatinine	Creatinine	0	CN1CC(=O)NC1=N
13697-8	E	Creatinine	DictMol	23	Creatinine	Creatinine	0	CN1CC(=O)NC1=N
13697-8	E	Creatinine	DictMol	23	Creatinine	Creatinine	0	CN1CC(=O)NC1=N
13697-8	E	Creatinine	DictMol	23	Creatinine	Creatinine	0	CN1CC(=O)NC1=N
13698-6	E	Creatinine	DictMol	24	Creatinine	Creatinine	0	CN1CC(=O)NC1=N
13698-6	E	Creatinine	DictMol	24	Creatinine	Creatinine	0	CN1CC(=O)NC1=N
13698-6	E	Creatinine	DictMol	24	Creatinine	Creatinine	0	CN1CC(=O)NC1=N
13698-6	E	Creatinine	DictMol	24	Creatinine	Creatinine	0	CN1CC(=O)NC1=N
79485-9	E	Creatinine	DictMol	18	Creatinine	Creatinine	0	CN1CC(=O)NC1=N
44862-1	E	tetrahydro-11-Dehydrocorticosterone	DictMol	8	tetrahydro-11-Dehydrocorticosterone	tetrahydro-11-Dehydrocorticosterone	0	C[C@]12CC[C@H](C[C@H]1CC[C@@H]3[C@@H]2C(=O)C[C@]4([C@H]3CC[C@@H]4C(=O)CO)C)O
44862-1	E	Creatinine	DictMol	44	Creatinine	Creatinine	0	CN1CC(=O)NC1=N
21044-3	E	5-Alpha tetrahydrocortisol	DictMol	0	5-Alpha tetrahydrocortisol	5Alpha-tetrahydrocortisol	0	C[C@]12CC[C@H](C[C@@H]1CC[C@@H]3[C@@H]2[C@H](C[C@]4([C@H]3CC[C@@]4(C(=O)CO)O)C)O)O
21044-3	E	5-Alpha tetrahydrocortisol	DictMol	0	5-Alpha tetrahydrocortisol	5Alpha-tetrahydrocortisol	0	C[C@]12CC[C@H](C[C@@H]1CC[C@@H]3[C@@H]2[C@H](C[C@]4([C@H]3CC[C@@]4(C(=O)CO)O)C)O)O
81804-7	E	5-Alpha tetrahydrocortisol	DictMol	0	5-Alpha tetrahydrocortisol	5Alpha-tetrahydrocortisol	0	C[C@]12CC[C@H](C[C@@H]1CC[C@@H]3[C@@H]2[C@H](C[C@]4([C@H]3CC[C@@]4(C(=O)CO)O)C)O)O
81804-7	E	Creatinine	DictMol	27	Creatinine	Creatinine	0	CN1CC(=O)NC1=N
79652-4	E	carboxamide	G	19	carboxamide	carboxamide	0	
79652-4	E	carboxamide	G	19	carboxamide	carboxamide	0	
79652-4	E	carboxamide	G	19	carboxamide	carboxamide	0	
79652-4	E	carboxamide	G	19	carboxamide	carboxamide	0	
79652-4	E	carboxamide	G	19	carboxamide	carboxamide	0	
79652-4	E	carboxamide	G	19	carboxamide	carboxamide	0	
80160-5	E	tetrol	G	46	tetrol	tetrol	0	
80160-5	E	Creatinine	DictMol	53	Creatinine	Creatinine	0	CN1CC(=O)NC1=N
80161-3	E	pentol	G	49	pentol	pentol	0	
80161-3	E	Creatinine	DictMol	56	Creatinine	Creatinine	0	CN1CC(=O)NC1=N
13699-4	E	Creatinine	DictMol	19	Creatinine	Creatinine	0	CN1CC(=O)NC1=N
13699-4	E	Creatinine	DictMol	19	Creatinine	Creatinine	0	CN1CC(=O)NC1=N
13699-4	E	Creatinine	DictMol	19	Creatinine	Creatinine	0	CN1CC(=O)NC1=N
13699-4	E	Creatinine	DictMol	19	Creatinine	Creatinine	0	CN1CC(=O)NC1=N
13699-4	E	Creatinine	DictMol	19	Creatinine	Creatinine	0	CN1CC(=O)NC1=N
13699-4	E	Creatinine	DictMol	19	Creatinine	Creatinine	0	CN1CC(=O)NC1=N
13699-4	E	Creatinine	DictMol	19	Creatinine	Creatinine	0	CN1CC(=O)NC1=N
78690-5	E	Creatinine	DictMol	22	Creatinine	Creatinine	0	CN1CC(=O)NC1=N
13700-0	E	Creatinine	DictMol	13	Creatinine	Creatinine	0	CN1CC(=O)NC1=N
13700-0	E	Creatinine	DictMol	13	Creatinine	Creatinine	0	CN1CC(=O)NC1=N
13700-0	E	Creatinine	DictMol	13	Creatinine	Creatinine	0	CN1CC(=O)NC1=N
13700-0	E	Creatinine	DictMol	13	Creatinine	Creatinine	0	CN1CC(=O)NC1=N
13700-0	E	Creatinine	DictMol	13	Creatinine	Creatinine	0	CN1CC(=O)NC1=N
13700-0	E	Creatinine	DictMol	13	Creatinine	Creatinine	0	CN1CC(=O)NC1=N
44863-9	E	11-Dehydrocorticosterone	DictMol	26	11-Dehydrocorticosterone	11-Dehydrocorticosterone	0	C[C@]12CCC(=O)C=C1CC[C@@H]3[C@@H]2C(=O)C[C@]4([C@H]3CC[C@@H]4C(=O)CO)C
44863-9	E	Creatinine	DictMol	51	Creatinine	Creatinine	0	CN1CC(=O)NC1=N
44864-7	E	11-Deoxycortisol	DictMol	26	11-Deoxycortisol	11-Deoxycortisol	0	C[C@@]12CCC(=O)C=C2CC[C@@H]2[C@@H]1CC[C@@]1(C)[C@H]2CC[C@]1(O)C(=O)CO
44864-7	E	Creatinine	DictMol	43	Creatinine	Creatinine	0	CN1CC(=O)NC1=N
13611-9	E	6-Beta-Hydroxycortisol	DictMol	0	6-Beta-Hydroxycortisol	6-Beta-Hydroxycortisol	0	C[C@]12CCC(=O)C=C1[C@@H](C[C@@H]3[C@@H]2[C@H](C[C@]4([C@H]3CC[C@@]4(C(=O)CO)O)C)O)O
100152-8	E	oxo	A	2	oxo	oxo	0	
100152-8	E	carboxylate	G	19	carboxylate	carboxylate	0	
100152-8	E	Creatinine	DictMol	31	Creatinine	Creatinine	0	CN1CC(=O)NC1=N
100152-8	E	oxo	A	2	oxo	oxo	0	
100152-8	E	carboxylate	G	19	carboxylate	carboxylate	0	
100152-8	E	Creatinine	DictMol	31	Creatinine	Creatinine	0	CN1CC(=O)NC1=N
100152-8	E	oxo	A	2	oxo	oxo	0	
100152-8	E	carboxylate	G	19	carboxylate	carboxylate	0	
100152-8	E	Creatinine	DictMol	31	Creatinine	Creatinine	0	CN1CC(=O)NC1=N
100152-8	E	oxo	A	2	oxo	oxo	0	
100152-8	E	carboxylate	G	19	carboxylate	carboxylate	0	
100152-8	E	Creatinine	DictMol	31	Creatinine	Creatinine	0	CN1CC(=O)NC1=N
100152-8	E	oxo	A	2	oxo	oxo	0	
100152-8	E	carboxylate	G	19	carboxylate	carboxylate	0	
100152-8	E	Creatinine	DictMol	31	Creatinine	Creatinine	0	CN1CC(=O)NC1=N
100152-8	E	oxo	A	2	oxo	oxo	0	
100152-8	E	carboxylate	G	19	carboxylate	carboxylate	0	
100152-8	E	Creatinine	DictMol	31	Creatinine	Creatinine	0	CN1CC(=O)NC1=N
100152-8	E	oxo	A	2	oxo	oxo	0	
100152-8	E	carboxylate	G	19	carboxylate	carboxylate	0	
100152-8	E	Creatinine	DictMol	31	Creatinine	Creatinine	0	CN1CC(=O)NC1=N
100152-8	E	oxo	A	2	oxo	oxo	0	
100152-8	E	carboxylate	G	19	carboxylate	carboxylate	0	
100152-8	E	Creatinine	DictMol	31	Creatinine	Creatinine	0	CN1CC(=O)NC1=N
100150-2	E	oxo	A	7	oxo	oxo	0	
100150-2	E	carboxylate	G	30	carboxylate	carboxylate	0	
100150-2	E	oxo	A	7	oxo	oxo	0	
100150-2	E	carboxylate	G	30	carboxylate	carboxylate	0	
100153-6	E	oxo	A	7	oxo	oxo	0	
100153-6	E	carboxylate	G	30	carboxylate	carboxylate	0	
100153-6	E	Creatinine	DictMol	42	Creatinine	Creatinine	0	CN1CC(=O)NC1=N
79276-2	E	7,8-Dihydrobiopterin	DictMol	0	7,8-Dihydrobiopterin	7,8-Dihydrobiopterin	0	C[C@@H]([C@@H](C1=NC2=C(NC1)N=C(NC2=O)N)O)O
79276-2	E	7,8-Dihydrobiopterin	DictMol	0	7,8-Dihydrobiopterin	7,8-Dihydrobiopterin	0	C[C@@H]([C@@H](C1=NC2=C(NC1)N=C(NC2=O)N)O)O
79276-2	E	7,8-Dihydrobiopterin	DictMol	0	7,8-Dihydrobiopterin	7,8-Dihydrobiopterin	0	C[C@@H]([C@@H](C1=NC2=C(NC1)N=C(NC2=O)N)O)O
79276-2	E	7,8-Dihydrobiopterin	DictMol	0	7,8-Dihydrobiopterin	7,8-Dihydrobiopterin	0	C[C@@H]([C@@H](C1=NC2=C(NC1)N=C(NC2=O)N)O)O
79276-2	E	7,8-Dihydrobiopterin	DictMol	0	7,8-Dihydrobiopterin	7,8-Dihydrobiopterin	0	C[C@@H]([C@@H](C1=NC2=C(NC1)N=C(NC2=O)N)O)O
47825-5	E	Creatinine	DictMol	19	Creatinine	Creatinine	0	CN1CC(=O)NC1=N
79323-2	E	7-Isobiopterin	DictMol	0	7-Isobiopterin	7-Isobiopterin	0	CC(C(C1=CN=C2C(=O)NC(=NC2=N1)N)O)O
79323-2	E	Creatinine	DictMol	15	Creatinine	Creatinine	0	CN1CC(=O)NC1=N
79323-2	E	7-Isobiopterin	DictMol	0	7-Isobiopterin	7-Isobiopterin	0	CC(C(C1=CN=C2C(=O)NC(=NC2=N1)N)O)O
79323-2	E	Creatinine	DictMol	15	Creatinine	Creatinine	0	CN1CC(=O)NC1=N
79323-2	E	7-Isobiopterin	DictMol	0	7-Isobiopterin	7-Isobiopterin	0	CC(C(C1=CN=C2C(=O)NC(=NC2=N1)N)O)O
79323-2	E	Creatinine	DictMol	15	Creatinine	Creatinine	0	CN1CC(=O)NC1=N
79323-2	E	7-Isobiopterin	DictMol	0	7-Isobiopterin	7-Isobiopterin	0	CC(C(C1=CN=C2C(=O)NC(=NC2=N1)N)O)O
79323-2	E	Creatinine	DictMol	15	Creatinine	Creatinine	0	CN1CC(=O)NC1=N
79323-2	E	7-Isobiopterin	DictMol	0	7-Isobiopterin	7-Isobiopterin	0	CC(C(C1=CN=C2C(=O)NC(=NC2=N1)N)O)O
79323-2	E	Creatinine	DictMol	15	Creatinine	Creatinine	0	CN1CC(=O)NC1=N
79277-0	E	lathosterol	DictMol	2	lathosterol	lathosterol	0	C[C@H](CCCC(C)C)[C@H]1CC[C@@H]2[C@@]1(CC[C@H]3C2=CC[C@@H]4[C@@]3(CC[C@@H](C4)O)C)C
79277-0	E	lathosterol	DictMol	2	lathosterol	lathosterol	0	C[C@H](CCCC(C)C)[C@H]1CC[C@@H]2[C@@]1(CC[C@H]3C2=CC[C@@H]4[C@@]3(CC[C@@H](C4)O)C)C
59265-9	E	Creatinine	DictMol	24	Creatinine	Creatinine	0	CN1CC(=O)NC1=N
59265-9	E	Creatinine	DictMol	24	Creatinine	Creatinine	0	CN1CC(=O)NC1=N
59265-9	E	Creatinine	DictMol	24	Creatinine	Creatinine	0	CN1CC(=O)NC1=N
79278-8	E	lathosterol	DictMol	2	lathosterol	lathosterol	0	C[C@H](CCCC(C)C)[C@H]1CC[C@@H]2[C@@]1(CC[C@H]3C2=CC[C@@H]4[C@@]3(CC[C@@H](C4)O)C)C
79278-8	E	lathosterol	DictMol	2	lathosterol	lathosterol	0	C[C@H](CCCC(C)C)[C@H]1CC[C@@H]2[C@@]1(CC[C@H]3C2=CC[C@@H]4[C@@]3(CC[C@@H](C4)O)C)C
18436-6	E	Acetylcarnitine	DictMol	0	Acetylcarnitine	Acetylcarnitine	0	CC(=O)O[C@H](CC(=O)[O-])C[N+](C)(C)C
13702-6	E	Creatinine	DictMol	10	Creatinine	Creatinine	0	CN1CC(=O)NC1=N
13702-6	E	Creatinine	DictMol	10	Creatinine	Creatinine	0	CN1CC(=O)NC1=N
1718-6	E	Acyl	G	0	Acyl	Acyl	0	
1718-6	E	Acyl	G	0	Acyl	Acyl	0	
78358-9	E	Acyl	G	0	Acyl	Acyl	0	
78359-7	E	Acyl	G	0	Acyl	Acyl	0	
78359-7	E	Acyl	G	44	Acyl	Acyl	0	
78359-7	E	Acyl	G	0	Acyl	Acyl	0	
78359-7	E	Acyl	G	44	Acyl	Acyl	0	
11035-3	E	Adenylate	DictMol	0	Adenylate	Adenylate	0	C1=NC(=C2C(=N1)N(C=N2)[C@H]3[C@@H]([C@@H]([C@H](O3)COP(=O)(O)O)O)O)N
11035-3	E	Adenylate	DictMol	0	Adenylate	Adenylate	0	C1=NC(=C2C(=N1)N(C=N2)[C@H]3[C@@H]([C@@H]([C@H](O3)COP(=O)(O)O)O)O)N
1732-7	E	Adenylosuccinate	DictMol	0	Adenylosuccinate	Adenylosuccinate	0	C1=NC(=C2C(=N1)N(C=N2)[C@H]3[C@@H]([C@@H]([C@H](O3)COP(=O)(O)O)O)O)N[C@@H](CC(=O)O)C(=O)O
1732-7	E	Adenylosuccinate	DictMol	0	Adenylosuccinate	Adenylosuccinate	0	C1=NC(=C2C(=N1)N(C=N2)[C@H]3[C@@H]([C@@H]([C@H](O3)COP(=O)(O)O)O)O)N[C@@H](CC(=O)O)C(=O)O
1743-4	E	Alanine aminotransferase	DictMol	0	Alanine aminotransferase	Alanineaminotransferase	0	CC1=CN(C(=O)NC1=O)C2CC(C(C(O2)CO)O)O
1744-2	E	Alanine aminotransferase	DictMol	0	Alanine aminotransferase	Alanineaminotransferase	0	CC1=CN(C(=O)NC1=O)C2CC(C(C(O2)CO)O)O
100738-4	E	Alanine aminotransferase	DictMol	0	Alanine aminotransferase	Alanineaminotransferase	0	CC1=CN(C(=O)NC1=O)C2CC(C(C(O2)CO)O)O
100738-4	E	Alanine aminotransferase	DictMol	0	Alanine aminotransferase	Alanineaminotransferase	0	CC1=CN(C(=O)NC1=O)C2CC(C(C(O2)CO)O)O
100738-4	E	Alanine aminotransferase	DictMol	0	Alanine aminotransferase	Alanineaminotransferase	0	CC1=CN(C(=O)NC1=O)C2CC(C(C(O2)CO)O)O
100738-4	E	Alanine aminotransferase	DictMol	0	Alanine aminotransferase	Alanineaminotransferase	0	CC1=CN(C(=O)NC1=O)C2CC(C(C(O2)CO)O)O
100738-4	E	Alanine aminotransferase	DictMol	0	Alanine aminotransferase	Alanineaminotransferase	0	CC1=CN(C(=O)NC1=O)C2CC(C(C(O2)CO)O)O
100738-4	E	Alanine aminotransferase	DictMol	0	Alanine aminotransferase	Alanineaminotransferase	0	CC1=CN(C(=O)NC1=O)C2CC(C(C(O2)CO)O)O
100738-4	E	Alanine aminotransferase	DictMol	0	Alanine aminotransferase	Alanineaminotransferase	0	CC1=CN(C(=O)NC1=O)C2CC(C(C(O2)CO)O)O
100738-4	E	Alanine aminotransferase	DictMol	0	Alanine aminotransferase	Alanineaminotransferase	0	CC1=CN(C(=O)NC1=O)C2CC(C(C(O2)CO)O)O
100738-4	E	Alanine aminotransferase	DictMol	0	Alanine aminotransferase	Alanineaminotransferase	0	CC1=CN(C(=O)NC1=O)C2CC(C(C(O2)CO)O)O
23808-9	E	Aldosterone	DictMol	0	Aldosterone	Aldosterone	0	C[C@@]12CCC(=O)C=C2CC[C@@H]2[C@@H]1[C@@H](O)C[C@]1(C=O)[C@@H](C(=O)CO)CC[C@@H]21
1766-5	E	Aldosterone	DictMol	0	Aldosterone	Aldosterone	0	C[C@@]12CCC(=O)C=C2CC[C@@H]2[C@@H]1[C@@H](O)C[C@]1(C=O)[C@@H](C(=O)CO)CC[C@@H]21
1766-5	E	Aldosterone	DictMol	0	Aldosterone	Aldosterone	0	C[C@@]12CCC(=O)C=C2CC[C@@H]2[C@@H]1[C@@H](O)C[C@]1(C=O)[C@@H](C(=O)CO)CC[C@@H]21
1766-5	E	Aldosterone	DictMol	0	Aldosterone	Aldosterone	0	C[C@@]12CCC(=O)C=C2CC[C@@H]2[C@@H]1[C@@H](O)C[C@]1(C=O)[C@@H](C(=O)CO)CC[C@@H]21
1766-5	E	Aldosterone	DictMol	0	Aldosterone	Aldosterone	0	C[C@@]12CCC(=O)C=C2CC[C@@H]2[C@@H]1[C@@H](O)C[C@]1(C=O)[C@@H](C(=O)CO)CC[C@@H]21
1766-5	E	Aldosterone	DictMol	0	Aldosterone	Aldosterone	0	C[C@@]12CCC(=O)C=C2CC[C@@H]2[C@@H]1[C@@H](O)C[C@]1(C=O)[C@@H](C(=O)CO)CC[C@@H]21
15012-8	E	Aldosterone	DictMol	0	Aldosterone	Aldosterone	0	C[C@@]12CCC(=O)C=C2CC[C@@H]2[C@@H]1[C@@H](O)C[C@]1(C=O)[C@@H](C(=O)CO)CC[C@@H]21
1770-7	E	Aliphatic	G	0	Aliphatic	Aliphatic	0	
1770-7	E	carboxylate	G	10	carboxylate	carboxylate	0	
1771-5	E	Aliphatic	G	0	Aliphatic	Aliphatic	0	
1771-5	E	carboxylate	G	10	carboxylate	carboxylate	0	
1771-5	E	esters	G	31	esters	esters	0	
33063-9	E	Levamisole	DictMol	82	Levamisole	Levamisole	0	C1C=CC([C@H]2CN3CCSC3=N2)=CC=1
82220-5	E	Alkyl-dihydroxyacetonephosphate	DictMol	0	Alkyl-dihydroxyacetonephosphate	Alkyldihydroxyacetonephosphate	0	CCCCCCCC(=O)OCC(=O)COP(=O)(O)O
82220-5	E	Alkyl-dihydroxyacetonephosphate	DictMol	0	Alkyl-dihydroxyacetonephosphate	Alkyldihydroxyacetonephosphate	0	CCCCCCCC(=O)OCC(=O)COP(=O)(O)O
82220-5	E	Alkyl-dihydroxyacetonephosphate	DictMol	0	Alkyl-dihydroxyacetonephosphate	Alkyldihydroxyacetonephosphate	0	CCCCCCCC(=O)OCC(=O)COP(=O)(O)O
82220-5	E	Alkyl-dihydroxyacetonephosphate	DictMol	0	Alkyl-dihydroxyacetonephosphate	Alkyldihydroxyacetonephosphate	0	CCCCCCCC(=O)OCC(=O)COP(=O)(O)O
82220-5	E	Alkyl-dihydroxyacetonephosphate	DictMol	0	Alkyl-dihydroxyacetonephosphate	Alkyldihydroxyacetonephosphate	0	CCCCCCCC(=O)OCC(=O)COP(=O)(O)O
82220-5	E	Alkyl-dihydroxyacetonephosphate	DictMol	0	Alkyl-dihydroxyacetonephosphate	Alkyldihydroxyacetonephosphate	0	CCCCCCCC(=O)OCC(=O)COP(=O)(O)O
82220-5	E	Alkyl-dihydroxyacetonephosphate	DictMol	0	Alkyl-dihydroxyacetonephosphate	Alkyldihydroxyacetonephosphate	0	CCCCCCCC(=O)OCC(=O)COP(=O)(O)O
82220-5	E	Alkyl-dihydroxyacetonephosphate	DictMol	0	Alkyl-dihydroxyacetonephosphate	Alkyldihydroxyacetonephosphate	0	CCCCCCCC(=O)OCC(=O)COP(=O)(O)O
55822-1	E	tetrahydrodeoxycortisol	DictMol	5	tetrahydrodeoxycortisol	tetrahydrodeoxycortisol	0	C[C@]12CC[C@H](C[C@H]1CC[C@@H]3[C@@H]2CC[C@]4([C@H]3CC[C@@]4(C(=O)CO)O)C)O
55822-1	E	tetrahydrodeoxycortisol	DictMol	5	tetrahydrodeoxycortisol	tetrahydrodeoxycortisol	0	C[C@]12CC[C@H](C[C@H]1CC[C@@H]3[C@@H]2CC[C@]4([C@H]3CC[C@@]4(C(=O)CO)O)C)O
1784-8	E	Alpha amino acid	G	0	Alpha amino acid	Alpha amino acid	0	
1784-8	E	nitrogen	E	17	nitrogen	nitrogen	0	
1784-8	E	Alpha amino acid	G	0	Alpha amino acid	Alpha amino acid	0	
1784-8	E	nitrogen	E	17	nitrogen	nitrogen	0	
79279-6	E	Alpha-aminoadipic semialdehyde	DictMol	0	Alpha-aminoadipic semialdehyde	Alpha-aminoadipic semialdehyde	0	C(CC=O)C[C@@H](C(=O)O)N
92766-5	E	Alpha-aminoadipic semialdehyde	DictMol	0	Alpha-aminoadipic semialdehyde	Alpha-aminoadipic semialdehyde	0	C(CC=O)C[C@@H](C(=O)O)N
92766-5	E	Delta-1-piperideine-6-carboxylate	DictMol	31	Delta-1-piperideine-6-carboxylate	Delta-1-piperideine-6-carboxylate	0	C1CC=NC(C1)C(=O)O
92766-5	E	Alpha-aminoadipic semialdehyde	DictMol	0	Alpha-aminoadipic semialdehyde	Alpha-aminoadipic semialdehyde	0	C(CC=O)C[C@@H](C(=O)O)N
92766-5	E	Delta-1-piperideine-6-carboxylate	DictMol	31	Delta-1-piperideine-6-carboxylate	Delta-1-piperideine-6-carboxylate	0	C1CC=NC(C1)C(=O)O
92766-5	E	Alpha-aminoadipic semialdehyde	DictMol	0	Alpha-aminoadipic semialdehyde	Alpha-aminoadipic semialdehyde	0	C(CC=O)C[C@@H](C(=O)O)N
92766-5	E	Delta-1-piperideine-6-carboxylate	DictMol	31	Delta-1-piperideine-6-carboxylate	Delta-1-piperideine-6-carboxylate	0	C1CC=NC(C1)C(=O)O
92766-5	E	Alpha-aminoadipic semialdehyde	DictMol	0	Alpha-aminoadipic semialdehyde	Alpha-aminoadipic semialdehyde	0	C(CC=O)C[C@@H](C(=O)O)N
92766-5	E	Delta-1-piperideine-6-carboxylate	DictMol	31	Delta-1-piperideine-6-carboxylate	Delta-1-piperideine-6-carboxylate	0	C1CC=NC(C1)C(=O)O
92766-5	E	Alpha-aminoadipic semialdehyde	DictMol	0	Alpha-aminoadipic semialdehyde	Alpha-aminoadipic semialdehyde	0	C(CC=O)C[C@@H](C(=O)O)N
92766-5	E	Delta-1-piperideine-6-carboxylate	DictMol	31	Delta-1-piperideine-6-carboxylate	Delta-1-piperideine-6-carboxylate	0	C1CC=NC(C1)C(=O)O
92766-5	E	Alpha-aminoadipic semialdehyde	DictMol	0	Alpha-aminoadipic semialdehyde	Alpha-aminoadipic semialdehyde	0	C(CC=O)C[C@@H](C(=O)O)N
92766-5	E	Delta-1-piperideine-6-carboxylate	DictMol	31	Delta-1-piperideine-6-carboxylate	Delta-1-piperideine-6-carboxylate	0	C1CC=NC(C1)C(=O)O
94718-4	E	defensins	DictMol	6	defensins	defensins	0	C[C@@H](C(=O)N[C@@H](CCC(=O)O)C(=O)N[C@@H](CC(=O)O)C(=O)N[C@@H](CCC(=O)O)C(=O)N[C@@H](CO)C(=O)N[C@@H](C)C(=O)N[C@@H](CCC(=O)O)C(=O)N[C@@H](C)C(=O)N[C@@H](CC1=CC=CC=C1)C(=O)N2CCC[C@H]2C(=O)N[C@@H](CC(C)C)C(=O)N[C@@H](CCC(=O)O)C(=O)O)NC(=O)CNC(=O)[C@H](CC(=O)N)NC(=O)[C@@H]3CCCN3C(=O)[C@H](CC4=CC=C(C=C4)O)NC(=O)[C@H](C(C)C)NC(=O)[C@H](CCCCN)NC(=O)[C@H](C(C)C)NC(=O)[C@@H]5CCCN5C(=O)[C@H](CCCNC(=N)N)NC(=O)[C@H](CCCNC(=N)N)NC(=O)[C@H](CCCCN)NC(=O)[C@H](CCCCN)NC(=O)CNC(=O)[C@H](C(C)C)NC(=O)[C@@H]6CCCN6C(=O)[C@H](CCCCN)NC(=O)CNC(=O)[C@H](CC7=CNC8=CC=CC=C87)NC(=O)[C@H](CCCNC(=N)N)NC(=O)[C@H](CC9=CC=CC=C9)N
94718-4	E	defensins	DictMol	6	defensins	defensins	0	C[C@@H](C(=O)N[C@@H](CCC(=O)O)C(=O)N[C@@H](CC(=O)O)C(=O)N[C@@H](CCC(=O)O)C(=O)N[C@@H](CO)C(=O)N[C@@H](C)C(=O)N[C@@H](CCC(=O)O)C(=O)N[C@@H](C)C(=O)N[C@@H](CC1=CC=CC=C1)C(=O)N2CCC[C@H]2C(=O)N[C@@H](CC(C)C)C(=O)N[C@@H](CCC(=O)O)C(=O)O)NC(=O)CNC(=O)[C@H](CC(=O)N)NC(=O)[C@@H]3CCCN3C(=O)[C@H](CC4=CC=C(C=C4)O)NC(=O)[C@H](C(C)C)NC(=O)[C@H](CCCCN)NC(=O)[C@H](C(C)C)NC(=O)[C@@H]5CCCN5C(=O)[C@H](CCCNC(=N)N)NC(=O)[C@H](CCCNC(=N)N)NC(=O)[C@H](CCCCN)NC(=O)[C@H](CCCCN)NC(=O)CNC(=O)[C@H](C(C)C)NC(=O)[C@@H]6CCCN6C(=O)[C@H](CCCCN)NC(=O)CNC(=O)[C@H](CC7=CNC8=CC=CC=C87)NC(=O)[C@H](CCCNC(=N)N)NC(=O)[C@H](CC9=CC=CC=C9)N
94718-4	E	defensins	DictMol	6	defensins	defensins	0	C[C@@H](C(=O)N[C@@H](CCC(=O)O)C(=O)N[C@@H](CC(=O)O)C(=O)N[C@@H](CCC(=O)O)C(=O)N[C@@H](CO)C(=O)N[C@@H](C)C(=O)N[C@@H](CCC(=O)O)C(=O)N[C@@H](C)C(=O)N[C@@H](CC1=CC=CC=C1)C(=O)N2CCC[C@H]2C(=O)N[C@@H](CC(C)C)C(=O)N[C@@H](CCC(=O)O)C(=O)O)NC(=O)CNC(=O)[C@H](CC(=O)N)NC(=O)[C@@H]3CCCN3C(=O)[C@H](CC4=CC=C(C=C4)O)NC(=O)[C@H](C(C)C)NC(=O)[C@H](CCCCN)NC(=O)[C@H](C(C)C)NC(=O)[C@@H]5CCCN5C(=O)[C@H](CCCNC(=N)N)NC(=O)[C@H](CCCNC(=N)N)NC(=O)[C@H](CCCCN)NC(=O)[C@H](CCCCN)NC(=O)CNC(=O)[C@H](C(C)C)NC(=O)[C@@H]6CCCN6C(=O)[C@H](CCCCN)NC(=O)CNC(=O)[C@H](CC7=CNC8=CC=CC=C87)NC(=O)[C@H](CCCNC(=N)N)NC(=O)[C@H](CC9=CC=CC=C9)N
94718-4	E	defensins	DictMol	6	defensins	defensins	0	C[C@@H](C(=O)N[C@@H](CCC(=O)O)C(=O)N[C@@H](CC(=O)O)C(=O)N[C@@H](CCC(=O)O)C(=O)N[C@@H](CO)C(=O)N[C@@H](C)C(=O)N[C@@H](CCC(=O)O)C(=O)N[C@@H](C)C(=O)N[C@@H](CC1=CC=CC=C1)C(=O)N2CCC[C@H]2C(=O)N[C@@H](CC(C)C)C(=O)N[C@@H](CCC(=O)O)C(=O)O)NC(=O)CNC(=O)[C@H](CC(=O)N)NC(=O)[C@@H]3CCCN3C(=O)[C@H](CC4=CC=C(C=C4)O)NC(=O)[C@H](C(C)C)NC(=O)[C@H](CCCCN)NC(=O)[C@H](C(C)C)NC(=O)[C@@H]5CCCN5C(=O)[C@H](CCCNC(=N)N)NC(=O)[C@H](CCCNC(=N)N)NC(=O)[C@H](CCCCN)NC(=O)[C@H](CCCCN)NC(=O)CNC(=O)[C@H](C(C)C)NC(=O)[C@@H]6CCCN6C(=O)[C@H](CCCCN)NC(=O)CNC(=O)[C@H](CC7=CNC8=CC=CC=C87)NC(=O)[C@H](CCCNC(=N)N)NC(=O)[C@H](CC9=CC=CC=C9)N
94718-4	E	defensins	DictMol	6	defensins	defensins	0	C[C@@H](C(=O)N[C@@H](CCC(=O)O)C(=O)N[C@@H](CC(=O)O)C(=O)N[C@@H](CCC(=O)O)C(=O)N[C@@H](CO)C(=O)N[C@@H](C)C(=O)N[C@@H](CCC(=O)O)C(=O)N[C@@H](C)C(=O)N[C@@H](CC1=CC=CC=C1)C(=O)N2CCC[C@H]2C(=O)N[C@@H](CC(C)C)C(=O)N[C@@H](CCC(=O)O)C(=O)O)NC(=O)CNC(=O)[C@H](CC(=O)N)NC(=O)[C@@H]3CCCN3C(=O)[C@H](CC4=CC=C(C=C4)O)NC(=O)[C@H](C(C)C)NC(=O)[C@H](CCCCN)NC(=O)[C@H](C(C)C)NC(=O)[C@@H]5CCCN5C(=O)[C@H](CCCNC(=N)N)NC(=O)[C@H](CCCNC(=N)N)NC(=O)[C@H](CCCCN)NC(=O)[C@H](CCCCN)NC(=O)CNC(=O)[C@H](C(C)C)NC(=O)[C@@H]6CCCN6C(=O)[C@H](CCCCN)NC(=O)CNC(=O)[C@H](CC7=CNC8=CC=CC=C87)NC(=O)[C@H](CCCNC(=N)N)NC(=O)[C@H](CC9=CC=CC=C9)N
94718-4	E	defensins	DictMol	6	defensins	defensins	0	C[C@@H](C(=O)N[C@@H](CCC(=O)O)C(=O)N[C@@H](CC(=O)O)C(=O)N[C@@H](CCC(=O)O)C(=O)N[C@@H](CO)C(=O)N[C@@H](C)C(=O)N[C@@H](CCC(=O)O)C(=O)N[C@@H](C)C(=O)N[C@@H](CC1=CC=CC=C1)C(=O)N2CCC[C@H]2C(=O)N[C@@H](CC(C)C)C(=O)N[C@@H](CCC(=O)O)C(=O)O)NC(=O)CNC(=O)[C@H](CC(=O)N)NC(=O)[C@@H]3CCCN3C(=O)[C@H](CC4=CC=C(C=C4)O)NC(=O)[C@H](C(C)C)NC(=O)[C@H](CCCCN)NC(=O)[C@H](C(C)C)NC(=O)[C@@H]5CCCN5C(=O)[C@H](CCCNC(=N)N)NC(=O)[C@H](CCCNC(=N)N)NC(=O)[C@H](CCCCN)NC(=O)[C@H](CCCCN)NC(=O)CNC(=O)[C@H](C(C)C)NC(=O)[C@@H]6CCCN6C(=O)[C@H](CCCCN)NC(=O)CNC(=O)[C@H](CC7=CNC8=CC=CC=C87)NC(=O)[C@H](CCCNC(=N)N)NC(=O)[C@H](CC9=CC=CC=C9)N
94718-4	E	defensins	DictMol	6	defensins	defensins	0	C[C@@H](C(=O)N[C@@H](CCC(=O)O)C(=O)N[C@@H](CC(=O)O)C(=O)N[C@@H](CCC(=O)O)C(=O)N[C@@H](CO)C(=O)N[C@@H](C)C(=O)N[C@@H](CCC(=O)O)C(=O)N[C@@H](C)C(=O)N[C@@H](CC1=CC=CC=C1)C(=O)N2CCC[C@H]2C(=O)N[C@@H](CC(C)C)C(=O)N[C@@H](CCC(=O)O)C(=O)O)NC(=O)CNC(=O)[C@H](CC(=O)N)NC(=O)[C@@H]3CCCN3C(=O)[C@H](CC4=CC=C(C=C4)O)NC(=O)[C@H](C(C)C)NC(=O)[C@H](CCCCN)NC(=O)[C@H](C(C)C)NC(=O)[C@@H]5CCCN5C(=O)[C@H](CCCNC(=N)N)NC(=O)[C@H](CCCNC(=N)N)NC(=O)[C@H](CCCCN)NC(=O)[C@H](CCCCN)NC(=O)CNC(=O)[C@H](C(C)C)NC(=O)[C@@H]6CCCN6C(=O)[C@H](CCCCN)NC(=O)CNC(=O)[C@H](CC7=CNC8=CC=CC=C87)NC(=O)[C@H](CCCNC(=N)N)NC(=O)[C@H](CC9=CC=CC=C9)N
94718-4	E	defensins	DictMol	6	defensins	defensins	0	C[C@@H](C(=O)N[C@@H](CCC(=O)O)C(=O)N[C@@H](CC(=O)O)C(=O)N[C@@H](CCC(=O)O)C(=O)N[C@@H](CO)C(=O)N[C@@H](C)C(=O)N[C@@H](CCC(=O)O)C(=O)N[C@@H](C)C(=O)N[C@@H](CC1=CC=CC=C1)C(=O)N2CCC[C@H]2C(=O)N[C@@H](CC(C)C)C(=O)N[C@@H](CCC(=O)O)C(=O)O)NC(=O)CNC(=O)[C@H](CC(=O)N)NC(=O)[C@@H]3CCCN3C(=O)[C@H](CC4=CC=C(C=C4)O)NC(=O)[C@H](C(C)C)NC(=O)[C@H](CCCCN)NC(=O)[C@H](C(C)C)NC(=O)[C@@H]5CCCN5C(=O)[C@H](CCCNC(=N)N)NC(=O)[C@H](CCCNC(=N)N)NC(=O)[C@H](CCCCN)NC(=O)[C@H](CCCCN)NC(=O)CNC(=O)[C@H](C(C)C)NC(=O)[C@@H]6CCCN6C(=O)[C@H](CCCCN)NC(=O)CNC(=O)[C@H](CC7=CNC8=CC=CC=C87)NC(=O)[C@H](CCCNC(=N)N)NC(=O)[C@H](CC9=CC=CC=C9)N
13671-3	E	Creatinine	DictMol	22	Creatinine	Creatinine	0	CN1CC(=O)NC1=N
13671-3	E	Creatinine	DictMol	22	Creatinine	Creatinine	0	CN1CC(=O)NC1=N
13671-3	E	Creatinine	DictMol	22	Creatinine	Creatinine	0	CN1CC(=O)NC1=N
13671-3	E	Creatinine	DictMol	22	Creatinine	Creatinine	0	CN1CC(=O)NC1=N
13678-8	E	Creatinine	DictMol	20	Creatinine	Creatinine	0	CN1CC(=O)NC1=N
13678-8	E	Creatinine	DictMol	20	Creatinine	Creatinine	0	CN1CC(=O)NC1=N
13678-8	E	Creatinine	DictMol	20	Creatinine	Creatinine	0	CN1CC(=O)NC1=N
13678-8	E	Creatinine	DictMol	20	Creatinine	Creatinine	0	CN1CC(=O)NC1=N
13678-8	E	Creatinine	DictMol	20	Creatinine	Creatinine	0	CN1CC(=O)NC1=N
13678-8	E	Creatinine	DictMol	20	Creatinine	Creatinine	0	CN1CC(=O)NC1=N
35164-3	E	linolenate	DictMol	6	linolenate	linolenate	0	CC/C=C\C/C=C\C/C=C\CCCCCCCC(=O)O
35164-3	E	linolenate	DictMol	6	linolenate	linolenate	0	CC/C=C\C/C=C\C/C=C\CCCCCCCC(=O)O
35164-3	E	linolenate	DictMol	6	linolenate	linolenate	0	CC/C=C\C/C=C\C/C=C\CCCCCCCC(=O)O
1820-0	E	Alpha melanocyte stimulating hormone	DictMol	0	Alpha melanocyte stimulating hormone	Alpha-melanocyte stimulating hormone	0	CSCC[C@H](NC(=O)[C@H](CO)NC(=O)[C@H](CC1C=CC(O)=CC=1)NC(=O)[C@H](CO)NC(C)=O)C(=O)N[C@@H](CCC(=O)O)C(=O)N[C@@H](CC1=CNC=N1)C(=O)N[C@@H](CC1C=CC=CC=1)C(=O)N[C@@H](CCCNC(=N)N)C(=O)N[C@@H](CC1=CNC2=C1C=CC=C2)C(=O)NCC(=O)N[C@@H](CCCCN)C(=O)N1CCC[C@H]1C(=O)N[C@H](C(N)=O)C(C)C
1820-0	E	Alpha melanocyte stimulating hormone	DictMol	0	Alpha melanocyte stimulating hormone	Alpha-melanocyte stimulating hormone	0	CSCC[C@H](NC(=O)[C@H](CO)NC(=O)[C@H](CC1C=CC(O)=CC=1)NC(=O)[C@H](CO)NC(C)=O)C(=O)N[C@@H](CCC(=O)O)C(=O)N[C@@H](CC1=CNC=N1)C(=O)N[C@@H](CC1C=CC=CC=1)C(=O)N[C@@H](CCCNC(=N)N)C(=O)N[C@@H](CC1=CNC2=C1C=CC=C2)C(=O)NCC(=O)N[C@@H](CCCCN)C(=O)N1CCC[C@H]1C(=O)N[C@H](C(N)=O)C(C)C
14590-4	E	Alpha tocopherol	DictMol	0	Alpha tocopherol	Alpha-tocopherol	0	CC1C(C)=C2C(=C(C)C=1O)CC[C@@](C)(CCC[C@H](C)CCC[C@H](C)CCCC(C)C)O2
44076-8	E	Alpha tocopherol	DictMol	0	Alpha tocopherol	Alpha-tocopherol	0	CC1C(C)=C2C(=C(C)C=1O)CC[C@@](C)(CCC[C@H](C)CCC[C@H](C)CCCC(C)C)O2
44076-8	E	gamma tocopherol	DictMol	26	gamma tocopherol	gamma-tocopherol	0	CC1C(O)=CC2=C(C=1C)O[C@](C)(CCC[C@H](C)CCC[C@H](C)CCCC(C)C)CC2
46733-2	E	Amino	A	0	Amino	Amino	0	
57710-6	E	Amino	A	0	Amino	Amino	0	
1843-2	E	Ammonia	E	0	Ammonia	Ammonia	0	
1843-2	E	nitrogen	E	8	nitrogen	nitrogen	0	
14599-5	E	Ammonium	E	0	Ammonium	Ammonium	0	
16258-6	E	Ammonium	E	0	Ammonium	Ammonium	0	
16258-6	E	Ammonium	E	0	Ammonium	Ammonium	0	
16258-6	E	Ammonium	E	0	Ammonium	Ammonium	0	
16258-6	E	Ammonium	E	0	Ammonium	Ammonium	0	
16258-6	E	Ammonium	E	0	Ammonium	Ammonium	0	
101806-8	E	peptide	G	27	peptide	peptide	0	
101806-8	E	peptide	G	51	peptide	peptide	0	
101806-8	E	peptide	G	27	peptide	peptide	0	
101806-8	E	peptide	G	51	peptide	peptide	0	
101806-8	E	peptide	G	27	peptide	peptide	0	
101806-8	E	peptide	G	51	peptide	peptide	0	
101806-8	E	peptide	G	27	peptide	peptide	0	
101806-8	E	peptide	G	51	peptide	peptide	0	
101806-8	E	peptide	G	27	peptide	peptide	0	
101806-8	E	peptide	G	51	peptide	peptide	0	
101806-8	E	peptide	G	27	peptide	peptide	0	
101806-8	E	peptide	G	51	peptide	peptide	0	
101806-8	E	peptide	G	27	peptide	peptide	0	
101806-8	E	peptide	G	51	peptide	peptide	0	
101806-8	E	peptide	G	27	peptide	peptide	0	
101806-8	E	peptide	G	51	peptide	peptide	0	
101806-8	E	peptide	G	27	peptide	peptide	0	
101806-8	E	peptide	G	51	peptide	peptide	0	
101806-8	E	peptide	G	27	peptide	peptide	0	
101806-8	E	peptide	G	51	peptide	peptide	0	
106941-8	E	peptide	G	16	peptide	peptide	0	
106941-8	E	peptide	G	40	peptide	peptide	0	
43977-8	E	Anabolic steroids	G	0	Anabolic steroids	Anabolic steroids	0	
24125-7	E	Androgen	G	0	Androgen	Androgen	0	
24125-7	E	Androgen	G	0	Androgen	Androgen	0	
24125-7	E	Androgen	G	0	Androgen	Androgen	0	
24125-7	E	Androgen	G	0	Androgen	Androgen	0	
24125-7	E	Androgen	G	0	Androgen	Androgen	0	
13882-6	E	Androstanolone	DictMol	0	Androstanolone	Androstanolone	0	C[C@@]12CCC(=O)C[C@@H]2CC[C@@H]2[C@@H]1CC[C@]1(C)[C@@H](O)CC[C@@H]21
13882-6	E	Androstanolone	DictMol	20	Androstanolone	Androstanolone	0	C[C@@]12CCC(=O)C[C@@H]2CC[C@@H]2[C@@H]1CC[C@]1(C)[C@@H](O)CC[C@@H]21
12480-0	E	Angiotensin	DictMol	0	Angiotensin	Angiotensin	0	CC(C)[C@H](NC(=O)[C@H](CCCNC(=N)N)NC(=O)[C@@H](N)CC(=O)O)C(=O)N[C@@H](CC1C=CC(O)=CC=1)C(=O)N[C@H](C(=O)N[C@@H](CC1=CN=CN1)C(=O)N1CCC[C@H]1C(=O)N[C@@H](C)C(=O)O)C(C)C
12480-0	E	Angiotensin	DictMol	0	Angiotensin	Angiotensin	0	CC(C)[C@H](NC(=O)[C@H](CCCNC(=N)N)NC(=O)[C@@H](N)CC(=O)O)C(=O)N[C@@H](CC1C=CC(O)=CC=1)C(=O)N[C@H](C(=O)N[C@@H](CC1=CN=CN1)C(=O)N1CCC[C@H]1C(=O)N[C@@H](C)C(=O)O)C(C)C
12480-0	E	Angiotensin	DictMol	0	Angiotensin	Angiotensin	0	CC(C)[C@H](NC(=O)[C@H](CCCNC(=N)N)NC(=O)[C@@H](N)CC(=O)O)C(=O)N[C@@H](CC1C=CC(O)=CC=1)C(=O)N[C@H](C(=O)N[C@@H](CC1=CN=CN1)C(=O)N1CCC[C@H]1C(=O)N[C@@H](C)C(=O)O)C(C)C
12480-0	E	Angiotensin	DictMol	0	Angiotensin	Angiotensin	0	CC(C)[C@H](NC(=O)[C@H](CCCNC(=N)N)NC(=O)[C@@H](N)CC(=O)O)C(=O)N[C@@H](CC1C=CC(O)=CC=1)C(=O)N[C@H](C(=O)N[C@@H](CC1=CN=CN1)C(=O)N1CCC[C@H]1C(=O)N[C@@H](C)C(=O)O)C(C)C
12480-0	E	Angiotensin	DictMol	0	Angiotensin	Angiotensin	0	CC(C)[C@H](NC(=O)[C@H](CCCNC(=N)N)NC(=O)[C@@H](N)CC(=O)O)C(=O)N[C@@H](CC1C=CC(O)=CC=1)C(=O)N[C@H](C(=O)N[C@@H](CC1=CN=CN1)C(=O)N1CCC[C@H]1C(=O)N[C@@H](C)C(=O)O)C(C)C
12480-0	E	Angiotensin	DictMol	0	Angiotensin	Angiotensin	0	CC(C)[C@H](NC(=O)[C@H](CCCNC(=N)N)NC(=O)[C@@H](N)CC(=O)O)C(=O)N[C@@H](CC1C=CC(O)=CC=1)C(=O)N[C@H](C(=O)N[C@@H](CC1=CN=CN1)C(=O)N1CCC[C@H]1C(=O)N[C@@H](C)C(=O)O)C(C)C
12480-0	E	Angiotensin	DictMol	0	Angiotensin	Angiotensin	0	CC(C)[C@H](NC(=O)[C@H](CCCNC(=N)N)NC(=O)[C@@H](N)CC(=O)O)C(=O)N[C@@H](CC1C=CC(O)=CC=1)C(=O)N[C@H](C(=O)N[C@@H](CC1=CN=CN1)C(=O)N1CCC[C@H]1C(=O)N[C@@H](C)C(=O)O)C(C)C
12480-0	E	Angiotensin	DictMol	0	Angiotensin	Angiotensin	0	CC(C)[C@H](NC(=O)[C@H](CCCNC(=N)N)NC(=O)[C@@H](N)CC(=O)O)C(=O)N[C@@H](CC1C=CC(O)=CC=1)C(=O)N[C@H](C(=O)N[C@@H](CC1=CN=CN1)C(=O)N1CCC[C@H]1C(=O)N[C@@H](C)C(=O)O)C(C)C
12480-0	E	Angiotensin	DictMol	0	Angiotensin	Angiotensin	0	CC(C)[C@H](NC(=O)[C@H](CCCNC(=N)N)NC(=O)[C@@H](N)CC(=O)O)C(=O)N[C@@H](CC1C=CC(O)=CC=1)C(=O)N[C@H](C(=O)N[C@@H](CC1=CN=CN1)C(=O)N1CCC[C@H]1C(=O)N[C@@H](C)C(=O)O)C(C)C
12480-0	E	Angiotensin	DictMol	0	Angiotensin	Angiotensin	0	CC(C)[C@H](NC(=O)[C@H](CCCNC(=N)N)NC(=O)[C@@H](N)CC(=O)O)C(=O)N[C@@H](CC1C=CC(O)=CC=1)C(=O)N[C@H](C(=O)N[C@@H](CC1=CN=CN1)C(=O)N1CCC[C@H]1C(=O)N[C@@H](C)C(=O)O)C(C)C
15031-8	E	Angiotensin I	DictMol	0	Angiotensin I	Angiotensin I	0	CC[C@H](C)[C@@H](C(=O)N[C@@H](CC1=CN=CN1)C(=O)N2CCC[C@H]2C(=O)N[C@@H](CC3=CC=CC=C3)C(=O)N[C@@H](CC4=CN=CN4)C(=O)N[C@@H](CC(C)C)C(=O)O)NC(=O)[C@H](CC5=CC=C(C=C5)O)NC(=O)[C@H](C(C)C)NC(=O)[C@H](CCCN=C(N)N)NC(=O)[C@H](CC(=O)O)N
15032-6	E	Angiotensin II	DictMol	0	Angiotensin II	Angiotensin II	0	CC[C@H](C)[C@@H](C(=O)N[C@@H](CC1=CNC=N1)C(=O)N1CCC[C@H]1C(=O)N[C@@H](CC1C=CC=CC=1)C(=O)O)NC(=O)[C@H](CC1C=CC(=CC=1)O)NC(=O)[C@H](C(C)C)NC(=O)[C@H](CCCN=C(N)N)NC(=O)[C@H](CC(=O)O)N
13386-8	E	Anserine	DictMol	0	Anserine	Anserine	0	CN1C=NC=C1C[C@@H](C(=O)O)NC(=O)CCN
15133-2	E	Anserine	DictMol	0	Anserine	Anserine	0	CN1C=NC=C1C[C@@H](C(=O)O)NC(=O)CCN
15133-2	E	Carnosine	DictMol	9	Carnosine	Carnosine	0	C1=C(N=CN1)C[C@@H](C(=O)O)NC(=O)CCN
15133-2	E	Anserine	DictMol	0	Anserine	Anserine	0	CN1C=NC=C1C[C@@H](C(=O)O)NC(=O)CCN
15133-2	E	Carnosine	DictMol	9	Carnosine	Carnosine	0	C1=C(N=CN1)C[C@@H](C(=O)O)NC(=O)CCN
1888-7	E	Aquacobalamin	DictMol	0	Aquacobalamin	Aquacobalamin	0	CC1=CC2=C(C=C1C)N(C=N2)C3C(C(C(O3)CO)OP(=O)([O-])OC(C)CNC(=O)CCC\4(C(C5C6(C(C(C(=N6)/C(=C\7/C(C(C(=N7)/C=C\8/C(C(C(=N8)/C(=C4\[N-]5)/C)CCC(=O)N)(C)C)CCC(=O)N)(C)CC(=O)N)/C)CCC(=O)N)(C)CC(=O)N)C)CC(=O)N)C)O.O.[OH-].[Co+3]
1888-7	E	Aquacobalamin	DictMol	0	Aquacobalamin	Aquacobalamin	0	CC1=CC2=C(C=C1C)N(C=N2)C3C(C(C(O3)CO)OP(=O)([O-])OC(C)CNC(=O)CCC\4(C(C5C6(C(C(C(=N6)/C(=C\7/C(C(C(=N7)/C=C\8/C(C(C(=N8)/C(=C4\[N-]5)/C)CCC(=O)N)(C)C)CCC(=O)N)(C)CC(=O)N)/C)CCC(=O)N)(C)CC(=O)N)C)CC(=O)N)C)O.O.[OH-].[Co+3]
79281-2	E	Creatinine	DictMol	10	Creatinine	Creatinine	0	CN1CC(=O)NC1=N
79281-2	E	Creatinine	DictMol	10	Creatinine	Creatinine	0	CN1CC(=O)NC1=N
79281-2	E	Creatinine	DictMol	10	Creatinine	Creatinine	0	CN1CC(=O)NC1=N
79281-2	E	Creatinine	DictMol	10	Creatinine	Creatinine	0	CN1CC(=O)NC1=N
79281-2	E	Creatinine	DictMol	10	Creatinine	Creatinine	0	CN1CC(=O)NC1=N
79281-2	E	Creatinine	DictMol	10	Creatinine	Creatinine	0	CN1CC(=O)NC1=N
79281-2	E	Creatinine	DictMol	10	Creatinine	Creatinine	0	CN1CC(=O)NC1=N
47829-7	E	Creatinine	DictMol	9	Creatinine	Creatinine	0	CN1CC(=O)NC1=N
16811-2	E	C20:0	DictMol	12	C20:0	C20:0	0	CCCCCCCCCCCCCCCCCCCC(=O)O
16811-2	E	C20:0	DictMol	12	C20:0	C20:0	0	CCCCCCCCCCCCCCCCCCCC(=O)O
16811-2	E	C20:0	DictMol	12	C20:0	C20:0	0	CCCCCCCCCCCCCCCCCCCC(=O)O
16811-2	E	C20:0	DictMol	12	C20:0	C20:0	0	CCCCCCCCCCCCCCCCCCCC(=O)O
16811-2	E	C20:0	DictMol	12	C20:0	C20:0	0	CCCCCCCCCCCCCCCCCCCC(=O)O
16811-2	E	C20:0	DictMol	12	C20:0	C20:0	0	CCCCCCCCCCCCCCCCCCCC(=O)O
90915-0	E	Fatty acids	G	43	Fatty acids	Fatty acids	0	
79589-8	E	Aspartylglycosamine	DictMol	0	Aspartylglycosamine	Aspartylglycosamine	0	CC(=O)N[C@@H]1[C@H]([C@@H]([C@H](O[C@H]1NC(=O)C[C@@H](C(=O)O)N)CO)O)O
79589-8	E	Aspartylglycosamine	DictMol	0	Aspartylglycosamine	Aspartylglycosamine	0	CC(=O)N[C@@H]1[C@H]([C@@H]([C@H](O[C@H]1NC(=O)C[C@@H](C(=O)O)N)CO)O)O
79589-8	E	Aspartylglycosamine	DictMol	0	Aspartylglycosamine	Aspartylglycosamine	0	CC(=O)N[C@@H]1[C@H]([C@@H]([C@H](O[C@H]1NC(=O)C[C@@H](C(=O)O)N)CO)O)O
79589-8	E	Aspartylglycosamine	DictMol	0	Aspartylglycosamine	Aspartylglycosamine	0	CC(=O)N[C@@H]1[C@H]([C@@H]([C@H](O[C@H]1NC(=O)C[C@@H](C(=O)O)N)CO)O)O
11208-6	E	Atrial natriuretic factor	DictMol	0	Atrial natriuretic factor	Atrialnatriureticfactor	0	CC[C@H](C)[C@H]1C(=O)NCC(=O)N[C@H](C(=O)N[C@H](C(=O)N[C@H](C(=O)NCC(=O)N[C@H](C(=O)NCC(=O)N[C@@H](CSSC[C@@H](C(=O)N[C@H](C(=O)NCC(=O)NCC(=O)N[C@H](C(=O)N[C@H](C(=O)N[C@H](C(=O)N[C@H](C(=O)N1)CCCNC(=N)N)CC(=O)O)[C@@H](C)CC)CCCNC(=N)N)CC2=CC=CC=C2)NC(=O)[C@H](CO)NC(=O)[C@H](CO)NC(=O)[C@H](CCCNC(=N)N)NC(=O)[C@H](CCCNC(=N)N)NC(=O)[C@H](CC(C)C)NC(=O)[C@H](CO)N)C(=O)N[C@@H](CC(=O)N)C(=O)N[C@@H](CO)C(=O)N[C@@H](CC3=CC=CC=C3)C(=O)N[C@@H](CCCNC(=N)N)C(=O)N[C@@H](CC4=CC=C(C=C4)O)C(=O)O)CC(C)C)CO)CCC(=O)N)C
101831-6	E	Beclomethasone dipropionate	DictMol	0	Beclomethasone dipropionate	Beclomethasone dipropionate	0	CCC(=O)OCC(=O)[C@@]1(OC(=O)CC)[C@@H](C)C[C@H]2[C@@H]3CCC4=CC(=O)C=C[C@]4(C)[C@@]3(Cl)[C@@H](O)C[C@]12C
101831-6	E	Beclomethasone dipropionate	DictMol	0	Beclomethasone dipropionate	Beclomethasone dipropionate	0	CCC(=O)OCC(=O)[C@@]1(OC(=O)CC)[C@@H](C)C[C@H]2[C@@H]3CCC4=CC(=O)C=C[C@]4(C)[C@@]3(Cl)[C@@H](O)C[C@]12C
101831-6	E	Beclomethasone dipropionate	DictMol	0	Beclomethasone dipropionate	Beclomethasone dipropionate	0	CCC(=O)OCC(=O)[C@@]1(OC(=O)CC)[C@@H](C)C[C@H]2[C@@H]3CCC4=CC(=O)C=C[C@]4(C)[C@@]3(Cl)[C@@H](O)C[C@]12C
101831-6	E	Beclomethasone dipropionate	DictMol	0	Beclomethasone dipropionate	Beclomethasone dipropionate	0	CCC(=O)OCC(=O)[C@@]1(OC(=O)CC)[C@@H](C)C[C@H]2[C@@H]3CCC4=CC(=O)C=C[C@]4(C)[C@@]3(Cl)[C@@H](O)C[C@]12C
101831-6	E	Beclomethasone dipropionate	DictMol	0	Beclomethasone dipropionate	Beclomethasone dipropionate	0	CCC(=O)OCC(=O)[C@@]1(OC(=O)CC)[C@@H](C)C[C@H]2[C@@H]3CCC4=CC(=O)C=C[C@]4(C)[C@@]3(Cl)[C@@H](O)C[C@]12C
101831-6	E	Beclomethasone dipropionate	DictMol	0	Beclomethasone dipropionate	Beclomethasone dipropionate	0	CCC(=O)OCC(=O)[C@@]1(OC(=O)CC)[C@@H](C)C[C@H]2[C@@H]3CCC4=CC(=O)C=C[C@]4(C)[C@@]3(Cl)[C@@H](O)C[C@]12C
101831-6	E	Beclomethasone dipropionate	DictMol	0	Beclomethasone dipropionate	Beclomethasone dipropionate	0	CCC(=O)OCC(=O)[C@@]1(OC(=O)CC)[C@@H](C)C[C@H]2[C@@H]3CCC4=CC(=O)C=C[C@]4(C)[C@@]3(Cl)[C@@H](O)C[C@]12C
101831-6	E	Beclomethasone dipropionate	DictMol	0	Beclomethasone dipropionate	Beclomethasone dipropionate	0	CCC(=O)OCC(=O)[C@@]1(OC(=O)CC)[C@@H](C)C[C@H]2[C@@H]3CCC4=CC(=O)C=C[C@]4(C)[C@@]3(Cl)[C@@H](O)C[C@]12C
27997-6	E	Creatinine	DictMol	18	Creatinine	Creatinine	0	CN1CC(=O)NC1=N
1938-0	E	Beta fructofuranosidase	DictMol	0	Beta fructofuranosidase	Beta-fructofuranosidase	0	C(C(CO)(CBr)CBr)O
1938-0	E	Beta fructofuranosidase	DictMol	0	Beta fructofuranosidase	Beta-fructofuranosidase	0	C(C(CO)(CBr)CBr)O
1938-0	E	Beta fructofuranosidase	DictMol	0	Beta fructofuranosidase	Beta-fructofuranosidase	0	C(C(CO)(CBr)CBr)O
11038-7	E	gamma tocopherol	DictMol	5	gamma tocopherol	gamma-tocopherol	0	CC1C(O)=CC2=C(C=1C)O[C@](C)(CCC[C@H](C)CCC[C@H](C)CCCC(C)C)CC2
11038-7	E	gamma tocopherol	DictMol	5	gamma tocopherol	gamma-tocopherol	0	CC1C(O)=CC2=C(C=1C)O[C@](C)(CCC[C@H](C)CCC[C@H](C)CCCC(C)C)CC2
11038-7	E	gamma tocopherol	DictMol	5	gamma tocopherol	gamma-tocopherol	0	CC1C(O)=CC2=C(C=1C)O[C@](C)(CCC[C@H](C)CCC[C@H](C)CCCC(C)C)CC2
1950-5	E	Beta melanocyte stimulating hormone	DictMol	0	Beta melanocyte stimulating hormone	Beta-melanocyte-stimulating hormone	0	C[C@@H](C(=O)N[C@@H](CCC(=O)O)C(=O)N[C@@H](CCCCN)C(=O)N[C@@H](CCCCN)C(=O)N[C@@H](CC(=O)O)C(=O)N[C@@H](CCC(=O)O)C(=O)NCC(=O)N1CCC[C@H]1C(=O)N[C@@H](CC2=CC=C(C=C2)O)C(=O)N[C@@H](CCCNC(=N)N)C(=O)N[C@@H](CCSC)C(=O)N[C@@H](CCC(=O)O)C(=O)N[C@@H](CC3=CN=CN3)C(=O)N[C@@H](CC4=CC=CC=C4)C(=O)N[C@@H](CCCNC(=N)N)C(=O)N[C@@H](CC5=CNC6=CC=CC=C65)C(=O)NCC(=O)N[C@@H](CO)C(=O)N7CCC[C@H]7C(=O)N8CCC[C@H]8C(=O)N[C@@H](CCCCN)C(=O)N[C@@H](CC(=O)O)C(=O)O)N
1950-5	E	Beta melanocyte stimulating hormone	DictMol	0	Beta melanocyte stimulating hormone	Beta-melanocyte-stimulating hormone	0	C[C@@H](C(=O)N[C@@H](CCC(=O)O)C(=O)N[C@@H](CCCCN)C(=O)N[C@@H](CCCCN)C(=O)N[C@@H](CC(=O)O)C(=O)N[C@@H](CCC(=O)O)C(=O)NCC(=O)N1CCC[C@H]1C(=O)N[C@@H](CC2=CC=C(C=C2)O)C(=O)N[C@@H](CCCNC(=N)N)C(=O)N[C@@H](CCSC)C(=O)N[C@@H](CCC(=O)O)C(=O)N[C@@H](CC3=CN=CN3)C(=O)N[C@@H](CC4=CC=CC=C4)C(=O)N[C@@H](CCCNC(=N)N)C(=O)N[C@@H](CC5=CNC6=CC=CC=C65)C(=O)NCC(=O)N[C@@H](CO)C(=O)N7CCC[C@H]7C(=O)N8CCC[C@H]8C(=O)N[C@@H](CCCCN)C(=O)N[C@@H](CC(=O)O)C(=O)O)N
16463-2	E	Bile acid	G	0	Bile acid	Bile acid	0	
33473-0	E	Bile acid	G	0	Bile acid	Bile acid	0	
16466-5	E	Bile acid	G	0	Bile acid	Bile acid	0	
16466-5	E	Bile acid	G	0	Bile acid	Bile acid	0	
16466-5	E	Bile acid	G	0	Bile acid	Bile acid	0	
12476-8	E	Bilirubin	DictMol	0	Bilirubin	Bilirubin	0	C=CC1=C(C)C(=C/C2NC(CC3NC(/C=C4\NC(=O)C(C)=C4C=C)=C(C)C=3CCC(=O)O)=C(CCC(=O)O)C=2C)/NC1=O
58941-6	E	Bilirubin	DictMol	0	Bilirubin	Bilirubin	0	C=CC1=C(C)C(=C/C2NC(CC3NC(/C=C4\NC(=O)C(C)=C4C=C)=C(C)C=3CCC(=O)O)=C(CCC(=O)O)C=2C)/NC1=O
18264-2	E	bilirubin	DictMol	18	bilirubin	bilirubin	0	C=CC1=C(C)C(=C/C2NC(CC3NC(/C=C4\NC(=O)C(C)=C4C=C)=C(C)C=3CCC(=O)O)=C(CCC(=O)O)C=2C)/NC1=O
33898-8	E	Bilirubin	DictMol	0	Bilirubin	Bilirubin	0	C=CC1=C(C)C(=C/C2NC(CC3NC(/C=C4\NC(=O)C(C)=C4C=C)=C(C)C=3CCC(=O)O)=C(CCC(=O)O)C=2C)/NC1=O
33898-8	E	Bilirubin	DictMol	0	Bilirubin	Bilirubin	0	C=CC1=C(C)C(=C/C2NC(CC3NC(/C=C4\NC(=O)C(C)=C4C=C)=C(C)C=3CCC(=O)O)=C(CCC(=O)O)C=2C)/NC1=O
33898-8	E	Bilirubin	DictMol	0	Bilirubin	Bilirubin	0	C=CC1=C(C)C(=C/C2NC(CC3NC(/C=C4\NC(=O)C(C)=C4C=C)=C(C)C=3CCC(=O)O)=C(CCC(=O)O)C=2C)/NC1=O
33898-8	E	Bilirubin	DictMol	0	Bilirubin	Bilirubin	0	C=CC1=C(C)C(=C/C2NC(CC3NC(/C=C4\NC(=O)C(C)=C4C=C)=C(C)C=3CCC(=O)O)=C(CCC(=O)O)C=2C)/NC1=O
33898-8	E	Bilirubin	DictMol	0	Bilirubin	Bilirubin	0	C=CC1=C(C)C(=C/C2NC(CC3NC(/C=C4\NC(=O)C(C)=C4C=C)=C(C)C=3CCC(=O)O)=C(CCC(=O)O)C=2C)/NC1=O
15153-0	E	bilirubin	DictMol	20	bilirubin	bilirubin	0	C=CC1=C(C)C(=C/C2NC(CC3NC(/C=C4\NC(=O)C(C)=C4C=C)=C(C)C=3CCC(=O)O)=C(CCC(=O)O)C=2C)/NC1=O
1979-4	E	Biopterin	DictMol	0	Biopterin	Biopterin	0	C[C@H]([C@H](C1=CN=C2C(=N1)C(=O)NC(=N2)N)O)O
79282-0	E	Biopterin	DictMol	0	Biopterin	Biopterin	0	C[C@H]([C@H](C1=CN=C2C(=N1)C(=O)NC(=N2)N)O)O
79282-0	E	Biopterin	DictMol	10	Biopterin	Biopterin	0	C[C@H]([C@H](C1=CN=C2C(=N1)C(=O)NC(=N2)N)O)O
79282-0	E	Neopterin	DictMol	20	Neopterin	Neopterin	0	C1=C(N=C2C(=O)NC(=NC2=N1)N)[C@@H]([C@@H](CO)O)O
79283-8	E	dicarboxylate	G	4	dicarboxylate	dicarboxylate	0	
79283-8	E	dicarboxylate	G	4	dicarboxylate	dicarboxylate	0	
79283-8	E	dicarboxylate	G	4	dicarboxylate	dicarboxylate	0	
79283-8	E	dicarboxylate	G	4	dicarboxylate	dicarboxylate	0	
79283-8	E	dicarboxylate	G	4	dicarboxylate	dicarboxylate	0	
49543-2	E	Calcidiol	DictMol	11	Calcidiol	Calcidiol	0	C=C1CC[C@H](O)C/C1=C/C=C1\CCC[C@]2(C)[C@@H]([C@H](C)CCCC(C)(C)O)CC[C@@H]12.O
49543-2	E	Calciferol	DictMol	21	Calciferol	Calciferol	0	C=C1CC[C@H](O)C/C1=C/C=C1\CCC[C@]2(C)[C@@H]([C@H](C)/C=C/[C@H](C)C(C)C)CC[C@@H]12
94673-1	E	25-Hydroxyvitamin D3	DictMol	0	25-Hydroxyvitamin D3	25-Hydroxyvitamin D3	0	C[C@H](CCCC(C)(C)O)[C@H]1CC[C@@H]\2[C@@]1(CCC/C2=C\C=C/3\C[C@H](CCC3=C)O)C
94673-1	E	25-Hydroxyvitamin D2	DictMol	21	25-Hydroxyvitamin D2	25-Hydroxyvitamin D2	0	C=C1CC[C@H](O)C/C1=C/C=C1\CCC[C@]2(C)[C@@H]([C@H](C)/C=C/[C@H](C)C(C)(C)O)CC[C@@H]12
94673-1	E	24,25-dihydroxyvitamin D3	DictMol	42	24,25-dihydroxyvitamin D3	24,25-dihydroxyvitamin D3	0	C[C@H](CCC(C(C)(C)O)O)[C@H]1CC[C@@H]\2[C@@]1(CCC/C2=C\C=C/3\C[C@H](CCC3=C)O)C
94673-1	E	24,25-dihydroxyvitamin D2	DictMol	68	24,25-dihydroxyvitamin D2	24,25-dihydroxyvitamin D2	0	C[C@H](/C=C/[C@](C)(C(C)(C)O)O)[C@H]1CC[C@@H]\2[C@@]1(CCC/C2=C\C=C/3\C[C@H](CCC3=C)O)C
94673-1	E	25-Hydroxyvitamin D3	DictMol	0	25-Hydroxyvitamin D3	25-Hydroxyvitamin D3	0	C[C@H](CCCC(C)(C)O)[C@H]1CC[C@@H]\2[C@@]1(CCC/C2=C\C=C/3\C[C@H](CCC3=C)O)C
94673-1	E	25-Hydroxyvitamin D2	DictMol	21	25-Hydroxyvitamin D2	25-Hydroxyvitamin D2	0	C=C1CC[C@H](O)C/C1=C/C=C1\CCC[C@]2(C)[C@@H]([C@H](C)/C=C/[C@H](C)C(C)(C)O)CC[C@@H]12
94673-1	E	24,25-dihydroxyvitamin D3	DictMol	42	24,25-dihydroxyvitamin D3	24,25-dihydroxyvitamin D3	0	C[C@H](CCC(C(C)(C)O)O)[C@H]1CC[C@@H]\2[C@@]1(CCC/C2=C\C=C/3\C[C@H](CCC3=C)O)C
94673-1	E	24,25-dihydroxyvitamin D2	DictMol	68	24,25-dihydroxyvitamin D2	24,25-dihydroxyvitamin D2	0	C[C@H](/C=C/[C@](C)(C(C)(C)O)O)[C@H]1CC[C@@H]\2[C@@]1(CCC/C2=C\C=C/3\C[C@H](CCC3=C)O)C
94673-1	E	25-Hydroxyvitamin D3	DictMol	0	25-Hydroxyvitamin D3	25-Hydroxyvitamin D3	0	C[C@H](CCCC(C)(C)O)[C@H]1CC[C@@H]\2[C@@]1(CCC/C2=C\C=C/3\C[C@H](CCC3=C)O)C
94673-1	E	25-Hydroxyvitamin D2	DictMol	21	25-Hydroxyvitamin D2	25-Hydroxyvitamin D2	0	C=C1CC[C@H](O)C/C1=C/C=C1\CCC[C@]2(C)[C@@H]([C@H](C)/C=C/[C@H](C)C(C)(C)O)CC[C@@H]12
94673-1	E	24,25-dihydroxyvitamin D3	DictMol	42	24,25-dihydroxyvitamin D3	24,25-dihydroxyvitamin D3	0	C[C@H](CCC(C(C)(C)O)O)[C@H]1CC[C@@H]\2[C@@]1(CCC/C2=C\C=C/3\C[C@H](CCC3=C)O)C
94673-1	E	24,25-dihydroxyvitamin D2	DictMol	68	24,25-dihydroxyvitamin D2	24,25-dihydroxyvitamin D2	0	C[C@H](/C=C/[C@](C)(C(C)(C)O)O)[C@H]1CC[C@@H]\2[C@@]1(CCC/C2=C\C=C/3\C[C@H](CCC3=C)O)C
94673-1	E	25-Hydroxyvitamin D3	DictMol	0	25-Hydroxyvitamin D3	25-Hydroxyvitamin D3	0	C[C@H](CCCC(C)(C)O)[C@H]1CC[C@@H]\2[C@@]1(CCC/C2=C\C=C/3\C[C@H](CCC3=C)O)C
94673-1	E	25-Hydroxyvitamin D2	DictMol	21	25-Hydroxyvitamin D2	25-Hydroxyvitamin D2	0	C=C1CC[C@H](O)C/C1=C/C=C1\CCC[C@]2(C)[C@@H]([C@H](C)/C=C/[C@H](C)C(C)(C)O)CC[C@@H]12
94673-1	E	24,25-dihydroxyvitamin D3	DictMol	42	24,25-dihydroxyvitamin D3	24,25-dihydroxyvitamin D3	0	C[C@H](CCC(C(C)(C)O)O)[C@H]1CC[C@@H]\2[C@@]1(CCC/C2=C\C=C/3\C[C@H](CCC3=C)O)C
94673-1	E	24,25-dihydroxyvitamin D2	DictMol	68	24,25-dihydroxyvitamin D2	24,25-dihydroxyvitamin D2	0	C[C@H](/C=C/[C@](C)(C(C)(C)O)O)[C@H]1CC[C@@H]\2[C@@]1(CCC/C2=C\C=C/3\C[C@H](CCC3=C)O)C
94673-1	E	25-Hydroxyvitamin D3	DictMol	0	25-Hydroxyvitamin D3	25-Hydroxyvitamin D3	0	C[C@H](CCCC(C)(C)O)[C@H]1CC[C@@H]\2[C@@]1(CCC/C2=C\C=C/3\C[C@H](CCC3=C)O)C
94673-1	E	25-Hydroxyvitamin D2	DictMol	21	25-Hydroxyvitamin D2	25-Hydroxyvitamin D2	0	C=C1CC[C@H](O)C/C1=C/C=C1\CCC[C@]2(C)[C@@H]([C@H](C)/C=C/[C@H](C)C(C)(C)O)CC[C@@H]12
94673-1	E	24,25-dihydroxyvitamin D3	DictMol	42	24,25-dihydroxyvitamin D3	24,25-dihydroxyvitamin D3	0	C[C@H](CCC(C(C)(C)O)O)[C@H]1CC[C@@H]\2[C@@]1(CCC/C2=C\C=C/3\C[C@H](CCC3=C)O)C
94673-1	E	24,25-dihydroxyvitamin D2	DictMol	68	24,25-dihydroxyvitamin D2	24,25-dihydroxyvitamin D2	0	C[C@H](/C=C/[C@](C)(C(C)(C)O)O)[C@H]1CC[C@@H]\2[C@@]1(CCC/C2=C\C=C/3\C[C@H](CCC3=C)O)C
94673-1	E	25-Hydroxyvitamin D3	DictMol	0	25-Hydroxyvitamin D3	25-Hydroxyvitamin D3	0	C[C@H](CCCC(C)(C)O)[C@H]1CC[C@@H]\2[C@@]1(CCC/C2=C\C=C/3\C[C@H](CCC3=C)O)C
94673-1	E	25-Hydroxyvitamin D2	DictMol	21	25-Hydroxyvitamin D2	25-Hydroxyvitamin D2	0	C=C1CC[C@H](O)C/C1=C/C=C1\CCC[C@]2(C)[C@@H]([C@H](C)/C=C/[C@H](C)C(C)(C)O)CC[C@@H]12
94673-1	E	24,25-dihydroxyvitamin D3	DictMol	42	24,25-dihydroxyvitamin D3	24,25-dihydroxyvitamin D3	0	C[C@H](CCC(C(C)(C)O)O)[C@H]1CC[C@@H]\2[C@@]1(CCC/C2=C\C=C/3\C[C@H](CCC3=C)O)C
94673-1	E	24,25-dihydroxyvitamin D2	DictMol	68	24,25-dihydroxyvitamin D2	24,25-dihydroxyvitamin D2	0	C[C@H](/C=C/[C@](C)(C(C)(C)O)O)[C@H]1CC[C@@H]\2[C@@]1(CCC/C2=C\C=C/3\C[C@H](CCC3=C)O)C
107221-4	E	Calciferol	DictMol	0	Calciferol	Calciferol	0	C=C1CC[C@H](O)C/C1=C/C=C1\CCC[C@]2(C)[C@@H]([C@H](C)/C=C/[C@H](C)C(C)C)CC[C@@H]12
107221-4	E	Calciferol	DictMol	0	Calciferol	Calciferol	0	C=C1CC[C@H](O)C/C1=C/C=C1\CCC[C@]2(C)[C@@H]([C@H](C)/C=C/[C@H](C)C(C)C)CC[C@@H]12
107221-4	E	Calciferol	DictMol	0	Calciferol	Calciferol	0	C=C1CC[C@H](O)C/C1=C/C=C1\CCC[C@]2(C)[C@@H]([C@H](C)/C=C/[C@H](C)C(C)C)CC[C@@H]12
107221-4	E	Calciferol	DictMol	0	Calciferol	Calciferol	0	C=C1CC[C@H](O)C/C1=C/C=C1\CCC[C@]2(C)[C@@H]([C@H](C)/C=C/[C@H](C)C(C)C)CC[C@@H]12
107221-4	E	Calciferol	DictMol	0	Calciferol	Calciferol	0	C=C1CC[C@H](O)C/C1=C/C=C1\CCC[C@]2(C)[C@@H]([C@H](C)/C=C/[C@H](C)C(C)C)CC[C@@H]12
107221-4	E	Calciferol	DictMol	0	Calciferol	Calciferol	0	C=C1CC[C@H](O)C/C1=C/C=C1\CCC[C@]2(C)[C@@H]([C@H](C)/C=C/[C@H](C)C(C)C)CC[C@@H]12
107221-4	E	Calciferol	DictMol	0	Calciferol	Calciferol	0	C=C1CC[C@H](O)C/C1=C/C=C1\CCC[C@]2(C)[C@@H]([C@H](C)/C=C/[C@H](C)C(C)C)CC[C@@H]12
107221-4	E	Calciferol	DictMol	0	Calciferol	Calciferol	0	C=C1CC[C@H](O)C/C1=C/C=C1\CCC[C@]2(C)[C@@H]([C@H](C)/C=C/[C@H](C)C(C)C)CC[C@@H]12
107221-4	E	Calciferol	DictMol	0	Calciferol	Calciferol	0	C=C1CC[C@H](O)C/C1=C/C=C1\CCC[C@]2(C)[C@@H]([C@H](C)/C=C/[C@H](C)C(C)C)CC[C@@H]12
107221-4	E	Calciferol	DictMol	0	Calciferol	Calciferol	0	C=C1CC[C@H](O)C/C1=C/C=C1\CCC[C@]2(C)[C@@H]([C@H](C)/C=C/[C@H](C)C(C)C)CC[C@@H]12
1991-9	E	Calciferol	DictMol	0	Calciferol	Calciferol	0	C=C1CC[C@H](O)C/C1=C/C=C1\CCC[C@]2(C)[C@@H]([C@H](C)/C=C/[C@H](C)C(C)C)CC[C@@H]12
1991-9	E	Calciferol	DictMol	0	Calciferol	Calciferol	0	C=C1CC[C@H](O)C/C1=C/C=C1\CCC[C@]2(C)[C@@H]([C@H](C)/C=C/[C@H](C)C(C)C)CC[C@@H]12
1991-9	E	Calciferol	DictMol	0	Calciferol	Calciferol	0	C=C1CC[C@H](O)C/C1=C/C=C1\CCC[C@]2(C)[C@@H]([C@H](C)/C=C/[C@H](C)C(C)C)CC[C@@H]12
1991-9	E	Calciferol	DictMol	0	Calciferol	Calciferol	0	C=C1CC[C@H](O)C/C1=C/C=C1\CCC[C@]2(C)[C@@H]([C@H](C)/C=C/[C@H](C)C(C)C)CC[C@@H]12
107499-6	E	Calcitonin	DictMol	0	Calcitonin	Calcitonin	0	CC(C)CC1C(=O)NC(C(=O)NC(C(=O)NC(CSSCC(C(=O)NC(C(=O)NC(C(=O)N1)CC(=O)N)CO)N)C(=O)NC(C(C)C)C(=O)NC(CC(C)C)C(=O)NCC(=O)NC(CCCCN)C(=O)NC(CC(C)C)C(=O)NC(CO)C(=O)NC(CCC(=O)N)C(=O)NC(CCC(=O)O)C(=O)NC(CC(C)C)C(=O)NC(CC2=CN=CN2)C(=O)NC(CCCCN)C(=O)NC(CC(C)C)C(=O)NC(CCC(=O)N)C(=O)NC(C(C)O)C(=O)NC(CC3=CC=C(C=C3)O)C(=O)N4CCCC4C(=O)NC(CCCNC(=N)N)C(=O)NC(C(C)O)C(=O)NC(CC(=O)N)C(=O)NC(C(C)O)C(=O)NCC(=O)NC(CO)C(=O)NCC(=O)NC(C(C)O)C(=O)N5CCCC5C(=O)N)C(C)O)CO
107499-6	E	Calcitonin	DictMol	0	Calcitonin	Calcitonin	0	CC(C)CC1C(=O)NC(C(=O)NC(C(=O)NC(CSSCC(C(=O)NC(C(=O)NC(C(=O)N1)CC(=O)N)CO)N)C(=O)NC(C(C)C)C(=O)NC(CC(C)C)C(=O)NCC(=O)NC(CCCCN)C(=O)NC(CC(C)C)C(=O)NC(CO)C(=O)NC(CCC(=O)N)C(=O)NC(CCC(=O)O)C(=O)NC(CC(C)C)C(=O)NC(CC2=CN=CN2)C(=O)NC(CCCCN)C(=O)NC(CC(C)C)C(=O)NC(CCC(=O)N)C(=O)NC(C(C)O)C(=O)NC(CC3=CC=C(C=C3)O)C(=O)N4CCCC4C(=O)NC(CCCNC(=N)N)C(=O)NC(C(C)O)C(=O)NC(CC(=O)N)C(=O)NC(C(C)O)C(=O)NCC(=O)NC(CO)C(=O)NCC(=O)NC(C(C)O)C(=O)N5CCCC5C(=O)N)C(C)O)CO
14566-4	E	Calcitriol	DictMol	0	Calcitriol	Calcitriol	0	C=C1C(=C\C=C2/CCC[C@]3(C)[C@@H]([C@H](C)CCCC(C)(C)O)CC[C@@H]23)/C[C@@H](O)C[C@@H]1O
14566-4	E	Calcitriol	DictMol	0	Calcitriol	Calcitriol	0	C=C1C(=C\C=C2/CCC[C@]3(C)[C@@H]([C@H](C)CCCC(C)(C)O)CC[C@@H]23)/C[C@@H](O)C[C@@H]1O
14566-4	E	Calcitriol	DictMol	0	Calcitriol	Calcitriol	0	C=C1C(=C\C=C2/CCC[C@]3(C)[C@@H]([C@H](C)CCCC(C)(C)O)CC[C@@H]23)/C[C@@H](O)C[C@@H]1O
14566-4	E	Calcitriol	DictMol	0	Calcitriol	Calcitriol	0	C=C1C(=C\C=C2/CCC[C@]3(C)[C@@H]([C@H](C)CCCC(C)(C)O)CC[C@@H]23)/C[C@@H](O)C[C@@H]1O
14566-4	E	Calcitriol	DictMol	0	Calcitriol	Calcitriol	0	C=C1C(=C\C=C2/CCC[C@]3(C)[C@@H]([C@H](C)CCCC(C)(C)O)CC[C@@H]23)/C[C@@H](O)C[C@@H]1O
12511-2	E	Calcium	E	0	Calcium	Calcium	0	
12511-2	E	Calcium	E	0	Calcium	Calcium	0	
12511-2	E	Calcium	E	0	Calcium	Calcium	0	
12511-2	E	Calcium	E	0	Calcium	Calcium	0	
30527-6	E	Calcium	E	0	Calcium	Calcium	0	
16261-0	E	Calcium bilirubinate	DictMol	0	Calcium bilirubinate	Calcium bilirubinate	0	CC1=C(NC(=C1CCC(=O)O)CC2=C(C(=C(N2)/C=C\3/C(=C(C(=O)N3)C)C=C)C)CCC(=O)O)/C=C\4/C(=C(C(=O)N4)C=C)C
16261-0	E	Calcium bilirubinate	DictMol	0	Calcium bilirubinate	Calcium bilirubinate	0	CC1=C(NC(=C1CCC(=O)O)CC2=C(C(=C(N2)/C=C\3/C(=C(C(=O)N3)C)C=C)C)CCC(=O)O)/C=C\4/C(=C(C(=O)N4)C=C)C
82736-0	E	Calcium	E	0	Calcium	Calcium	0	
82736-0	E	Calcium	E	0	Calcium	Calcium	0	
82736-0	E	Calcium	E	0	Calcium	Calcium	0	
16267-7	E	Calcium	E	0	Calcium	Calcium	0	
16267-7	E	Calcium	E	0	Calcium	Calcium	0	
16267-7	E	Calcium	E	0	Calcium	Calcium	0	
16267-7	E	Calcium	E	0	Calcium	Calcium	0	
29265-6	E	Calcium	E	0	Calcium	Calcium	0	
18281-6	E	Calcium	E	0	Calcium	Calcium	0	
16266-9	E	Calcium	E	0	Calcium	Calcium	0	
16266-9	E	hydrogen	E	8	hydrogen	hydrogen	0	
16266-9	E	Calcium	E	0	Calcium	Calcium	0	
16266-9	E	hydrogen	E	8	hydrogen	hydrogen	0	
101736-7	E	Calcium hydrogen phosphate dihydrate	DictMol	0	Calcium hydrogen phosphate dihydrate	Calciumhydrogenphosphatedihydrate	0	O.O.OP(=O)([O-])[O-].[Ca+2]
101736-7	E	Calcium hydrogen phosphate dihydrate	DictMol	0	Calcium hydrogen phosphate dihydrate	Calciumhydrogenphosphatedihydrate	0	O.O.OP(=O)([O-])[O-].[Ca+2]
101736-7	E	Calcium hydrogen phosphate dihydrate	DictMol	0	Calcium hydrogen phosphate dihydrate	Calciumhydrogenphosphatedihydrate	0	O.O.OP(=O)([O-])[O-].[Ca+2]
101736-7	E	Calcium hydrogen phosphate dihydrate	DictMol	0	Calcium hydrogen phosphate dihydrate	Calciumhydrogenphosphatedihydrate	0	O.O.OP(=O)([O-])[O-].[Ca+2]
101736-7	E	Calcium hydrogen phosphate dihydrate	DictMol	0	Calcium hydrogen phosphate dihydrate	Calciumhydrogenphosphatedihydrate	0	O.O.OP(=O)([O-])[O-].[Ca+2]
101736-7	E	Calcium hydrogen phosphate dihydrate	DictMol	0	Calcium hydrogen phosphate dihydrate	Calciumhydrogenphosphatedihydrate	0	O.O.OP(=O)([O-])[O-].[Ca+2]
101736-7	E	Calcium hydrogen phosphate dihydrate	DictMol	0	Calcium hydrogen phosphate dihydrate	Calciumhydrogenphosphatedihydrate	0	O.O.OP(=O)([O-])[O-].[Ca+2]
101825-8	E	Calcium hydrogen phosphate dihydrate	DictMol	0	Calcium hydrogen phosphate dihydrate	Calciumhydrogenphosphatedihydrate	0	O.O.OP(=O)([O-])[O-].[Ca+2]
101825-8	E	Calcium hydrogen phosphate dihydrate	DictMol	0	Calcium hydrogen phosphate dihydrate	Calciumhydrogenphosphatedihydrate	0	O.O.OP(=O)([O-])[O-].[Ca+2]
12180-6	E	Calcium	E	0	Calcium	Calcium	0	
12180-6	E	Calcium	E	0	Calcium	Calcium	0	
12180-6	E	Calcium	E	0	Calcium	Calcium	0	
19072-8	E	Calcium	E	0	Calcium	Calcium	0	
63550-8	E	Calcium	E	0	Calcium	Calcium	0	
63550-8	E	magnesium	E	8	magnesium	magnesium	0	
101931-4	E	Calcium	E	0	Calcium	Calcium	0	
101931-4	E	Calcium	E	0	Calcium	Calcium	0	
101931-4	E	Calcium	E	0	Calcium	Calcium	0	
101931-4	E	Calcium	E	0	Calcium	Calcium	0	
101931-4	E	Calcium	E	0	Calcium	Calcium	0	
101931-4	E	Calcium	E	0	Calcium	Calcium	0	
101931-4	E	Calcium	E	0	Calcium	Calcium	0	
16263-6	E	Calcium oxalate dihydrate	DictMol	0	Calcium oxalate dihydrate	Calciumoxalatedihydrate	0	C(=O)(C(=O)[O-])[O-].O.O.[Ca+2]
16263-6	E	Calcium oxalate dihydrate	DictMol	0	Calcium oxalate dihydrate	Calciumoxalatedihydrate	0	C(=O)(C(=O)[O-])[O-].O.O.[Ca+2]
16263-6	E	Calcium oxalate dihydrate	DictMol	0	Calcium oxalate dihydrate	Calciumoxalatedihydrate	0	C(=O)(C(=O)[O-])[O-].O.O.[Ca+2]
34736-9	E	Calcium	E	0	Calcium	Calcium	0	
34736-9	E	Calcium	E	0	Calcium	Calcium	0	
16264-4	E	Calcium oxalate monohydrate	DictMol	0	Calcium oxalate monohydrate	Calciumoxalatemonohydrate	0	C1=CC(=C(C=C1C(=O)O)I)I
16264-4	E	Calcium oxalate monohydrate	DictMol	0	Calcium oxalate monohydrate	Calciumoxalatemonohydrate	0	C1=CC(=C(C=C1C(=O)O)I)I
16264-4	E	Calcium oxalate monohydrate	DictMol	0	Calcium oxalate monohydrate	Calciumoxalatemonohydrate	0	C1=CC(=C(C=C1C(=O)O)I)I
16264-4	E	Calcium oxalate monohydrate	DictMol	0	Calcium oxalate monohydrate	Calciumoxalatemonohydrate	0	C1=CC(=C(C=C1C(=O)O)I)I
16264-4	E	Calcium oxalate monohydrate	DictMol	0	Calcium oxalate monohydrate	Calciumoxalatemonohydrate	0	C1=CC(=C(C=C1C(=O)O)I)I
16264-4	E	Calcium oxalate monohydrate	DictMol	0	Calcium oxalate monohydrate	Calciumoxalatemonohydrate	0	C1=CC(=C(C=C1C(=O)O)I)I
16268-5	E	Calcium	E	0	Calcium	Calcium	0	
13454-4	E	Calcium	E	0	Calcium	Calcium	0	
13454-4	E	phosphorus	E	8	phosphorus	phosphorus	0	
2017-2	E	ammonia	E	32	ammonia	ammonia	0	
16550-6	E	Carbohydrates	G	0	Carbohydrates	Carbohydrates	0	
32159-6	E	calcium	E	11	calcium	calcium	0	
32159-6	E	calcium	E	11	calcium	calcium	0	
32159-6	E	calcium	E	11	calcium	calcium	0	
32159-6	E	calcium	E	11	calcium	calcium	0	
11211-0	E	Carbon dioxide	DictMol	0	Carbon dioxide	Carbondioxide	0	C(=O)=O
11211-0	E	Carbon dioxide	DictMol	0	Carbon dioxide	Carbondioxide	0	C(=O)=O
11211-0	E	Carbon dioxide	DictMol	0	Carbon dioxide	Carbondioxide	0	C(=O)=O
11211-0	E	Carbon dioxide	DictMol	0	Carbon dioxide	Carbondioxide	0	C(=O)=O
11211-0	E	Carbon dioxide	DictMol	0	Carbon dioxide	Carbondioxide	0	C(=O)=O
11211-0	E	Carbon dioxide	DictMol	0	Carbon dioxide	Carbondioxide	0	C(=O)=O
11211-0	E	Carbon dioxide	DictMol	0	Carbon dioxide	Carbondioxide	0	C(=O)=O
11557-6	E	Carbon dioxide	DictMol	0	Carbon dioxide	Carbondioxide	0	C(=O)=O
14003-8	E	Carbon dioxide	DictMol	0	Carbon dioxide	Carbondioxide	0	C(=O)=O
2019-8	E	Carbon dioxide	DictMol	0	Carbon dioxide	Carbondioxide	0	C(=O)=O
2024-8	E	Carbon dioxide	DictMol	0	Carbon dioxide	Carbondioxide	0	C(=O)=O
53236-6	E	Acetylcarnitine	DictMol	20	Acetylcarnitine	Acetylcarnitine	0	CC(=O)O[C@H](CC(=O)[O-])C[N+](C)(C)C
53236-6	E	C18:1	DictMol	107	C18:1	C18:1	0	CCCCCCCC/C=C\CCCCCCCC(=O)O
53236-6	E	Acetylcarnitine	DictMol	20	Acetylcarnitine	Acetylcarnitine	0	CC(=O)O[C@H](CC(=O)[O-])C[N+](C)(C)C
53236-6	E	C18:1	DictMol	107	C18:1	C18:1	0	CCCCCCCC/C=C\CCCCCCCC(=O)O
12474-3	E	Carnosine	DictMol	0	Carnosine	Carnosine	0	C1=C(N=CN1)C[C@@H](C(=O)O)NC(=O)CCN
27078-5	E	Carotene	G	0	Carotene	Carotene	0	
25833-5	E	Cerebroside	G	0	Cerebroside	Cerebroside	0	
25833-5	E	Cerebroside	G	0	Cerebroside	Cerebroside	0	
103710-0	E	Chenodeoxycholate	DictMol	0	Chenodeoxycholate	Chenodeoxycholate	0	C[C@H](CCC(=O)O)[C@H]1CC[C@H]2[C@@H]3[C@H](O)C[C@@H]4C[C@H](O)CC[C@]4(C)[C@H]3CC[C@]12C
103710-0	E	Cholate	DictMol	18	Cholate	Cholate	0	C[C@H](CCC(=O)O)[C@H]1CC[C@@H]2[C@]1(C)[C@@H](O)C[C@@H]1[C@@]3(C)CC[C@@H](O)C[C@H]3C[C@@H](O)[C@@]21C
103710-0	E	Bile acid	G	26	Bile acid	Bile acid	0	
103710-0	E	Chenodeoxycholate	DictMol	0	Chenodeoxycholate	Chenodeoxycholate	0	C[C@H](CCC(=O)O)[C@H]1CC[C@H]2[C@@H]3[C@H](O)C[C@@H]4C[C@H](O)CC[C@]4(C)[C@H]3CC[C@]12C
103710-0	E	Cholate	DictMol	18	Cholate	Cholate	0	C[C@H](CCC(=O)O)[C@H]1CC[C@@H]2[C@]1(C)[C@@H](O)C[C@@H]1[C@@]3(C)CC[C@@H](O)C[C@H]3C[C@@H](O)[C@@]21C
103710-0	E	Bile acid	G	26	Bile acid	Bile acid	0	
103710-0	E	Chenodeoxycholate	DictMol	0	Chenodeoxycholate	Chenodeoxycholate	0	C[C@H](CCC(=O)O)[C@H]1CC[C@H]2[C@@H]3[C@H](O)C[C@@H]4C[C@H](O)CC[C@]4(C)[C@H]3CC[C@]12C
103710-0	E	Cholate	DictMol	18	Cholate	Cholate	0	C[C@H](CCC(=O)O)[C@H]1CC[C@@H]2[C@]1(C)[C@@H](O)C[C@@H]1[C@@]3(C)CC[C@@H](O)C[C@H]3C[C@@H](O)[C@@]21C
103710-0	E	Bile acid	G	26	Bile acid	Bile acid	0	
103710-0	E	Chenodeoxycholate	DictMol	0	Chenodeoxycholate	Chenodeoxycholate	0	C[C@H](CCC(=O)O)[C@H]1CC[C@H]2[C@@H]3[C@H](O)C[C@@H]4C[C@H](O)CC[C@]4(C)[C@H]3CC[C@]12C
103710-0	E	Cholate	DictMol	18	Cholate	Cholate	0	C[C@H](CCC(=O)O)[C@H]1CC[C@@H]2[C@]1(C)[C@@H](O)C[C@@H]1[C@@]3(C)CC[C@@H](O)C[C@H]3C[C@@H](O)[C@@]21C
103710-0	E	Bile acid	G	26	Bile acid	Bile acid	0	
103710-0	E	Chenodeoxycholate	DictMol	0	Chenodeoxycholate	Chenodeoxycholate	0	C[C@H](CCC(=O)O)[C@H]1CC[C@H]2[C@@H]3[C@H](O)C[C@@H]4C[C@H](O)CC[C@]4(C)[C@H]3CC[C@]12C
103710-0	E	Cholate	DictMol	18	Cholate	Cholate	0	C[C@H](CCC(=O)O)[C@H]1CC[C@@H]2[C@]1(C)[C@@H](O)C[C@@H]1[C@@]3(C)CC[C@@H](O)C[C@H]3C[C@@H](O)[C@@]21C
103710-0	E	Bile acid	G	26	Bile acid	Bile acid	0	
103710-0	E	Chenodeoxycholate	DictMol	0	Chenodeoxycholate	Chenodeoxycholate	0	C[C@H](CCC(=O)O)[C@H]1CC[C@H]2[C@@H]3[C@H](O)C[C@@H]4C[C@H](O)CC[C@]4(C)[C@H]3CC[C@]12C
103710-0	E	Cholate	DictMol	18	Cholate	Cholate	0	C[C@H](CCC(=O)O)[C@H]1CC[C@@H]2[C@]1(C)[C@@H](O)C[C@@H]1[C@@]3(C)CC[C@@H](O)C[C@H]3C[C@@H](O)[C@@]21C
103710-0	E	Bile acid	G	26	Bile acid	Bile acid	0	
103710-0	E	Chenodeoxycholate	DictMol	0	Chenodeoxycholate	Chenodeoxycholate	0	C[C@H](CCC(=O)O)[C@H]1CC[C@H]2[C@@H]3[C@H](O)C[C@@H]4C[C@H](O)CC[C@]4(C)[C@H]3CC[C@]12C
103710-0	E	Cholate	DictMol	18	Cholate	Cholate	0	C[C@H](CCC(=O)O)[C@H]1CC[C@@H]2[C@]1(C)[C@@H](O)C[C@@H]1[C@@]3(C)CC[C@@H](O)C[C@H]3C[C@@H](O)[C@@]21C
103710-0	E	Bile acid	G	26	Bile acid	Bile acid	0	
103710-0	E	Chenodeoxycholate	DictMol	0	Chenodeoxycholate	Chenodeoxycholate	0	C[C@H](CCC(=O)O)[C@H]1CC[C@H]2[C@@H]3[C@H](O)C[C@@H]4C[C@H](O)CC[C@]4(C)[C@H]3CC[C@]12C
103710-0	E	Cholate	DictMol	18	Cholate	Cholate	0	C[C@H](CCC(=O)O)[C@H]1CC[C@@H]2[C@]1(C)[C@@H](O)C[C@@H]1[C@@]3(C)CC[C@@H](O)C[C@H]3C[C@@H](O)[C@@]21C
103710-0	E	Bile acid	G	26	Bile acid	Bile acid	0	
2066-9	E	Chenodeoxycholylglycine	DictMol	0	Chenodeoxycholylglycine	Chenodeoxycholylglycine	0	C[C@H](CCC(=O)NCC(=O)O)[C@H]1CC[C@@H]2[C@@]1(CC[C@H]3[C@H]2[C@@H](C[C@H]4[C@@]3(CC[C@H](C4)O)C)O)C
2067-7	E	Chenodeoxycholylglycine	DictMol	11	Chenodeoxycholylglycine	Chenodeoxycholylglycine	0	C[C@H](CCC(=O)NCC(=O)O)[C@H]1CC[C@@H]2[C@@]1(CC[C@H]3[C@H]2[C@@H](C[C@H]4[C@@]3(CC[C@H](C4)O)C)O)C
100745-9	E	Chloride	E	0	Chloride	Chloride	0	
100745-9	E	Chloride	E	0	Chloride	Chloride	0	
100745-9	E	Chloride	E	0	Chloride	Chloride	0	
100745-9	E	Chloride	E	0	Chloride	Chloride	0	
105009-5	E	Chloride	E	0	Chloride	Chloride	0	
105009-5	E	Chloride	E	37	Chloride	Chloride	0	
105009-5	E	Chloride	E	0	Chloride	Chloride	0	
105009-5	E	Chloride	E	37	Chloride	Chloride	0	
105009-5	E	Chloride	E	0	Chloride	Chloride	0	
105009-5	E	Chloride	E	37	Chloride	Chloride	0	
1990-1	E	Cholecalciferol	DictMol	0	Cholecalciferol	Cholecalciferol	0	C=C1CC[C@H](O)C/C1=C/C=C1\CCC[C@]2(C)[C@@H]([C@H](C)CCCC(C)C)CC[C@@H]12
1990-1	E	Cholecalciferol	DictMol	0	Cholecalciferol	Cholecalciferol	0	C=C1CC[C@H](O)C/C1=C/C=C1\CCC[C@]2(C)[C@@H]([C@H](C)CCCC(C)C)CC[C@@H]12
1990-1	E	Cholecalciferol	DictMol	0	Cholecalciferol	Cholecalciferol	0	C=C1CC[C@H](O)C/C1=C/C=C1\CCC[C@]2(C)[C@@H]([C@H](C)CCCC(C)C)CC[C@@H]12
1990-1	E	Cholecalciferol	DictMol	0	Cholecalciferol	Cholecalciferol	0	C=C1CC[C@H](O)C/C1=C/C=C1\CCC[C@]2(C)[C@@H]([C@H](C)CCCC(C)C)CC[C@@H]12
1990-1	E	Cholecalciferol	DictMol	0	Cholecalciferol	Cholecalciferol	0	C=C1CC[C@H](O)C/C1=C/C=C1\CCC[C@]2(C)[C@@H]([C@H](C)CCCC(C)C)CC[C@@H]12
2084-2	E	esters	G	12	esters	esters	0	
55839-5	E	ester	G	12	ester	ester	0	
55839-5	E	ester	G	12	ester	ester	0	
14154-9	E	Cholesterol sulfate	DictMol	0	Cholesterol sulfate	Cholesterolsulfate	0	CC(C)CCCC(C)C1CCC2C1(CCC3C2CC=C4C3(CCC(C4)OS(=O)(=O)O)C)C
2096-6	E	Triglyceride	G	12	Triglyceride	Triglyceride	0	
2096-6	E	Triglyceride	G	12	Triglyceride	Triglyceride	0	
39357-9	E	chloride	E	15	chloride	chloride	0	
39354-6	E	dibucaine	DictMol	36	dibucaine	dibucaine	0	CCCCOC1C=C(C(=O)NCCN(CC)CC)C2=CC=CC=C2N=1
39355-3	E	fluoride	E	15	fluoride	fluoride	0	
39355-3	E	fluoride	E	15	fluoride	fluoride	0	
39356-1	E	scoline	DictMol	15	scoline	scoline	0	C[N+](C)(C)CCOC(=O)CCC(=O)OCC[N+](C)(C)C.[Cl-].[Cl-]
2100-6	E	Cholylglycine	DictMol	0	Cholylglycine	Cholylglycine	0	C[C@H](CCC(=O)NCC(=O)O)[C@H]1CC[C@H]2[C@@H]3[C@H](O)C[C@@H]4C[C@H](O)CC[C@]4(C)[C@H]3C[C@H](O)[C@]12C
2100-6	E	Cholylglycine	DictMol	0	Cholylglycine	Cholylglycine	0	C[C@H](CCC(=O)NCC(=O)O)[C@H]1CC[C@H]2[C@@H]3[C@H](O)C[C@@H]4C[C@H](O)CC[C@]4(C)[C@H]3C[C@H](O)[C@]12C
2101-4	E	Cholylglycine	DictMol	0	Cholylglycine	Cholylglycine	0	C[C@H](CCC(=O)NCC(=O)O)[C@H]1CC[C@H]2[C@@H]3[C@H](O)C[C@@H]4C[C@H](O)CC[C@]4(C)[C@H]3C[C@H](O)[C@]12C
94690-5	E	Creatinine	DictMol	22	Creatinine	Creatinine	0	CN1CC(=O)NC1=N
94690-5	E	Creatinine	DictMol	22	Creatinine	Creatinine	0	CN1CC(=O)NC1=N
18364-0	E	Chondroitin sulfate	DictMol	0	Chondroitin sulfate	Chondroitinsulfate	0	C1=CC(=NC=C1Br)OC(F)(F)F
18364-0	E	Chondroitin sulfate	DictMol	0	Chondroitin sulfate	Chondroitinsulfate	0	C1=CC(=NC=C1Br)OC(F)(F)F
18451-5	E	C10:1	DictMol	31	C10:1	C10:1	0	CCCCCCC/C=C/C(=O)O
15052-4	E	Cobalamin	G	0	Cobalamin	Cobalamin	0	
15052-4	E	Vitamin B12	DictMol	11	Vitamin B12	Vitamin B12	0	CC1=CC2=C(C=C1C)N(C=N2)[C@@H]3[C@@H]([C@@H]([C@H](O3)CO)OP(=O)([O-])O[C@H](C)CNC(=O)CC[C@@]4([C@H]([C@@H]5[C@]6([C@@]([C@@H](/C(=C(/C7=N/C(=C\C8=N/C(=C(\C4=N5)/C)/[C@H](C8(C)C)CCC(=O)N)/[C@H]([C@]7(C)CC(=O)N)CCC(=O)N)\C)/[N-]6)CCC(=O)N)(C)CC(=O)N)C)CC(=O)N)C)O.[C-]#N.[Co+3]
15052-4	E	Cobalamin	G	0	Cobalamin	Cobalamin	0	
15052-4	E	Vitamin B12	DictMol	11	Vitamin B12	Vitamin B12	0	CC1=CC2=C(C=C1C)N(C=N2)[C@@H]3[C@@H]([C@@H]([C@H](O3)CO)OP(=O)([O-])O[C@H](C)CNC(=O)CC[C@@]4([C@H]([C@@H]5[C@]6([C@@]([C@@H](/C(=C(/C7=N/C(=C\C8=N/C(=C(\C4=N5)/C)/[C@H](C8(C)C)CCC(=O)N)/[C@H]([C@]7(C)CC(=O)N)CCC(=O)N)\C)/[N-]6)CCC(=O)N)(C)CC(=O)N)C)CC(=O)N)C)O.[C-]#N.[Co+3]
74585-1	E	Coenzyme Q	G	0	Coenzyme Q	Coenzyme Q	0	
74585-1	E	Coenzyme Q	G	0	Coenzyme Q	Coenzyme Q	0	
74585-1	E	Coenzyme Q	G	0	Coenzyme Q	Coenzyme Q	0	
74585-1	E	Coenzyme Q	G	0	Coenzyme Q	Coenzyme Q	0	
74585-1	E	Coenzyme Q	G	0	Coenzyme Q	Coenzyme Q	0	
48587-0	E	C-telopeptide	DictMol	21	C-telopeptide	C-telopeptide	0	C[C@@H](C(=O)N[C@@H](CC1=CN=CN1)C(=O)N[C@@H](CC(=O)O)C(=O)NCC(=O)NCC(=O)N[C@@H](CCCN=C(N)N)C(=O)O)NC(=O)[C@H](CCCCN)NC(=O)[C@H](CCC(=O)O)N
48587-0	E	Creatinine	DictMol	35	Creatinine	Creatinine	0	CN1CC(=O)NC1=N
56126-6	E	Copper	E	0	Copper	Copper	0	
96256-3	E	Copper	E	0	Copper	Copper	0	
11212-8	E	Coproporphyrin	G	0	Coproporphyrin	Coproporphyrin	0	
11212-8	E	Coproporphyrin	G	0	Coproporphyrin	Coproporphyrin	0	
11212-8	E	Coproporphyrin	G	0	Coproporphyrin	Coproporphyrin	0	
11212-8	E	Coproporphyrin	G	0	Coproporphyrin	Coproporphyrin	0	
11212-8	E	Coproporphyrin	G	0	Coproporphyrin	Coproporphyrin	0	
11212-8	E	Coproporphyrin	G	0	Coproporphyrin	Coproporphyrin	0	
11212-8	E	Coproporphyrin	G	0	Coproporphyrin	Coproporphyrin	0	
14667-0	E	Coproporphyrin	G	0	Coproporphyrin	Coproporphyrin	0	
14667-0	E	Coproporphyrin	G	0	Coproporphyrin	Coproporphyrin	0	
14670-4	E	Coproporphyrin	G	0	Coproporphyrin	Coproporphyrin	0	
14670-4	E	Porphyrins	G	17	Porphyrins	Porphyrins	0	
14671-2	E	Coproporphyrin	G	0	Coproporphyrin	Coproporphyrin	0	
14671-2	E	Coproporphyrin	G	0	Coproporphyrin	Coproporphyrin	0	
75000-0	E	Coproporphyrin	G	0	Coproporphyrin	Coproporphyrin	0	
75000-0	E	Coproporphyrin	G	17	Coproporphyrin	Coproporphyrin	0	
16649-6	E	Coproporphyrinogen	DictMol	0	Coproporphyrinogen	Coproporphyrinogen	0	CC1=C2CC3=C(C(=C(N3)CC4=C(C(=C(N4)CC5=C(C(=C(N5)CC(=C1CCC(=O)O)N2)C)CCC(=O)O)C)CCC(=O)O)CCC(=O)O)C
16649-6	E	Coproporphyrinogen	DictMol	0	Coproporphyrinogen	Coproporphyrinogen	0	CC1=C2CC3=C(C(=C(N3)CC4=C(C(=C(N4)CC5=C(C(=C(N5)CC(=C1CCC(=O)O)N2)C)CCC(=O)O)C)CCC(=O)O)CCC(=O)O)C
14149-9	E	Corticotropin	DictMol	0	Corticotropin	Corticotropine	0	C[C@@H](C(=N[C@@H](CCC(=O)O)C(=N[C@@H](CC(=O)O)C(=N[C@@H](CCC(=O)O)C(=N[C@@H](CO)C(=N[C@@H](C)C(=N[C@@H](CCC(=O)O)C(=N[C@@H](C)C(=N[C@@H](CC1=CC=CC=C1)C(=O)N2CCC[C@H]2C(=N[C@@H](CC(C)C)C(=N[C@@H](CCC(=O)O)C(=N[C@@H](CC3=CC=CC=C3)C(=O)O)O)O)O)O)O)O)O)O)O)O)O)N=C(CN=C([C@H](CC(=N)O)N=C([C@@H]4CCCN4C(=O)[C@H](CC5=CC=C(C=C5)O)N=C([C@H](C(C)C)N=C([C@H](CCCCN)N=C([C@H](C(C)C)N=C([C@@H]6CCCN6C(=O)[C@H](CCCNC(=N)N)N=C([C@H](CCCNC(=N)N)N=C([C@H](CCCCN)N=C([C@H](CCCCN)N=C(CN=C([C@H](C(C)C)N=C([C@@H]7CCCN7C(=O)[C@H](CCCCN)N=C(CN=C([C@H](CC8=CNC9=CC=CC=C98)N=C([C@H](CCCNC(=N)N)N=C([C@H](CC1=CC=CC=C1)N=C([C@H](CC1=CN=CN1)N=C([C@H](CCC(=O)O)N=C([C@H](CCSC)N=C([C@H](CO)N=C([C@H](CC1=CC=C(C=C1)O)N=C([C@H](CO)N)O)O)O)O)O)O)O)O)O)O)O)O)O)O)O)O)O)O)O)O)O)O)O
14149-9	E	Corticotropin	DictMol	0	Corticotropin	Corticotropine	0	C[C@@H](C(=N[C@@H](CCC(=O)O)C(=N[C@@H](CC(=O)O)C(=N[C@@H](CCC(=O)O)C(=N[C@@H](CO)C(=N[C@@H](C)C(=N[C@@H](CCC(=O)O)C(=N[C@@H](C)C(=N[C@@H](CC1=CC=CC=C1)C(=O)N2CCC[C@H]2C(=N[C@@H](CC(C)C)C(=N[C@@H](CCC(=O)O)C(=N[C@@H](CC3=CC=CC=C3)C(=O)O)O)O)O)O)O)O)O)O)O)O)O)N=C(CN=C([C@H](CC(=N)O)N=C([C@@H]4CCCN4C(=O)[C@H](CC5=CC=C(C=C5)O)N=C([C@H](C(C)C)N=C([C@H](CCCCN)N=C([C@H](C(C)C)N=C([C@@H]6CCCN6C(=O)[C@H](CCCNC(=N)N)N=C([C@H](CCCNC(=N)N)N=C([C@H](CCCCN)N=C([C@H](CCCCN)N=C(CN=C([C@H](C(C)C)N=C([C@@H]7CCCN7C(=O)[C@H](CCCCN)N=C(CN=C([C@H](CC8=CNC9=CC=CC=C98)N=C([C@H](CCCNC(=N)N)N=C([C@H](CC1=CC=CC=C1)N=C([C@H](CC1=CN=CN1)N=C([C@H](CCC(=O)O)N=C([C@H](CCSC)N=C([C@H](CO)N=C([C@H](CC1=CC=C(C=C1)O)N=C([C@H](CO)N)O)O)O)O)O)O)O)O)O)O)O)O)O)O)O)O)O)O)O)O)O)O)O
16653-8	E	Corticotropin	DictMol	0	Corticotropin	Corticotropine	0	C[C@@H](C(=N[C@@H](CCC(=O)O)C(=N[C@@H](CC(=O)O)C(=N[C@@H](CCC(=O)O)C(=N[C@@H](CO)C(=N[C@@H](C)C(=N[C@@H](CCC(=O)O)C(=N[C@@H](C)C(=N[C@@H](CC1=CC=CC=C1)C(=O)N2CCC[C@H]2C(=N[C@@H](CC(C)C)C(=N[C@@H](CCC(=O)O)C(=N[C@@H](CC3=CC=CC=C3)C(=O)O)O)O)O)O)O)O)O)O)O)O)O)N=C(CN=C([C@H](CC(=N)O)N=C([C@@H]4CCCN4C(=O)[C@H](CC5=CC=C(C=C5)O)N=C([C@H](C(C)C)N=C([C@H](CCCCN)N=C([C@H](C(C)C)N=C([C@@H]6CCCN6C(=O)[C@H](CCCNC(=N)N)N=C([C@H](CCCNC(=N)N)N=C([C@H](CCCCN)N=C([C@H](CCCCN)N=C(CN=C([C@H](C(C)C)N=C([C@@H]7CCCN7C(=O)[C@H](CCCCN)N=C(CN=C([C@H](CC8=CNC9=CC=CC=C98)N=C([C@H](CCCNC(=N)N)N=C([C@H](CC1=CC=CC=C1)N=C([C@H](CC1=CN=CN1)N=C([C@H](CCC(=O)O)N=C([C@H](CCSC)N=C([C@H](CO)N=C([C@H](CC1=CC=C(C=C1)O)N=C([C@H](CO)N)O)O)O)O)O)O)O)O)O)O)O)O)O)O)O)O)O)O)O)O)O)O)O
14679-5	E	Cortisol	DictMol	0	Cortisol	Cortisol	0	C[C@@]12CCC(=O)C=C2CC[C@@H]2[C@@H]1[C@@H](O)C[C@@]1(C)[C@H]2CC[C@]1(O)C(=O)CO
14679-5	E	Cortisol	DictMol	0	Cortisol	Cortisol	0	C[C@@]12CCC(=O)C=C2CC[C@@H]2[C@@H]1[C@@H](O)C[C@@]1(C)[C@H]2CC[C@]1(O)C(=O)CO
14679-5	E	Cortisol	DictMol	0	Cortisol	Cortisol	0	C[C@@]12CCC(=O)C=C2CC[C@@H]2[C@@H]1[C@@H](O)C[C@@]1(C)[C@H]2CC[C@]1(O)C(=O)CO
14679-5	E	Cortisol	DictMol	0	Cortisol	Cortisol	0	C[C@@]12CCC(=O)C=C2CC[C@@H]2[C@@H]1[C@@H](O)C[C@@]1(C)[C@H]2CC[C@]1(O)C(=O)CO
14679-5	E	Cortisol	DictMol	0	Cortisol	Cortisol	0	C[C@@]12CCC(=O)C=C2CC[C@@H]2[C@@H]1[C@@H](O)C[C@@]1(C)[C@H]2CC[C@]1(O)C(=O)CO
16667-8	E	Cortisol	DictMol	0	Cortisol	Cortisol	0	C[C@@]12CCC(=O)C=C2CC[C@@H]2[C@@H]1[C@@H](O)C[C@@]1(C)[C@H]2CC[C@]1(O)C(=O)CO
16667-8	E	Cortisol	DictMol	0	Cortisol	Cortisol	0	C[C@@]12CCC(=O)C=C2CC[C@@H]2[C@@H]1[C@@H](O)C[C@@]1(C)[C@H]2CC[C@]1(O)C(=O)CO
16667-8	E	Cortisol	DictMol	0	Cortisol	Cortisol	0	C[C@@]12CCC(=O)C=C2CC[C@@H]2[C@@H]1[C@@H](O)C[C@@]1(C)[C@H]2CC[C@]1(O)C(=O)CO
16667-8	E	Cortisol	DictMol	0	Cortisol	Cortisol	0	C[C@@]12CCC(=O)C=C2CC[C@@H]2[C@@H]1[C@@H](O)C[C@@]1(C)[C@H]2CC[C@]1(O)C(=O)CO
14678-7	E	Cortisol	DictMol	0	Cortisol	Cortisol	0	C[C@@]12CCC(=O)C=C2CC[C@@H]2[C@@H]1[C@@H](O)C[C@@]1(C)[C@H]2CC[C@]1(O)C(=O)CO
14678-7	E	Cortisol	DictMol	0	Cortisol	Cortisol	0	C[C@@]12CCC(=O)C=C2CC[C@@H]2[C@@H]1[C@@H](O)C[C@@]1(C)[C@H]2CC[C@]1(O)C(=O)CO
14678-7	E	Cortisol	DictMol	0	Cortisol	Cortisol	0	C[C@@]12CCC(=O)C=C2CC[C@@H]2[C@@H]1[C@@H](O)C[C@@]1(C)[C@H]2CC[C@]1(O)C(=O)CO
14678-7	E	Cortisol	DictMol	0	Cortisol	Cortisol	0	C[C@@]12CCC(=O)C=C2CC[C@@H]2[C@@H]1[C@@H](O)C[C@@]1(C)[C@H]2CC[C@]1(O)C(=O)CO
14678-7	E	Cortisol	DictMol	0	Cortisol	Cortisol	0	C[C@@]12CCC(=O)C=C2CC[C@@H]2[C@@H]1[C@@H](O)C[C@@]1(C)[C@H]2CC[C@]1(O)C(=O)CO
14678-7	E	Cortisol	DictMol	0	Cortisol	Cortisol	0	C[C@@]12CCC(=O)C=C2CC[C@@H]2[C@@H]1[C@@H](O)C[C@@]1(C)[C@H]2CC[C@]1(O)C(=O)CO
104538-4	E	creatinine	DictMol	31	creatinine	creatinine	0	CN1CC(=O)NC1=N
12584-9	E	Creatinine	DictMol	0	Creatinine	Creatinine	0	CN1CC(=O)NC1=N
12584-9	E	Creatinine	DictMol	0	Creatinine	Creatinine	0	CN1CC(=O)NC1=N
12584-9	E	Creatinine	DictMol	0	Creatinine	Creatinine	0	CN1CC(=O)NC1=N
12584-9	E	Creatinine	DictMol	0	Creatinine	Creatinine	0	CN1CC(=O)NC1=N
12588-0	E	Creatinine	DictMol	0	Creatinine	Creatinine	0	CN1CC(=O)NC1=N
12588-0	E	Creatinine	DictMol	0	Creatinine	Creatinine	0	CN1CC(=O)NC1=N
12588-0	E	Creatinine	DictMol	0	Creatinine	Creatinine	0	CN1CC(=O)NC1=N
12589-8	E	Creatinine	DictMol	0	Creatinine	Creatinine	0	CN1CC(=O)NC1=N
12589-8	E	Creatinine	DictMol	0	Creatinine	Creatinine	0	CN1CC(=O)NC1=N
35262-5	E	Creatinine	DictMol	0	Creatinine	Creatinine	0	CN1CC(=O)NC1=N
12194-7	E	Creatinine	DictMol	0	Creatinine	Creatinine	0	CN1CC(=O)NC1=N
12192-1	E	Creatinine	DictMol	0	Creatinine	Creatinine	0	CN1CC(=O)NC1=N
12193-9	E	Creatinine	DictMol	0	Creatinine	Creatinine	0	CN1CC(=O)NC1=N
39802-4	E	Creatinine	DictMol	0	Creatinine	Creatinine	0	CN1CC(=O)NC1=N
39802-4	E	Creatinine	DictMol	29	Creatinine	Creatinine	0	CN1CC(=O)NC1=N
13451-0	E	Creatinine	DictMol	0	Creatinine	Creatinine	0	CN1CC(=O)NC1=N
13451-0	E	Creatinine	DictMol	0	Creatinine	Creatinine	0	CN1CC(=O)NC1=N
48788-4	E	Creatinine	DictMol	0	Creatinine	Creatinine	0	CN1CC(=O)NC1=N
48788-4	E	Creatinine	DictMol	0	Creatinine	Creatinine	0	CN1CC(=O)NC1=N
70266-2	E	Creatinine	DictMol	0	Creatinine	Creatinine	0	CN1CC(=O)NC1=N
70266-2	E	Creatinine	DictMol	31	Creatinine	Creatinine	0	CN1CC(=O)NC1=N
70264-7	E	Creatinine	DictMol	0	Creatinine	Creatinine	0	CN1CC(=O)NC1=N
70264-7	E	Creatinine	DictMol	28	Creatinine	Creatinine	0	CN1CC(=O)NC1=N
11041-1	E	Creatinine	DictMol	0	Creatinine	Creatinine	0	CN1CC(=O)NC1=N
59834-2	E	Creatinine	DictMol	0	Creatinine	Creatinine	0	CN1CC(=O)NC1=N
35592-5	E	Creatinine	DictMol	0	Creatinine	Creatinine	0	CN1CC(=O)NC1=N
35592-5	E	Creatinine	DictMol	0	Creatinine	Creatinine	0	CN1CC(=O)NC1=N
50380-5	E	Creatinine	DictMol	0	Creatinine	Creatinine	0	CN1CC(=O)NC1=N
50380-5	E	Creatinine	DictMol	0	Creatinine	Creatinine	0	CN1CC(=O)NC1=N
50381-3	E	Creatinine	DictMol	0	Creatinine	Creatinine	0	CN1CC(=O)NC1=N
50381-3	E	Creatinine	DictMol	0	Creatinine	Creatinine	0	CN1CC(=O)NC1=N
104805-7	E	Creatinine	DictMol	0	Creatinine	Creatinine	0	CN1CC(=O)NC1=N
35591-7	E	Creatinine	DictMol	0	Creatinine	Creatinine	0	CN1CC(=O)NC1=N
35591-7	E	Creatinine	DictMol	0	Creatinine	Creatinine	0	CN1CC(=O)NC1=N
94145-0	E	Creatinine	DictMol	16	Creatinine	Creatinine	0	CN1CC(=O)NC1=N
13726-5	E	Creatinine	DictMol	15	Creatinine	Creatinine	0	CN1CC(=O)NC1=N
35146-0	E	C10:0	DictMol	11	C10:0	C10:0	0	CCCCCCCCCC(=O)O
35146-0	E	C10:0	DictMol	11	C10:0	C10:0	0	CCCCCCCCCC(=O)O
35146-0	E	C10:0	DictMol	11	C10:0	C10:0	0	CCCCCCCCCC(=O)O
35146-0	E	C10:0	DictMol	11	C10:0	C10:0	0	CCCCCCCCCC(=O)O
13727-3	E	Creatinine	DictMol	13	Creatinine	Creatinine	0	CN1CC(=O)NC1=N
13727-3	E	Creatinine	DictMol	13	Creatinine	Creatinine	0	CN1CC(=O)NC1=N
35147-8	E	C10:1	DictMol	11	C10:1	C10:1	0	CCCCCCC/C=C/C(=O)O
30328-9	E	C10:1	DictMol	19	C10:1	C10:1	0	CCCCCCC/C=C/C(=O)O
107494-7	E	Dehydroepiandrosterone sulfate	DictMol	0	Dehydroepiandrosterone sulfate	Dehydroepiandrosterone sulfate	0	C[C@]12CC[C@H]3[C@H]([C@@H]1CCC2=O)CC=C4[C@@]3(CC[C@@H](C4)OS(=O)(=O)O)C
107494-7	E	DHEA-S	DictMol	32	DHEA-S	DHEA-S	0	C[C@]12CC[C@H]3[C@H]([C@@H]1CCC2=O)CC=C4[C@@]3(CC[C@@H](C4)OS(=O)(=O)O)C
107494-7	E	Dehydroepiandrosterone sulfate	DictMol	0	Dehydroepiandrosterone sulfate	Dehydroepiandrosterone sulfate	0	C[C@]12CC[C@H]3[C@H]([C@@H]1CCC2=O)CC=C4[C@@]3(CC[C@@H](C4)OS(=O)(=O)O)C
107494-7	E	DHEA-S	DictMol	32	DHEA-S	DHEA-S	0	C[C@]12CC[C@H]3[C@H]([C@@H]1CCC2=O)CC=C4[C@@]3(CC[C@@H](C4)OS(=O)(=O)O)C
107494-7	E	Dehydroepiandrosterone sulfate	DictMol	0	Dehydroepiandrosterone sulfate	Dehydroepiandrosterone sulfate	0	C[C@]12CC[C@H]3[C@H]([C@@H]1CCC2=O)CC=C4[C@@]3(CC[C@@H](C4)OS(=O)(=O)O)C
107494-7	E	DHEA-S	DictMol	32	DHEA-S	DHEA-S	0	C[C@]12CC[C@H]3[C@H]([C@@H]1CCC2=O)CC=C4[C@@]3(CC[C@@H](C4)OS(=O)(=O)O)C
107494-7	E	Dehydroepiandrosterone sulfate	DictMol	0	Dehydroepiandrosterone sulfate	Dehydroepiandrosterone sulfate	0	C[C@]12CC[C@H]3[C@H]([C@@H]1CCC2=O)CC=C4[C@@]3(CC[C@@H](C4)OS(=O)(=O)O)C
107494-7	E	DHEA-S	DictMol	32	DHEA-S	DHEA-S	0	C[C@]12CC[C@H]3[C@H]([C@@H]1CCC2=O)CC=C4[C@@]3(CC[C@@H](C4)OS(=O)(=O)O)C
107494-7	E	Dehydroepiandrosterone sulfate	DictMol	0	Dehydroepiandrosterone sulfate	Dehydroepiandrosterone sulfate	0	C[C@]12CC[C@H]3[C@H]([C@@H]1CCC2=O)CC=C4[C@@]3(CC[C@@H](C4)OS(=O)(=O)O)C
107494-7	E	DHEA-S	DictMol	32	DHEA-S	DHEA-S	0	C[C@]12CC[C@H]3[C@H]([C@@H]1CCC2=O)CC=C4[C@@]3(CC[C@@H](C4)OS(=O)(=O)O)C
107494-7	E	Dehydroepiandrosterone sulfate	DictMol	0	Dehydroepiandrosterone sulfate	Dehydroepiandrosterone sulfate	0	C[C@]12CC[C@H]3[C@H]([C@@H]1CCC2=O)CC=C4[C@@]3(CC[C@@H](C4)OS(=O)(=O)O)C
107494-7	E	DHEA-S	DictMol	32	DHEA-S	DHEA-S	0	C[C@]12CC[C@H]3[C@H]([C@@H]1CCC2=O)CC=C4[C@@]3(CC[C@@H](C4)OS(=O)(=O)O)C
107494-7	E	Dehydroepiandrosterone sulfate	DictMol	0	Dehydroepiandrosterone sulfate	Dehydroepiandrosterone sulfate	0	C[C@]12CC[C@H]3[C@H]([C@@H]1CCC2=O)CC=C4[C@@]3(CC[C@@H](C4)OS(=O)(=O)O)C
107494-7	E	DHEA-S	DictMol	32	DHEA-S	DHEA-S	0	C[C@]12CC[C@H]3[C@H]([C@@H]1CCC2=O)CC=C4[C@@]3(CC[C@@H](C4)OS(=O)(=O)O)C
107494-7	E	Dehydroepiandrosterone sulfate	DictMol	0	Dehydroepiandrosterone sulfate	Dehydroepiandrosterone sulfate	0	C[C@]12CC[C@H]3[C@H]([C@@H]1CCC2=O)CC=C4[C@@]3(CC[C@@H](C4)OS(=O)(=O)O)C
107494-7	E	DHEA-S	DictMol	32	DHEA-S	DHEA-S	0	C[C@]12CC[C@H]3[C@H]([C@@H]1CCC2=O)CC=C4[C@@]3(CC[C@@H](C4)OS(=O)(=O)O)C
16731-2	E	Dehydroepiandrosterone	DictMol	11	Dehydroepiandrosterone	Dehydroepiandrosterone	0	C[C@@]12CC[C@H](O)CC2=CC[C@@H]2[C@@H]1CC[C@]1(C)C(=O)CC[C@@H]21
16731-2	E	Dehydroepiandrosterone	DictMol	11	Dehydroepiandrosterone	Dehydroepiandrosterone	0	C[C@@]12CC[C@H](O)CC2=CC[C@@H]2[C@@H]1CC[C@]1(C)C(=O)CC[C@@H]21
53211-9	E	C10:1	DictMol	25	C10:1	C10:1	0	CCCCCCC/C=C/C(=O)O
53211-9	E	C10:1	DictMol	25	C10:1	C10:1	0	CCCCCCC/C=C/C(=O)O
13970-9	E	tocopherol	G	6	tocopherol	tocopherol	0	
2201-2	E	Deoxycholate	DictMol	0	Deoxycholate	Deoxycholate	0	C[C@H](CCC(=O)O)[C@H]1CC[C@H]2[C@]3(C)CC[C@@H]4C[C@H](O)CC[C@]4(C)[C@H]3C[C@H](O)[C@]12C
2201-2	E	Deoxycholate	DictMol	0	Deoxycholate	Deoxycholate	0	C[C@H](CCC(=O)O)[C@H]1CC[C@H]2[C@]3(C)CC[C@@H]4C[C@H](O)CC[C@]4(C)[C@H]3C[C@H](O)[C@]12C
2202-0	E	Deoxycholylglycine	DictMol	0	Deoxycholylglycine	Deoxycholylglycine	0	C[C@H](CCC(=O)NCC(=O)O)[C@H]1CC[C@@H]2[C@@]1([C@H](C[C@H]3[C@H]2CC[C@H]4[C@@]3(CC[C@H](C4)O)C)O)C
13881-8	E	Deoxypyridinoline	DictMol	0	Deoxypyridinoline	Deoxypyridinoline	0	C1=C(C(=C(C=[N+]1CCCC[C@@H](C(=O)[O-])N)O)C[C@@H](C(=O)O)N)CC[C@@H](C(=O)O)N
13881-8	E	Creatinine	DictMol	23	Creatinine	Creatinine	0	CN1CC(=O)NC1=N
13881-8	E	Deoxypyridinoline	DictMol	0	Deoxypyridinoline	Deoxypyridinoline	0	C1=C(C(=C(C=[N+]1CCCC[C@@H](C(=O)[O-])N)O)C[C@@H](C(=O)O)N)CC[C@@H](C(=O)O)N
13881-8	E	Creatinine	DictMol	23	Creatinine	Creatinine	0	CN1CC(=O)NC1=N
2203-8	E	Dermatan	DictMol	0	Dermatan	Dermatan	0	CO[C@@H]1O[C@H](CO)[C@H](O)[C@H](O[C@@H]2O[C@@H](C(=O)O)[C@@H](OC)[C@H](O)[C@H]2O)[C@H]1NC(C)=O
2203-8	E	Dermatan	DictMol	0	Dermatan	Dermatan	0	CO[C@@H]1O[C@H](CO)[C@H](O)[C@H](O[C@@H]2O[C@@H](C(=O)O)[C@@H](OC)[C@H](O)[C@H]2O)[C@H]1NC(C)=O
60438-9	E	Diamine	G	0	Diamine	Diamine	0	
60438-9	E	Diamine	G	0	Diamine	Diamine	0	
60438-9	E	Diamine	G	0	Diamine	Diamine	0	
60438-9	E	Diamine	G	0	Diamine	Diamine	0	
22754-6	E	Dibucaine	DictMol	11	Dibucaine	Dibucaine	0	CCCCOC1C=C(C(=O)NCCN(CC)CC)C2=CC=CC=C2N=1
22754-6	E	Dibucaine	DictMol	11	Dibucaine	Dibucaine	0	CCCCOC1C=C(C(=O)NCCN(CC)CC)C2=CC=CC=C2N=1
53213-5	E	C12:1-DC	DictMol	30	C12:1-DC	C12:1-DC	0	C(=O)O.C(=O)O
53213-5	E	C12:1-DC	DictMol	30	C12:1-DC	C12:1-DC	0	C(=O)O.C(=O)O
2206-1	E	Dicarboxylate	G	0	Dicarboxylate	Dicarboxylate	0	
2206-1	E	Dicarboxylate	G	0	Dicarboxylate	Dicarboxylate	0	
18466-3	E	C18:1-DC	DictMol	25	C18:1-DC	C18:1-DC	0	C(=O)O.C(=O)O
18466-3	E	C18:1-DC	DictMol	25	C18:1-DC	C18:1-DC	0	C(=O)O.C(=O)O
18466-3	E	C18:1-DC	DictMol	25	C18:1-DC	C18:1-DC	0	C(=O)O.C(=O)O
18466-3	E	C18:1-DC	DictMol	25	C18:1-DC	C18:1-DC	0	C(=O)O.C(=O)O
53217-6	E	C16:1	G	31	C16:1	C16:1	0	
53217-6	E	C16:1	G	31	C16:1	C16:1	0	
53215-0	E	C14:1	G	33	C14:1	C14:1	0	
53215-0	E	C14:1	G	33	C14:1	C14:1	0	
2210-3	E	Dihydrolipoamide	DictMol	0	Dihydrolipoamide	Dihydrolipoamide	0	C(CCC(=O)N)CC(CCS)S
2210-3	E	Dihydrolipoamide	DictMol	0	Dihydrolipoamide	Dihydrolipoamide	0	C(CCC(=O)N)CC(CCS)S
2211-1	E	Dihydrolipoamide	DictMol	0	Dihydrolipoamide	Dihydrolipoamide	0	C(CCC(=O)N)CC(CCS)S
78694-7	E	Creatinine	DictMol	15	Creatinine	Creatinine	0	CN1CC(=O)NC1=N
78694-7	E	Creatinine	DictMol	15	Creatinine	Creatinine	0	CN1CC(=O)NC1=N
78694-7	E	Creatinine	DictMol	15	Creatinine	Creatinine	0	CN1CC(=O)NC1=N
78694-7	E	Creatinine	DictMol	15	Creatinine	Creatinine	0	CN1CC(=O)NC1=N
78693-9	E	Creatinine	DictMol	15	Creatinine	Creatinine	0	CN1CC(=O)NC1=N
78693-9	E	Creatinine	DictMol	15	Creatinine	Creatinine	0	CN1CC(=O)NC1=N
78693-9	E	Creatinine	DictMol	15	Creatinine	Creatinine	0	CN1CC(=O)NC1=N
100425-8	E	T-Mas	DictMol	8	T-Mas	T-Mas	0	C[C@H](CCCC(C)C)[C@H]1CC=C2[C@@]1(CCC3=C2CC[C@@H]4[C@@]3(CC[C@@H](C4(C)C)O)C)C
100425-8	E	T-Mas	DictMol	8	T-Mas	T-Mas	0	C[C@H](CCCC(C)C)[C@H]1CC=C2[C@@]1(CCC3=C2CC[C@@H]4[C@@]3(CC[C@@H](C4(C)C)O)C)C
100425-8	E	T-Mas	DictMol	8	T-Mas	T-Mas	0	C[C@H](CCCC(C)C)[C@H]1CC=C2[C@@]1(CCC3=C2CC[C@@H]4[C@@]3(CC[C@@H](C4(C)C)O)C)C
100425-8	E	T-Mas	DictMol	8	T-Mas	T-Mas	0	C[C@H](CCCC(C)C)[C@H]1CC=C2[C@@]1(CCC3=C2CC[C@@H]4[C@@]3(CC[C@@H](C4(C)C)O)C)C
24081-2	E	Dihydroxyacetone phosphate	DictMol	0	Dihydroxyacetone phosphate	Dihydroxyacetone-phosphate	0	C(C(=O)COP(=O)(O)O)O
24081-2	E	acyl	G	35	acyl	acyl	0	
24081-2	E	Dihydroxyacetone phosphate	DictMol	0	Dihydroxyacetone phosphate	Dihydroxyacetone-phosphate	0	C(C(=O)COP(=O)(O)O)O
24081-2	E	acyl	G	35	acyl	acyl	0	
24081-2	E	Dihydroxyacetone phosphate	DictMol	0	Dihydroxyacetone phosphate	Dihydroxyacetone-phosphate	0	C(C(=O)COP(=O)(O)O)O
24081-2	E	acyl	G	35	acyl	acyl	0	
2215-2	E	Dipalmitoylphosphatidylcholine	DictMol	0	Dipalmitoylphosphatidylcholine	Dipalmitoylphosphatidylcholine	0	CCCCCCCCCCCCCCCC(=O)OC[C@H](COP(=O)([O-])OCC[N+](C)(C)C)OC(=O)CCCCCCCCCCCCCCC
35174-2	E	Docosahexaenoate	DictMol	0	Docosahexaenoate	Docosahexaenoate	0	CC/C=C\C/C=C\C/C=C\C/C=C\C/C=C\C/C=C\CCC(=O)O
35174-2	E	Docosahexaenoate	DictMol	0	Docosahexaenoate	Docosahexaenoate	0	CC/C=C\C/C=C\C/C=C\C/C=C\C/C=C\C/C=C\CCC(=O)O
35174-2	E	Docosahexaenoate	DictMol	0	Docosahexaenoate	Docosahexaenoate	0	CC/C=C\C/C=C\C/C=C\C/C=C\C/C=C\C/C=C\CCC(=O)O
35174-2	E	Docosahexaenoate	DictMol	0	Docosahexaenoate	Docosahexaenoate	0	CC/C=C\C/C=C\C/C=C\C/C=C\C/C=C\C/C=C\CCC(=O)O
35174-2	E	Docosahexaenoate	DictMol	0	Docosahexaenoate	Docosahexaenoate	0	CC/C=C\C/C=C\C/C=C\C/C=C\C/C=C\C/C=C\CCC(=O)O
35160-1	E	C22:1	G	13	C22:1	C22:1	0	
35160-1	E	C22:1	G	13	C22:1	C22:1	0	
13732-3	E	Creatinine	DictMol	15	Creatinine	Creatinine	0	CN1CC(=O)NC1=N
13732-3	E	Creatinine	DictMol	15	Creatinine	Creatinine	0	CN1CC(=O)NC1=N
18454-9	E	C12:1	DictMol	21	C12:1	C12:1	0	CCCCCCCCC/C=C/C(=O)O
79596-3	E	Creatinine	DictMol	9	Creatinine	Creatinine	0	CN1CC(=O)NC1=N
35173-4	E	Eicosapentaenoate	DictMol	0	Eicosapentaenoate	Eicosapentaenoate	0	CC/C=C\C/C=C\C/C=C\C/C=C\C/C=C\CCCC(=O)O
35173-4	E	Eicosapentaenoate	DictMol	0	Eicosapentaenoate	Eicosapentaenoate	0	CC/C=C\C/C=C\C/C=C\C/C=C\C/C=C\CCCC(=O)O
35173-4	E	Eicosapentaenoate	DictMol	0	Eicosapentaenoate	Eicosapentaenoate	0	CC/C=C\C/C=C\C/C=C\C/C=C\C/C=C\CCCC(=O)O
35173-4	E	Eicosapentaenoate	DictMol	0	Eicosapentaenoate	Eicosapentaenoate	0	CC/C=C\C/C=C\C/C=C\C/C=C\C/C=C\CCCC(=O)O
35173-4	E	Eicosapentaenoate	DictMol	0	Eicosapentaenoate	Eicosapentaenoate	0	CC/C=C\C/C=C\C/C=C\C/C=C\C/C=C\CCCC(=O)O
35173-4	E	Eicosapentaenoate	DictMol	0	Eicosapentaenoate	Eicosapentaenoate	0	CC/C=C\C/C=C\C/C=C\C/C=C\C/C=C\CCCC(=O)O
90908-5	E	Eicosapentaenoate	DictMol	0	Eicosapentaenoate	Eicosapentaenoate	0	CC/C=C\C/C=C\C/C=C\C/C=C\C/C=C\CCCC(=O)O
90908-5	E	Docosahexaenoate	DictMol	55	Docosahexaenoate	Docosahexaenoate	0	CC/C=C\C/C=C\C/C=C\C/C=C\C/C=C\C/C=C\CCC(=O)O
90908-5	E	Fatty acids	G	82	Fatty acids	Fatty acids	0	
2229-3	E	Epiandrosterone	DictMol	0	Epiandrosterone	Epiandrosterone	0	C[C@@]12CC[C@H](O)C[C@@H]2CC[C@@H]2[C@@H]1CC[C@]1(C)C(=O)CC[C@@H]21
2229-3	E	Epiandrosterone	DictMol	0	Epiandrosterone	Epiandrosterone	0	C[C@@]12CC[C@H](O)C[C@@H]2CC[C@@H]2[C@@H]1CC[C@]1(C)C(=O)CC[C@@H]21
48139-0	E	Creatinine	DictMol	31	Creatinine	Creatinine	0	CN1CC(=O)NC1=N
48139-0	E	Creatinine	DictMol	31	Creatinine	Creatinine	0	CN1CC(=O)NC1=N
48140-8	E	Creatinine	DictMol	25	Creatinine	Creatinine	0	CN1CC(=O)NC1=N
12213-5	E	Estradiol	DictMol	11	Estradiol	Estradiol	0	C[C@@]12CC[C@@H]3C4C=CC(O)=CC=4CC[C@H]3[C@@H]2CC[C@@H]1O
17844-2	E	Estradiol	DictMol	0	Estradiol	Estradiol	0	C[C@@]12CC[C@@H]3C4C=CC(O)=CC=4CC[C@H]3[C@@H]2CC[C@@H]1O
13883-4	E	Estradiol	DictMol	0	Estradiol	Estradiol	0	C[C@@]12CC[C@@H]3C4C=CC(O)=CC=4CC[C@H]3[C@@H]2CC[C@@H]1O
13883-4	E	Estradiol	DictMol	28	Estradiol	Estradiol	0	C[C@@]12CC[C@@H]3C4C=CC(O)=CC=4CC[C@H]3[C@@H]2CC[C@@H]1O
14960-9	E	Estradiol	DictMol	0	Estradiol	Estradiol	0	C[C@@]12CC[C@@H]3C4C=CC(O)=CC=4CC[C@H]3[C@@H]2CC[C@@H]1O
14960-9	E	Estradiol	DictMol	20	Estradiol	Estradiol	0	C[C@@]12CC[C@@H]3C4C=CC(O)=CC=4CC[C@H]3[C@@H]2CC[C@@H]1O
14960-9	E	Estradiol	DictMol	0	Estradiol	Estradiol	0	C[C@@]12CC[C@@H]3C4C=CC(O)=CC=4CC[C@H]3[C@@H]2CC[C@@H]1O
14960-9	E	Estradiol	DictMol	20	Estradiol	Estradiol	0	C[C@@]12CC[C@@H]3C4C=CC(O)=CC=4CC[C@H]3[C@@H]2CC[C@@H]1O
15063-1	E	Estriol	DictMol	0	Estriol	Estriol	0	C[C@@]12CC[C@@H]3C4C=CC(O)=CC=4CC[C@H]3[C@@H]2C[C@@H](O)[C@@H]1O
14051-7	E	Estrogen	G	0	Estrogen	Estrogen	0	
14051-7	E	Estrogen	G	0	Estrogen	Estrogen	0	
14970-8	E	Estrone	DictMol	0	Estrone	Estrone	0	C[C@@]12CC[C@@H]3C4C=CC(O)=CC=4CC[C@H]3[C@@H]2CCC1=O
15355-1	E	Estrone sulfate	DictMol	0	Estrone sulfate	Estrone sulfate	0	C[C@@]12CC[C@@H]3C4C=CC(=CC=4CC[C@H]3[C@@H]2CCC1=O)OS(=O)(=O)O
14160-6	E	Estrone	DictMol	0	Estrone	Estrone	0	C[C@@]12CC[C@@H]3C4C=CC(O)=CC=4CC[C@H]3[C@@H]2CCC1=O
14160-6	E	Estrone	DictMol	26	Estrone	Estrone	0	C[C@@]12CC[C@@H]3C4C=CC(O)=CC=4CC[C@H]3[C@@H]2CCC1=O
14160-6	E	Estrone	DictMol	0	Estrone	Estrone	0	C[C@@]12CC[C@@H]3C4C=CC(O)=CC=4CC[C@H]3[C@@H]2CCC1=O
14160-6	E	Estrone	DictMol	26	Estrone	Estrone	0	C[C@@]12CC[C@@H]3C4C=CC(O)=CC=4CC[C@H]3[C@@H]2CCC1=O
57792-4	E	Fatty acid	G	0	Fatty acid	Fatty acid	0	
46736-5	E	Fatty acid	G	0	Fatty acid	Fatty acid	0	
46736-5	E	Fatty acid	G	0	Fatty acid	Fatty acid	0	
57709-8	E	Fatty acid	G	0	Fatty acid	Fatty acid	0	
96734-9	E	Fatty acid	G	0	Fatty acid	Fatty acid	0	
96734-9	E	Fatty acid	G	0	Fatty acid	Fatty acid	0	
96734-9	E	Fatty acid	G	0	Fatty acid	Fatty acid	0	
17078-7	E	Fatty acids	G	0	Fatty acids	Fatty acids	0	
17078-7	E	Fatty acids	G	0	Fatty acids	Fatty acids	0	
60519-6	E	Fatty acids	G	0	Fatty acids	Fatty acids	0	
60519-6	E	ethyl esters	G	12	ethyl esters	ethyl esters	0	
17079-5	E	Fatty acids	G	0	Fatty acids	Fatty acids	0	
35176-7	E	Monounsaturated fatty acids	G	0	Monounsaturated fatty acids	Monounsaturated fatty acids	0	
15066-4	E	Fatty acids	G	0	Fatty acids	Fatty acids	0	
15066-4	E	Fatty acids	G	0	Fatty acids	Fatty acids	0	
15066-4	E	Fatty acids	G	0	Fatty acids	Fatty acids	0	
15066-4	E	Fatty acids	G	0	Fatty acids	Fatty acids	0	
35178-3	E	fatty acids	G	8	fatty acids	fatty acids	0	
35179-1	E	fatty acids	G	8	fatty acids	fatty acids	0	
35177-5	E	Polyunsaturated fatty acids	G	0	Polyunsaturated fatty acids	Polyunsaturated fatty acids	0	
35177-5	E	Polyunsaturated fatty acids	G	0	Polyunsaturated fatty acids	Polyunsaturated fatty acids	0	
35175-9	E	Saturated fatty acids	G	0	Saturated fatty acids	Saturated fatty acids	0	
12215-0	E	Fatty acids	G	0	Fatty acids	Fatty acids	0	
12215-0	E	Fatty acids	G	0	Fatty acids	Fatty acids	0	
12215-0	E	Fatty acids	G	0	Fatty acids	Fatty acids	0	
12215-0	E	Fatty acids	G	0	Fatty acids	Fatty acids	0	
30194-5	E	Fatty acids	G	0	Fatty acids	Fatty acids	0	
30194-5	E	C22:0	DictMol	28	C22:0	C22:0	0	CCCCCCCCCCCCCCCCCCCCCC(=O)O
30194-5	E	Fatty acids	G	0	Fatty acids	Fatty acids	0	
30194-5	E	C22:0	DictMol	28	C22:0	C22:0	0	CCCCCCCCCCCCCCCCCCCCCC(=O)O
30194-5	E	Fatty acids	G	0	Fatty acids	Fatty acids	0	
30194-5	E	C22:0	DictMol	28	C22:0	C22:0	0	CCCCCCCCCCCCCCCCCCCCCC(=O)O
30194-5	E	Fatty acids	G	0	Fatty acids	Fatty acids	0	
30194-5	E	C22:0	DictMol	28	C22:0	C22:0	0	CCCCCCCCCCCCCCCCCCCCCC(=O)O
30194-5	E	Fatty acids	G	0	Fatty acids	Fatty acids	0	
30194-5	E	C22:0	DictMol	28	C22:0	C22:0	0	CCCCCCCCCCCCCCCCCCCCCC(=O)O
30194-5	E	Fatty acids	G	0	Fatty acids	Fatty acids	0	
30194-5	E	C22:0	DictMol	28	C22:0	C22:0	0	CCCCCCCCCCCCCCCCCCCCCC(=O)O
54445-2	E	Fatty acids	G	0	Fatty acids	Fatty acids	0	
54445-2	E	C22:1n9	DictMol	28	C22:1n9	C22:1n9	0	CCCCCCCC/C=C\CCCCCCCCCCCC(=O)O
54445-2	E	Fatty acids	G	0	Fatty acids	Fatty acids	0	
54445-2	E	C22:1n9	DictMol	28	C22:1n9	C22:1n9	0	CCCCCCCC/C=C\CCCCCCCCCCCC(=O)O
54445-2	E	Fatty acids	G	0	Fatty acids	Fatty acids	0	
54445-2	E	C22:1n9	DictMol	28	C22:1n9	C22:1n9	0	CCCCCCCC/C=C\CCCCCCCCCCCC(=O)O
1773-1	E	Fatty acids	G	0	Fatty acids	Fatty acids	0	
1773-1	E	C24:0	DictMol	28	C24:0	C24:0	0	CCCCCCCCCCCCCCCCCCCCCCCC(=O)O
1773-1	E	C22:0	DictMol	51	C22:0	C22:0	0	CCCCCCCCCCCCCCCCCCCCCC(=O)O
1773-1	E	Fatty acids	G	0	Fatty acids	Fatty acids	0	
1773-1	E	C24:0	DictMol	28	C24:0	C24:0	0	CCCCCCCCCCCCCCCCCCCCCCCC(=O)O
1773-1	E	C22:0	DictMol	51	C22:0	C22:0	0	CCCCCCCCCCCCCCCCCCCCCC(=O)O
1773-1	E	Fatty acids	G	0	Fatty acids	Fatty acids	0	
1773-1	E	C24:0	DictMol	28	C24:0	C24:0	0	CCCCCCCCCCCCCCCCCCCCCCCC(=O)O
1773-1	E	C22:0	DictMol	51	C22:0	C22:0	0	CCCCCCCCCCCCCCCCCCCCCC(=O)O
1773-1	E	Fatty acids	G	0	Fatty acids	Fatty acids	0	
1773-1	E	C24:0	DictMol	28	C24:0	C24:0	0	CCCCCCCCCCCCCCCCCCCCCCCC(=O)O
1773-1	E	C22:0	DictMol	51	C22:0	C22:0	0	CCCCCCCCCCCCCCCCCCCCCC(=O)O
1773-1	E	Fatty acids	G	0	Fatty acids	Fatty acids	0	
1773-1	E	C24:0	DictMol	28	C24:0	C24:0	0	CCCCCCCCCCCCCCCCCCCCCCCC(=O)O
1773-1	E	C22:0	DictMol	51	C22:0	C22:0	0	CCCCCCCCCCCCCCCCCCCCCC(=O)O
1773-1	E	Fatty acids	G	0	Fatty acids	Fatty acids	0	
1773-1	E	C24:0	DictMol	28	C24:0	C24:0	0	CCCCCCCCCCCCCCCCCCCCCCCC(=O)O
1773-1	E	C22:0	DictMol	51	C22:0	C22:0	0	CCCCCCCCCCCCCCCCCCCCCC(=O)O
1773-1	E	Fatty acids	G	0	Fatty acids	Fatty acids	0	
1773-1	E	C24:0	DictMol	28	C24:0	C24:0	0	CCCCCCCCCCCCCCCCCCCCCCCC(=O)O
1773-1	E	C22:0	DictMol	51	C22:0	C22:0	0	CCCCCCCCCCCCCCCCCCCCCC(=O)O
1774-9	E	Fatty acids	G	0	Fatty acids	Fatty acids	0	
1774-9	E	C26:0	DictMol	28	C26:0	C26:0	0	CCCCCCCCCCCCCCCCCCCCCCCCCC(=O)O
1774-9	E	C22:0	DictMol	50	C22:0	C22:0	0	CCCCCCCCCCCCCCCCCCCCCC(=O)O
1774-9	E	Fatty acids	G	0	Fatty acids	Fatty acids	0	
1774-9	E	C26:0	DictMol	28	C26:0	C26:0	0	CCCCCCCCCCCCCCCCCCCCCCCCCC(=O)O
1774-9	E	C22:0	DictMol	50	C22:0	C22:0	0	CCCCCCCCCCCCCCCCCCCCCC(=O)O
1774-9	E	Fatty acids	G	0	Fatty acids	Fatty acids	0	
1774-9	E	C26:0	DictMol	28	C26:0	C26:0	0	CCCCCCCCCCCCCCCCCCCCCCCCCC(=O)O
1774-9	E	C22:0	DictMol	50	C22:0	C22:0	0	CCCCCCCCCCCCCCCCCCCCCC(=O)O
1774-9	E	Fatty acids	G	0	Fatty acids	Fatty acids	0	
1774-9	E	C26:0	DictMol	28	C26:0	C26:0	0	CCCCCCCCCCCCCCCCCCCCCCCCCC(=O)O
1774-9	E	C22:0	DictMol	50	C22:0	C22:0	0	CCCCCCCCCCCCCCCCCCCCCC(=O)O
1774-9	E	Fatty acids	G	0	Fatty acids	Fatty acids	0	
1774-9	E	C26:0	DictMol	28	C26:0	C26:0	0	CCCCCCCCCCCCCCCCCCCCCCCCCC(=O)O
1774-9	E	C22:0	DictMol	50	C22:0	C22:0	0	CCCCCCCCCCCCCCCCCCCCCC(=O)O
1774-9	E	Fatty acids	G	0	Fatty acids	Fatty acids	0	
1774-9	E	C26:0	DictMol	28	C26:0	C26:0	0	CCCCCCCCCCCCCCCCCCCCCCCCCC(=O)O
1774-9	E	C22:0	DictMol	50	C22:0	C22:0	0	CCCCCCCCCCCCCCCCCCCCCC(=O)O
1774-9	E	Fatty acids	G	0	Fatty acids	Fatty acids	0	
1774-9	E	C26:0	DictMol	28	C26:0	C26:0	0	CCCCCCCCCCCCCCCCCCCCCCCCCC(=O)O
1774-9	E	C22:0	DictMol	50	C22:0	C22:0	0	CCCCCCCCCCCCCCCCCCCCCC(=O)O
33036-5	E	Fatty acids	G	0	Fatty acids	Fatty acids	0	
33036-5	E	Fatty acids	G	0	Fatty acids	Fatty acids	0	
33036-5	E	Fatty acids	G	0	Fatty acids	Fatty acids	0	
33036-5	E	Fatty acids	G	0	Fatty acids	Fatty acids	0	
38538-5	E	Fatty acids	G	0	Fatty acids	Fatty acids	0	
38538-5	E	C22:0	DictMol	50	C22:0	C22:0	0	CCCCCCCCCCCCCCCCCCCCCC(=O)O
33478-9	E	Fatty acids	G	0	Fatty acids	Fatty acids	0	
53648-2	E	Flavin mononucleotide	G	0	Flavin mononucleotide	Flavin mononucleotide	0	
14733-0	E	Cyanocobalamin	DictMol	7	Cyanocobalamin	Cyanocobalamin	0	CC1=CC2=C(C=C1C)N(C=N2)[C@@H]3[C@@H]([C@@H]([C@H](O3)CO)OP(=O)([O-])O[C@H](C)CNC(=O)CC[C@@]4([C@H]([C@@H]5[C@]6([C@@]([C@@H](/C(=C(/C7=N/C(=C\C8=N/C(=C(\C4=N5)/C)/[C@H](C8(C)C)CCC(=O)N)/[C@H]([C@]7(C)CC(=O)N)CCC(=O)N)\C)/[N-]6)CCC(=O)N)(C)CC(=O)N)C)CC(=O)N)C)O.[C-]#N.[Co+3]
105269-5	E	calcium	E	24	calcium	calcium	0	
80958-2	E	magnesium	E	24	magnesium	magnesium	0	
59010-9	E	potassium	E	24	potassium	potassium	0	
49135-7	E	sodium	E	24	sodium	sodium	0	
49135-7	E	sodium	E	24	sodium	sodium	0	
49135-7	E	sodium	E	24	sodium	sodium	0	
99063-0	E	water	E	5	water	water	0	
99063-0	E	water	E	5	water	water	0	
15069-8	E	Fructosamine	DictMol	0	Fructosamine	Fructosamine	0	C1[C@H]([C@H]([C@@H]([C@](O1)(CN)O)O)O)O
15069-8	E	Fructosamine	DictMol	0	Fructosamine	Fructosamine	0	C1[C@H]([C@H]([C@@H]([C@](O1)(CN)O)O)O)O
15069-8	E	Fructosamine	DictMol	0	Fructosamine	Fructosamine	0	C1[C@H]([C@H]([C@@H]([C@](O1)(CN)O)O)O)O
13743-0	E	Creatinine	DictMol	9	Creatinine	Creatinine	0	CN1CC(=O)NC1=N
80095-3	E	Creatinine	DictMol	14	Creatinine	Creatinine	0	CN1CC(=O)NC1=N
80095-3	E	Creatinine	DictMol	14	Creatinine	Creatinine	0	CN1CC(=O)NC1=N
80095-3	E	Creatinine	DictMol	14	Creatinine	Creatinine	0	CN1CC(=O)NC1=N
80095-3	E	Creatinine	DictMol	14	Creatinine	Creatinine	0	CN1CC(=O)NC1=N
80095-3	E	Creatinine	DictMol	14	Creatinine	Creatinine	0	CN1CC(=O)NC1=N
80095-3	E	Creatinine	DictMol	14	Creatinine	Creatinine	0	CN1CC(=O)NC1=N
80095-3	E	Creatinine	DictMol	14	Creatinine	Creatinine	0	CN1CC(=O)NC1=N
80095-3	E	Creatinine	DictMol	14	Creatinine	Creatinine	0	CN1CC(=O)NC1=N
10970-2	E	Galactose 1 phosphate	DictMol	0	Galactose 1 phosphate	Galactose-1-phosphate	0	C([C@@H]1[C@@H]([C@@H]([C@H]([C@H](O1)OP(=O)(O)O)O)O)O)O
10970-2	E	Galactose 1 phosphate	DictMol	0	Galactose 1 phosphate	Galactose-1-phosphate	0	C([C@@H]1[C@@H]([C@@H]([C@H]([C@H](O1)OP(=O)(O)O)O)O)O)O
10970-2	E	Galactose 1 phosphate	DictMol	0	Galactose 1 phosphate	Galactose-1-phosphate	0	C([C@@H]1[C@@H]([C@@H]([C@H]([C@H](O1)OP(=O)(O)O)O)O)O)O
10970-2	E	Galactose 1 phosphate	DictMol	0	Galactose 1 phosphate	Galactose-1-phosphate	0	C([C@@H]1[C@@H]([C@@H]([C@H]([C@H](O1)OP(=O)(O)O)O)O)O)O
10970-2	E	Galactose 1 phosphate	DictMol	0	Galactose 1 phosphate	Galactose-1-phosphate	0	C([C@@H]1[C@@H]([C@@H]([C@H]([C@H](O1)OP(=O)(O)O)O)O)O)O
10970-2	E	Galactose 1 phosphate	DictMol	0	Galactose 1 phosphate	Galactose-1-phosphate	0	C([C@@H]1[C@@H]([C@@H]([C@H]([C@H](O1)OP(=O)(O)O)O)O)O)O
10970-2	E	Galactose 1 phosphate	DictMol	0	Galactose 1 phosphate	Galactose-1-phosphate	0	C([C@@H]1[C@@H]([C@@H]([C@H]([C@H](O1)OP(=O)(O)O)O)O)O)O
10970-2	E	Galactose 1 phosphate	DictMol	0	Galactose 1 phosphate	Galactose-1-phosphate	0	C([C@@H]1[C@@H]([C@@H]([C@H]([C@H](O1)OP(=O)(O)O)O)O)O)O
33780-8	E	Galactose 1 phosphate	DictMol	0	Galactose 1 phosphate	Galactose-1-phosphate	0	C([C@@H]1[C@@H]([C@@H]([C@H]([C@H](O1)OP(=O)(O)O)O)O)O)O
80158-9	E	Creatinine	DictMol	24	Creatinine	Creatinine	0	CN1CC(=O)NC1=N
80158-9	E	Creatinine	DictMol	24	Creatinine	Creatinine	0	CN1CC(=O)NC1=N
79308-3	E	Gamma butyrobetaine	DictMol	0	Gamma butyrobetaine	Gamma-butyrobetaine	0	C[N+](C)(C)CCCC(=O)[O-]
79308-3	E	Gamma butyrobetaine	DictMol	0	Gamma butyrobetaine	Gamma-butyrobetaine	0	C[N+](C)(C)CCCC(=O)[O-]
79308-3	E	Gamma butyrobetaine	DictMol	0	Gamma butyrobetaine	Gamma-butyrobetaine	0	C[N+](C)(C)CCCC(=O)[O-]
35163-5	E	Linolenate	DictMol	6	Linolenate	Linolenate	0	CC/C=C\C/C=C\C/C=C\CCCCCCCC(=O)O
35163-5	E	Linolenate	DictMol	6	Linolenate	Linolenate	0	CC/C=C\C/C=C\C/C=C\CCCCCCCC(=O)O
35163-5	E	Linolenate	DictMol	6	Linolenate	Linolenate	0	CC/C=C\C/C=C\C/C=C\CCCCCCCC(=O)O
35163-5	E	Linolenate	DictMol	6	Linolenate	Linolenate	0	CC/C=C\C/C=C\C/C=C\CCCCCCCC(=O)O
14162-2	E	Gamma melanocyte stimulating hormone	DictMol	0	Gamma melanocyte stimulating hormone	Gamma-melanocyte stimulating hormone	0	CC(C)C(C(=O)NC(CCSC)C(=O)NCC(=O)NC(CC1=CNC=N1)C(=O)NC(CC2=CC=CC=C2)C(=O)NC(CCCNC(=N)N)C(=O)NC(CC3=CNC4=CC=CC=C43)C(=O)NC(CC(=O)O)C(=O)NC(CCCNC(=N)N)C(=O)NC(CC5=CC=CC=C5)C(=O)NCC(=O)O)NC(=O)C(CC6=CC=C(C=C6)O)N
14162-2	E	Gamma melanocyte stimulating hormone	DictMol	0	Gamma melanocyte stimulating hormone	Gamma-melanocyte stimulating hormone	0	CC(C)C(C(=O)NC(CCSC)C(=O)NCC(=O)NC(CC1=CNC=N1)C(=O)NC(CC2=CC=CC=C2)C(=O)NC(CCCNC(=N)N)C(=O)NC(CC3=CNC4=CC=CC=C43)C(=O)NC(CC(=O)O)C(=O)NC(CCCNC(=N)N)C(=O)NC(CC5=CC=CC=C5)C(=O)NCC(=O)O)NC(=O)C(CC6=CC=C(C=C6)O)N
14162-2	E	Gamma melanocyte stimulating hormone	DictMol	0	Gamma melanocyte stimulating hormone	Gamma-melanocyte stimulating hormone	0	CC(C)C(C(=O)NC(CCSC)C(=O)NCC(=O)NC(CC1=CNC=N1)C(=O)NC(CC2=CC=CC=C2)C(=O)NC(CCCNC(=N)N)C(=O)NC(CC3=CNC4=CC=CC=C43)C(=O)NC(CC(=O)O)C(=O)NC(CCCNC(=N)N)C(=O)NC(CC5=CC=CC=C5)C(=O)NCC(=O)O)NC(=O)C(CC6=CC=C(C=C6)O)N
14162-2	E	Gamma melanocyte stimulating hormone	DictMol	0	Gamma melanocyte stimulating hormone	Gamma-melanocyte stimulating hormone	0	CC(C)C(C(=O)NC(CCSC)C(=O)NCC(=O)NC(CC1=CNC=N1)C(=O)NC(CC2=CC=CC=C2)C(=O)NC(CCCNC(=N)N)C(=O)NC(CC3=CNC4=CC=CC=C43)C(=O)NC(CC(=O)O)C(=O)NC(CCCNC(=N)N)C(=O)NC(CC5=CC=CC=C5)C(=O)NCC(=O)O)NC(=O)C(CC6=CC=C(C=C6)O)N
2326-7	E	polypeptide	G	19	polypeptide	polypeptide	0	
2332-5	E	Gastrin	DictMol	0	Gastrin	Gastrin	0	C[C@@H](C(=O)N[C@@H](CC1C=CC(=CC=1)O)C(=O)NCC(=O)N[C@@H](CC1=CNC2C1=CC=CC=2)C(=O)N[C@@H](CCSC)C(=O)N[C@@H](CC(=O)O)C(=O)N[C@@H](CC1C=CC=CC=1)C(=O)N)NC(=O)[C@H](CCC(=O)O)NC(=O)[C@H](CCC(=O)O)NC(=O)[C@H](CCC(=O)O)NC(=O)[C@H](CCC(=O)O)NC(=O)[C@H](CCC(=O)O)NC(=O)[C@H](CC(C)C)NC(=O)[C@H](CC1=CNC2C1=CC=CC=2)NC(=O)[C@@H]1CCCN1C(=O)CNC(=O)[C@@H]1CCC(N1)=O
2332-5	E	Gastrin	DictMol	0	Gastrin	Gastrin	0	C[C@@H](C(=O)N[C@@H](CC1C=CC(=CC=1)O)C(=O)NCC(=O)N[C@@H](CC1=CNC2C1=CC=CC=2)C(=O)N[C@@H](CCSC)C(=O)N[C@@H](CC(=O)O)C(=O)N[C@@H](CC1C=CC=CC=1)C(=O)N)NC(=O)[C@H](CCC(=O)O)NC(=O)[C@H](CCC(=O)O)NC(=O)[C@H](CCC(=O)O)NC(=O)[C@H](CCC(=O)O)NC(=O)[C@H](CCC(=O)O)NC(=O)[C@H](CC(C)C)NC(=O)[C@H](CC1=CNC2C1=CC=CC=2)NC(=O)[C@@H]1CCCN1C(=O)CNC(=O)[C@@H]1CCC(N1)=O
2332-5	E	Gastrin	DictMol	0	Gastrin	Gastrin	0	C[C@@H](C(=O)N[C@@H](CC1C=CC(=CC=1)O)C(=O)NCC(=O)N[C@@H](CC1=CNC2C1=CC=CC=2)C(=O)N[C@@H](CCSC)C(=O)N[C@@H](CC(=O)O)C(=O)N[C@@H](CC1C=CC=CC=1)C(=O)N)NC(=O)[C@H](CCC(=O)O)NC(=O)[C@H](CCC(=O)O)NC(=O)[C@H](CCC(=O)O)NC(=O)[C@H](CCC(=O)O)NC(=O)[C@H](CCC(=O)O)NC(=O)[C@H](CC(C)C)NC(=O)[C@H](CC1=CNC2C1=CC=CC=2)NC(=O)[C@@H]1CCCN1C(=O)CNC(=O)[C@@H]1CCC(N1)=O
2331-7	E	Gastrin	DictMol	0	Gastrin	Gastrin	0	C[C@@H](C(=O)N[C@@H](CC1C=CC(=CC=1)O)C(=O)NCC(=O)N[C@@H](CC1=CNC2C1=CC=CC=2)C(=O)N[C@@H](CCSC)C(=O)N[C@@H](CC(=O)O)C(=O)N[C@@H](CC1C=CC=CC=1)C(=O)N)NC(=O)[C@H](CCC(=O)O)NC(=O)[C@H](CCC(=O)O)NC(=O)[C@H](CCC(=O)O)NC(=O)[C@H](CCC(=O)O)NC(=O)[C@H](CCC(=O)O)NC(=O)[C@H](CC(C)C)NC(=O)[C@H](CC1=CNC2C1=CC=CC=2)NC(=O)[C@@H]1CCCN1C(=O)CNC(=O)[C@@H]1CCC(N1)=O
2331-7	E	Gastrin	DictMol	0	Gastrin	Gastrin	0	C[C@@H](C(=O)N[C@@H](CC1C=CC(=CC=1)O)C(=O)NCC(=O)N[C@@H](CC1=CNC2C1=CC=CC=2)C(=O)N[C@@H](CCSC)C(=O)N[C@@H](CC(=O)O)C(=O)N[C@@H](CC1C=CC=CC=1)C(=O)N)NC(=O)[C@H](CCC(=O)O)NC(=O)[C@H](CCC(=O)O)NC(=O)[C@H](CCC(=O)O)NC(=O)[C@H](CCC(=O)O)NC(=O)[C@H](CCC(=O)O)NC(=O)[C@H](CC(C)C)NC(=O)[C@H](CC1=CNC2C1=CC=CC=2)NC(=O)[C@@H]1CCCN1C(=O)CNC(=O)[C@@H]1CCC(N1)=O
2331-7	E	Gastrin	DictMol	0	Gastrin	Gastrin	0	C[C@@H](C(=O)N[C@@H](CC1C=CC(=CC=1)O)C(=O)NCC(=O)N[C@@H](CC1=CNC2C1=CC=CC=2)C(=O)N[C@@H](CCSC)C(=O)N[C@@H](CC(=O)O)C(=O)N[C@@H](CC1C=CC=CC=1)C(=O)N)NC(=O)[C@H](CCC(=O)O)NC(=O)[C@H](CCC(=O)O)NC(=O)[C@H](CCC(=O)O)NC(=O)[C@H](CCC(=O)O)NC(=O)[C@H](CCC(=O)O)NC(=O)[C@H](CC(C)C)NC(=O)[C@H](CC1=CNC2C1=CC=CC=2)NC(=O)[C@@H]1CCCN1C(=O)CNC(=O)[C@@H]1CCC(N1)=O
2331-7	E	Gastrin	DictMol	0	Gastrin	Gastrin	0	C[C@@H](C(=O)N[C@@H](CC1C=CC(=CC=1)O)C(=O)NCC(=O)N[C@@H](CC1=CNC2C1=CC=CC=2)C(=O)N[C@@H](CCSC)C(=O)N[C@@H](CC(=O)O)C(=O)N[C@@H](CC1C=CC=CC=1)C(=O)N)NC(=O)[C@H](CCC(=O)O)NC(=O)[C@H](CCC(=O)O)NC(=O)[C@H](CCC(=O)O)NC(=O)[C@H](CCC(=O)O)NC(=O)[C@H](CCC(=O)O)NC(=O)[C@H](CC(C)C)NC(=O)[C@H](CC1=CNC2C1=CC=CC=2)NC(=O)[C@@H]1CCCN1C(=O)CNC(=O)[C@@H]1CCC(N1)=O
2331-7	E	Gastrin	DictMol	0	Gastrin	Gastrin	0	C[C@@H](C(=O)N[C@@H](CC1C=CC(=CC=1)O)C(=O)NCC(=O)N[C@@H](CC1=CNC2C1=CC=CC=2)C(=O)N[C@@H](CCSC)C(=O)N[C@@H](CC(=O)O)C(=O)N[C@@H](CC1C=CC=CC=1)C(=O)N)NC(=O)[C@H](CCC(=O)O)NC(=O)[C@H](CCC(=O)O)NC(=O)[C@H](CCC(=O)O)NC(=O)[C@H](CCC(=O)O)NC(=O)[C@H](CCC(=O)O)NC(=O)[C@H](CC(C)C)NC(=O)[C@H](CC1=CNC2C1=CC=CC=2)NC(=O)[C@@H]1CCCN1C(=O)CNC(=O)[C@@H]1CCC(N1)=O
2331-7	E	Gastrin	DictMol	0	Gastrin	Gastrin	0	C[C@@H](C(=O)N[C@@H](CC1C=CC(=CC=1)O)C(=O)NCC(=O)N[C@@H](CC1=CNC2C1=CC=CC=2)C(=O)N[C@@H](CCSC)C(=O)N[C@@H](CC(=O)O)C(=O)N[C@@H](CC1C=CC=CC=1)C(=O)N)NC(=O)[C@H](CCC(=O)O)NC(=O)[C@H](CCC(=O)O)NC(=O)[C@H](CCC(=O)O)NC(=O)[C@H](CCC(=O)O)NC(=O)[C@H](CCC(=O)O)NC(=O)[C@H](CC(C)C)NC(=O)[C@H](CC1=CNC2C1=CC=CC=2)NC(=O)[C@@H]1CCCN1C(=O)CNC(=O)[C@@H]1CCC(N1)=O
102111-2	E	Gastrin 34	DictMol	0	Gastrin 34	Gastrin 34	0	C[C@@H](C(=O)NCC(=O)NCC(=O)N[C@@H](CC1=CNC2=CC=CC=C21)C(=O)N[C@@H](CCSC)C(=O)N[C@@H](CC(=O)O)C(=O)N[C@@H](CC3=CC=CC=C3)C(=O)N)NC(=O)CNC(=O)[C@H](CCC(=O)O)NC(=O)[C@H](CCC(=O)O)NC(=O)[C@H](CCC(=O)O)NC(=O)[C@H](CCC(=O)O)NC(=O)CNC(=O)CNC(=O)[C@@H]4CCCN4C(=O)CNC(=O)[C@H](CCC(=O)N)NC(=O)[C@H](CCCCN)NC(=O)[C@H](CCCCN)NC(=O)CNC(=O)CNC(=O)[C@H](CC(=O)O)NC(=O)[C@H](C)NC(=O)CNC(=O)CNC(=O)CNC(=O)CNC(=O)[C@@H]5CCCN5C(=O)CNC(=O)[C@H](CCC(=O)N)NC(=O)CNC(=O)CNC(=O)[C@H](CC(C)C)NC(=O)[C@@H]6CCC(=O)N6
102111-2	E	Gastrin 34	DictMol	0	Gastrin 34	Gastrin 34	0	C[C@@H](C(=O)NCC(=O)NCC(=O)N[C@@H](CC1=CNC2=CC=CC=C21)C(=O)N[C@@H](CCSC)C(=O)N[C@@H](CC(=O)O)C(=O)N[C@@H](CC3=CC=CC=C3)C(=O)N)NC(=O)CNC(=O)[C@H](CCC(=O)O)NC(=O)[C@H](CCC(=O)O)NC(=O)[C@H](CCC(=O)O)NC(=O)[C@H](CCC(=O)O)NC(=O)CNC(=O)CNC(=O)[C@@H]4CCCN4C(=O)CNC(=O)[C@H](CCC(=O)N)NC(=O)[C@H](CCCCN)NC(=O)[C@H](CCCCN)NC(=O)CNC(=O)CNC(=O)[C@H](CC(=O)O)NC(=O)[C@H](C)NC(=O)CNC(=O)CNC(=O)CNC(=O)CNC(=O)[C@@H]5CCCN5C(=O)CNC(=O)[C@H](CCC(=O)N)NC(=O)CNC(=O)CNC(=O)[C@H](CC(C)C)NC(=O)[C@@H]6CCC(=O)N6
102111-2	E	Gastrin 34	DictMol	0	Gastrin 34	Gastrin 34	0	C[C@@H](C(=O)NCC(=O)NCC(=O)N[C@@H](CC1=CNC2=CC=CC=C21)C(=O)N[C@@H](CCSC)C(=O)N[C@@H](CC(=O)O)C(=O)N[C@@H](CC3=CC=CC=C3)C(=O)N)NC(=O)CNC(=O)[C@H](CCC(=O)O)NC(=O)[C@H](CCC(=O)O)NC(=O)[C@H](CCC(=O)O)NC(=O)[C@H](CCC(=O)O)NC(=O)CNC(=O)CNC(=O)[C@@H]4CCCN4C(=O)CNC(=O)[C@H](CCC(=O)N)NC(=O)[C@H](CCCCN)NC(=O)[C@H](CCCCN)NC(=O)CNC(=O)CNC(=O)[C@H](CC(=O)O)NC(=O)[C@H](C)NC(=O)CNC(=O)CNC(=O)CNC(=O)CNC(=O)[C@@H]5CCCN5C(=O)CNC(=O)[C@H](CCC(=O)N)NC(=O)CNC(=O)CNC(=O)[C@H](CC(C)C)NC(=O)[C@@H]6CCC(=O)N6
102111-2	E	Gastrin 34	DictMol	0	Gastrin 34	Gastrin 34	0	C[C@@H](C(=O)NCC(=O)NCC(=O)N[C@@H](CC1=CNC2=CC=CC=C21)C(=O)N[C@@H](CCSC)C(=O)N[C@@H](CC(=O)O)C(=O)N[C@@H](CC3=CC=CC=C3)C(=O)N)NC(=O)CNC(=O)[C@H](CCC(=O)O)NC(=O)[C@H](CCC(=O)O)NC(=O)[C@H](CCC(=O)O)NC(=O)[C@H](CCC(=O)O)NC(=O)CNC(=O)CNC(=O)[C@@H]4CCCN4C(=O)CNC(=O)[C@H](CCC(=O)N)NC(=O)[C@H](CCCCN)NC(=O)[C@H](CCCCN)NC(=O)CNC(=O)CNC(=O)[C@H](CC(=O)O)NC(=O)[C@H](C)NC(=O)CNC(=O)CNC(=O)CNC(=O)CNC(=O)[C@@H]5CCCN5C(=O)CNC(=O)[C@H](CCC(=O)N)NC(=O)CNC(=O)CNC(=O)[C@H](CC(C)C)NC(=O)[C@@H]6CCC(=O)N6
102111-2	E	Gastrin 34	DictMol	0	Gastrin 34	Gastrin 34	0	C[C@@H](C(=O)NCC(=O)NCC(=O)N[C@@H](CC1=CNC2=CC=CC=C21)C(=O)N[C@@H](CCSC)C(=O)N[C@@H](CC(=O)O)C(=O)N[C@@H](CC3=CC=CC=C3)C(=O)N)NC(=O)CNC(=O)[C@H](CCC(=O)O)NC(=O)[C@H](CCC(=O)O)NC(=O)[C@H](CCC(=O)O)NC(=O)[C@H](CCC(=O)O)NC(=O)CNC(=O)CNC(=O)[C@@H]4CCCN4C(=O)CNC(=O)[C@H](CCC(=O)N)NC(=O)[C@H](CCCCN)NC(=O)[C@H](CCCCN)NC(=O)CNC(=O)CNC(=O)[C@H](CC(=O)O)NC(=O)[C@H](C)NC(=O)CNC(=O)CNC(=O)CNC(=O)CNC(=O)[C@@H]5CCCN5C(=O)CNC(=O)[C@H](CCC(=O)N)NC(=O)CNC(=O)CNC(=O)[C@H](CC(C)C)NC(=O)[C@@H]6CCC(=O)N6
102111-2	E	Gastrin 34	DictMol	0	Gastrin 34	Gastrin 34	0	C[C@@H](C(=O)NCC(=O)NCC(=O)N[C@@H](CC1=CNC2=CC=CC=C21)C(=O)N[C@@H](CCSC)C(=O)N[C@@H](CC(=O)O)C(=O)N[C@@H](CC3=CC=CC=C3)C(=O)N)NC(=O)CNC(=O)[C@H](CCC(=O)O)NC(=O)[C@H](CCC(=O)O)NC(=O)[C@H](CCC(=O)O)NC(=O)[C@H](CCC(=O)O)NC(=O)CNC(=O)CNC(=O)[C@@H]4CCCN4C(=O)CNC(=O)[C@H](CCC(=O)N)NC(=O)[C@H](CCCCN)NC(=O)[C@H](CCCCN)NC(=O)CNC(=O)CNC(=O)[C@H](CC(=O)O)NC(=O)[C@H](C)NC(=O)CNC(=O)CNC(=O)CNC(=O)CNC(=O)[C@@H]5CCCN5C(=O)CNC(=O)[C@H](CCC(=O)N)NC(=O)CNC(=O)CNC(=O)[C@H](CC(C)C)NC(=O)[C@@H]6CCC(=O)N6
2330-9	E	Gastrin	DictMol	0	Gastrin	Gastrin	0	C[C@@H](C(=O)N[C@@H](CC1C=CC(=CC=1)O)C(=O)NCC(=O)N[C@@H](CC1=CNC2C1=CC=CC=2)C(=O)N[C@@H](CCSC)C(=O)N[C@@H](CC(=O)O)C(=O)N[C@@H](CC1C=CC=CC=1)C(=O)N)NC(=O)[C@H](CCC(=O)O)NC(=O)[C@H](CCC(=O)O)NC(=O)[C@H](CCC(=O)O)NC(=O)[C@H](CCC(=O)O)NC(=O)[C@H](CCC(=O)O)NC(=O)[C@H](CC(C)C)NC(=O)[C@H](CC1=CNC2C1=CC=CC=2)NC(=O)[C@@H]1CCCN1C(=O)CNC(=O)[C@@H]1CCC(N1)=O
2330-9	E	Gastrin	DictMol	0	Gastrin	Gastrin	0	C[C@@H](C(=O)N[C@@H](CC1C=CC(=CC=1)O)C(=O)NCC(=O)N[C@@H](CC1=CNC2C1=CC=CC=2)C(=O)N[C@@H](CCSC)C(=O)N[C@@H](CC(=O)O)C(=O)N[C@@H](CC1C=CC=CC=1)C(=O)N)NC(=O)[C@H](CCC(=O)O)NC(=O)[C@H](CCC(=O)O)NC(=O)[C@H](CCC(=O)O)NC(=O)[C@H](CCC(=O)O)NC(=O)[C@H](CCC(=O)O)NC(=O)[C@H](CC(C)C)NC(=O)[C@H](CC1=CNC2C1=CC=CC=2)NC(=O)[C@@H]1CCCN1C(=O)CNC(=O)[C@@H]1CCC(N1)=O
2327-5	E	Gastrin	DictMol	0	Gastrin	Gastrin	0	C[C@@H](C(=O)N[C@@H](CC1C=CC(=CC=1)O)C(=O)NCC(=O)N[C@@H](CC1=CNC2C1=CC=CC=2)C(=O)N[C@@H](CCSC)C(=O)N[C@@H](CC(=O)O)C(=O)N[C@@H](CC1C=CC=CC=1)C(=O)N)NC(=O)[C@H](CCC(=O)O)NC(=O)[C@H](CCC(=O)O)NC(=O)[C@H](CCC(=O)O)NC(=O)[C@H](CCC(=O)O)NC(=O)[C@H](CCC(=O)O)NC(=O)[C@H](CC(C)C)NC(=O)[C@H](CC1=CNC2C1=CC=CC=2)NC(=O)[C@@H]1CCCN1C(=O)CNC(=O)[C@@H]1CCC(N1)=O
2327-5	E	polypeptide	G	18	polypeptide	polypeptide	0	
2327-5	E	Gastrin	DictMol	0	Gastrin	Gastrin	0	C[C@@H](C(=O)N[C@@H](CC1C=CC(=CC=1)O)C(=O)NCC(=O)N[C@@H](CC1=CNC2C1=CC=CC=2)C(=O)N[C@@H](CCSC)C(=O)N[C@@H](CC(=O)O)C(=O)N[C@@H](CC1C=CC=CC=1)C(=O)N)NC(=O)[C@H](CCC(=O)O)NC(=O)[C@H](CCC(=O)O)NC(=O)[C@H](CCC(=O)O)NC(=O)[C@H](CCC(=O)O)NC(=O)[C@H](CCC(=O)O)NC(=O)[C@H](CC(C)C)NC(=O)[C@H](CC1=CNC2C1=CC=CC=2)NC(=O)[C@@H]1CCCN1C(=O)CNC(=O)[C@@H]1CCC(N1)=O
2327-5	E	polypeptide	G	18	polypeptide	polypeptide	0	
2327-5	E	Gastrin	DictMol	0	Gastrin	Gastrin	0	C[C@@H](C(=O)N[C@@H](CC1C=CC(=CC=1)O)C(=O)NCC(=O)N[C@@H](CC1=CNC2C1=CC=CC=2)C(=O)N[C@@H](CCSC)C(=O)N[C@@H](CC(=O)O)C(=O)N[C@@H](CC1C=CC=CC=1)C(=O)N)NC(=O)[C@H](CCC(=O)O)NC(=O)[C@H](CCC(=O)O)NC(=O)[C@H](CCC(=O)O)NC(=O)[C@H](CCC(=O)O)NC(=O)[C@H](CCC(=O)O)NC(=O)[C@H](CC(C)C)NC(=O)[C@H](CC1=CNC2C1=CC=CC=2)NC(=O)[C@@H]1CCCN1C(=O)CNC(=O)[C@@H]1CCC(N1)=O
2327-5	E	polypeptide	G	18	polypeptide	polypeptide	0	
96461-9	E	Gastrin	DictMol	0	Gastrin	Gastrin	0	C[C@@H](C(=O)N[C@@H](CC1C=CC(=CC=1)O)C(=O)NCC(=O)N[C@@H](CC1=CNC2C1=CC=CC=2)C(=O)N[C@@H](CCSC)C(=O)N[C@@H](CC(=O)O)C(=O)N[C@@H](CC1C=CC=CC=1)C(=O)N)NC(=O)[C@H](CCC(=O)O)NC(=O)[C@H](CCC(=O)O)NC(=O)[C@H](CCC(=O)O)NC(=O)[C@H](CCC(=O)O)NC(=O)[C@H](CCC(=O)O)NC(=O)[C@H](CC(C)C)NC(=O)[C@H](CC1=CNC2C1=CC=CC=2)NC(=O)[C@@H]1CCCN1C(=O)CNC(=O)[C@@H]1CCC(N1)=O
96461-9	E	polypeptide	G	18	polypeptide	polypeptide	0	
96461-9	E	Gastrin	DictMol	0	Gastrin	Gastrin	0	C[C@@H](C(=O)N[C@@H](CC1C=CC(=CC=1)O)C(=O)NCC(=O)N[C@@H](CC1=CNC2C1=CC=CC=2)C(=O)N[C@@H](CCSC)C(=O)N[C@@H](CC(=O)O)C(=O)N[C@@H](CC1C=CC=CC=1)C(=O)N)NC(=O)[C@H](CCC(=O)O)NC(=O)[C@H](CCC(=O)O)NC(=O)[C@H](CCC(=O)O)NC(=O)[C@H](CCC(=O)O)NC(=O)[C@H](CCC(=O)O)NC(=O)[C@H](CC(C)C)NC(=O)[C@H](CC1=CNC2C1=CC=CC=2)NC(=O)[C@@H]1CCCN1C(=O)CNC(=O)[C@@H]1CCC(N1)=O
96461-9	E	polypeptide	G	18	polypeptide	polypeptide	0	
96461-9	E	Gastrin	DictMol	0	Gastrin	Gastrin	0	C[C@@H](C(=O)N[C@@H](CC1C=CC(=CC=1)O)C(=O)NCC(=O)N[C@@H](CC1=CNC2C1=CC=CC=2)C(=O)N[C@@H](CCSC)C(=O)N[C@@H](CC(=O)O)C(=O)N[C@@H](CC1C=CC=CC=1)C(=O)N)NC(=O)[C@H](CCC(=O)O)NC(=O)[C@H](CCC(=O)O)NC(=O)[C@H](CCC(=O)O)NC(=O)[C@H](CCC(=O)O)NC(=O)[C@H](CCC(=O)O)NC(=O)[C@H](CC(C)C)NC(=O)[C@H](CC1=CNC2C1=CC=CC=2)NC(=O)[C@@H]1CCCN1C(=O)CNC(=O)[C@@H]1CCC(N1)=O
96461-9	E	polypeptide	G	18	polypeptide	polypeptide	0	
100359-9	E	peptide	G	15	peptide	peptide	0	
100359-9	E	peptide	G	15	peptide	peptide	0	
100359-9	E	peptide	G	15	peptide	peptide	0	
100359-9	E	peptide	G	15	peptide	peptide	0	
100359-9	E	peptide	G	15	peptide	peptide	0	
100359-9	E	peptide	G	15	peptide	peptide	0	
100359-9	E	peptide	G	15	peptide	peptide	0	
100359-9	E	peptide	G	15	peptide	peptide	0	
100359-9	E	peptide	G	15	peptide	peptide	0	
100359-9	E	peptide	G	15	peptide	peptide	0	
100359-9	E	peptide	G	15	peptide	peptide	0	
90234-6	E	Globotriaosylsphingosine	DictMol	0	Globotriaosylsphingosine	Globotriaosylsphingosine	0	CCCCCCCCCCCCC/C=C/[C@H]([C@H](CO[C@H]1[C@@H]([C@H]([C@@H]([C@H](O1)CO)O[C@H]2[C@@H]([C@H]([C@H]([C@H](O2)CO)O[C@@H]3[C@@H]([C@H]([C@H]([C@H](O3)CO)O)O)O)O)O)O)O)N)O
90234-6	E	Globotriaosylsphingosine	DictMol	0	Globotriaosylsphingosine	Globotriaosylsphingosine	0	CCCCCCCCCCCCC/C=C/[C@H]([C@H](CO[C@H]1[C@@H]([C@H]([C@@H]([C@H](O1)CO)O[C@H]2[C@@H]([C@H]([C@H]([C@H](O2)CO)O[C@@H]3[C@@H]([C@H]([C@H]([C@H](O3)CO)O)O)O)O)O)O)O)N)O
90234-6	E	Globotriaosylsphingosine	DictMol	0	Globotriaosylsphingosine	Globotriaosylsphingosine	0	CCCCCCCCCCCCC/C=C/[C@H]([C@H](CO[C@H]1[C@@H]([C@H]([C@@H]([C@H](O1)CO)O[C@H]2[C@@H]([C@H]([C@H]([C@H](O2)CO)O[C@@H]3[C@@H]([C@H]([C@H]([C@H](O3)CO)O)O)O)O)O)O)O)N)O
90234-6	E	Globotriaosylsphingosine	DictMol	0	Globotriaosylsphingosine	Globotriaosylsphingosine	0	CCCCCCCCCCCCC/C=C/[C@H]([C@H](CO[C@H]1[C@@H]([C@H]([C@@H]([C@H](O1)CO)O[C@H]2[C@@H]([C@H]([C@H]([C@H](O2)CO)O[C@@H]3[C@@H]([C@H]([C@H]([C@H](O3)CO)O)O)O)O)O)O)O)N)O
102097-3	E	Creatinine	DictMol	75	Creatinine	Creatinine	0	CN1CC(=O)NC1=N
102097-3	E	Creatinine	DictMol	75	Creatinine	Creatinine	0	CN1CC(=O)NC1=N
102097-3	E	Creatinine	DictMol	75	Creatinine	Creatinine	0	CN1CC(=O)NC1=N
102097-3	E	Creatinine	DictMol	75	Creatinine	Creatinine	0	CN1CC(=O)NC1=N
33914-3	E	Creatinine	DictMol	68	Creatinine	Creatinine	0	CN1CC(=O)NC1=N
94677-2	E	Creatinine	DictMol	75	Creatinine	Creatinine	0	CN1CC(=O)NC1=N
98980-6	E	Creatinine	DictMol	75	Creatinine	Creatinine	0	CN1CC(=O)NC1=N
92750-9	E	Glucopsychosine	DictMol	0	Glucopsychosine	Glucopsychosine	0	CCCCCCCCCCCCC/C=C/[C@H]([C@H](CO[C@H]1[C@@H]([C@H]([C@@H]([C@H](O1)CO)O)O)O)N)O
92750-9	E	Glucopsychosine	DictMol	0	Glucopsychosine	Glucopsychosine	0	CCCCCCCCCCCCC/C=C/[C@H]([C@H](CO[C@H]1[C@@H]([C@H]([C@@H]([C@H](O1)CO)O)O)O)N)O
92750-9	E	Glucopsychosine	DictMol	0	Glucopsychosine	Glucopsychosine	0	CCCCCCCCCCCCC/C=C/[C@H]([C@H](CO[C@H]1[C@@H]([C@H]([C@@H]([C@H](O1)CO)O)O)O)N)O
92750-9	E	Glucopsychosine	DictMol	0	Glucopsychosine	Glucopsychosine	0	CCCCCCCCCCCCC/C=C/[C@H]([C@H](CO[C@H]1[C@@H]([C@H]([C@@H]([C@H](O1)CO)O)O)O)N)O
53868-6	E	Glucose tetrasaccharide	DictMol	0	Glucose tetrasaccharide	Glucose tetrasaccharide	0	C([C@@H]1[C@H]([C@@H]([C@H]([C@H](O1)OC[C@@H]2[C@H]([C@@H]([C@H]([C@H](O2)O[C@@H]3[C@H](O[C@@H]([C@@H]([C@H]3O)O)O[C@H]([C@@H](CO)O)[C@@H]([C@H](C=O)O)O)CO)O)O)O)O)O)O)O
53868-6	E	Creatinine	DictMol	24	Creatinine	Creatinine	0	CN1CC(=O)NC1=N
53868-6	E	Glucose tetrasaccharide	DictMol	0	Glucose tetrasaccharide	Glucose tetrasaccharide	0	C([C@@H]1[C@H]([C@@H]([C@H]([C@H](O1)OC[C@@H]2[C@H]([C@@H]([C@H]([C@H](O2)O[C@@H]3[C@H](O[C@@H]([C@@H]([C@H]3O)O)O[C@H]([C@@H](CO)O)[C@@H]([C@H](C=O)O)O)CO)O)O)O)O)O)O)O
53868-6	E	Creatinine	DictMol	24	Creatinine	Creatinine	0	CN1CC(=O)NC1=N
53868-6	E	Glucose tetrasaccharide	DictMol	0	Glucose tetrasaccharide	Glucose tetrasaccharide	0	C([C@@H]1[C@H]([C@@H]([C@H]([C@H](O1)OC[C@@H]2[C@H]([C@@H]([C@H]([C@H](O2)O[C@@H]3[C@H](O[C@@H]([C@@H]([C@H]3O)O)O[C@H]([C@@H](CO)O)[C@@H]([C@H](C=O)O)O)CO)O)O)O)O)O)O)O
53868-6	E	Creatinine	DictMol	24	Creatinine	Creatinine	0	CN1CC(=O)NC1=N
104645-7	E	Glucosylceramide	G	0	Glucosylceramide	Glucosylceramide	0	
104645-7	E	Glucosylceramide	G	0	Glucosylceramide	Glucosylceramide	0	
13745-5	E	Creatinine	DictMol	12	Creatinine	Creatinine	0	CN1CC(=O)NC1=N
13745-5	E	Creatinine	DictMol	12	Creatinine	Creatinine	0	CN1CC(=O)NC1=N
80094-6	E	Creatinine	DictMol	22	Creatinine	Creatinine	0	CN1CC(=O)NC1=N
80094-6	E	Creatinine	DictMol	22	Creatinine	Creatinine	0	CN1CC(=O)NC1=N
80094-6	E	Creatinine	DictMol	22	Creatinine	Creatinine	0	CN1CC(=O)NC1=N
80094-6	E	Creatinine	DictMol	22	Creatinine	Creatinine	0	CN1CC(=O)NC1=N
80094-6	E	Creatinine	DictMol	22	Creatinine	Creatinine	0	CN1CC(=O)NC1=N
80094-6	E	Creatinine	DictMol	22	Creatinine	Creatinine	0	CN1CC(=O)NC1=N
2381-2	E	Glutathione	DictMol	0	Glutathione	Glutathione	0	C(CC(=O)N[C@@H](CS)C(=O)NCC(=O)O)[C@@H](C(=O)O)N
2381-2	E	Glutathione	DictMol	0	Glutathione	Glutathione	0	C(CC(=O)N[C@@H](CS)C(=O)NCC(=O)O)[C@@H](C(=O)O)N
2376-2	E	Glutathione	DictMol	0	Glutathione	Glutathione	0	C(CC(=O)N[C@@H](CS)C(=O)NCC(=O)O)[C@@H](C(=O)O)N
2376-2	E	Glutathione	DictMol	0	Glutathione	Glutathione	0	C(CC(=O)N[C@@H](CS)C(=O)NCC(=O)O)[C@@H](C(=O)O)N
2376-2	E	Glutathione	DictMol	0	Glutathione	Glutathione	0	C(CC(=O)N[C@@H](CS)C(=O)NCC(=O)O)[C@@H](C(=O)O)N
2382-0	E	Glutathione	DictMol	0	Glutathione	Glutathione	0	C(CC(=O)N[C@@H](CS)C(=O)NCC(=O)O)[C@@H](C(=O)O)N
42320-2	E	Glutathione	DictMol	0	Glutathione	Glutathione	0	C(CC(=O)N[C@@H](CS)C(=O)NCC(=O)O)[C@@H](C(=O)O)N
2379-6	E	Glutathione	DictMol	0	Glutathione	Glutathione	0	C(CC(=O)N[C@@H](CS)C(=O)NCC(=O)O)[C@@H](C(=O)O)N
2380-4	E	Glutathione	DictMol	0	Glutathione	Glutathione	0	C(CC(=O)N[C@@H](CS)C(=O)NCC(=O)O)[C@@H](C(=O)O)N
11048-6	E	Glyceraldehyde 3 phosphate	DictMol	0	Glyceraldehyde 3 phosphate	Glyceraldehyde-3-phosphate	0	C([C@H](C=O)O)OP(=O)(O)O
11048-6	E	Glyceraldehyde 3 phosphate	DictMol	0	Glyceraldehyde 3 phosphate	Glyceraldehyde-3-phosphate	0	C([C@H](C=O)O)OP(=O)(O)O
10578-3	E	Glycerophosphocholine	DictMol	0	Glycerophosphocholine	Glycerophosphocholine	0	C[N+](C)(C)CCOP(=O)([O-])OC[C@@H](CO)O
93335-8	E	Glycochenodeoxycholate	DictMol	0	Glycochenodeoxycholate	Glycochenodeoxycholate	0	C[C@H](CCC(=O)NCC(=O)O)[C@H]1CC[C@H]2[C@@H]3[C@H](O)C[C@@H]4C[C@H](O)CC[C@]4(C)[C@H]3CC[C@]12C
93334-1	E	Glycocholate	DictMol	0	Glycocholate	Glycocholate	0	C[C@H](CCC(=O)NCC(=O)O)[C@H]1CC[C@H]2[C@@H]3[C@H](O)C[C@@H]4C[C@H](O)CC[C@]4(C)[C@H]3C[C@H](O)[C@]12C
93333-3	E	Glycodeoxycholate	DictMol	0	Glycodeoxycholate	Glycodeoxycholate	0	C[C@H](CCC(=O)NCC(=O)O)[C@H]1CC[C@H]2[C@@H]3CC[C@@H]4C[C@H](O)CC[C@]4(C)[C@H]3C[C@H](O)[C@]12C
80092-0	E	Creatinine	DictMol	24	Creatinine	Creatinine	0	CN1CC(=O)NC1=N
80092-0	E	Creatinine	DictMol	24	Creatinine	Creatinine	0	CN1CC(=O)NC1=N
80092-0	E	Creatinine	DictMol	24	Creatinine	Creatinine	0	CN1CC(=O)NC1=N
80092-0	E	Creatinine	DictMol	24	Creatinine	Creatinine	0	CN1CC(=O)NC1=N
79594-8	E	Creatinine	DictMol	14	Creatinine	Creatinine	0	CN1CC(=O)NC1=N
79594-8	E	Creatinine	DictMol	14	Creatinine	Creatinine	0	CN1CC(=O)NC1=N
79594-8	E	Creatinine	DictMol	14	Creatinine	Creatinine	0	CN1CC(=O)NC1=N
79594-8	E	Creatinine	DictMol	14	Creatinine	Creatinine	0	CN1CC(=O)NC1=N
79594-8	E	Creatinine	DictMol	14	Creatinine	Creatinine	0	CN1CC(=O)NC1=N
79594-8	E	Creatinine	DictMol	14	Creatinine	Creatinine	0	CN1CC(=O)NC1=N
79594-8	E	Creatinine	DictMol	14	Creatinine	Creatinine	0	CN1CC(=O)NC1=N
10336-6	E	peptide	G	13	peptide	peptide	0	
10336-6	E	peptide	G	13	peptide	peptide	0	
10336-6	E	peptide	G	13	peptide	peptide	0	
79125-1	E	Hawkinsin	DictMol	0	Hawkinsin	Hawkinsin	0	C1C(C=CC(C1SCC(C(=O)O)N)(CC(=O)O)O)O
49061-5	E	iron	E	8	iron	iron	0	
71386-7	E	Hepcidin 25	DictMol	0	Hepcidin 25	Hepcidin 25	0	CC[C@H](C)[C@H]1C(=O)N[C@H](C(=O)N[C@H]2CSSC[C@H]3C(=O)N[C@H]4CSSC[C@@H](C(=O)N[C@@H](CSSC[C@@H](C(=O)N1)NC(=O)[C@H]([C@@H](C)CC)NC(=O)[C@@H]5CCCN5C(=O)[C@H](CC6=CC=CC=C6)NC(=O)[C@H](CC7=CNC=N7)NC(=O)[C@H]([C@@H](C)O)NC(=O)[C@H](CC(=O)O)N)C(=O)N[C@@H](CCCCN)C(=O)N[C@@H]([C@@H](C)O)C(=O)O)NC(=O)[C@@H](NC(=O)CNC(=O)[C@H](CSSC[C@@H](C(=O)NCC(=O)N3)NC2=O)NC(=O)[C@@H](NC(=O)[C@@H](NC(=O)[C@@H](NC(=O)[C@@H](NC4=O)CC8=CNC=N8)CCCNC(=N)N)CO)CCCCN)CCSC)CC9=CC=CC=C9
71386-7	E	amino acid	G	12	amino acid	amino acid	0	
71386-7	E	peptide	G	23	peptide	peptide	0	
23872-5	E	Heptacarboxylporphyrin I	DictMol	0	Heptacarboxylporphyrin I	Heptacarboxylporphyrin I	0	CC1=C(C2=NC1=CC3=NC(=CC4=C(C(=C(N4)C=C5C(=C(C(=C2)N5)CC(=O)O)CCC(=O)O)CC(=O)O)CCC(=O)O)C(=C3CCC(=O)O)CC(=O)O)CCC(=O)O
23872-5	E	Heptacarboxylporphyrin I	DictMol	0	Heptacarboxylporphyrin I	Heptacarboxylporphyrin I	0	CC1=C(C2=NC1=CC3=NC(=CC4=C(C(=C(N4)C=C5C(=C(C(=C2)N5)CC(=O)O)CCC(=O)O)CC(=O)O)CCC(=O)O)C(=C3CCC(=O)O)CC(=O)O)CCC(=O)O
23873-3	E	Heptacarboxylporphyrin III	DictMol	0	Heptacarboxylporphyrin III	Heptacarboxylporphyrin III	0	CC1=C(C2=CC3=NC(=CC4=C(C(=C(N4)C=C5C(=C(C(=CC1=N2)N5)CCC(=O)O)CCC(=O)O)CCC(=O)O)CC(=O)O)C(=C3CC(=O)O)CCC(=O)O)CCC(=O)O
48113-5	E	Creatinine	DictMol	15	Creatinine	Creatinine	0	CN1CC(=O)NC1=N
23874-1	E	Hexacarboxylporphyrin I	DictMol	0	Hexacarboxylporphyrin I	Hexacarboxylporphyrin I	0	CC1=C(C2=CC3=NC(=CC4=C(C(=C(N4)C=C5C(=C(C(=N5)C=C1N2)CCC(=O)O)CC(=O)O)CCC(=O)O)CC(=O)O)C(=C3C)CCC(=O)O)CCC(=O)O
23874-1	E	Hexacarboxylporphyrin I	DictMol	0	Hexacarboxylporphyrin I	Hexacarboxylporphyrin I	0	CC1=C(C2=CC3=NC(=CC4=C(C(=C(N4)C=C5C(=C(C(=N5)C=C1N2)CCC(=O)O)CC(=O)O)CCC(=O)O)CC(=O)O)C(=C3C)CCC(=O)O)CCC(=O)O
23874-1	E	Hexacarboxylporphyrin I	DictMol	0	Hexacarboxylporphyrin I	Hexacarboxylporphyrin I	0	CC1=C(C2=CC3=NC(=CC4=C(C(=C(N4)C=C5C(=C(C(=N5)C=C1N2)CCC(=O)O)CC(=O)O)CCC(=O)O)CC(=O)O)C(=C3C)CCC(=O)O)CCC(=O)O
23875-8	E	Hexacarboxylporphyrin III	DictMol	0	Hexacarboxylporphyrin III	Hexacarboxylporphyrin III	0	CC1=C(C2=NC1=CC3=C(C(=C(N3)C=C4C(=C(C(=N4)C=C5C(=C(C(=C2)N5)CC(=O)O)CCC(=O)O)C)CCC(=O)O)CCC(=O)O)CC(=O)O)CCC(=O)O
48114-3	E	Creatinine	DictMol	17	Creatinine	Creatinine	0	CN1CC(=O)NC1=N
2425-7	E	Histidine ammonia	DictMol	0	Histidine ammonia	Histidine ammonia	0	C1=C(NC=N1)CC(C(=O)O)N.N
2425-7	E	Histidine ammonia	DictMol	0	Histidine ammonia	Histidine ammonia	0	C1=C(NC=N1)CC(C(=O)O)N.N
2425-7	E	Histidine ammonia	DictMol	0	Histidine ammonia	Histidine ammonia	0	C1=C(NC=N1)CC(C(=O)O)N.N
32615-7	E	Homocysteine cysteine disulfide	DictMol	0	Homocysteine cysteine disulfide	Homocysteine-cysteine disulfide	0	C(CSSCC(C(=O)O)N)C(C(=O)O)N
32615-7	E	Homocysteine cysteine disulfide	DictMol	0	Homocysteine cysteine disulfide	Homocysteine-cysteine disulfide	0	C(CSSCC(C(=O)O)N)C(C(=O)O)N
32615-7	E	Homocysteine cysteine disulfide	DictMol	0	Homocysteine cysteine disulfide	Homocysteine-cysteine disulfide	0	C(CSSCC(C(=O)O)N)C(C(=O)O)N
32615-7	E	Homocysteine cysteine disulfide	DictMol	0	Homocysteine cysteine disulfide	Homocysteine-cysteine disulfide	0	C(CSSCC(C(=O)O)N)C(C(=O)O)N
32615-7	E	Homocysteine cysteine disulfide	DictMol	0	Homocysteine cysteine disulfide	Homocysteine-cysteine disulfide	0	C(CSSCC(C(=O)O)N)C(C(=O)O)N
32615-7	E	Homocysteine cysteine disulfide	DictMol	0	Homocysteine cysteine disulfide	Homocysteine-cysteine disulfide	0	C(CSSCC(C(=O)O)N)C(C(=O)O)N
32615-7	E	Homocysteine cysteine disulfide	DictMol	0	Homocysteine cysteine disulfide	Homocysteine-cysteine disulfide	0	C(CSSCC(C(=O)O)N)C(C(=O)O)N
48115-0	E	Creatinine	DictMol	18	Creatinine	Creatinine	0	CN1CC(=O)NC1=N
35171-8	E	Homo-gamma Linolenate	DictMol	0	Homo-gamma Linolenate	Homo-gamma-Linolenate	0	CCCCC/C=C\C/C=C\C/C=C\CCCCCCC(=O)O
35171-8	E	Homo-gamma Linolenate	DictMol	0	Homo-gamma Linolenate	Homo-gamma-Linolenate	0	CCCCC/C=C\C/C=C\C/C=C\CCCCCCC(=O)O
35171-8	E	Homo-gamma Linolenate	DictMol	0	Homo-gamma Linolenate	Homo-gamma-Linolenate	0	CCCCC/C=C\C/C=C\C/C=C\CCCCCCC(=O)O
35171-8	E	Homo-gamma Linolenate	DictMol	0	Homo-gamma Linolenate	Homo-gamma-Linolenate	0	CCCCC/C=C\C/C=C\C/C=C\CCCCCCC(=O)O
35171-8	E	Homo-gamma Linolenate	DictMol	0	Homo-gamma Linolenate	Homo-gamma-Linolenate	0	CCCCC/C=C\C/C=C\C/C=C\CCCCCCC(=O)O
35171-8	E	Homo-gamma Linolenate	DictMol	0	Homo-gamma Linolenate	Homo-gamma-Linolenate	0	CCCCC/C=C\C/C=C\C/C=C\CCCCCCC(=O)O
35171-8	E	Homo-gamma Linolenate	DictMol	0	Homo-gamma Linolenate	Homo-gamma-Linolenate	0	CCCCC/C=C\C/C=C\C/C=C\CCCCCCC(=O)O
79481-8	E	Creatinine	DictMol	23	Creatinine	Creatinine	0	CN1CC(=O)NC1=N
79481-8	E	Creatinine	DictMol	23	Creatinine	Creatinine	0	CN1CC(=O)NC1=N
79481-8	E	Creatinine	DictMol	23	Creatinine	Creatinine	0	CN1CC(=O)NC1=N
18232-9	E	Hydrocorticosterone	DictMol	0	Hydrocorticosterone	Hydrocorticosterone	0	C[C@]12CCC(=O)C=C1CC[C@@H]3[C@@H]2[C@H](C[C@]4([C@H]3CC[C@@]4(C(=O)CO)O)C)O
35747-5	E	Hydrogen ion	E	0	Hydrogen ion	Hydrogen ion	0	
50858-0	E	Hydrogen ion	E	0	Hydrogen ion	Hydrogen ion	0	
2438-0	E	Hydrogen	E	11	Hydrogen	Hydrogen	0	
2438-0	E	sulfide	G	20	sulfide	sulfide	0	
2440-6	E	Hydroxocobalamin	DictMol	0	Hydroxocobalamin	Hydroxocobalamin	0	CC1=CC2=C(C=C1C)N(C=N2)[C@@H]3[C@@H]([C@@H]([C@H](O3)CO)OP(=O)([O-])O[C@H](C)CNC(=O)CC[C@@]\4([C@H]([C@@H]5[C@]6([C@@]([C@@H](C(=N6)/C(=C\7/[C@@]([C@@H](C(=N7)/C=C\8/C([C@@H](C(=N8)/C(=C4\[N-]5)/C)CCC(=O)N)(C)C)CCC(=O)N)(C)CC(=O)N)/C)CCC(=O)N)(C)CC(=O)N)C)CC(=O)N)C)O.[OH-].[Co+3]
2440-6	E	Hydroxocobalamin	DictMol	0	Hydroxocobalamin	Hydroxocobalamin	0	CC1=CC2=C(C=C1C)N(C=N2)[C@@H]3[C@@H]([C@@H]([C@H](O3)CO)OP(=O)([O-])O[C@H](C)CNC(=O)CC[C@@]\4([C@H]([C@@H]5[C@]6([C@@]([C@@H](C(=N6)/C(=C\7/[C@@]([C@@H](C(=N7)/C=C\8/C([C@@H](C(=N8)/C(=C4\[N-]5)/C)CCC(=O)N)(C)C)CCC(=O)N)(C)CC(=O)N)/C)CCC(=O)N)(C)CC(=O)N)C)CC(=O)N)C)O.[OH-].[Co+3]
2440-6	E	Hydroxocobalamin	DictMol	0	Hydroxocobalamin	Hydroxocobalamin	0	CC1=CC2=C(C=C1C)N(C=N2)[C@@H]3[C@@H]([C@@H]([C@H](O3)CO)OP(=O)([O-])O[C@H](C)CNC(=O)CC[C@@]\4([C@H]([C@@H]5[C@]6([C@@]([C@@H](C(=N6)/C(=C\7/[C@@]([C@@H](C(=N7)/C=C\8/C([C@@H](C(=N8)/C(=C4\[N-]5)/C)CCC(=O)N)(C)C)CCC(=O)N)(C)CC(=O)N)/C)CCC(=O)N)(C)CC(=O)N)C)CC(=O)N)C)O.[OH-].[Co+3]
13761-2	E	Creatinine	DictMol	20	Creatinine	Creatinine	0	CN1CC(=O)NC1=N
13761-2	E	Creatinine	DictMol	20	Creatinine	Creatinine	0	CN1CC(=O)NC1=N
13761-2	E	Creatinine	DictMol	20	Creatinine	Creatinine	0	CN1CC(=O)NC1=N
49849-3	E	Creatinine	DictMol	19	Creatinine	Creatinine	0	CN1CC(=O)NC1=N
93329-1	E	Hyodeoxycholate	DictMol	0	Hyodeoxycholate	Hyodeoxycholate	0	C[C@H](CCC(=O)[O-])[C@H]1CC[C@@H]2[C@@]1(CC[C@H]3[C@H]2C[C@@H]([C@H]4[C@@]3(CC[C@H](C4)O)C)O)C
93329-1	E	Hyodeoxycholate	DictMol	0	Hyodeoxycholate	Hyodeoxycholate	0	C[C@H](CCC(=O)[O-])[C@H]1CC[C@@H]2[C@@]1(CC[C@H]3[C@H]2C[C@@H]([C@H]4[C@@]3(CC[C@H](C4)O)C)O)C
93329-1	E	Hyodeoxycholate	DictMol	0	Hyodeoxycholate	Hyodeoxycholate	0	C[C@H](CCC(=O)[O-])[C@H]1CC[C@@H]2[C@@]1(CC[C@H]3[C@H]2C[C@@H]([C@H]4[C@@]3(CC[C@H](C4)O)C)O)C
48142-4	E	Creatinine	DictMol	17	Creatinine	Creatinine	0	CN1CC(=O)NC1=N
48142-4	E	Creatinine	DictMol	17	Creatinine	Creatinine	0	CN1CC(=O)NC1=N
48142-4	E	Creatinine	DictMol	17	Creatinine	Creatinine	0	CN1CC(=O)NC1=N
48142-4	E	Creatinine	DictMol	17	Creatinine	Creatinine	0	CN1CC(=O)NC1=N
2480-2	E	Inositol	DictMol	0	Inositol	Inositol	0	O[C@H]1[C@H](O)[C@@H](O)[C@H](O)[C@@H](O)[C@H]1O
2480-2	E	Inositol	DictMol	0	Inositol	Inositol	0	O[C@H]1[C@H](O)[C@@H](O)[C@H](O)[C@@H](O)[C@H]1O
2480-2	E	Inositol	DictMol	0	Inositol	Inositol	0	O[C@H]1[C@H](O)[C@@H](O)[C@H](O)[C@@H](O)[C@H]1O
11220-1	E	Iodine	E	0	Iodine	Iodine	0	
17024-1	E	Iodine	E	0	Iodine	Iodine	0	
10878-7	E	Iodine	E	0	Iodine	Iodine	0	
2503-1	E	Iron	E	0	Iron	Iron	0	
14801-5	E	Iron	E	0	Iron	Iron	0	
14801-5	E	Iron	E	0	Iron	Iron	0	
14801-5	E	Iron	E	0	Iron	Iron	0	
14801-5	E	Iron	E	0	Iron	Iron	0	
2506-4	E	Isocitrate dehydrogenase	DictMol	0	Isocitrate dehydrogenase	Isocltrate dehydrogenase	0	CC(=CC1=CC=CC=C1)C2=CC3=C(C=C2)C(CC(C3(C)C)O)(C)C.CC(=CC1=CC=CC=C1)C2=CC3=C(C=C2)C(C(CC3(C)C)O)(C)C
101993-4	E	Creatinine	DictMol	11	Creatinine	Creatinine	0	CN1CC(=O)NC1=N
101993-4	E	Creatinine	DictMol	11	Creatinine	Creatinine	0	CN1CC(=O)NC1=N
101993-4	E	Creatinine	DictMol	11	Creatinine	Creatinine	0	CN1CC(=O)NC1=N
53470-1	E	Kynurenin	DictMol	0	Kynurenin	Kynurenin	0	COC1C=CC(N)=C(C(=O)CC(NC(C)=O)C(=O)O)C=1
75740-1	E	Lathosterol	DictMol	0	Lathosterol	Lathosterol	0	C[C@H](CCCC(C)C)[C@H]1CC[C@@H]2[C@@]1(CC[C@H]3C2=CC[C@@H]4[C@@]3(CC[C@@H](C4)O)C)C
35150-2	E	C12:0	DictMol	9	C12:0	C12:0	0	CCCCCCCCCCCC(=O)O
35150-2	E	C12:0	DictMol	9	C12:0	C12:0	0	CCCCCCCCCCCC(=O)O
35150-2	E	C12:0	DictMol	9	C12:0	C12:0	0	CCCCCCCCCCCC(=O)O
35150-2	E	C12:0	DictMol	9	C12:0	C12:0	0	CCCCCCCCCCCC(=O)O
35151-0	E	C12:1	DictMol	12	C12:1	C12:1	0	CCCCCCCCC/C=C/C(=O)O
35151-0	E	C12:1	DictMol	12	C12:1	C12:1	0	CCCCCCCCC/C=C/C(=O)O
2555-1	E	Lecithin	G	0	Lecithin	Lecithin	0	
2555-1	E	Lecithin	G	0	Lecithin	Lecithin	0	
14976-5	E	Lecithin	G	0	Lecithin	Lecithin	0	
14976-5	E	Sphingomyelin	G	9	Sphingomyelin	Sphingomyelin	0	
14976-5	E	Lecithin	G	0	Lecithin	Lecithin	0	
14976-5	E	Sphingomyelin	G	9	Sphingomyelin	Sphingomyelin	0	
14976-5	E	Lecithin	G	0	Lecithin	Lecithin	0	
14976-5	E	Sphingomyelin	G	9	Sphingomyelin	Sphingomyelin	0	
14976-5	E	Lecithin	G	0	Lecithin	Lecithin	0	
14976-5	E	Sphingomyelin	G	9	Sphingomyelin	Sphingomyelin	0	
12726-6	E	Leucine-enkephalin	DictMol	0	Leucine-enkephalin	Leucine-enkephalin	0	CC(C)C[C@@H](C(=O)O)NC(=O)[C@H](CC1=CC=CC=C1)NC(=O)CNC(=O)CNC(=O)[C@H](CC2=CC=C(C=C2)O)N
104671-3	E	Leukotriene B4	DictMol	0	Leukotriene B4	LeukotrieneB4	0	CCCCC/C=C\C[C@H](/C=C/C=C/C=C\[C@H](CCCC(=O)O)O)O
104671-3	E	Leukotriene B4	DictMol	0	Leukotriene B4	LeukotrieneB4	0	CCCCC/C=C\C[C@H](/C=C/C=C/C=C\[C@H](CCCC(=O)O)O)O
101115-4	E	Leukotriene E4	DictMol	0	Leukotriene E4	Leukotriene E4	0	CCCCC/C=C\C/C=C\C=C\C=C\[C@H]([C@H](CCCC(=O)O)O)SC[C@@H](C(=O)O)N
101115-4	E	Creatinine	DictMol	15	Creatinine	Creatinine	0	CN1CC(=O)NC1=N
101115-4	E	Leukotriene E4	DictMol	0	Leukotriene E4	Leukotriene E4	0	CCCCC/C=C\C/C=C\C=C\C=C\[C@H]([C@H](CCCC(=O)O)O)SC[C@@H](C(=O)O)N
101115-4	E	Creatinine	DictMol	15	Creatinine	Creatinine	0	CN1CC(=O)NC1=N
101115-4	E	Leukotriene E4	DictMol	0	Leukotriene E4	Leukotriene E4	0	CCCCC/C=C\C/C=C\C=C\C=C\[C@H]([C@H](CCCC(=O)O)O)SC[C@@H](C(=O)O)N
101115-4	E	Creatinine	DictMol	15	Creatinine	Creatinine	0	CN1CC(=O)NC1=N
101115-4	E	Leukotriene E4	DictMol	0	Leukotriene E4	Leukotriene E4	0	CCCCC/C=C\C/C=C\C=C\C=C\[C@H]([C@H](CCCC(=O)O)O)SC[C@@H](C(=O)O)N
101115-4	E	Creatinine	DictMol	15	Creatinine	Creatinine	0	CN1CC(=O)NC1=N
101115-4	E	Leukotriene E4	DictMol	0	Leukotriene E4	Leukotriene E4	0	CCCCC/C=C\C/C=C\C=C\C=C\[C@H]([C@H](CCCC(=O)O)O)SC[C@@H](C(=O)O)N
101115-4	E	Creatinine	DictMol	15	Creatinine	Creatinine	0	CN1CC(=O)NC1=N
101115-4	E	Leukotriene E4	DictMol	0	Leukotriene E4	Leukotriene E4	0	CCCCC/C=C\C/C=C\C=C\C=C\[C@H]([C@H](CCCC(=O)O)O)SC[C@@H](C(=O)O)N
101115-4	E	Creatinine	DictMol	15	Creatinine	Creatinine	0	CN1CC(=O)NC1=N
101115-4	E	Leukotriene E4	DictMol	0	Leukotriene E4	Leukotriene E4	0	CCCCC/C=C\C/C=C\C=C\C=C\[C@H]([C@H](CCCC(=O)O)O)SC[C@@H](C(=O)O)N
101115-4	E	Creatinine	DictMol	15	Creatinine	Creatinine	0	CN1CC(=O)NC1=N
101115-4	E	Leukotriene E4	DictMol	0	Leukotriene E4	Leukotriene E4	0	CCCCC/C=C\C/C=C\C=C\C=C\[C@H]([C@H](CCCC(=O)O)O)SC[C@@H](C(=O)O)N
101115-4	E	Creatinine	DictMol	15	Creatinine	Creatinine	0	CN1CC(=O)NC1=N
79587-2	E	Creatinine	DictMol	15	Creatinine	Creatinine	0	CN1CC(=O)NC1=N
79587-2	E	Creatinine	DictMol	15	Creatinine	Creatinine	0	CN1CC(=O)NC1=N
79587-2	E	Creatinine	DictMol	15	Creatinine	Creatinine	0	CN1CC(=O)NC1=N
79587-2	E	Creatinine	DictMol	15	Creatinine	Creatinine	0	CN1CC(=O)NC1=N
79587-2	E	Creatinine	DictMol	15	Creatinine	Creatinine	0	CN1CC(=O)NC1=N
18462-2	E	C18:2	DictMol	20	C18:2	C18:2	0	CCCCC/C=C\C/C=C\CCCCCCCC(=O)O
18462-2	E	C18:2	DictMol	20	C18:2	C18:2	0	CCCCC/C=C\C/C=C\CCCCCCCC(=O)O
79626-8	E	Creatinine	DictMol	19	Creatinine	Creatinine	0	CN1CC(=O)NC1=N
79626-8	E	Creatinine	DictMol	19	Creatinine	Creatinine	0	CN1CC(=O)NC1=N
79626-8	E	Creatinine	DictMol	19	Creatinine	Creatinine	0	CN1CC(=O)NC1=N
46754-8	E	Hydroxy	A	11	Hydroxy	Hydroxy	0	
46754-8	E	Acyl	G	19	Acyl	Acyl	0	
46754-8	E	Hydroxy	A	11	Hydroxy	Hydroxy	0	
46754-8	E	Acyl	G	19	Acyl	Acyl	0	
2588-2	E	Lysolecithin	G	0	Lysolecithin	Lysolecithin	0	
75736-9	E	Lysophosphatidylcholine(16:0)	DictMol	0	Lysophosphatidylcholine(16:0)	Lysophosphatidylcholine(16:0)	0	CCCCCCCCCCCCCCCC(=O)OC[C@@H](COP(=O)([O-])OCC[N+](C)(C)C)O
75737-7	E	Lysophosphatidylcholine(18:0)	DictMol	0	Lysophosphatidylcholine(18:0)	Lysophosphatidylcholine(18:0)	0	CCCCCCCCCCCCCCCCCC(=O)OC[C@H](COP(=O)([O-])OCC[N+](C)(C)C)O
75737-7	E	Lysophosphatidylcholine(18:0)	DictMol	0	Lysophosphatidylcholine(18:0)	Lysophosphatidylcholine(18:0)	0	CCCCCCCCCCCCCCCCCC(=O)OC[C@H](COP(=O)([O-])OCC[N+](C)(C)C)O
90920-0	E	Lysophosphatidylcholine(20:0)	DictMol	0	Lysophosphatidylcholine(20:0)	Lysophosphatidylcholine(20:0)	0	CCCCCCCCCCCCCCCCCCCC(=O)OC[C@H](COP(=O)([O-])OCC[N+](C)(C)C)O
90921-8	E	Lysophosphatidylcholine(22:0)	DictMol	0	Lysophosphatidylcholine(22:0)	Lysophosphatidylcholine(22:0)	0	CCCCCCCCCCCCCCCCCCCCCC(=O)OC[C@H](COP(=O)([O-])OCC[N+](C)(C)C)O
90922-6	E	Lysophosphatidylcholine(24:0)	DictMol	0	Lysophosphatidylcholine(24:0)	Lysophosphatidylcholine(24:0)	0	CCCCCCCCCCCCCCCCCCCCCCCC(=O)OC[C@H](COP(=O)([O-])OCC[N+](C)(C)C)O
79320-8	E	Lysophosphatidylcholine	G	0	Lysophosphatidylcholine	Lysophosphatidylcholine	0	
79320-8	E	Lysophosphatidylcholine	G	0	Lysophosphatidylcholine	Lysophosphatidylcholine	0	
79320-8	E	Lysophosphatidylcholine	G	0	Lysophosphatidylcholine	Lysophosphatidylcholine	0	
79320-8	E	Lysophosphatidylcholine	G	0	Lysophosphatidylcholine	Lysophosphatidylcholine	0	
10880-3	E	Magnesium	E	0	Magnesium	Magnesium	0	
10880-3	E	Magnesium	E	0	Magnesium	Magnesium	0	
10880-3	E	Magnesium	E	0	Magnesium	Magnesium	0	
20872-8	E	Magnesium	E	0	Magnesium	Magnesium	0	
20872-8	E	Magnesium	E	0	Magnesium	Magnesium	0	
2600-5	E	Magnesium	E	0	Magnesium	Magnesium	0	
2600-5	E	Magnesium	E	0	Magnesium	Magnesium	0	
2600-5	E	Magnesium	E	0	Magnesium	Magnesium	0	
2600-5	E	Magnesium	E	0	Magnesium	Magnesium	0	
17234-6	E	Magnesium	E	0	Magnesium	Magnesium	0	
17234-6	E	Magnesium	E	17	Magnesium	Magnesium	0	
17234-6	E	Magnesium	E	0	Magnesium	Magnesium	0	
17234-6	E	Magnesium	E	17	Magnesium	Magnesium	0	
13770-3	E	Creatinine	DictMol	7	Creatinine	Creatinine	0	CN1CC(=O)NC1=N
35172-6	E	Mead acid	DictMol	0	Mead acid	Mead acid	0	CCCCCCCC/C=C\C/C=C\C/C=C\CCCC(=O)O
35172-6	E	Mead acid	DictMol	0	Mead acid	Mead acid	0	CCCCCCCC/C=C\C/C=C\C/C=C\CCCC(=O)O
35172-6	E	Mead acid	DictMol	0	Mead acid	Mead acid	0	CCCCCCCC/C=C\C/C=C\C/C=C\CCCC(=O)O
74891-3	E	Acyl	G	13	Acyl	Acyl	0	
74891-3	E	Acyl	G	13	Acyl	Acyl	0	
46752-2	E	acyl	G	13	acyl	acyl	0	
46752-2	E	acyl	G	13	acyl	acyl	0	
46752-2	E	acyl	G	13	acyl	acyl	0	
46752-2	E	acyl	G	13	acyl	acyl	0	
46779-5	E	acyl	G	19	acyl	acyl	0	
46779-5	E	acyl	G	19	acyl	acyl	0	
46779-5	E	acyl	G	19	acyl	acyl	0	
3129-4	E	Menadione	DictMol	0	Menadione	Menadione	0	CC1=CC(=O)C2C=CC=CC=2C1=O
3129-4	E	Menadione	DictMol	0	Menadione	Menadione	0	CC1=CC(=O)C2C=CC=CC=2C1=O
3129-4	E	Menadione	DictMol	0	Menadione	Menadione	0	CC1=CC(=O)C2C=CC=CC=2C1=O
3129-4	E	Menadione	DictMol	0	Menadione	Menadione	0	CC1=CC(=O)C2C=CC=CC=2C1=O
3129-4	E	Menadione	DictMol	0	Menadione	Menadione	0	CC1=CC(=O)C2C=CC=CC=2C1=O
104629-1	E	Metanephrine	DictMol	0	Metanephrine	Metanephrine	0	CNCC(O)C1C=CC(O)=C(OC)C=1
104629-1	E	Metanephrine	DictMol	0	Metanephrine	Metanephrine	0	CNCC(O)C1C=CC(O)=C(OC)C=1
101177-4	E	Metanephrine	DictMol	0	Metanephrine	Metanephrine	0	CNCC(O)C1C=CC(O)=C(OC)C=1
101177-4	E	Creatinine	DictMol	18	Creatinine	Creatinine	0	CN1CC(=O)NC1=N
101177-4	E	Metanephrine	DictMol	0	Metanephrine	Metanephrine	0	CNCC(O)C1C=CC(O)=C(OC)C=1
101177-4	E	Creatinine	DictMol	18	Creatinine	Creatinine	0	CN1CC(=O)NC1=N
101177-4	E	Metanephrine	DictMol	0	Metanephrine	Metanephrine	0	CNCC(O)C1C=CC(O)=C(OC)C=1
101177-4	E	Creatinine	DictMol	18	Creatinine	Creatinine	0	CN1CC(=O)NC1=N
101177-4	E	Metanephrine	DictMol	0	Metanephrine	Metanephrine	0	CNCC(O)C1C=CC(O)=C(OC)C=1
101177-4	E	Creatinine	DictMol	18	Creatinine	Creatinine	0	CN1CC(=O)NC1=N
101177-4	E	Metanephrine	DictMol	0	Metanephrine	Metanephrine	0	CNCC(O)C1C=CC(O)=C(OC)C=1
101177-4	E	Creatinine	DictMol	18	Creatinine	Creatinine	0	CN1CC(=O)NC1=N
104630-9	E	Metanephrines	G	0	Metanephrines	Metanephrines	0	
104630-9	E	Metanephrines	G	0	Metanephrines	Metanephrines	0	
112916-2	E	Methotrexate	DictMol	0	Methotrexate	Methotrexate	0	CN(CC1C=NC2=NC(N)=NC(N)=C2N=1)C1C=CC(C(=O)N[C@@H](CCC(=O)O)C(=O)O)=CC=1
112916-2	E	Methotrexate	DictMol	0	Methotrexate	Methotrexate	0	CN(CC1C=NC2=NC(N)=NC(N)=C2N=1)C1C=CC(C(=O)N[C@@H](CCC(=O)O)C(=O)O)=CC=1
112916-2	E	Methotrexate	DictMol	0	Methotrexate	Methotrexate	0	CN(CC1C=NC2=NC(N)=NC(N)=C2N=1)C1C=CC(C(=O)N[C@@H](CCC(=O)O)C(=O)O)=CC=1
112916-2	E	Methotrexate	DictMol	0	Methotrexate	Methotrexate	0	CN(CC1C=NC2=NC(N)=NC(N)=C2N=1)C1C=CC(C(=O)N[C@@H](CCC(=O)O)C(=O)O)=CC=1
43289-8	E	C5:1	G	25	C5:1	C5:1	0	
43289-8	E	C5:1	G	25	C5:1	C5:1	0	
13777-8	E	Creatinine	DictMol	16	Creatinine	Creatinine	0	CN1CC(=O)NC1=N
13777-8	E	Creatinine	DictMol	16	Creatinine	Creatinine	0	CN1CC(=O)NC1=N
13777-8	E	Creatinine	DictMol	16	Creatinine	Creatinine	0	CN1CC(=O)NC1=N
13777-8	E	Creatinine	DictMol	16	Creatinine	Creatinine	0	CN1CC(=O)NC1=N
13778-6	E	Creatinine	DictMol	11	Creatinine	Creatinine	0	CN1CC(=O)NC1=N
13778-6	E	Creatinine	DictMol	11	Creatinine	Creatinine	0	CN1CC(=O)NC1=N
48145-7	E	Creatinine	DictMol	16	Creatinine	Creatinine	0	CN1CC(=O)NC1=N
48145-7	E	Creatinine	DictMol	16	Creatinine	Creatinine	0	CN1CC(=O)NC1=N
12918-9	E	Monoamine	G	0	Monoamine	Monoamine	0	
80154-8	E	Cardiolipin	G	20	Cardiolipin	Cardiolipin	0	
35157-7	E	C14:0	DictMol	11	C14:0	C14:0	0	CCCCCCCCCCCCCC(=O)O
35157-7	E	C14:0	DictMol	11	C14:0	C14:0	0	CCCCCCCCCCCCCC(=O)O
35157-7	E	C14:0	DictMol	11	C14:0	C14:0	0	CCCCCCCCCCCCCC(=O)O
35157-7	E	C14:0	DictMol	11	C14:0	C14:0	0	CCCCCCCCCCCCCC(=O)O
35158-5	E	C14:1	G	14	C14:1	C14:1	0	
35158-5	E	C14:1	G	14	C14:1	C14:1	0	
35158-5	E	C14:1	G	14	C14:1	C14:1	0	
13779-4	E	Creatinine	DictMol	21	Creatinine	Creatinine	0	CN1CC(=O)NC1=N
13779-4	E	Creatinine	DictMol	21	Creatinine	Creatinine	0	CN1CC(=O)NC1=N
13780-2	E	Creatinine	DictMol	17	Creatinine	Creatinine	0	CN1CC(=O)NC1=N
13780-2	E	Creatinine	DictMol	17	Creatinine	Creatinine	0	CN1CC(=O)NC1=N
13780-2	E	Creatinine	DictMol	17	Creatinine	Creatinine	0	CN1CC(=O)NC1=N
13780-2	E	Creatinine	DictMol	17	Creatinine	Creatinine	0	CN1CC(=O)NC1=N
79395-0	E	ubiquinone	DictMol	5	ubiquinone	ubiquinone	0	COC1=C(OC)C(=O)C(C/C=C(\C)CC/C=C(\C)CC/C=C(\C)CC/C=C(\C)CC/C=C(\C)CC/C=C(\C)CC/C=C(\C)CC/C=C(\C)CC/C=C(\C)CCC=C(C)C)=C(C)C1=O
79395-0	E	ubiquinone	DictMol	5	ubiquinone	ubiquinone	0	COC1=C(OC)C(=O)C(C/C=C(\C)CC/C=C(\C)CC/C=C(\C)CC/C=C(\C)CC/C=C(\C)CC/C=C(\C)CC/C=C(\C)CC/C=C(\C)CC/C=C(\C)CCC=C(C)C)=C(C)C1=O
79395-0	E	ubiquinone	DictMol	5	ubiquinone	ubiquinone	0	COC1=C(OC)C(=O)C(C/C=C(\C)CC/C=C(\C)CC/C=C(\C)CC/C=C(\C)CC/C=C(\C)CC/C=C(\C)CC/C=C(\C)CC/C=C(\C)CC/C=C(\C)CCC=C(C)C)=C(C)C1=O
79395-0	E	ubiquinone	DictMol	5	ubiquinone	ubiquinone	0	COC1=C(OC)C(=O)C(C/C=C(\C)CC/C=C(\C)CC/C=C(\C)CC/C=C(\C)CC/C=C(\C)CC/C=C(\C)CC/C=C(\C)CC/C=C(\C)CC/C=C(\C)CCC=C(C)C)=C(C)C1=O
79395-0	E	ubiquinone	DictMol	5	ubiquinone	ubiquinone	0	COC1=C(OC)C(=O)C(C/C=C(\C)CC/C=C(\C)CC/C=C(\C)CC/C=C(\C)CC/C=C(\C)CC/C=C(\C)CC/C=C(\C)CC/C=C(\C)CC/C=C(\C)CCC=C(C)C)=C(C)C1=O
79395-0	E	ubiquinone	DictMol	5	ubiquinone	ubiquinone	0	COC1=C(OC)C(=O)C(C/C=C(\C)CC/C=C(\C)CC/C=C(\C)CC/C=C(\C)CC/C=C(\C)CC/C=C(\C)CC/C=C(\C)CC/C=C(\C)CC/C=C(\C)CCC=C(C)C)=C(C)C1=O
79395-0	E	ubiquinone	DictMol	5	ubiquinone	ubiquinone	0	COC1=C(OC)C(=O)C(C/C=C(\C)CC/C=C(\C)CC/C=C(\C)CC/C=C(\C)CC/C=C(\C)CC/C=C(\C)CC/C=C(\C)CC/C=C(\C)CC/C=C(\C)CCC=C(C)C)=C(C)C1=O
79395-0	E	ubiquinone	DictMol	5	ubiquinone	ubiquinone	0	COC1=C(OC)C(=O)C(C/C=C(\C)CC/C=C(\C)CC/C=C(\C)CC/C=C(\C)CC/C=C(\C)CC/C=C(\C)CC/C=C(\C)CC/C=C(\C)CC/C=C(\C)CCC=C(C)C)=C(C)C1=O
79395-0	E	ubiquinone	DictMol	5	ubiquinone	ubiquinone	0	COC1=C(OC)C(=O)C(C/C=C(\C)CC/C=C(\C)CC/C=C(\C)CC/C=C(\C)CC/C=C(\C)CC/C=C(\C)CC/C=C(\C)CC/C=C(\C)CC/C=C(\C)CCC=C(C)C)=C(C)C1=O
79395-0	E	ubiquinone	DictMol	5	ubiquinone	ubiquinone	0	COC1=C(OC)C(=O)C(C/C=C(\C)CC/C=C(\C)CC/C=C(\C)CC/C=C(\C)CC/C=C(\C)CC/C=C(\C)CC/C=C(\C)CC/C=C(\C)CC/C=C(\C)CCC=C(C)C)=C(C)C1=O
79395-0	E	ubiquinone	DictMol	5	ubiquinone	ubiquinone	0	COC1=C(OC)C(=O)C(C/C=C(\C)CC/C=C(\C)CC/C=C(\C)CC/C=C(\C)CC/C=C(\C)CC/C=C(\C)CC/C=C(\C)CC/C=C(\C)CC/C=C(\C)CCC=C(C)C)=C(C)C1=O
106735-4	E	peptide	G	12	peptide	peptide	0	
106735-4	E	peptide	G	12	peptide	peptide	0	
106735-4	E	peptide	G	12	peptide	peptide	0	
106735-4	E	peptide	G	12	peptide	peptide	0	
106735-4	E	peptide	G	12	peptide	peptide	0	
106735-4	E	peptide	G	12	peptide	peptide	0	
106735-4	E	peptide	G	12	peptide	peptide	0	
106735-4	E	peptide	G	12	peptide	peptide	0	
106735-4	E	peptide	G	12	peptide	peptide	0	
59251-9	E	Creatinine	DictMol	25	Creatinine	Creatinine	0	CN1CC(=O)NC1=N
35170-0	E	C24:1	G	11	C24:1	C24:1	0	
35170-0	E	C24:1	G	11	C24:1	C24:1	0	
35170-0	E	C24:1	G	11	C24:1	C24:1	0	
35170-0	E	C24:1	G	11	C24:1	C24:1	0	
49866-7	E	Neuropeptide Y	DictMol	0	Neuropeptide Y	Neuropeptide Y	0	CC[C@H](C)[C@H](NC(=O)[C@H](CC1C=CC(O)=CC=1)NC(=O)[C@H](CC1=CN=CN1)NC(=O)[C@H](CCCNC(=N)N)NC(=O)[C@H](CC(C)C)NC(=O)[C@H](C)NC(=O)[C@H](CO)NC(=O)[C@H](CC1C=CC(O)=CC=1)NC(=O)[C@H](CC1C=CC(O)=CC=1)NC(=O)[C@H](CCCNC(=N)N)NC(=O)[C@H](C)NC(=O)[C@H](CC(C)C)NC(=O)[C@H](CC(=O)O)NC(=O)[C@H](CCC(=O)O)NC(=O)[C@H](C)NC(=O)[C@@H]1CCCN1C(=O)[C@H](C)NC(=O)[C@H](CC(=O)O)NC(=O)[C@H](CCC(=O)O)NC(=O)CNC(=O)[C@@H]1CCCN1C(=O)[C@H](CC(N)=O)NC(=O)[C@H](CC(=O)O)NC(=O)[C@@H]1CCCN1C(=O)[C@H](CCCCN)NC(=O)[C@H](CO)NC(=O)[C@@H]1CCCN1C(=O)[C@@H](N)CC1C=CC(O)=CC=1)C(=O)N[C@@H](CC(N)=O)C(=O)N[C@@H](CC(C)C)C(=O)N[C@H](C(=O)N[C@H](C(=O)N[C@@H](CCCNC(=N)N)C(=O)N[C@@H](CCC(N)=O)C(=O)N[C@@H](CCCNC(=N)N)C(=O)N[C@@H](CC1C=CC(O)=CC=1)C(N)=O)[C@@H](C)O)[C@@H](C)CC
10836-5	E	Niacin	DictMol	0	Niacin	Niacin	0	O=C(O)C1C=CC=NC=1
10836-5	E	Niacin	DictMol	0	Niacin	Niacin	0	O=C(O)C1C=CC=NC=1
10836-5	E	Niacin	DictMol	0	Niacin	Niacin	0	O=C(O)C1C=CC=NC=1
74369-0	E	Nitric oxide	DictMol	0	Nitric oxide	Nitric oxide	0	[N]=O
2661-7	E	Nitrogen	E	0	Nitrogen	Nitrogen	0	
2661-7	E	Nitrogen	E	0	Nitrogen	Nitrogen	0	
32548-0	E	Nitroprusside	DictMol	0	Nitroprusside	Nitroprusside	0	[C-]#N.[C-]#N.[C-]#N.[C-]#N.[C-]#N.[N-]=O.[Fe+4]
32548-0	E	Nitroprusside	DictMol	0	Nitroprusside	Nitroprusside	0	[C-]#N.[C-]#N.[C-]#N.[C-]#N.[C-]#N.[N-]=O.[Fe+4]
35580-0	E	methyl	A	2	methyl	methyl	0	
79597-1	E	Creatinine	DictMol	21	Creatinine	Creatinine	0	CN1CC(=O)NC1=N
79597-1	E	Creatinine	DictMol	21	Creatinine	Creatinine	0	CN1CC(=O)NC1=N
79597-1	E	Creatinine	DictMol	21	Creatinine	Creatinine	0	CN1CC(=O)NC1=N
79597-1	E	Creatinine	DictMol	21	Creatinine	Creatinine	0	CN1CC(=O)NC1=N
79597-1	E	Creatinine	DictMol	21	Creatinine	Creatinine	0	CN1CC(=O)NC1=N
79597-1	E	Creatinine	DictMol	21	Creatinine	Creatinine	0	CN1CC(=O)NC1=N
79597-1	E	Creatinine	DictMol	21	Creatinine	Creatinine	0	CN1CC(=O)NC1=N
101176-6	E	Normetanephrine	DictMol	0	Normetanephrine	Normetanephrine	0	COC1C=C(C(O)CN)C=CC=1O
101176-6	E	Creatinine	DictMol	21	Creatinine	Creatinine	0	CN1CC(=O)NC1=N
101176-6	E	Normetanephrine	DictMol	0	Normetanephrine	Normetanephrine	0	COC1C=C(C(O)CN)C=CC=1O
101176-6	E	Creatinine	DictMol	21	Creatinine	Creatinine	0	CN1CC(=O)NC1=N
101176-6	E	Normetanephrine	DictMol	0	Normetanephrine	Normetanephrine	0	COC1C=C(C(O)CN)C=CC=1O
101176-6	E	Creatinine	DictMol	21	Creatinine	Creatinine	0	CN1CC(=O)NC1=N
101176-6	E	Normetanephrine	DictMol	0	Normetanephrine	Normetanephrine	0	COC1C=C(C(O)CN)C=CC=1O
101176-6	E	Creatinine	DictMol	21	Creatinine	Creatinine	0	CN1CC(=O)NC1=N
101176-6	E	Normetanephrine	DictMol	0	Normetanephrine	Normetanephrine	0	COC1C=C(C(O)CN)C=CC=1O
101176-6	E	Creatinine	DictMol	21	Creatinine	Creatinine	0	CN1CC(=O)NC1=N
77362-2	E	Creatinine	DictMol	29	Creatinine	Creatinine	0	CN1CC(=O)NC1=N
13784-4	E	C8:0	DictMol	11	C8:0	C8:0	0	CCCCCCCC(=O)O
13784-4	E	Creatinine	DictMol	17	Creatinine	Creatinine	0	CN1CC(=O)NC1=N
13784-4	E	C8:0	DictMol	11	C8:0	C8:0	0	CCCCCCCC(=O)O
13784-4	E	Creatinine	DictMol	17	Creatinine	Creatinine	0	CN1CC(=O)NC1=N
13784-4	E	C8:0	DictMol	11	C8:0	C8:0	0	CCCCCCCC(=O)O
13784-4	E	Creatinine	DictMol	17	Creatinine	Creatinine	0	CN1CC(=O)NC1=N
13784-4	E	C8:0	DictMol	11	C8:0	C8:0	0	CCCCCCCC(=O)O
13784-4	E	Creatinine	DictMol	17	Creatinine	Creatinine	0	CN1CC(=O)NC1=N
18448-1	E	Octanoylcarnitine	DictMol	0	Octanoylcarnitine	Octanoylcarnitine	0	CCCCCCCC(=O)O[C@H](CC(=O)O)C[N+](C)(C)C
13785-1	E	Creatinine	DictMol	20	Creatinine	Creatinine	0	CN1CC(=O)NC1=N
18463-0	E	C18:1	DictMol	17	C18:1	C18:1	0	CCCCCCCC/C=C\CCCCCCCC(=O)O
18463-0	E	C18:1	DictMol	17	C18:1	C18:1	0	CCCCCCCC/C=C\CCCCCCCC(=O)O
18463-0	E	C18:1	DictMol	17	C18:1	C18:1	0	CCCCCCCC/C=C\CCCCCCCC(=O)O
18463-0	E	C18:1	DictMol	17	C18:1	C18:1	0	CCCCCCCC/C=C\CCCCCCCC(=O)O
18463-0	E	C18:1	DictMol	17	C18:1	C18:1	0	CCCCCCCC/C=C\CCCCCCCC(=O)O
18463-0	E	C18:1	DictMol	17	C18:1	C18:1	0	CCCCCCCC/C=C\CCCCCCCC(=O)O
33875-6	E	Oligosaccharides	G	0	Oligosaccharides	Oligosaccharides	0	
33875-6	E	Oligosaccharides	G	0	Oligosaccharides	Oligosaccharides	0	
91670-0	E	Orexin-A	DictMol	0	Orexin-A	Orexin-A	0	CC[C@H](C)[C@@H](C(=O)N[C@@H](CC(C)C)C(=O)N[C@@H]([C@@H](C)O)C(=O)N[C@@H](CC(C)C)C(=O)N)NC(=O)CNC(=O)[C@H](C)NC(=O)[C@H](C)NC(=O)[C@H](CC1=CN=CN1)NC(=O)[C@H](CC(=O)N)NC(=O)CNC(=O)[C@H](C)NC(=O)CNC(=O)[C@H](CC2=CN=CN2)NC(=O)[C@H](CC(C)C)NC(=O)[C@H](CC(C)C)NC(=O)[C@H](CCC(=O)O)NC(=O)[C@H](CC3=CC=C(C=C3)O)NC(=O)[C@H](CC(C)C)NC(=O)[C@H](CCCNC(=N)N)NC(=O)[C@@H]4CSSC[C@H]5C(=O)N[C@H](C(=O)N[C@H](C(=O)N[C@H](C(=O)N[C@H](C(=O)N[C@@H](CSSC[C@@H](C(=O)N5)NC(=O)[C@H](CC(=O)O)NC(=O)[C@@H]6CCCN6C(=O)[C@H](CC(C)C)NC(=O)[C@@H]7CCCN7C(=O)[C@@H]8CCC(=O)N8)C(=O)N[C@H](C(=O)N4)CO)[C@@H](C)O)CCCCN)CCC(=O)N)CCCNC(=N)N
46756-3	E	fatty acid	G	6	fatty acid	fatty acid	0	
2707-8	E	Oxygen	E	11	Oxygen	Oxygen	0	
59275-8	E	Oxygen	E	0	Oxygen	Oxygen	0	
59275-8	E	Oxygen	E	0	Oxygen	Oxygen	0	
10226-9	E	Oxygen	E	0	Oxygen	Oxygen	0	
10226-9	E	Oxygen	E	0	Oxygen	Oxygen	0	
10226-9	E	Oxygen	E	0	Oxygen	Oxygen	0	
10226-9	E	Oxygen	E	0	Oxygen	Oxygen	0	
10226-9	E	Oxygen	E	0	Oxygen	Oxygen	0	
10226-9	E	Oxygen	E	0	Oxygen	Oxygen	0	
10226-9	E	Oxygen	E	0	Oxygen	Oxygen	0	
10232-7	E	Oxygen	E	0	Oxygen	Oxygen	0	
10232-7	E	Oxygen	E	0	Oxygen	Oxygen	0	
10232-7	E	Oxygen	E	0	Oxygen	Oxygen	0	
10233-5	E	Oxygen	E	0	Oxygen	Oxygen	0	
10233-5	E	Oxygen	E	0	Oxygen	Oxygen	0	
10234-3	E	Oxygen	E	0	Oxygen	Oxygen	0	
10235-0	E	Oxygen	E	0	Oxygen	Oxygen	0	
10236-8	E	Oxygen	E	0	Oxygen	Oxygen	0	
10237-6	E	Oxygen	E	0	Oxygen	Oxygen	0	
10239-2	E	Oxygen	E	0	Oxygen	Oxygen	0	
10241-8	E	Oxygen	E	0	Oxygen	Oxygen	0	
10242-6	E	Oxygen	E	0	Oxygen	Oxygen	0	
10243-4	E	Oxygen	E	0	Oxygen	Oxygen	0	
10243-4	E	Oxygen	E	0	Oxygen	Oxygen	0	
10243-4	E	Oxygen	E	0	Oxygen	Oxygen	0	
10243-4	E	Oxygen	E	0	Oxygen	Oxygen	0	
10244-2	E	Oxygen	E	0	Oxygen	Oxygen	0	
10244-2	E	Oxygen	E	0	Oxygen	Oxygen	0	
10245-9	E	Oxygen	E	0	Oxygen	Oxygen	0	
10246-7	E	Oxygen	E	0	Oxygen	Oxygen	0	
10247-5	E	Oxygen	E	0	Oxygen	Oxygen	0	
10248-3	E	Oxygen	E	0	Oxygen	Oxygen	0	
102122-9	E	Oxygen	E	0	Oxygen	Oxygen	0	
102122-9	E	Oxygen	E	0	Oxygen	Oxygen	0	
102122-9	E	Oxygen	E	0	Oxygen	Oxygen	0	
102122-9	E	Oxygen	E	0	Oxygen	Oxygen	0	
102122-9	E	Oxygen	E	0	Oxygen	Oxygen	0	
102122-9	E	Oxygen	E	0	Oxygen	Oxygen	0	
102122-9	E	Oxygen	E	0	Oxygen	Oxygen	0	
102122-9	E	Oxygen	E	0	Oxygen	Oxygen	0	
102123-7	E	Oxygen	E	0	Oxygen	Oxygen	0	
102123-7	E	Oxygen	E	0	Oxygen	Oxygen	0	
2713-6	E	Oxygen	E	0	Oxygen	Oxygen	0	
2713-6	E	oxygen	E	34	oxygen	oxygen	0	
2713-6	E	Oxygen	E	0	Oxygen	Oxygen	0	
2713-6	E	oxygen	E	34	oxygen	oxygen	0	
19214-6	E	Oxygen	E	0	Oxygen	Oxygen	0	
19214-6	E	Oxygen	E	0	Oxygen	Oxygen	0	
2712-8	E	Oxygen	E	11	Oxygen	Oxygen	0	
2712-8	E	carbon dioxide	DictMol	39	carbon dioxide	carbondioxide	0	C(=O)=O
2712-8	E	Oxygen	E	11	Oxygen	Oxygen	0	
2712-8	E	carbon dioxide	DictMol	39	carbon dioxide	carbondioxide	0	C(=O)=O
2718-5	E	Oxytocin	DictMol	0	Oxytocin	Oxytocin	0	CC[C@H](C)[C@H]1C(=O)N[C@H](C(=O)N[C@H](C(=O)N[C@@H](CSSC[C@@H](C(=O)N[C@H](C(=O)N1)CC1C=CC(=CC=1)O)N)C(=O)N1CCC[C@H]1C(=O)N[C@@H](CC(C)C)C(=O)NCC(=O)N)CC(=O)N)CCC(=O)N
2718-5	E	Oxytocin	DictMol	0	Oxytocin	Oxytocin	0	CC[C@H](C)[C@H]1C(=O)N[C@H](C(=O)N[C@H](C(=O)N[C@@H](CSSC[C@@H](C(=O)N[C@H](C(=O)N1)CC1C=CC(=CC=1)O)N)C(=O)N1CCC[C@H]1C(=O)N[C@@H](CC(C)C)C(=O)NCC(=O)N)CC(=O)N)CCC(=O)N
30357-8	E	C16:1	G	22	C16:1	C16:1	0	
30357-8	E	C16:1	G	22	C16:1	C16:1	0	
2721-9	E	polypeptide	G	11	polypeptide	polypeptide	0	
96411-4	E	polypeptide	G	11	polypeptide	polypeptide	0	
96410-6	E	polypeptide	G	11	polypeptide	polypeptide	0	
96409-8	E	polypeptide	G	11	polypeptide	polypeptide	0	
96408-0	E	polypeptide	G	11	polypeptide	polypeptide	0	
96407-2	E	polypeptide	G	11	polypeptide	polypeptide	0	
96412-2	E	polypeptide	G	11	polypeptide	polypeptide	0	
74440-9	E	Pemptoporphyrin	DictMol	0	Pemptoporphyrin	Pemptoporphyrin	0	CC1=CC2=CC3=C(C(=C(N3)C=C4C(=C(C(=N4)C=C5C(=C(C(=N5)C=C1N2)C)CCC(=O)O)CCC(=O)O)C)C=C)C
33623-0	E	Pentacarboxylporphyrin I	DictMol	0	Pentacarboxylporphyrin I	Pentacarboxylporphyrin I	0	CC1=C(C2=CC3=C(C(=C(N3)C=C4C(=C(C(=N4)C=C5C(=C(C(=N5)C=C1N2)C)CCC(=O)O)C)CCC(=O)O)CC(=O)O)CCC(=O)O)CCC(=O)O
33623-0	E	Pentacarboxylporphyrin I	DictMol	0	Pentacarboxylporphyrin I	Pentacarboxylporphyrin I	0	CC1=C(C2=CC3=C(C(=C(N3)C=C4C(=C(C(=N4)C=C5C(=C(C(=N5)C=C1N2)C)CCC(=O)O)C)CCC(=O)O)CC(=O)O)CCC(=O)O)CCC(=O)O
48119-2	E	Creatinine	DictMol	15	Creatinine	Creatinine	0	CN1CC(=O)NC1=N
14169-7	E	Peptide histidine isoleucine	DictMol	0	Peptide histidine isoleucine	Peptide histidine isoleucine	0	CC[C@H](C)[C@@H](C(=O)N)NC(=O)[C@H](CC(C)C)NC(=O)[C@H](CO)NC(=O)[C@H](CCC(=O)O)NC(=O)[C@H](CC(C)C)NC(=O)[C@H](CC1=CC=C(C=C1)O)NC(=O)[C@H](CCCCN)NC(=O)[C@H](CCCCN)NC(=O)[C@H](C)NC(=O)[C@H](CO)NC(=O)[C@H](CC(C)C)NC(=O)[C@H](CCC(=O)N)NC(=O)CNC(=O)[C@H](CC(C)C)NC(=O)[C@H](CC(C)C)NC(=O)[C@H](CCCNC(=N)N)NC(=O)[C@H](CO)NC(=O)[C@H](CC2=CC=C(C=C2)O)NC(=O)[C@H](CC(=O)O)NC(=O)[C@H](CO)NC(=O)[C@H]([C@@H](C)O)NC(=O)[C@H](CC3=CC=CC=C3)NC(=O)[C@H](C(C)C)NC(=O)CNC(=O)[C@H](CC(=O)O)NC(=O)[C@H](C)NC(=O)[C@H](CC4=CN=CN4)N
35128-8	E	Perforin	DictMol	0	Perforin	Perforine	0	CC(C)(CCC1(C(CCC2=C1N=C3C(=C2OC)C=CO3)O)OC)O
35128-8	E	Perforin	DictMol	0	Perforin	Perforine	0	CC(C)(CCC1(C(CCC2=C1N=C3C(=C2OC)C=CO3)O)OC)O
46746-4	E	Biopterin	DictMol	29	Biopterin	Biopterin	0	C[C@H]([C@H](C1=CN=C2C(=N1)C(=O)NC(=N2)N)O)O
58231-2	E	Biopterin	DictMol	29	Biopterin	Biopterin	0	C[C@H]([C@H](C1=CN=C2C(=N1)C(=O)NC(=N2)N)O)O
49574-7	E	Phosphatidylinositol	G	0	Phosphatidylinositol	Phosphatidylinositol	0	
49574-7	E	Phosphatidylserine	G	21	Phosphatidylserine	Phosphatidylserine	0	
2788-8	E	Phosphoenolpyruvate	DictMol	0	Phosphoenolpyruvate	Phosphoenolpyruvate	0	C=C(OP(=O)(O)O)C(=O)O
2788-8	E	Phosphoenolpyruvate	DictMol	0	Phosphoenolpyruvate	Phosphoenolpyruvate	0	C=C(OP(=O)(O)O)C(=O)O
2788-8	E	Phosphoenolpyruvate	DictMol	0	Phosphoenolpyruvate	Phosphoenolpyruvate	0	C=C(OP(=O)(O)O)C(=O)O
104883-4	E	Phosphorus	E	0	Phosphorus	Phosphorus	0	
104883-4	E	Phosphorus	E	39	Phosphorus	Phosphorus	0	
104883-4	E	Phosphorus	E	0	Phosphorus	Phosphorus	0	
104883-4	E	Phosphorus	E	39	Phosphorus	Phosphorus	0	
104883-4	E	Phosphorus	E	0	Phosphorus	Phosphorus	0	
104883-4	E	Phosphorus	E	39	Phosphorus	Phosphorus	0	
58793-1	E	Phytonadione	DictMol	0	Phytonadione	Phytonadione	0	CC1=C(C/C=C(\C)CCC[C@H](C)CCC[C@H](C)CCCC(C)C)C(=O)C2C=CC=CC=2C1=O
58793-1	E	Phytonadione	DictMol	0	Phytonadione	Phytonadione	0	CC1=C(C/C=C(\C)CCC[C@H](C)CCC[C@H](C)CCCC(C)C)C(=O)C2C=CC=CC=2C1=O
58793-1	E	Phytonadione	DictMol	0	Phytonadione	Phytonadione	0	CC1=C(C/C=C(\C)CCC[C@H](C)CCC[C@H](C)CCCC(C)C)C(=O)C2C=CC=CC=2C1=O
79494-1	E	Creatinine	DictMol	9	Creatinine	Creatinine	0	CN1CC(=O)NC1=N
79494-1	E	Creatinine	DictMol	9	Creatinine	Creatinine	0	CN1CC(=O)NC1=N
79494-1	E	Creatinine	DictMol	9	Creatinine	Creatinine	0	CN1CC(=O)NC1=N
12810-8	E	Porphobilinogen	DictMol	0	Porphobilinogen	Porphobilinogen	0	C1=C(C(=C(N1)CN)CC(=O)O)CCC(=O)O
12810-8	E	Porphobilinogen	DictMol	0	Porphobilinogen	Porphobilinogen	0	C1=C(C(=C(N1)CN)CC(=O)O)CCC(=O)O
12810-8	E	Porphobilinogen	DictMol	0	Porphobilinogen	Porphobilinogen	0	C1=C(C(=C(N1)CN)CC(=O)O)CCC(=O)O
12810-8	E	Porphobilinogen	DictMol	0	Porphobilinogen	Porphobilinogen	0	C1=C(C(=C(N1)CN)CC(=O)O)CCC(=O)O
12810-8	E	Porphobilinogen	DictMol	0	Porphobilinogen	Porphobilinogen	0	C1=C(C(=C(N1)CN)CC(=O)O)CCC(=O)O
12916-3	E	Porphobilinogen	DictMol	0	Porphobilinogen	Porphobilinogen	0	C1=C(C(=C(N1)CN)CC(=O)O)CCC(=O)O
12916-3	E	Porphobilinogen	DictMol	0	Porphobilinogen	Porphobilinogen	0	C1=C(C(=C(N1)CN)CC(=O)O)CCC(=O)O
12814-0	E	Potassium	E	0	Potassium	Potassium	0	
12814-0	E	Potassium	E	0	Potassium	Potassium	0	
82852-5	E	Androsterone	DictMol	29	Androsterone	Androsterone	0	C[C@@]12CC[C@@H](O)C[C@@H]2CC[C@@H]2[C@@H]1CC[C@]1(C)C(=O)CC[C@@H]21
82852-5	E	etiocholanolone	DictMol	42	etiocholanolone	etiocholanolone	0	C[C@@]12CC[C@@H](O)C[C@H]2CC[C@@H]2[C@@H]1CC[C@]1(C)C(=O)CC[C@@H]21
96291-0	E	Pregnenolone sulfate	DictMol	0	Pregnenolone sulfate	Pregnenolone sulfate	0	CC(=O)C1CCC2C3CC=C4CC(OS(=O)(=O)O)CCC4(C)C3CCC12C
96291-0	E	Pregnenolone sulfate	DictMol	0	Pregnenolone sulfate	Pregnenolone sulfate	0	CC(=O)C1CCC2C3CC=C4CC(OS(=O)(=O)O)CCC4(C)C3CCC12C
12599-7	E	C15:0	DictMol	12	C15:0	C15:0	0	CCCCCCCCCCCCCCC(=O)O
12599-7	E	C15:0	DictMol	12	C15:0	C15:0	0	CCCCCCCCCCCCCCC(=O)O
12599-7	E	C15:0	DictMol	12	C15:0	C15:0	0	CCCCCCCCCCCCCCC(=O)O
12600-3	E	C15:0	DictMol	12	C15:0	C15:0	0	CCCCCCCCCCCCCCC(=O)O
12600-3	E	C16:0	DictMol	36	C16:0	C16:0	0	CCCCCCCCCCCCCCCC(=O)O
12600-3	E	C15:0	DictMol	12	C15:0	C15:0	0	CCCCCCCCCCCCCCC(=O)O
12600-3	E	C16:0	DictMol	36	C16:0	C16:0	0	CCCCCCCCCCCCCCCC(=O)O
12600-3	E	C15:0	DictMol	12	C15:0	C15:0	0	CCCCCCCCCCCCCCC(=O)O
12600-3	E	C16:0	DictMol	36	C16:0	C16:0	0	CCCCCCCCCCCCCCCC(=O)O
14173-9	E	Progesterone	DictMol	0	Progesterone	Progesterone	0	CC(=O)[C@H]1CC[C@H]2[C@@H]3CCC4=CC(=O)CC[C@]4(C)[C@H]3CC[C@]12C
14004-6	E	Prostaglandin	G	0	Prostaglandin	Prostaglandin	0	
12838-9	E	Prostaglandin D2	DictMol	0	Prostaglandin D2	Prostaglandin D2	0	CCCCC[C@H](O)/C=C/[C@H]1C(=O)C[C@H](O)[C@@H]1C/C=C\CCCC(=O)O
17493-8	E	Prostaglandin E	DictMol	0	Prostaglandin E	Prostaglandin E	0	CCCCC[C@@H](/C=C/[C@H]1[C@@H](CC(=O)[C@@H]1C/C=C\CCCC(=O)O)O)O
12837-1	E	Prostaglandin E1	DictMol	0	Prostaglandin E1	Prostaglandin E1	0	CCCCC[C@H](O)/C=C/[C@H]1[C@H](O)CC(=O)[C@@H]1CCCCCCC(=O)O
12837-1	E	Prostaglandin E1	DictMol	0	Prostaglandin E1	Prostaglandin E1	0	CCCCC[C@H](O)/C=C/[C@H]1[C@H](O)CC(=O)[C@@H]1CCCCCCC(=O)O
12836-3	E	Prostaglandin E2	DictMol	0	Prostaglandin E2	Prostaglandin E2	0	CCCCC[C@H](O)/C=C/[C@H]1[C@H](O)CC(=O)[C@@H]1C/C=C\CCCC(=O)O
12836-3	E	Prostaglandin E2	DictMol	0	Prostaglandin E2	Prostaglandin E2	0	CCCCC[C@H](O)/C=C/[C@H]1[C@H](O)CC(=O)[C@@H]1C/C=C\CCCC(=O)O
2854-8	E	Prostaglandin	G	0	Prostaglandin	Prostaglandin	0	
10583-3	E	Prostaglandin F1 alpha	DictMol	0	Prostaglandin F1 alpha	Prostaglandin F1alpha	0	CCCCC[C@H](O)/C=C/[C@@H]1[C@@H](CCCCCCC(=O)O)[C@@H](O)C[C@H]1O
10583-3	E	Prostaglandin F1 alpha	DictMol	0	Prostaglandin F1 alpha	Prostaglandin F1alpha	0	CCCCC[C@H](O)/C=C/[C@@H]1[C@@H](CCCCCCC(=O)O)[C@@H](O)C[C@H]1O
10583-3	E	Prostaglandin F1 alpha	DictMol	0	Prostaglandin F1 alpha	Prostaglandin F1alpha	0	CCCCC[C@H](O)/C=C/[C@@H]1[C@@H](CCCCCCC(=O)O)[C@@H](O)C[C@H]1O
2860-5	E	nitrogen	E	8	nitrogen	nitrogen	0	
15093-8	E	Protoporphyrin	DictMol	0	Protoporphyrin	Protoporphyrin	0	C=CC1=C(C)C2C=C3NC(=CC4=NC(=CC5NC(C=C1N=2)=C(C)C=5CCC(=O)O)C(CCC(=O)O)=C4C)C(C)=C3C=C
15093-8	E	Protoporphyrin	DictMol	0	Protoporphyrin	Protoporphyrin	0	C=CC1=C(C)C2C=C3NC(=CC4=NC(=CC5NC(C=C1N=2)=C(C)C=5CCC(=O)O)C(CCC(=O)O)=C4C)C(C)=C3C=C
78692-1	E	Creatinine	DictMol	14	Creatinine	Creatinine	0	CN1CC(=O)NC1=N
78692-1	E	Creatinine	DictMol	14	Creatinine	Creatinine	0	CN1CC(=O)NC1=N
93686-4	E	Psychosine	DictMol	0	Psychosine	Psychosine	0	CCCCCCCCCCCCC/C=C/[C@H]([C@H](CO[C@H]1[C@@H]([C@H]([C@H]([C@H](O1)CO)O)O)O)N)O
93686-4	E	Psychosine	DictMol	0	Psychosine	Psychosine	0	CCCCCCCCCCCCC/C=C/[C@H]([C@H](CO[C@H]1[C@@H]([C@H]([C@H]([C@H](O1)CO)O)O)O)N)O
93686-4	E	Psychosine	DictMol	0	Psychosine	Psychosine	0	CCCCCCCCCCCCC/C=C/[C@H]([C@H](CO[C@H]1[C@@H]([C@H]([C@H]([C@H](O1)CO)O)O)O)N)O
93686-4	E	Psychosine	DictMol	0	Psychosine	Psychosine	0	CCCCCCCCCCCCC/C=C/[C@H]([C@H](CO[C@H]1[C@@H]([C@H]([C@H]([C@H](O1)CO)O)O)O)N)O
93686-4	E	Psychosine	DictMol	0	Psychosine	Psychosine	0	CCCCCCCCCCCCC/C=C/[C@H]([C@H](CO[C@H]1[C@@H]([C@H]([C@H]([C@H](O1)CO)O)O)O)N)O
93686-4	E	Psychosine	DictMol	0	Psychosine	Psychosine	0	CCCCCCCCCCCCC/C=C/[C@H]([C@H](CO[C@H]1[C@@H]([C@H]([C@H]([C@H](O1)CO)O)O)O)N)O
2899-3	E	Purine nucleoside phosphorylase	DictMol	0	Purine nucleoside phosphorylase	Purine-nucleoside phosphorylase	0	C1=C(C(=CN=C1Cl)N)N
10887-8	E	Pyridinoline	DictMol	0	Pyridinoline	Pyridinoline	0	C1=C(C(=C(C=[N+]1C[C@@H](CC[C@@H](C(=O)[O-])N)O)O)C[C@@H](C(=O)O)N)CC[C@@H](C(=O)O)N
10887-8	E	Pyridinoline	DictMol	0	Pyridinoline	Pyridinoline	0	C1=C(C(=C(C=[N+]1C[C@@H](CC[C@@H](C(=O)[O-])N)O)O)C[C@@H](C(=O)O)N)CC[C@@H](C(=O)O)N
10887-8	E	Pyridinoline	DictMol	0	Pyridinoline	Pyridinoline	0	C1=C(C(=C(C=[N+]1C[C@@H](CC[C@@H](C(=O)[O-])N)O)O)C[C@@H](C(=O)O)N)CC[C@@H](C(=O)O)N
35647-7	E	Pyridinoline	DictMol	0	Pyridinoline	Pyridinoline	0	C1=C(C(=C(C=[N+]1C[C@@H](CC[C@@H](C(=O)[O-])N)O)O)C[C@@H](C(=O)O)N)CC[C@@H](C(=O)O)N
35647-7	E	Deoxypyridinoline	DictMol	13	Deoxypyridinoline	Deoxypyridinoline	0	C1=C(C(=C(C=[N+]1CCCC[C@@H](C(=O)[O-])N)O)C[C@@H](C(=O)O)N)CC[C@@H](C(=O)O)N
35647-7	E	Creatinine	DictMol	31	Creatinine	Creatinine	0	CN1CC(=O)NC1=N
35647-7	E	Pyridinoline	DictMol	0	Pyridinoline	Pyridinoline	0	C1=C(C(=C(C=[N+]1C[C@@H](CC[C@@H](C(=O)[O-])N)O)O)C[C@@H](C(=O)O)N)CC[C@@H](C(=O)O)N
35647-7	E	Deoxypyridinoline	DictMol	13	Deoxypyridinoline	Deoxypyridinoline	0	C1=C(C(=C(C=[N+]1CCCC[C@@H](C(=O)[O-])N)O)C[C@@H](C(=O)O)N)CC[C@@H](C(=O)O)N
35647-7	E	Creatinine	DictMol	31	Creatinine	Creatinine	0	CN1CC(=O)NC1=N
48987-2	E	Pyridinoline	DictMol	0	Pyridinoline	Pyridinoline	0	C1=C(C(=C(C=[N+]1C[C@@H](CC[C@@H](C(=O)[O-])N)O)O)C[C@@H](C(=O)O)N)CC[C@@H](C(=O)O)N
48987-2	E	Creatinine	DictMol	18	Creatinine	Creatinine	0	CN1CC(=O)NC1=N
30552-4	E	Pyridoxal phosphate	DictMol	0	Pyridoxal phosphate	Pyridoxalphosphate	0	CC1=NC=C(C(=C1O)C=O)COP(=O)(O)O
30552-4	E	Pyridoxal phosphate	DictMol	0	Pyridoxal phosphate	Pyridoxalphosphate	0	CC1=NC=C(C(=C1O)C=O)COP(=O)(O)O
30552-4	E	Pyridoxal phosphate	DictMol	0	Pyridoxal phosphate	Pyridoxalphosphate	0	CC1=NC=C(C(=C1O)C=O)COP(=O)(O)O
30552-4	E	Pyridoxal phosphate	DictMol	0	Pyridoxal phosphate	Pyridoxalphosphate	0	CC1=NC=C(C(=C1O)C=O)COP(=O)(O)O
30552-4	E	Pyridoxal phosphate	DictMol	0	Pyridoxal phosphate	Pyridoxalphosphate	0	CC1=NC=C(C(=C1O)C=O)COP(=O)(O)O
30552-4	E	Pyridoxal phosphate	DictMol	0	Pyridoxal phosphate	Pyridoxalphosphate	0	CC1=NC=C(C(=C1O)C=O)COP(=O)(O)O
30552-4	E	Pyridoxal phosphate	DictMol	0	Pyridoxal phosphate	Pyridoxalphosphate	0	CC1=NC=C(C(=C1O)C=O)COP(=O)(O)O
30552-4	E	Pyridoxal phosphate	DictMol	0	Pyridoxal phosphate	Pyridoxalphosphate	0	CC1=NC=C(C(=C1O)C=O)COP(=O)(O)O
30552-4	E	Pyridoxal phosphate	DictMol	0	Pyridoxal phosphate	Pyridoxalphosphate	0	CC1=NC=C(C(=C1O)C=O)COP(=O)(O)O
79344-8	E	Pyridoxal phosphate	DictMol	0	Pyridoxal phosphate	Pyridoxalphosphate	0	CC1=NC=C(C(=C1O)C=O)COP(=O)(O)O
2911-6	E	lipoamide	DictMol	23	lipoamide	lipoamide	0	NC(=O)CCCCC1CCSS1
101992-6	E	Creatinine	DictMol	12	Creatinine	Creatinine	0	CN1CC(=O)NC1=N
17785-7	E	iodine	E	12	iodine	iodine	0	
17785-7	E	iodine	E	39	iodine	iodine	0	
17525-7	E	Retinoate	DictMol	0	Retinoate	Retinoate	0	CC1=C(C(CCC1)(C)C)/C=C/C(=C/C=C/C(=C/C(=O)O)/C)/C
17525-7	E	esters	G	10	esters	esters	0	
17525-7	E	Retinoate	DictMol	0	Retinoate	Retinoate	0	CC1=C(C(CCC1)(C)C)/C=C/C(=C/C=C/C(=C/C(=O)O)/C)/C
17525-7	E	esters	G	10	esters	esters	0	
17525-7	E	Retinoate	DictMol	0	Retinoate	Retinoate	0	CC1=C(C(CCC1)(C)C)/C=C/C(=C/C=C/C(=C/C(=O)O)/C)/C
17525-7	E	esters	G	10	esters	esters	0	
17525-7	E	Retinoate	DictMol	0	Retinoate	Retinoate	0	CC1=C(C(CCC1)(C)C)/C=C/C(=C/C=C/C(=C/C(=O)O)/C)/C
17525-7	E	esters	G	10	esters	esters	0	
17525-7	E	Retinoate	DictMol	0	Retinoate	Retinoate	0	CC1=C(C(CCC1)(C)C)/C=C/C(=C/C=C/C(=C/C(=O)O)/C)/C
17525-7	E	esters	G	10	esters	esters	0	
17525-7	E	Retinoate	DictMol	0	Retinoate	Retinoate	0	CC1=C(C(CCC1)(C)C)/C=C/C(=C/C=C/C(=C/C(=O)O)/C)/C
17525-7	E	esters	G	10	esters	esters	0	
17527-3	E	Retinol	DictMol	0	Retinol	Retinol	0	CC1=C(/C=C/C(C)=C/C=C/C(C)=C/CO)C(C)(C)CCC1
17526-5	E	esters	G	8	esters	esters	0	
38496-6	E	Retinyl palmitate	DictMol	0	Retinyl palmitate	Retinyl palmitate	0	CCCCCCCCCCCCCCCC(=O)OC/C=C(C)/C=C/C=C(C)/C=C/C1=C(C)CCCC1(C)C
38496-6	E	Retinyl palmitate	DictMol	0	Retinyl palmitate	Retinyl palmitate	0	CCCCCCCCCCCCCCCC(=O)OC/C=C(C)/C=C/C=C(C)/C=C/C1=C(C)CCCC1(C)C
47884-2	E	Creatinine	DictMol	8	Creatinine	Creatinine	0	CN1CC(=O)NC1=N
82224-7	E	Ribose-5-phosphate	DictMol	0	Ribose-5-phosphate	Ribose-5-phosphate	0	C([C@H]([C@H]([C@H](C=O)O)O)O)OP(=O)(O)O
48428-7	E	C18:2	DictMol	10	C18:2	C18:2	0	CCCCC/C=C\C/C=C\CCCCCCCC(=O)O
48428-7	E	C18:2	DictMol	10	C18:2	C18:2	0	CCCCC/C=C\C/C=C\CCCCCCCC(=O)O
48428-7	E	C18:2	DictMol	10	C18:2	C18:2	0	CCCCC/C=C\C/C=C\CCCCCCCC(=O)O
48428-7	E	C18:2	DictMol	10	C18:2	C18:2	0	CCCCC/C=C\C/C=C\CCCCCCCC(=O)O
48428-7	E	C18:2	DictMol	10	C18:2	C18:2	0	CCCCC/C=C\C/C=C\CCCCCCCC(=O)O
48428-7	E	C18:2	DictMol	10	C18:2	C18:2	0	CCCCC/C=C\C/C=C\CCCCCCCC(=O)O
48428-7	E	C18:2	DictMol	10	C18:2	C18:2	0	CCCCC/C=C\C/C=C\CCCCCCCC(=O)O
48428-7	E	C18:2	DictMol	10	C18:2	C18:2	0	CCCCC/C=C\C/C=C\CCCCCCCC(=O)O
48428-7	E	C18:2	DictMol	10	C18:2	C18:2	0	CCCCC/C=C\C/C=C\CCCCCCCC(=O)O
100795-4	E	calcium	E	5	calcium	calcium	0	
100795-4	E	calcium	E	5	calcium	calcium	0	
100795-4	E	calcium	E	5	calcium	calcium	0	
100795-4	E	calcium	E	5	calcium	calcium	0	
100795-4	E	calcium	E	5	calcium	calcium	0	
100795-4	E	calcium	E	5	calcium	calcium	0	
13807-3	E	Creatinine	DictMol	14	Creatinine	Creatinine	0	CN1CC(=O)NC1=N
13807-3	E	Creatinine	DictMol	14	Creatinine	Creatinine	0	CN1CC(=O)NC1=N
13807-3	E	Creatinine	DictMol	14	Creatinine	Creatinine	0	CN1CC(=O)NC1=N
46780-3	E	acyl	G	12	acyl	acyl	0	
46780-3	E	acyl	G	12	acyl	acyl	0	
46780-3	E	acyl	G	12	acyl	acyl	0	
46780-3	E	acyl	G	12	acyl	acyl	0	
26031-5	E	Sialate	DictMol	0	Sialate	Sialate	0	CC(=O)N[C@@H]1[C@H](CC(O[C@H]1[C@@H]([C@@H](CO)O)O)(C(=O)[O-])O)O
26031-5	E	Sialate	DictMol	0	Sialate	Sialate	0	CC(=O)N[C@@H]1[C@H](CC(O[C@H]1[C@@H]([C@@H](CO)O)O)(C(=O)[O-])O)O
26031-5	E	Sialate	DictMol	0	Sialate	Sialate	0	CC(=O)N[C@@H]1[C@H](CC(O[C@H]1[C@@H]([C@@H](CO)O)O)(C(=O)[O-])O)O
26031-5	E	Sialate	DictMol	0	Sialate	Sialate	0	CC(=O)N[C@@H]1[C@H](CC(O[C@H]1[C@@H]([C@@H](CO)O)O)(C(=O)[O-])O)O
14055-8	E	Sodium	E	0	Sodium	Sodium	0	
2952-0	E	Sodium	E	0	Sodium	Sodium	0	
51419-0	E	Sodium	E	0	Sodium	Sodium	0	
16257-8	E	Sodium	E	0	Sodium	Sodium	0	
101734-2	E	Sodium	E	0	Sodium	Sodium	0	
101734-2	E	Sodium	E	0	Sodium	Sodium	0	
101734-2	E	Sodium	E	0	Sodium	Sodium	0	
101734-2	E	Sodium	E	0	Sodium	Sodium	0	
101734-2	E	Sodium	E	0	Sodium	Sodium	0	
101734-2	E	Sodium	E	0	Sodium	Sodium	0	
101734-2	E	Sodium	E	0	Sodium	Sodium	0	
101734-2	E	Sodium	E	0	Sodium	Sodium	0	
101734-2	E	Sodium	E	0	Sodium	Sodium	0	
101935-5	E	Sodium	E	0	Sodium	Sodium	0	
95850-4	E	macimorelin	DictMol	74	macimorelin	macimorelin	0	CC(C)(N)C(=O)N[C@H](CC1=CNC2C=CC=CC1=2)C(=O)N[C@H](CC1=CNC2C=CC=CC1=2)NC=O
95849-6	E	macimorelin	DictMol	74	macimorelin	macimorelin	0	CC(C)(N)C(=O)N[C@H](CC1=CNC2C=CC=CC1=2)C(=O)N[C@H](CC1=CNC2C=CC=CC1=2)NC=O
95848-8	E	macimorelin	DictMol	74	macimorelin	macimorelin	0	CC(C)(N)C(=O)N[C@H](CC1=CNC2C=CC=CC1=2)C(=O)N[C@H](CC1=CNC2C=CC=CC1=2)NC=O
95847-0	E	macimorelin	DictMol	74	macimorelin	macimorelin	0	CC(C)(N)C(=O)N[C@H](CC1=CNC2C=CC=CC1=2)C(=O)N[C@H](CC1=CNC2C=CC=CC1=2)NC=O
114470-8	E	S-Phenylmercapturic Acid	DictMol	0	S-Phenylmercapturic Acid	S-Phenylmercapturic Acid	0	CC(=O)N[C@@H](CSC1=CC=CC=C1)C(=O)O
74887-1	E	Stigmastanol	DictMol	0	Stigmastanol	Stigmastanol	0	CC[C@H](CC[C@@H](C)[C@H]1CC[C@H]2[C@@H]3CC[C@H]4C[C@@H](O)CC[C@]4(C)[C@H]3CC[C@]12C)C(C)C
74887-1	E	Stigmastanol	DictMol	0	Stigmastanol	Stigmastanol	0	CC[C@H](CC[C@@H](C)[C@H]1CC[C@H]2[C@@H]3CC[C@H]4C[C@@H](O)CC[C@]4(C)[C@H]3CC[C@]12C)C(C)C
74887-1	E	Stigmastanol	DictMol	0	Stigmastanol	Stigmastanol	0	CC[C@H](CC[C@@H](C)[C@H]1CC[C@H]2[C@@H]3CC[C@H]4C[C@@H](O)CC[C@]4(C)[C@H]3CC[C@]12C)C(C)C
34523-1	E	Succinate semialdehyde	DictMol	0	Succinate semialdehyde	Succinate semialdehyde	0	C(CC(=O)[O-])C=O
34523-1	E	Succinate semialdehyde	DictMol	0	Succinate semialdehyde	Succinate semialdehyde	0	C(CC(=O)[O-])C=O
13813-1	E	Succinylacetone	DictMol	0	Succinylacetone	Succinylacetone	0	CC(=O)CC(=O)CCC(=O)O
13813-1	E	Creatinine	DictMol	16	Creatinine	Creatinine	0	CN1CC(=O)NC1=N
63553-2	E	Succinylaminoimidazole carboxamide riboside	DictMol	0	Succinylaminoimidazole carboxamide riboside	Succinylaminoimidazole carboxamide riboside	0	C1=NC(=C(N1[C@H]2[C@@H]([C@@H]([C@H](O2)COP(=O)(O)O)O)O)N)C(=O)N[C@@H](CC(=O)O)C(=O)O
74443-3	E	Sucrose	DictMol	0	Sucrose	Sucrose	0	OC[C@H]1O[C@@](CO)(O[C@H]2O[C@H](CO)[C@@H](O)[C@H](O)[C@H]2O)[C@@H](O)[C@@H]1O
74443-3	E	Creatinine	DictMol	8	Creatinine	Creatinine	0	CN1CC(=O)NC1=N
74443-3	E	sugar	G	62	sugar	sugar	0	
33876-4	E	Creatinine	DictMol	14	Creatinine	Creatinine	0	CN1CC(=O)NC1=N
111517-9	E	peptide	G	47	peptide	peptide	0	
93328-3	E	Taurochenodeoxycholate	DictMol	0	Taurochenodeoxycholate	Taurochenodeoxycholate	0	C[C@H](CCC(=O)NCCS(=O)(=O)O)[C@H]1CC[C@H]2[C@@H]3[C@H](O)C[C@@H]4C[C@H](O)CC[C@]4(C)[C@H]3CC[C@]12C
93326-7	E	Taurodeoxycholate	DictMol	0	Taurodeoxycholate	Taurodeoxycholate	0	C[C@H](CCC(=O)NCCS(=O)(=O)O)[C@H]1CC[C@@H]2[C@@]1([C@H](C[C@H]3[C@H]2CC[C@H]4[C@@]3(CC[C@H](C4)O)C)O)C
93325-9	E	Taurohyodeoxycholate	DictMol	0	Taurohyodeoxycholate	Taurohyodeoxycholate	0	C[C@H](CCC(=O)NCCS(=O)(=O)O)C1CC[C@H]2[C@@H]3C[C@H](O)[C@@H]4C[C@H](O)CC[C@]4(C)[C@H]3CC[C@]12C
93324-2	E	Taurolithocholate	DictMol	0	Taurolithocholate	Taurolithocholate	0	C[C@H](CCC(=O)NCCS(=O)(=O)O)[C@H]1CC[C@H]2[C@@H]3CC[C@@H]4C[C@H](O)CC[C@]4(C)[C@H]3CC[C@]12C
93323-4	E	Tauroursodeoxycholate	DictMol	0	Tauroursodeoxycholate	Tauroursodeoxycholate	0	C[C@H](CCC(=O)NCCS(=O)(=O)O)[C@H]1CC[C@@H]2[C@@]1(CC[C@H]3[C@H]2[C@H](C[C@H]4[C@@]3(CC[C@H](C4)O)C)O)C
49041-7	E	Testosterone	DictMol	0	Testosterone	Testosterone	0	C[C@@]12CC[C@H]3[C@@H](CCC4=CC(=O)CC[C@]34C)[C@@H]2CC[C@@H]1O
70239-9	E	Testosterone	DictMol	0	Testosterone	Testosterone	0	C[C@@]12CC[C@H]3[C@@H](CCC4=CC(=O)CC[C@]34C)[C@@H]2CC[C@@H]1O
107500-1	E	Testosterone	DictMol	0	Testosterone	Testosterone	0	C[C@@]12CC[C@H]3[C@@H](CCC4=CC(=O)CC[C@]34C)[C@@H]2CC[C@@H]1O
107501-9	E	Testosterone	DictMol	0	Testosterone	Testosterone	0	C[C@@]12CC[C@H]3[C@@H](CCC4=CC(=O)CC[C@]34C)[C@@H]2CC[C@@H]1O
107501-9	E	Testosterone	DictMol	0	Testosterone	Testosterone	0	C[C@@]12CC[C@H]3[C@@H](CCC4=CC(=O)CC[C@]34C)[C@@H]2CC[C@@H]1O
21555-8	E	Testosterone	DictMol	0	Testosterone	Testosterone	0	C[C@@]12CC[C@H]3[C@@H](CCC4=CC(=O)CC[C@]34C)[C@@H]2CC[C@@H]1O
41869-9	E	Testosterone	DictMol	11	Testosterone	Testosterone	0	C[C@@]12CC[C@H]3[C@@H](CCC4=CC(=O)CC[C@]34C)[C@@H]2CC[C@@H]1O
41869-9	E	Testosterone	DictMol	42	Testosterone	Testosterone	0	C[C@@]12CC[C@H]3[C@@H](CCC4=CC(=O)CC[C@]34C)[C@@H]2CC[C@@H]1O
30123-4	E	Testosterone	DictMol	0	Testosterone	Testosterone	0	C[C@@]12CC[C@H]3[C@@H](CCC4=CC(=O)CC[C@]34C)[C@@H]2CC[C@@H]1O
103227-5	E	Testosterone	DictMol	0	Testosterone	Testosterone	0	C[C@@]12CC[C@H]3[C@@H](CCC4=CC(=O)CC[C@]34C)[C@@H]2CC[C@@H]1O
103227-5	E	Testosterone	DictMol	0	Testosterone	Testosterone	0	C[C@@]12CC[C@H]3[C@@H](CCC4=CC(=O)CC[C@]34C)[C@@H]2CC[C@@H]1O
103227-5	E	Testosterone	DictMol	0	Testosterone	Testosterone	0	C[C@@]12CC[C@H]3[C@@H](CCC4=CC(=O)CC[C@]34C)[C@@H]2CC[C@@H]1O
103227-5	E	Testosterone	DictMol	0	Testosterone	Testosterone	0	C[C@@]12CC[C@H]3[C@@H](CCC4=CC(=O)CC[C@]34C)[C@@H]2CC[C@@H]1O
17686-7	E	Testosterone	DictMol	0	Testosterone	Testosterone	0	C[C@@]12CC[C@H]3[C@@H](CCC4=CC(=O)CC[C@]34C)[C@@H]2CC[C@@H]1O
50061-1	E	Creatinine	DictMol	18	Creatinine	Creatinine	0	CN1CC(=O)NC1=N
50062-9	E	Creatinine	DictMol	18	Creatinine	Creatinine	0	CN1CC(=O)NC1=N
18457-2	E	C14:1	G	24	C14:1	C14:1	0	
18457-2	E	C14:1	G	24	C14:1	C14:1	0	
95569-0	E	corticosterone	DictMol	14	corticosterone	corticosterone	0	C[C@@]12C[C@H](O)[C@H]3[C@@H](CCC4=CC(=O)CC[C@]34C)[C@@H]2CC[C@@H]1C(=O)CO
107340-2	E	Tetrahydroaldosterone	DictMol	0	Tetrahydroaldosterone	Tetrahydroaldosterone	0	C[C@]12CC[C@H](C[C@H]1CC[C@@H]3[C@@H]2[C@@H]4C[C@]5([C@H]3CC[C@@H]5C(=O)CO)C(O4)O)O
107340-2	E	Tetrahydroaldosterone	DictMol	0	Tetrahydroaldosterone	Tetrahydroaldosterone	0	C[C@]12CC[C@H](C[C@H]1CC[C@@H]3[C@@H]2[C@@H]4C[C@]5([C@H]3CC[C@@H]5C(=O)CO)C(O4)O)O
107560-5	E	Tetrahydroaldosterone-3-glucuronide	DictMol	0	Tetrahydroaldosterone-3-glucuronide	Tetrahydroaldosterone-3-glucuronide	0	C[C@]12CCC(CC1CCC3C2[C@@H]4CC5(C3CC[C@@H]5C(=O)CO)C(O4)O)O[C@H]6[C@@H]([C@@H]([C@@H]([C@H](O6)C(=O)O)O)O)O
33877-2	E	Tetrahydrobiopterin	DictMol	0	Tetrahydrobiopterin	Tetrahydrobiopterin	0	C[C@H](O)[C@H](O)[C@H]1CNC2N=C(N)NC(=O)C=2N1
33877-2	E	Biopterin	DictMol	20	Biopterin	Biopterin	0	C[C@H]([C@H](C1=CN=C2C(=N1)C(=O)NC(=N2)N)O)O
33877-2	E	Tetrahydrobiopterin	DictMol	0	Tetrahydrobiopterin	Tetrahydrobiopterin	0	C[C@H](O)[C@H](O)[C@H]1CNC2N=C(N)NC(=O)C=2N1
33877-2	E	Biopterin	DictMol	20	Biopterin	Biopterin	0	C[C@H]([C@H](C1=CN=C2C(=N1)C(=O)NC(=N2)N)O)O
33877-2	E	Tetrahydrobiopterin	DictMol	0	Tetrahydrobiopterin	Tetrahydrobiopterin	0	C[C@H](O)[C@H](O)[C@H]1CNC2N=C(N)NC(=O)C=2N1
33877-2	E	Biopterin	DictMol	20	Biopterin	Biopterin	0	C[C@H]([C@H](C1=CN=C2C(=N1)C(=O)NC(=N2)N)O)O
33877-2	E	Tetrahydrobiopterin	DictMol	0	Tetrahydrobiopterin	Tetrahydrobiopterin	0	C[C@H](O)[C@H](O)[C@H]1CNC2N=C(N)NC(=O)C=2N1
33877-2	E	Biopterin	DictMol	20	Biopterin	Biopterin	0	C[C@H]([C@H](C1=CN=C2C(=N1)C(=O)NC(=N2)N)O)O
33877-2	E	Tetrahydrobiopterin	DictMol	0	Tetrahydrobiopterin	Tetrahydrobiopterin	0	C[C@H](O)[C@H](O)[C@H]1CNC2N=C(N)NC(=O)C=2N1
33877-2	E	Biopterin	DictMol	20	Biopterin	Biopterin	0	C[C@H]([C@H](C1=CN=C2C(=N1)C(=O)NC(=N2)N)O)O
82908-5	E	Tetrahydrocortisol	DictMol	0	Tetrahydrocortisol	Tetrahydrocortisol	0	C[C@]12CC[C@H](C[C@H]1CC[C@@H]3[C@@H]2[C@H](C[C@]4([C@H]3CC[C@@]4(C(=O)CO)O)C)O)O
82908-5	E	5-Alpha tetrahydrocortisol	DictMol	19	5-Alpha tetrahydrocortisol	5Alpha-tetrahydrocortisol	0	C[C@]12CC[C@H](C[C@@H]1CC[C@@H]3[C@@H]2[C@H](C[C@]4([C@H]3CC[C@@]4(C(=O)CO)O)C)O)O
82856-6	E	Tetrahydrocortisol	DictMol	0	Tetrahydrocortisol	Tetrahydrocortisol	0	C[C@]12CC[C@H](C[C@H]1CC[C@@H]3[C@@H]2[C@H](C[C@]4([C@H]3CC[C@@]4(C(=O)CO)O)C)O)O
82856-6	E	5-alpha tetrahydrocortisol	DictMol	19	5-alpha tetrahydrocortisol	5alpha-tetrahydrocortisol	0	C[C@]12CC[C@H](C[C@@H]1CC[C@@H]3[C@@H]2[C@H](C[C@]4([C@H]3CC[C@@]4(C(=O)CO)O)C)O)O
82856-6	E	Tetrahydrocortisone	DictMol	46	Tetrahydrocortisone	Tetrahydrocortisone	0	C[C@@]12CC[C@@H](O)C[C@H]2CC[C@@H]2[C@@H]1C(=O)C[C@@]1(C)[C@H]2CC[C@]1(O)C(=O)CO
49115-9	E	Thiamine	DictMol	0	Thiamine	Thiamine	0	CC1N=CC(C[N+]2=CSC(CCO)=C2C)=C(N)N=1.[Cl-]
3000-7	E	Thiamine pyrophosphate	DictMol	0	Thiamine pyrophosphate	Thiamine pyrophosphate	0	CC1=C(SC=[N+]1CC2=CN=C(N=C2N)C)CCOP(=O)(O)OP(=O)(O)O.[Cl-]
3000-7	E	Thiamine pyrophosphate	DictMol	0	Thiamine pyrophosphate	Thiamine pyrophosphate	0	CC1=C(SC=[N+]1CC2=CN=C(N=C2N)C)CCOP(=O)(O)OP(=O)(O)O.[Cl-]
3000-7	E	Thiamine pyrophosphate	DictMol	0	Thiamine pyrophosphate	Thiamine pyrophosphate	0	CC1=C(SC=[N+]1CC2=CN=C(N=C2N)C)CCOP(=O)(O)OP(=O)(O)O.[Cl-]
3000-7	E	Thiamine pyrophosphate	DictMol	0	Thiamine pyrophosphate	Thiamine pyrophosphate	0	CC1=C(SC=[N+]1CC2=CN=C(N=C2N)C)CCOP(=O)(O)OP(=O)(O)O.[Cl-]
3000-7	E	Thiamine pyrophosphate	DictMol	0	Thiamine pyrophosphate	Thiamine pyrophosphate	0	CC1=C(SC=[N+]1CC2=CN=C(N=C2N)C)CCOP(=O)(O)OP(=O)(O)O.[Cl-]
91141-2	E	6-MMP	DictMol	38	6-MMP	6-MMP	0	CSC1=NC=NC2=C1NC=N2
91142-0	E	6-MMP	DictMol	38	6-MMP	6-MMP	0	CSC1=NC=NC2=C1NC=N2
91142-0	E	riboside	G	44	riboside	riboside	0	
91143-8	E	riboside	G	44	riboside	riboside	0	
48154-9	E	Creatinine	DictMol	27	Creatinine	Creatinine	0	CN1CC(=O)NC1=N
48154-9	E	Creatinine	DictMol	27	Creatinine	Creatinine	0	CN1CC(=O)NC1=N
48155-6	E	Creatinine	DictMol	31	Creatinine	Creatinine	0	CN1CC(=O)NC1=N
48157-2	E	Creatinine	DictMol	8	Creatinine	Creatinine	0	CN1CC(=O)NC1=N
74794-9	E	Thyroid hormone	G	0	Thyroid hormone	Thyroid hormone	0	
74793-1	E	Thyroid hormone	G	0	Thyroid hormone	Thyroid hormone	0	
74793-1	E	Thyroid hormone	G	0	Thyroid hormone	Thyroid hormone	0	
3018-9	E	Thyrotropin releasing hormone	DictMol	0	Thyrotropin releasing hormone	Thyrotropin-releasing hormone	0	C1=C(N=CN1)C[C@@H](C(=O)N1CCC[C@H]1C(=O)N)NC(=O)[C@@H]1CCC(=O)N1
69573-4	E	C5:1	G	41	C5:1	C5:1	0	
14179-6	E	polypeptide	G	7	polypeptide	polypeptide	0	
14179-6	E	polypeptide	G	7	polypeptide	polypeptide	0	
19184-1	E	polypeptide	G	7	polypeptide	polypeptide	0	
38417-2	E	Creatinine	DictMol	23	Creatinine	Creatinine	0	CN1CC(=O)NC1=N
12949-4	E	carbohydrate	G	12	carbohydrate	carbohydrate	0	
12949-4	E	carbohydrate	G	12	carbohydrate	carbohydrate	0	
21572-3	E	carbohydrate	G	12	carbohydrate	carbohydrate	0	
21573-1	E	carbohydrate	G	12	carbohydrate	carbohydrate	0	
21573-1	E	carbohydrate	G	12	carbohydrate	carbohydrate	0	
21574-9	E	carbohydrate	G	12	carbohydrate	carbohydrate	0	
21574-9	E	carbohydrate	G	12	carbohydrate	carbohydrate	0	
76613-9	E	carbohydrate	G	12	carbohydrate	carbohydrate	0	
21575-6	E	carbohydrate	G	12	carbohydrate	carbohydrate	0	
21576-4	E	carbohydrate	G	12	carbohydrate	carbohydrate	0	
21577-2	E	carbohydrate	G	12	carbohydrate	carbohydrate	0	
33614-9	E	carbohydrate	G	12	carbohydrate	carbohydrate	0	
94865-3	E	Triglyceride	G	0	Triglyceride	Triglyceride	0	
3044-5	E	Triglyceride	G	0	Triglyceride	Triglyceride	0	
3044-5	E	ester	G	13	ester	ester	0	
3045-2	E	Triglyceride	G	0	Triglyceride	Triglyceride	0	
3045-2	E	ester	G	13	ester	ester	0	
3046-0	E	Triglyceride	G	0	Triglyceride	Triglyceride	0	
3046-0	E	ester	G	13	ester	ester	0	
3047-8	E	Triglyceride	G	0	Triglyceride	Triglyceride	0	
3047-8	E	ester	G	13	ester	ester	0	
35362-3	E	Triglyceride	G	0	Triglyceride	Triglyceride	0	
53527-8	E	Triglyceride	G	0	Triglyceride	Triglyceride	0	
53528-6	E	Triglyceride	G	0	Triglyceride	Triglyceride	0	
35360-7	E	Triglyceride	G	0	Triglyceride	Triglyceride	0	
35360-7	E	Triglyceride	G	0	Triglyceride	Triglyceride	0	
35360-7	E	Triglyceride	G	0	Triglyceride	Triglyceride	0	
53526-0	E	Triglyceride	G	0	Triglyceride	Triglyceride	0	
70259-7	E	Triglyceride	G	0	Triglyceride	Triglyceride	0	
70259-7	E	Triglyceride	G	34	Triglyceride	Triglyceride	0	
70259-7	E	Triglyceride	G	0	Triglyceride	Triglyceride	0	
70259-7	E	Triglyceride	G	34	Triglyceride	Triglyceride	0	
70259-7	E	Triglyceride	G	0	Triglyceride	Triglyceride	0	
70259-7	E	Triglyceride	G	34	Triglyceride	Triglyceride	0	
70260-5	E	Triglyceride	G	0	Triglyceride	Triglyceride	0	
70260-5	E	Triglyceride	G	33	Triglyceride	Triglyceride	0	
70260-5	E	Triglyceride	G	0	Triglyceride	Triglyceride	0	
70260-5	E	Triglyceride	G	33	Triglyceride	Triglyceride	0	
70269-6	E	Triglyceride	G	0	Triglyceride	Triglyceride	0	
70269-6	E	Triglyceride	G	30	Triglyceride	Triglyceride	0	
70269-6	E	Triglyceride	G	0	Triglyceride	Triglyceride	0	
70269-6	E	Triglyceride	G	30	Triglyceride	Triglyceride	0	
90360-9	E	N-oxide	G	15	N-oxide	N-oxide	0	
34674-2	E	Tripeptide	G	0	Tripeptide	Tripeptide	0	
34674-2	E	Tripeptide	G	0	Tripeptide	Tripeptide	0	
34674-2	E	Tripeptide	G	0	Tripeptide	Tripeptide	0	
34674-2	E	Tripeptide	G	0	Tripeptide	Tripeptide	0	
34674-2	E	Tripeptide	G	0	Tripeptide	Tripeptide	0	
34674-2	E	Tripeptide	G	0	Tripeptide	Tripeptide	0	
34674-2	E	Tripeptide	G	0	Tripeptide	Tripeptide	0	
47222-5	E	Estriol	DictMol	77	Estriol	Estriol	0	C[C@@]12CC[C@@H]3C4C=CC(O)=CC=4CC[C@H]3[C@@H]2C[C@@H](O)[C@@H]1O
47222-5	E	Estriol	DictMol	77	Estriol	Estriol	0	C[C@@]12CC[C@@H]3C4C=CC(O)=CC=4CC[C@H]3[C@@H]2C[C@@H](O)[C@@H]1O
103542-7	E	phosphorus	E	24	phosphorus	phosphorus	0	
103542-7	E	phosphorus	E	24	phosphorus	phosphorus	0	
104604-4	E	Coenzyme Q10	DictMol	0	Coenzyme Q10	Coenzyme Q10	0	COC1=C(OC)C(=O)C(C/C=C(\C)CC/C=C(\C)CC/C=C(\C)CC/C=C(\C)CC/C=C(\C)CC/C=C(\C)CC/C=C(\C)CC/C=C(\C)CC/C=C(\C)CCC=C(C)C)=C(C)C1=O
104604-4	E	Coenzyme Q10	DictMol	0	Coenzyme Q10	Coenzyme Q10	0	COC1=C(OC)C(=O)C(C/C=C(\C)CC/C=C(\C)CC/C=C(\C)CC/C=C(\C)CC/C=C(\C)CC/C=C(\C)CC/C=C(\C)CC/C=C(\C)CC/C=C(\C)CCC=C(C)C)=C(C)C1=O
104604-4	E	Coenzyme Q10	DictMol	0	Coenzyme Q10	Coenzyme Q10	0	COC1=C(OC)C(=O)C(C/C=C(\C)CC/C=C(\C)CC/C=C(\C)CC/C=C(\C)CC/C=C(\C)CC/C=C(\C)CC/C=C(\C)CC/C=C(\C)CC/C=C(\C)CCC=C(C)C)=C(C)C1=O
104604-4	E	Coenzyme Q10	DictMol	0	Coenzyme Q10	Coenzyme Q10	0	COC1=C(OC)C(=O)C(C/C=C(\C)CC/C=C(\C)CC/C=C(\C)CC/C=C(\C)CC/C=C(\C)CC/C=C(\C)CC/C=C(\C)CC/C=C(\C)CC/C=C(\C)CCC=C(C)C)=C(C)C1=O
104604-4	E	Coenzyme Q10	DictMol	0	Coenzyme Q10	Coenzyme Q10	0	COC1=C(OC)C(=O)C(C/C=C(\C)CC/C=C(\C)CC/C=C(\C)CC/C=C(\C)CC/C=C(\C)CC/C=C(\C)CC/C=C(\C)CC/C=C(\C)CC/C=C(\C)CCC=C(C)C)=C(C)C1=O
81156-2	E	Coenzyme Q10	DictMol	0	Coenzyme Q10	Coenzyme Q10	0	COC1=C(OC)C(=O)C(C/C=C(\C)CC/C=C(\C)CC/C=C(\C)CC/C=C(\C)CC/C=C(\C)CC/C=C(\C)CC/C=C(\C)CC/C=C(\C)CC/C=C(\C)CCC=C(C)C)=C(C)C1=O
81156-2	E	Coenzyme Q10	DictMol	21	Coenzyme Q10	Coenzyme Q10	0	COC1=C(OC)C(=O)C(C/C=C(\C)CC/C=C(\C)CC/C=C(\C)CC/C=C(\C)CC/C=C(\C)CC/C=C(\C)CC/C=C(\C)CC/C=C(\C)CC/C=C(\C)CCC=C(C)C)=C(C)C1=O
81156-2	E	Coenzyme Q10	DictMol	0	Coenzyme Q10	Coenzyme Q10	0	COC1=C(OC)C(=O)C(C/C=C(\C)CC/C=C(\C)CC/C=C(\C)CC/C=C(\C)CC/C=C(\C)CC/C=C(\C)CC/C=C(\C)CC/C=C(\C)CC/C=C(\C)CCC=C(C)C)=C(C)C1=O
81156-2	E	Coenzyme Q10	DictMol	21	Coenzyme Q10	Coenzyme Q10	0	COC1=C(OC)C(=O)C(C/C=C(\C)CC/C=C(\C)CC/C=C(\C)CC/C=C(\C)CC/C=C(\C)CC/C=C(\C)CC/C=C(\C)CC/C=C(\C)CC/C=C(\C)CCC=C(C)C)=C(C)C1=O
81156-2	E	Coenzyme Q10	DictMol	0	Coenzyme Q10	Coenzyme Q10	0	COC1=C(OC)C(=O)C(C/C=C(\C)CC/C=C(\C)CC/C=C(\C)CC/C=C(\C)CC/C=C(\C)CC/C=C(\C)CC/C=C(\C)CC/C=C(\C)CC/C=C(\C)CCC=C(C)C)=C(C)C1=O
81156-2	E	Coenzyme Q10	DictMol	21	Coenzyme Q10	Coenzyme Q10	0	COC1=C(OC)C(=O)C(C/C=C(\C)CC/C=C(\C)CC/C=C(\C)CC/C=C(\C)CC/C=C(\C)CC/C=C(\C)CC/C=C(\C)CC/C=C(\C)CC/C=C(\C)CCC=C(C)C)=C(C)C1=O
16259-4	E	dihydrate	G	6	dihydrate	dihydrate	0	
48622-5	E	nitrogen	E	5	nitrogen	nitrogen	0	
19158-5	E	nitrogen	E	5	nitrogen	nitrogen	0	
12981-7	E	nitrogen	E	5	nitrogen	nitrogen	0	
3099-9	E	Uridine diphosphate glucose	DictMol	0	Uridine diphosphate glucose	Uridine diphosphate glucose	0	O=C1C=CN([C@@H]2O[C@H](COP(=O)(O)OP(=O)(O)O[C@H]3O[C@H](CO)[C@@H](O)[C@H](O)[C@H]3O)[C@@H](O)[C@H]2O)C(=O)N1
3099-9	E	Uridine diphosphate glucose	DictMol	0	Uridine diphosphate glucose	Uridine diphosphate glucose	0	O=C1C=CN([C@@H]2O[C@H](COP(=O)(O)OP(=O)(O)O[C@H]3O[C@H](CO)[C@@H](O)[C@H](O)[C@H]3O)[C@@H](O)[C@H]2O)C(=O)N1
3099-9	E	Uridine diphosphate glucose	DictMol	0	Uridine diphosphate glucose	Uridine diphosphate glucose	0	O=C1C=CN([C@@H]2O[C@H](COP(=O)(O)OP(=O)(O)O[C@H]3O[C@H](CO)[C@@H](O)[C@H](O)[C@H]3O)[C@@H](O)[C@H]2O)C(=O)N1
3099-9	E	Uridine diphosphate glucose	DictMol	0	Uridine diphosphate glucose	Uridine diphosphate glucose	0	O=C1C=CN([C@@H]2O[C@H](COP(=O)(O)OP(=O)(O)O[C@H]3O[C@H](CO)[C@@H](O)[C@H](O)[C@H]3O)[C@@H](O)[C@H]2O)C(=O)N1
3110-4	E	Uronate	G	0	Uronate	Uronate	0	
3110-4	E	Uronate	G	0	Uronate	Uronate	0	
11228-4	E	Uroporphyrin	G	0	Uroporphyrin	Uroporphyrin	0	
11228-4	E	Uroporphyrin	G	0	Uroporphyrin	Uroporphyrin	0	
11228-4	E	Uroporphyrin	G	0	Uroporphyrin	Uroporphyrin	0	
14940-1	E	Uroporphyrin	G	0	Uroporphyrin	Uroporphyrin	0	
14940-1	E	Uroporphyrin	G	0	Uroporphyrin	Uroporphyrin	0	
14940-1	E	Uroporphyrin	G	0	Uroporphyrin	Uroporphyrin	0	
14940-1	E	Uroporphyrin	G	0	Uroporphyrin	Uroporphyrin	0	
14943-5	E	Uroporphyrin	G	0	Uroporphyrin	Uroporphyrin	0	
14943-5	E	Uroporphyrin	G	0	Uroporphyrin	Uroporphyrin	0	
18380-6	E	Uroporphyrinogen	G	0	Uroporphyrinogen	Uroporphyrinogen	0	
18380-6	E	Uroporphyrinogen	G	0	Uroporphyrinogen	Uroporphyrinogen	0	
18380-6	E	Uroporphyrinogen	G	0	Uroporphyrinogen	Uroporphyrinogen	0	
11066-8	E	Uroporphyrinogen III	DictMol	0	Uroporphyrinogen III	Uroporphyrinogen III	0	C1C2=C(C(=C(N2)CC3=C(C(=C(N3)CC4=C(C(=C(N4)CC5=C(C(=C1N5)CCC(=O)O)CC(=O)O)CC(=O)O)CCC(=O)O)CC(=O)O)CCC(=O)O)CC(=O)O)CCC(=O)O
11066-8	E	Uroporphyrinogen III	DictMol	0	Uroporphyrinogen III	Uroporphyrinogen III	0	C1C2=C(C(=C(N2)CC3=C(C(=C(N3)CC4=C(C(=C(N4)CC5=C(C(=C1N5)CCC(=O)O)CC(=O)O)CC(=O)O)CCC(=O)O)CC(=O)O)CCC(=O)O)CC(=O)O)CCC(=O)O
11066-8	E	Uroporphyrinogen III	DictMol	0	Uroporphyrinogen III	Uroporphyrinogen III	0	C1C2=C(C(=C(N2)CC3=C(C(=C(N3)CC4=C(C(=C(N4)CC5=C(C(=C1N5)CCC(=O)O)CC(=O)O)CC(=O)O)CCC(=O)O)CC(=O)O)CCC(=O)O)CC(=O)O)CCC(=O)O
11066-8	E	Uroporphyrinogen III	DictMol	0	Uroporphyrinogen III	Uroporphyrinogen III	0	C1C2=C(C(=C(N2)CC3=C(C(=C(N3)CC4=C(C(=C(N4)CC5=C(C(=C1N5)CCC(=O)O)CC(=O)O)CC(=O)O)CCC(=O)O)CC(=O)O)CCC(=O)O)CC(=O)O)CCC(=O)O
11066-8	E	Uroporphyrinogen III	DictMol	0	Uroporphyrinogen III	Uroporphyrinogen III	0	C1C2=C(C(=C(N2)CC3=C(C(=C(N3)CC4=C(C(=C(N4)CC5=C(C(=C1N5)CCC(=O)O)CC(=O)O)CC(=O)O)CCC(=O)O)CC(=O)O)CCC(=O)O)CC(=O)O)CCC(=O)O
11066-8	E	Uroporphyrinogen III	DictMol	0	Uroporphyrinogen III	Uroporphyrinogen III	0	C1C2=C(C(=C(N2)CC3=C(C(=C(N3)CC4=C(C(=C(N4)CC5=C(C(=C1N5)CCC(=O)O)CC(=O)O)CC(=O)O)CCC(=O)O)CC(=O)O)CCC(=O)O)CC(=O)O)CCC(=O)O
55159-8	E	Ursodeoxycholate	DictMol	0	Ursodeoxycholate	Ursodeoxycholate	0	C[C@H](CCC(=O)O)[C@H]1CC[C@H]2[C@@H]3[C@@H](O)C[C@@H]4C[C@H](O)CC[C@]4(C)[C@H]3CC[C@]12C
55159-8	E	Ursodeoxycholate	DictMol	0	Ursodeoxycholate	Ursodeoxycholate	0	C[C@H](CCC(=O)O)[C@H]1CC[C@H]2[C@@H]3[C@@H](O)C[C@@H]4C[C@H](O)CC[C@]4(C)[C@H]3CC[C@]12C
55159-8	E	Ursodeoxycholate	DictMol	0	Ursodeoxycholate	Ursodeoxycholate	0	C[C@H](CCC(=O)O)[C@H]1CC[C@H]2[C@@H]3[C@@H](O)C[C@@H]4C[C@H](O)CC[C@]4(C)[C@H]3CC[C@]12C
55159-8	E	Ursodeoxycholate	DictMol	0	Ursodeoxycholate	Ursodeoxycholate	0	C[C@H](CCC(=O)O)[C@H]1CC[C@H]2[C@@H]3[C@@H](O)C[C@@H]4C[C@H](O)CC[C@]4(C)[C@H]3CC[C@]12C
48158-0	E	Creatinine	DictMol	10	Creatinine	Creatinine	0	CN1CC(=O)NC1=N
46753-0	E	hydroxy	A	16	hydroxy	hydroxy	0	
46753-0	E	acyl	G	24	acyl	acyl	0	
46753-0	E	hydroxy	A	16	hydroxy	hydroxy	0	
46753-0	E	acyl	G	24	acyl	acyl	0	
46753-0	E	hydroxy	A	16	hydroxy	hydroxy	0	
46753-0	E	acyl	G	24	acyl	acyl	0	
100839-0	E	Vitamin A	G	0	Vitamin A	Vitamin A	0	
100839-0	E	Retinol	DictMol	10	Retinol	Retinol	0	CC1=C(/C=C/C(C)=C/C=C/C(C)=C/CO)C(C)(C)CCC1
100839-0	E	Vitamin A	G	0	Vitamin A	Vitamin A	0	
100839-0	E	Retinol	DictMol	10	Retinol	Retinol	0	CC1=C(/C=C/C(C)=C/C=C/C(C)=C/CO)C(C)(C)CCC1
100839-0	E	Vitamin A	G	0	Vitamin A	Vitamin A	0	
100839-0	E	Retinol	DictMol	10	Retinol	Retinol	0	CC1=C(/C=C/C(C)=C/C=C/C(C)=C/CO)C(C)(C)CCC1
100839-0	E	Vitamin A	G	0	Vitamin A	Vitamin A	0	
100839-0	E	Retinol	DictMol	10	Retinol	Retinol	0	CC1=C(/C=C/C(C)=C/C=C/C(C)=C/CO)C(C)(C)CCC1
100839-0	E	Vitamin A	G	0	Vitamin A	Vitamin A	0	
100839-0	E	Retinol	DictMol	10	Retinol	Retinol	0	CC1=C(/C=C/C(C)=C/C=C/C(C)=C/CO)C(C)(C)CCC1
100839-0	E	Vitamin A	G	0	Vitamin A	Vitamin A	0	
100839-0	E	Retinol	DictMol	10	Retinol	Retinol	0	CC1=C(/C=C/C(C)=C/C=C/C(C)=C/CO)C(C)(C)CCC1
100839-0	E	Vitamin A	G	0	Vitamin A	Vitamin A	0	
100839-0	E	Retinol	DictMol	10	Retinol	Retinol	0	CC1=C(/C=C/C(C)=C/C=C/C(C)=C/CO)C(C)(C)CCC1
100839-0	E	Vitamin A	G	0	Vitamin A	Vitamin A	0	
100839-0	E	Retinol	DictMol	10	Retinol	Retinol	0	CC1=C(/C=C/C(C)=C/C=C/C(C)=C/CO)C(C)(C)CCC1
100839-0	E	Vitamin A	G	0	Vitamin A	Vitamin A	0	
100839-0	E	Retinol	DictMol	10	Retinol	Retinol	0	CC1=C(/C=C/C(C)=C/C=C/C(C)=C/CO)C(C)(C)CCC1
100839-0	E	Vitamin A	G	0	Vitamin A	Vitamin A	0	
100839-0	E	Retinol	DictMol	10	Retinol	Retinol	0	CC1=C(/C=C/C(C)=C/C=C/C(C)=C/CO)C(C)(C)CCC1
100839-0	E	Vitamin A	G	0	Vitamin A	Vitamin A	0	
100839-0	E	Retinol	DictMol	10	Retinol	Retinol	0	CC1=C(/C=C/C(C)=C/C=C/C(C)=C/CO)C(C)(C)CCC1
100839-0	E	Vitamin A	G	0	Vitamin A	Vitamin A	0	
100839-0	E	Retinol	DictMol	10	Retinol	Retinol	0	CC1=C(/C=C/C(C)=C/C=C/C(C)=C/CO)C(C)(C)CCC1
100839-0	E	Vitamin A	G	0	Vitamin A	Vitamin A	0	
100839-0	E	Retinol	DictMol	10	Retinol	Retinol	0	CC1=C(/C=C/C(C)=C/C=C/C(C)=C/CO)C(C)(C)CCC1
100839-0	E	Vitamin A	G	0	Vitamin A	Vitamin A	0	
100839-0	E	Retinol	DictMol	10	Retinol	Retinol	0	CC1=C(/C=C/C(C)=C/C=C/C(C)=C/CO)C(C)(C)CCC1
100839-0	E	Vitamin A	G	0	Vitamin A	Vitamin A	0	
100839-0	E	Retinol	DictMol	10	Retinol	Retinol	0	CC1=C(/C=C/C(C)=C/C=C/C(C)=C/CO)C(C)(C)CCC1
100839-0	E	Vitamin A	G	0	Vitamin A	Vitamin A	0	
100839-0	E	Retinol	DictMol	10	Retinol	Retinol	0	CC1=C(/C=C/C(C)=C/C=C/C(C)=C/CO)C(C)(C)CCC1
100839-0	E	Vitamin A	G	0	Vitamin A	Vitamin A	0	
100839-0	E	Retinol	DictMol	10	Retinol	Retinol	0	CC1=C(/C=C/C(C)=C/C=C/C(C)=C/CO)C(C)(C)CCC1
100839-0	E	Vitamin A	G	0	Vitamin A	Vitamin A	0	
100839-0	E	Retinol	DictMol	10	Retinol	Retinol	0	CC1=C(/C=C/C(C)=C/C=C/C(C)=C/CO)C(C)(C)CCC1
35365-6	E	Vitamin D	G	0	Vitamin D	Vitamin D	0	
35365-6	E	Vitamin D	G	0	Vitamin D	Vitamin D	0	
35365-6	E	Vitamin D	G	0	Vitamin D	Vitamin D	0	
35365-6	E	Vitamin D	G	0	Vitamin D	Vitamin D	0	
35365-6	E	Vitamin D	G	0	Vitamin D	Vitamin D	0	
80183-7	E	Xanthopterin	DictMol	0	Xanthopterin	Xanthopterin	0	NC1=NC(=O)C2NC(=O)C=NC=2N1
80183-7	E	Xanthopterin	DictMol	0	Xanthopterin	Xanthopterin	0	NC1=NC(=O)C2NC(=O)C=NC=2N1
80183-7	E	Xanthopterin	DictMol	0	Xanthopterin	Xanthopterin	0	NC1=NC(=O)C2NC(=O)C=NC=2N1
101990-0	E	Xanthurenate	DictMol	0	Xanthurenate	Xanthurenate	0	O=C(O)C1C=C(O)C2=CC=CC(O)=C2N=1
101990-0	E	Creatinine	DictMol	13	Creatinine	Creatinine	0	CN1CC(=O)NC1=N
101990-0	E	Xanthurenate	DictMol	0	Xanthurenate	Xanthurenate	0	O=C(O)C1C=C(O)C2=CC=CC(O)=C2N=1
101990-0	E	Creatinine	DictMol	13	Creatinine	Creatinine	0	CN1CC(=O)NC1=N
41221-3	E	Xanthurenate	DictMol	0	Xanthurenate	Xanthurenate	0	O=C(O)C1C=C(O)C2=CC=CC(O)=C2N=1
76651-9	E	Zinc	E	0	Zinc	Zinc	0	
76651-9	E	Zinc	E	0	Zinc	Zinc	0	
