loinc_num	component	class	definitiondescription	status	shortname	long_common_name	displayname	consumer_name	relatedname
82846-7	11-Dehydrocorticosterone+tetrahydrocorticosterone+Allo-tetrahydrocorticosterone/Androsterone+etiocholanolone	CHEM		ACTIVE	11-DHC+THB+5a-THB/An+Et 24h Ur-sRto	11-Dehydrocorticosterone+tetrahydrocorticosterone+allo-tetrahydrocorticosterone/Androsterone+etiocholanolone [Molar ratio] in 24 hour Urine	11-Dehydrocorticosterone+tetrahydrocorticosterone+allo-tetrahydrocorticosterone/Androsterone+etiocholanolone (24H U) [Molar ratio]		11-DHC+THB+5a-THB
82846-7	11-Dehydrocorticosterone+tetrahydrocorticosterone+Allo-tetrahydrocorticosterone/Androsterone+etiocholanolone	CHEM		ACTIVE	11-DHC+THB+5a-THB/An+Et 24h Ur-sRto	11-Dehydrocorticosterone+tetrahydrocorticosterone+allo-tetrahydrocorticosterone/Androsterone+etiocholanolone [Molar ratio] in 24 hour Urine	11-Dehydrocorticosterone+tetrahydrocorticosterone+allo-tetrahydrocorticosterone/Androsterone+etiocholanolone (24H U) [Molar ratio]		An+Et
82848-3	11-Dehydrocorticosterone+tetrahydrocorticosterone+Allo-tetrahydrocorticosterone/Tetrahydrocortisone+tetrahydrocortisol+5-alpha tetrahydrocortisol	CHEM		ACTIVE	11-DHC+THB+5a-THB/THE+THF+5a-THF Ur-sRto	11-Dehydrocorticosterone+tetrahydrocorticosterone+allo-tetrahydrocorticosterone/Tetrahydrocortisone+tetrahydrocortisol+5-alpha tetrahydrocortisol [Molar ratio] in Urine	11-Dehydrocorticosterone+tetrahydrocorticosterone+allo-tetrahydrocorticosterone/Tetrahydrocortisone+tetrahydrocortisol+5-alpha tetrahydrocortisol (U) [Molar ratio]		THE+THF+5a-THF
82848-3	11-Dehydrocorticosterone+tetrahydrocorticosterone+Allo-tetrahydrocorticosterone/Tetrahydrocortisone+tetrahydrocortisol+5-alpha tetrahydrocortisol	CHEM		ACTIVE	11-DHC+THB+5a-THB/THE+THF+5a-THF Ur-sRto	11-Dehydrocorticosterone+tetrahydrocorticosterone+allo-tetrahydrocorticosterone/Tetrahydrocortisone+tetrahydrocortisol+5-alpha tetrahydrocortisol [Molar ratio] in Urine	11-Dehydrocorticosterone+tetrahydrocorticosterone+allo-tetrahydrocorticosterone/Tetrahydrocortisone+tetrahydrocortisol+5-alpha tetrahydrocortisol (U) [Molar ratio]		THF+5a-THC
11061-9	11-Dehydro thromboxane beta 2	CHEM		ACTIVE	11-dehydro TBX2 24h Ur-mRate	11-Dehydro thromboxane beta 2 [Mass/time] in 24 hour Urine	11-Dehydro thromboxane beta 2 (24H U) [Mass/Time]		TxB2
11061-9	11-Dehydro thromboxane beta 2	CHEM		ACTIVE	11-dehydro TBX2 24h Ur-mRate	11-Dehydro thromboxane beta 2 [Mass/time] in 24 hour Urine	11-Dehydro thromboxane beta 2 (24H U) [Mass/Time]		11-dehydro TBX2
11061-9	11-Dehydro thromboxane beta 2	CHEM		ACTIVE	11-dehydro TBX2 24h Ur-mRate	11-Dehydro thromboxane beta 2 [Mass/time] in 24 hour Urine	11-Dehydro thromboxane beta 2 (24H U) [Mass/Time]		11dhTxB2
11061-9	11-Dehydro thromboxane beta 2	CHEM		ACTIVE	11-dehydro TBX2 24h Ur-mRate	11-Dehydro thromboxane beta 2 [Mass/time] in 24 hour Urine	11-Dehydro thromboxane beta 2 (24H U) [Mass/Time]		Aspirin Assay
11061-9	11-Dehydro thromboxane beta 2	CHEM		ACTIVE	11-dehydro TBX2 24h Ur-mRate	11-Dehydro thromboxane beta 2 [Mass/time] in 24 hour Urine	11-Dehydro thromboxane beta 2 (24H U) [Mass/Time]		Aspirin resistance
11061-9	11-Dehydro thromboxane beta 2	CHEM		ACTIVE	11-dehydro TBX2 24h Ur-mRate	11-Dehydro thromboxane beta 2 [Mass/time] in 24 hour Urine	11-Dehydro thromboxane beta 2 (24H U) [Mass/Time]		Asprin Assay
11061-9	11-Dehydro thromboxane beta 2	CHEM		ACTIVE	11-dehydro TBX2 24h Ur-mRate	11-Dehydro thromboxane beta 2 [Mass/time] in 24 hour Urine	11-Dehydro thromboxane beta 2 (24H U) [Mass/Time]		Thromboxane b2
21034-4	11-Deoxycortisol^evening specimen	CHEM		ACTIVE	11DC evening SerPl-mCnc	11-Deoxycortisol [Mass/volume] in Serum or Plasma --evening specimen	11-Deoxycortisol evening specimen [Mass/Vol]		PM
82861-6	11-Deoxytetrahydrocortisol/Tetrahydrocortisone+tetrahydrocortisol+5-alpha tetrahydrocortisol	CHEM		ACTIVE	THS/THE+THF+5a-THF 24h Ur-sRto	11-Deoxytetrahydrocortisol/Tetrahydrocortisone+tetrahydrocortisol+5-alpha tetrahydrocortisol [Molar ratio] in 24 hour Urine	11-Deoxytetrahydrocortisol/Tetrahydrocortisone+tetrahydrocortisol+5-alpha tetrahydrocortisol (24H U) [Molar ratio]		THS
104679-6	1,1-Dimethoxy-(9Z)octadecene	CHEM		ACTIVE	DMA 18:1 RBC-mCnc	1,1-Dimethoxy-(9Z)octadecene (DMA 18:1) [Mass/volume] in Red Blood Cells	1,1-Dimethoxy-(9Z)octadecene (DMA 18:1) (RBC) [Mass/Vol]		dimethyl acetal oleic
104679-6	1,1-Dimethoxy-(9Z)octadecene	CHEM		ACTIVE	DMA 18:1 RBC-mCnc	1,1-Dimethoxy-(9Z)octadecene (DMA 18:1) [Mass/volume] in Red Blood Cells	1,1-Dimethoxy-(9Z)octadecene (DMA 18:1) (RBC) [Mass/Vol]		DMA 18:1
104679-6	1,1-Dimethoxy-(9Z)octadecene	CHEM		ACTIVE	DMA 18:1 RBC-mCnc	1,1-Dimethoxy-(9Z)octadecene (DMA 18:1) [Mass/volume] in Red Blood Cells	1,1-Dimethoxy-(9Z)octadecene (DMA 18:1) (RBC) [Mass/Vol]		DMA C18:1
104677-0	1,1-Dimethoxyhexadecane/palmitate	CHEM		ACTIVE	DMA 16:0/C16:0 RBC	1,1-Dimethoxyhexadecane (DMA 16:0)/palmitate (C16:0) [Mass Ratio] in Red Blood Cells	1,1-Dimethoxyhexadecane (DMA 16:0)/palmitate (C16:0) (RBC) [Mass ratio]		Hexadecanoic acid
104677-0	1,1-Dimethoxyhexadecane/palmitate	CHEM		ACTIVE	DMA 16:0/C16:0 RBC	1,1-Dimethoxyhexadecane (DMA 16:0)/palmitate (C16:0) [Mass Ratio] in Red Blood Cells	1,1-Dimethoxyhexadecane (DMA 16:0)/palmitate (C16:0) (RBC) [Mass ratio]		C16:0
104677-0	1,1-Dimethoxyhexadecane/palmitate	CHEM		ACTIVE	DMA 16:0/C16:0 RBC	1,1-Dimethoxyhexadecane (DMA 16:0)/palmitate (C16:0) [Mass Ratio] in Red Blood Cells	1,1-Dimethoxyhexadecane (DMA 16:0)/palmitate (C16:0) (RBC) [Mass ratio]		dimethyl acetal palmitic
104677-0	1,1-Dimethoxyhexadecane/palmitate	CHEM		ACTIVE	DMA 16:0/C16:0 RBC	1,1-Dimethoxyhexadecane (DMA 16:0)/palmitate (C16:0) [Mass Ratio] in Red Blood Cells	1,1-Dimethoxyhexadecane (DMA 16:0)/palmitate (C16:0) (RBC) [Mass ratio]		DMA 16:0
104677-0	1,1-Dimethoxyhexadecane/palmitate	CHEM		ACTIVE	DMA 16:0/C16:0 RBC	1,1-Dimethoxyhexadecane (DMA 16:0)/palmitate (C16:0) [Mass Ratio] in Red Blood Cells	1,1-Dimethoxyhexadecane (DMA 16:0)/palmitate (C16:0) (RBC) [Mass ratio]		DMA C16:0
104677-0	1,1-Dimethoxyhexadecane/palmitate	CHEM		ACTIVE	DMA 16:0/C16:0 RBC	1,1-Dimethoxyhexadecane (DMA 16:0)/palmitate (C16:0) [Mass Ratio] in Red Blood Cells	1,1-Dimethoxyhexadecane (DMA 16:0)/palmitate (C16:0) (RBC) [Mass ratio]		Hexadecanoate
104677-0	1,1-Dimethoxyhexadecane/palmitate	CHEM		ACTIVE	DMA 16:0/C16:0 RBC	1,1-Dimethoxyhexadecane (DMA 16:0)/palmitate (C16:0) [Mass Ratio] in Red Blood Cells	1,1-Dimethoxyhexadecane (DMA 16:0)/palmitate (C16:0) (RBC) [Mass ratio]		Palmitic acid
104678-8	1,1-Dimethoxyoctadecane/octadecanoate	CHEM		ACTIVE	DMA 18:0/C18:0 RBC	1,1-Dimethoxyoctadecane (DMA 18:0)/Octadecanoate (C18:0) [Mass Ratio] in Red Blood Cells	1,1-Dimethoxyoctadecane (DMA 18:0)/Octadecanoate (C18:0) (RBC) [Mass ratio]		DMA C18:0
104678-8	1,1-Dimethoxyoctadecane/octadecanoate	CHEM		ACTIVE	DMA 18:0/C18:0 RBC	1,1-Dimethoxyoctadecane (DMA 18:0)/Octadecanoate (C18:0) [Mass Ratio] in Red Blood Cells	1,1-Dimethoxyoctadecane (DMA 18:0)/Octadecanoate (C18:0) (RBC) [Mass ratio]		Stearic acid
104678-8	1,1-Dimethoxyoctadecane/octadecanoate	CHEM		ACTIVE	DMA 18:0/C18:0 RBC	1,1-Dimethoxyoctadecane (DMA 18:0)/Octadecanoate (C18:0) [Mass Ratio] in Red Blood Cells	1,1-Dimethoxyoctadecane (DMA 18:0)/Octadecanoate (C18:0) (RBC) [Mass ratio]		Stearate
104678-8	1,1-Dimethoxyoctadecane/octadecanoate	CHEM		ACTIVE	DMA 18:0/C18:0 RBC	1,1-Dimethoxyoctadecane (DMA 18:0)/Octadecanoate (C18:0) [Mass Ratio] in Red Blood Cells	1,1-Dimethoxyoctadecane (DMA 18:0)/Octadecanoate (C18:0) (RBC) [Mass ratio]		Stearaldehyde, dimethyl acetal
104678-8	1,1-Dimethoxyoctadecane/octadecanoate	CHEM		ACTIVE	DMA 18:0/C18:0 RBC	1,1-Dimethoxyoctadecane (DMA 18:0)/Octadecanoate (C18:0) [Mass Ratio] in Red Blood Cells	1,1-Dimethoxyoctadecane (DMA 18:0)/Octadecanoate (C18:0) (RBC) [Mass ratio]		Octadecanoic acid
104678-8	1,1-Dimethoxyoctadecane/octadecanoate	CHEM		ACTIVE	DMA 18:0/C18:0 RBC	1,1-Dimethoxyoctadecane (DMA 18:0)/Octadecanoate (C18:0) [Mass Ratio] in Red Blood Cells	1,1-Dimethoxyoctadecane (DMA 18:0)/Octadecanoate (C18:0) (RBC) [Mass ratio]		Elaidate
104678-8	1,1-Dimethoxyoctadecane/octadecanoate	CHEM		ACTIVE	DMA 18:0/C18:0 RBC	1,1-Dimethoxyoctadecane (DMA 18:0)/Octadecanoate (C18:0) [Mass Ratio] in Red Blood Cells	1,1-Dimethoxyoctadecane (DMA 18:0)/Octadecanoate (C18:0) (RBC) [Mass ratio]		DMA 18:0
104678-8	1,1-Dimethoxyoctadecane/octadecanoate	CHEM		ACTIVE	DMA 18:0/C18:0 RBC	1,1-Dimethoxyoctadecane (DMA 18:0)/Octadecanoate (C18:0) [Mass Ratio] in Red Blood Cells	1,1-Dimethoxyoctadecane (DMA 18:0)/Octadecanoate (C18:0) (RBC) [Mass ratio]		Cetylacetic acid
104678-8	1,1-Dimethoxyoctadecane/octadecanoate	CHEM		ACTIVE	DMA 18:0/C18:0 RBC	1,1-Dimethoxyoctadecane (DMA 18:0)/Octadecanoate (C18:0) [Mass Ratio] in Red Blood Cells	1,1-Dimethoxyoctadecane (DMA 18:0)/Octadecanoate (C18:0) (RBC) [Mass ratio]		C18H36O2
104678-8	1,1-Dimethoxyoctadecane/octadecanoate	CHEM		ACTIVE	DMA 18:0/C18:0 RBC	1,1-Dimethoxyoctadecane (DMA 18:0)/Octadecanoate (C18:0) [Mass Ratio] in Red Blood Cells	1,1-Dimethoxyoctadecane (DMA 18:0)/Octadecanoate (C18:0) (RBC) [Mass ratio]		C18:0
104678-8	1,1-Dimethoxyoctadecane/octadecanoate	CHEM		ACTIVE	DMA 18:0/C18:0 RBC	1,1-Dimethoxyoctadecane (DMA 18:0)/Octadecanoate (C18:0) [Mass Ratio] in Red Blood Cells	1,1-Dimethoxyoctadecane (DMA 18:0)/Octadecanoate (C18:0) (RBC) [Mass ratio]		1-Heptadecanecarboxylic acid
1658-4	11-Hydroxyandrostenedione	CHEM		ACTIVE	11OH-Ad SerPl-mCnc	11-Hydroxyandrostenedione [Mass/volume] in Serum or Plasma	11-Hydroxyandrostenedione [Mass/Vol]		11OH-Ad
1658-4	11-Hydroxyandrostenedione	CHEM		ACTIVE	11OH-Ad SerPl-mCnc	11-Hydroxyandrostenedione [Mass/volume] in Serum or Plasma	11-Hydroxyandrostenedione [Mass/Vol]		11-beta-hydroxyandrostenedione
1658-4	11-Hydroxyandrostenedione	CHEM		ACTIVE	11OH-Ad SerPl-mCnc	11-Hydroxyandrostenedione [Mass/volume] in Serum or Plasma	11-Hydroxyandrostenedione [Mass/Vol]		11-Hydroxy androstenedione
104117-7	11-Hydroxytestosterone	CHEM		ACTIVE	11OH-Testost SerPl LC/MS/MS-sCnc	11-Hydroxytestosterone [Moles/volume] in Serum or Plasma by LC/MS/MS	11-Hydroxytestosterone LC/MS/MS [Moles/Vol]		11OH-Testost
6704-1	11-Ketopregnanetriol	CHEM		ACTIVE	11Ketopregnanet 24h Ur-mRate	11-Ketopregnanetriol [Mass/time] in 24 hour Urine	11-Ketopregnanetriol (24H U) [Mass/Time]		11Ketopregnanet
103962-7	11-Ketotestosterone	CHEM		ACTIVE	11Ketotestost SerPl LC/MS/MS-sCnc	11-Ketotestosterone [Moles/volume] in Serum or Plasma by LC/MS/MS	11-Ketotestosterone LC/MS/MS [Moles/Vol]		11Ketotestost
9445-8	11-Oxopregnanetriol	CHEM		ACTIVE	11oxoPregnanet 24h Ur-mRate	11-Oxopregnanetriol [Mass/time] in 24 hour Urine	11-Oxopregnanetriol (24H U) [Mass/Time]		11oxoPregnanet
1663-4	11-Oxycorticosterone	CHEM		ACTIVE	11oxyCorticosterone Ser-mCnc	11-Oxycorticosterone [Mass/volume] in Serum	11-Oxycorticosterone (S) [Mass/Vol]		11oxyCorticosterone
62290-2	1,25-Dihydroxyvitamin D	CHEM		ACTIVE	1,25(OH)2D SerPl-mCnc	1,25-Dihydroxyvitamin D [Mass/volume] in Serum or Plasma	1,25-dihydroxyvitamin D [Mass/Vol]		1,25(OH)2D
62291-0	1,25-Dihydroxyvitamin D2	CHEM		ACTIVE	1,25(OH)2D2 SerPl-mCnc	1,25-Dihydroxyvitamin D2 [Mass/volume] in Serum or Plasma	1,25-dihydroxyvitamin D2 [Mass/Vol]		1,25(OH)2D2
101648-4	14-3-3 Ag	CHEM		ACTIVE	14-3-3 Ag CSF IA-mCnc	14-3-3 Ag [Mass/volume] in Cerebrospinal Fluid by Immunoassay	14-3-3 Ag IA (CSF) [Mass/Vol]		Creutzfeldt-Jacob Disease
101648-4	14-3-3 Ag	CHEM		ACTIVE	14-3-3 Ag CSF IA-mCnc	14-3-3 Ag [Mass/volume] in Cerebrospinal Fluid by Immunoassay	14-3-3 Ag IA (CSF) [Mass/Vol]		Creutzfeldt-Jakob Disease
101648-4	14-3-3 Ag	CHEM		ACTIVE	14-3-3 Ag CSF IA-mCnc	14-3-3 Ag [Mass/volume] in Cerebrospinal Fluid by Immunoassay	14-3-3 Ag IA (CSF) [Mass/Vol]		CJD
101648-4	14-3-3 Ag	CHEM		ACTIVE	14-3-3 Ag CSF IA-mCnc	14-3-3 Ag [Mass/volume] in Cerebrospinal Fluid by Immunoassay	14-3-3 Ag IA (CSF) [Mass/Vol]		CJ
1650-1	1,4-Alpha glucan branching enzyme	CHEM		ACTIVE	GLGB WBC-cCnc	1,4-Alpha glucan branching enzyme [Enzymatic activity/volume] in Leukocytes	1,4-Alpha glucan branching enzyme (WBC) [Catalytic activity/Vol]		GLGB
1650-1	1,4-Alpha glucan branching enzyme	CHEM		ACTIVE	GLGB WBC-cCnc	1,4-Alpha glucan branching enzyme [Enzymatic activity/volume] in Leukocytes	1,4-Alpha glucan branching enzyme (WBC) [Catalytic activity/Vol]		Alpha-1,4-glucan branching enzyme
1650-1	1,4-Alpha glucan branching enzyme	CHEM		ACTIVE	GLGB WBC-cCnc	1,4-Alpha glucan branching enzyme [Enzymatic activity/volume] in Leukocytes	1,4-Alpha glucan branching enzyme (WBC) [Catalytic activity/Vol]		Q-Enzyme
1650-1	1,4-Alpha glucan branching enzyme	CHEM		ACTIVE	GLGB WBC-cCnc	1,4-Alpha glucan branching enzyme [Enzymatic activity/volume] in Leukocytes	1,4-Alpha glucan branching enzyme (WBC) [Catalytic activity/Vol]		Glycogen branching enzyme
79471-9	1,4-Cyclohexanediol/Creatinine	CHEM		ACTIVE	1,4-Cyclohexanediol/Creat Ur-sRto	1,4-Cyclohexanediol/Creatinine [Molar ratio] in Urine	1,4-Cyclohexanediol/Creatinine (U) [Molar ratio]		cis-1,4-cyclohexanediol
79471-9	1,4-Cyclohexanediol/Creatinine	CHEM		ACTIVE	1,4-Cyclohexanediol/Creat Ur-sRto	1,4-Cyclohexanediol/Creatinine [Molar ratio] in Urine	1,4-Cyclohexanediol/Creatinine (U) [Molar ratio]		Cyclohexane-1,4-diol
79471-9	1,4-Cyclohexanediol/Creatinine	CHEM		ACTIVE	1,4-Cyclohexanediol/Creat Ur-sRto	1,4-Cyclohexanediol/Creatinine [Molar ratio] in Urine	1,4-Cyclohexanediol/Creatinine (U) [Molar ratio]		trans-1,4-cyclohexanediol
79471-9	1,4-Cyclohexanediol/Creatinine	CHEM		ACTIVE	1,4-Cyclohexanediol/Creat Ur-sRto	1,4-Cyclohexanediol/Creatinine [Molar ratio] in Urine	1,4-Cyclohexanediol/Creatinine (U) [Molar ratio]		Quinitol
53835-5	1,5-Anhydroglucitol	CHEM		ACTIVE	1,5-Anhydroglucitol SerPl-mCnc	1,5-Anhydroglucitol [Mass/volume] in Serum or Plasma	1,5-Anhydroglucitol [Mass/Vol]		1,5-AG
44277-2	15 Beta, 17 Alpha-Dihydroxypregnanolone/Creatinine	CHEM		ACTIVE	15B,17aDiOHpregnanolone/Creat Ur	15 Beta, 17 Alpha-Dihydroxypregnanolone/Creatinine [Mass Ratio] in Urine	15 Beta, 17 Alpha-Dihydroxypregnanolone/Creatinine (U) [Mass ratio]		15B,17aDiOHpregnanolone
49825-3	16-Alpha hydroxyestrone	CHEM		ACTIVE	16-alphaOHestrone SerPl-mCnc	16-Alpha hydroxyestrone [Mass/volume] in Serum or Plasma	16-Alpha hydroxyestrone [Mass/Vol]		16-alphaOHestrone
49825-3	16-Alpha hydroxyestrone	CHEM		ACTIVE	16-alphaOHestrone SerPl-mCnc	16-Alpha hydroxyestrone [Mass/volume] in Serum or Plasma	16-Alpha hydroxyestrone [Mass/Vol]		16 alpha-OHE1
49825-3	16-Alpha hydroxyestrone	CHEM		ACTIVE	16-alphaOHestrone SerPl-mCnc	16-Alpha hydroxyestrone [Mass/volume] in Serum or Plasma	16-Alpha hydroxyestrone [Mass/Vol]		Estrogen metabolite
95574-0	17 alpha-Hydroxypregnanolone	CHEM		DEPRECATED	Deprecated 17A-OH-pregnanolone 24h Ur-mRate	Deprecated 17 Alpha-hydroxypregnanolone [Mass/time] in 24 hour Urine	17 Alpha-hydroxypregnanolone (24H U) [Mass/Time]		17A-OH-pregnanolone
1667-5	17-Hydroxyketosteroids	CHEM		ACTIVE	17OHKS Ur-mCnc	17-Hydroxyketosteroids [Mass/volume] in Urine	17-Hydroxyketosteroids (U) [Mass/Vol]		17-OHKS
1667-5	17-Hydroxyketosteroids	CHEM		ACTIVE	17OHKS Ur-mCnc	17-Hydroxyketosteroids [Mass/volume] in Urine	17-Hydroxyketosteroids (U) [Mass/Vol]		17-Hydroxyketosteroids.total
1667-5	17-Hydroxyketosteroids	CHEM		ACTIVE	17OHKS Ur-mCnc	17-Hydroxyketosteroids [Mass/volume] in Urine	17-Hydroxyketosteroids (U) [Mass/Vol]		17OHKS
83138-8	17-Hydroxypregnenetriol	CHEM		ACTIVE	17-OH-PT 24h Ur-sRate	17-Hydroxypregnenetriol [Moles/time] in 24 hour Urine	17-Hydroxypregnenetriol (24H U) [Moles/Time]		17-OH-PT
83138-8	17-Hydroxypregnenetriol	CHEM		ACTIVE	17-OH-PT 24h Ur-sRate	17-Hydroxypregnenetriol [Moles/time] in 24 hour Urine	17-Hydroxypregnenetriol (24H U) [Moles/Time]		Pregnenetriol
83138-8	17-Hydroxypregnenetriol	CHEM		ACTIVE	17-OH-PT 24h Ur-sRate	17-Hydroxypregnenetriol [Moles/time] in 24 hour Urine	17-Hydroxypregnenetriol (24H U) [Moles/Time]		5-pregnene-3-beta,17,20-alpha-triol
101174-1	17-Hydroxyprogesterone	CHEM		ACTIVE	17OHP Sal-mCnc	17-Hydroxyprogesterone [Mass/volume] in Saliva (oral fluid)	17-Hydroxyprogesterone (Sal) [Mass/Vol]		Hydroxyprogstron
101174-1	17-Hydroxyprogesterone	CHEM		ACTIVE	17OHP Sal-mCnc	17-Hydroxyprogesterone [Mass/volume] in Saliva (oral fluid)	17-Hydroxyprogesterone (Sal) [Mass/Vol]		17-P
101174-1	17-Hydroxyprogesterone	CHEM		ACTIVE	17OHP Sal-mCnc	17-Hydroxyprogesterone [Mass/volume] in Saliva (oral fluid)	17-Hydroxyprogesterone (Sal) [Mass/Vol]		17-OHP
101174-1	17-Hydroxyprogesterone	CHEM		ACTIVE	17OHP Sal-mCnc	17-Hydroxyprogesterone [Mass/volume] in Saliva (oral fluid)	17-Hydroxyprogesterone (Sal) [Mass/Vol]		17OHP
101174-1	17-Hydroxyprogesterone	CHEM		ACTIVE	17OHP Sal-mCnc	17-Hydroxyprogesterone [Mass/volume] in Saliva (oral fluid)	17-Hydroxyprogesterone (Sal) [Mass/Vol]		17-OH Progesterone
101174-1	17-Hydroxyprogesterone	CHEM		ACTIVE	17OHP Sal-mCnc	17-Hydroxyprogesterone [Mass/volume] in Saliva (oral fluid)	17-Hydroxyprogesterone (Sal) [Mass/Vol]		17-hydroxy-progest
101174-1	17-Hydroxyprogesterone	CHEM		ACTIVE	17OHP Sal-mCnc	17-Hydroxyprogesterone [Mass/volume] in Saliva (oral fluid)	17-Hydroxyprogesterone (Sal) [Mass/Vol]		17-Hydroxypregn-4-en-3,20-dione
101174-1	17-Hydroxyprogesterone	CHEM		ACTIVE	17OHP Sal-mCnc	17-Hydroxyprogesterone [Mass/volume] in Saliva (oral fluid)	17-Hydroxyprogesterone (Sal) [Mass/Vol]		17-alpha-hydroxyprogesterone
101174-1	17-Hydroxyprogesterone	CHEM		ACTIVE	17OHP Sal-mCnc	17-Hydroxyprogesterone [Mass/volume] in Saliva (oral fluid)	17-Hydroxyprogesterone (Sal) [Mass/Vol]		Hydroxyproges
53336-4	17-Hydroxyprogesterone+Androstenedione/Cortisol	CHEM		ACTIVE	17OHCS+Androst/Cortis DBS	17-Hydroxyprogesterone+Androstenedione/Cortisol [Mass Ratio] in DBS	17-Hydroxyprogesterone+Androstenedione/Cortisol (DBS) [Mass ratio]		17OHCS+Androst
12769-6	17-Ketosteroids.total neutral	CHEM		ACTIVE	17KS Neut 24h Ur-mRate	17-Ketosteroids.total neutral [Mass/time] in 24 hour Urine	17-Ketosteroids.total neutral (24H U) [Mass/Time]		17KS Neut
73850-0	18-Beta glycyrrhetinate	CHEM		ACTIVE	GRA Ur-mCnc	18-Beta glycyrrhetinate [Mass/volume] in Urine	18-Beta glycyrrhetinate (U) [Mass/Vol]		GRA
6767-8	18-Hydroxycorticosteroids	CHEM		ACTIVE	18OH-CS Ser-mCnc	18-Hydroxycorticosteroids [Mass/volume] in Serum	18-Hydroxycorticosteroids (S) [Mass/Vol]		18-OHCS
6767-8	18-Hydroxycorticosteroids	CHEM		ACTIVE	18OH-CS Ser-mCnc	18-Hydroxycorticosteroids [Mass/volume] in Serum	18-Hydroxycorticosteroids (S) [Mass/Vol]		18OH-CS
6767-8	18-Hydroxycorticosteroids	CHEM		ACTIVE	18OH-CS Ser-mCnc	18-Hydroxycorticosteroids [Mass/volume] in Serum	18-Hydroxycorticosteroids (S) [Mass/Vol]		18-CS
6767-8	18-Hydroxycorticosteroids	CHEM		ACTIVE	18OH-CS Ser-mCnc	18-Hydroxycorticosteroids [Mass/volume] in Serum	18-Hydroxycorticosteroids (S) [Mass/Vol]		18-hydroxy-corticosteroids
6767-8	18-Hydroxycorticosteroids	CHEM		ACTIVE	18OH-CS Ser-mCnc	18-Hydroxycorticosteroids [Mass/volume] in Serum	18-Hydroxycorticosteroids (S) [Mass/Vol]		18-OH-corticosteroids
1674-1	18-Hydroxycorticosterone	CHEM		ACTIVE	18OHB SerPl-mCnc	18-Hydroxycorticosterone [Mass/volume] in Serum or Plasma	18-Hydroxycorticosterone [Mass/Vol]		18OHB
11206-0	18-Hydroxydeoxycorticosterone	CHEM		ACTIVE	18OH-DOC SerPl-mCnc	18-Hydroxydeoxycorticosterone [Mass/volume] in Serum or Plasma	18-Hydroxydeoxycorticosterone [Mass/Vol]		18-Hydroxy deoxycorticosterone
11206-0	18-Hydroxydeoxycorticosterone	CHEM		ACTIVE	18OH-DOC SerPl-mCnc	18-Hydroxydeoxycorticosterone [Mass/volume] in Serum or Plasma	18-Hydroxydeoxycorticosterone [Mass/Vol]		18-OH-DOC
11206-0	18-Hydroxydeoxycorticosterone	CHEM		ACTIVE	18OH-DOC SerPl-mCnc	18-Hydroxydeoxycorticosterone [Mass/volume] in Serum or Plasma	18-Hydroxydeoxycorticosterone [Mass/Vol]		18OH-DOC
13480-9	18-Hydroxydeoxycortisol/Creatinine	CHEM		ACTIVE	18OH-DC/Creat Ur	18-Hydroxydeoxycortisol/Creatinine [Mass Ratio] in Urine	18-Hydroxydeoxycortisol/Creatinine (U) [Mass ratio]		18-Hydroxy deoxycortisol
13480-9	18-Hydroxydeoxycortisol/Creatinine	CHEM		ACTIVE	18OH-DC/Creat Ur	18-Hydroxydeoxycortisol/Creatinine [Mass Ratio] in Urine	18-Hydroxydeoxycortisol/Creatinine (U) [Mass ratio]		18OH-DC
102053-6	1-deoxymethylsphinganine	CHEM		ACTIVE	1-DOXCH3sphinganine Ser LC/MS/MS-mCnc	1-deoxymethylsphinganine [Mass/volume] in Serum by LC/MS/MS	1-deoxymethylsphinganine LC/MS/MS (S) [Mass/Vol]		deoxymethyl-SA
102053-6	1-deoxymethylsphinganine	CHEM		ACTIVE	1-DOXCH3sphinganine Ser LC/MS/MS-mCnc	1-deoxymethylsphinganine [Mass/volume] in Serum by LC/MS/MS	1-deoxymethylsphinganine LC/MS/MS (S) [Mass/Vol]		(2R)-1-aminoheptadecan-2-ol
102053-6	1-deoxymethylsphinganine	CHEM		ACTIVE	1-DOXCH3sphinganine Ser LC/MS/MS-mCnc	1-deoxymethylsphinganine [Mass/volume] in Serum by LC/MS/MS	1-deoxymethylsphinganine LC/MS/MS (S) [Mass/Vol]		1-DOXCH3sphinganine
102054-4	1-deoxymethylsphingosine	CHEM		ACTIVE	1-DOXCH3sphingosine Ser LC/MS/MS-mCnc	1-deoxymethylsphingosine [Mass/volume] in Serum by LC/MS/MS	1-deoxymethylsphingosine LC/MS/MS (S) [Mass/Vol]		1-DOXCH3sphingosine
102051-0	1-deoxysphinganine	CHEM		ACTIVE	1-deoxySa Ser LC/MS/MS-mCnc	1-deoxysphinganine [Mass/volume] in Serum by LC/MS/MS	1-deoxysphinganine LC/MS/MS (S) [Mass/Vol]		1-deoxysphinganinium
102051-0	1-deoxysphinganine	CHEM		ACTIVE	1-deoxySa Ser LC/MS/MS-mCnc	1-deoxysphinganine [Mass/volume] in Serum by LC/MS/MS	1-deoxysphinganine LC/MS/MS (S) [Mass/Vol]		1-deoxySa
13377-7	1-Methylhistidine	CHEM		ACTIVE	1Me-hist CSF-mCnc	1-Methylhistidine [Mass/volume] in Cerebrospinal Fluid	1-Methylhistidine (CSF) [Mass/Vol]		1Me-hist
13377-7	1-Methylhistidine	CHEM		ACTIVE	1Me-hist CSF-mCnc	1-Methylhistidine [Mass/volume] in Cerebrospinal Fluid	1-Methylhistidine (CSF) [Mass/Vol]		methyl-histidine
1678-2	20-Hydroxyprogesterone	CHEM		ACTIVE	20OHP Ser-mCnc	20-Hydroxyprogesterone [Mass/volume] in Serum	20-Hydroxyprogesterone (S) [Mass/Vol]		20-OH-P
1678-2	20-Hydroxyprogesterone	CHEM		ACTIVE	20OHP Ser-mCnc	20-Hydroxyprogesterone [Mass/volume] in Serum	20-Hydroxyprogesterone (S) [Mass/Vol]		20OHP
1678-2	20-Hydroxyprogesterone	CHEM		ACTIVE	20OHP Ser-mCnc	20-Hydroxyprogesterone [Mass/volume] in Serum	20-Hydroxyprogesterone (S) [Mass/Vol]		20-Hydroxy progesterone
1678-2	20-Hydroxyprogesterone	CHEM		ACTIVE	20OHP Ser-mCnc	20-Hydroxyprogesterone [Mass/volume] in Serum	20-Hydroxyprogesterone (S) [Mass/Vol]		20-OHP
94381-1	2,3-dinor 11 beta-Prostaglandin F2 alpha/Creatinine	CHEM	The ratio of 2,3-dinor 11 beta-Prostaglandin F2 alpha (2,3-BPG) to creatinine in 24 hour urine specimens. Testing is performed to screen for mast cell activation disorders, including systemic mastocytosis. 2,3-BPG values above 3,263 pg/mg creatinine are consistent with, but not necessarily diagnostic of, systemic mastocytosis.	ACTIVE	2,3-dinor 11B-PG F2a/Creat 24h Ur	2,3-dinor 11 beta-Prostaglandin F2 alpha/Creatinine [Mass Ratio] in 24 hour Urine	2,3-dinor 11 beta-Prostaglandin F2 alpha/Creatinine (24H U) [Mass ratio]		9S,11S,15S-Trihydroxy-2,3-dinor-5Z,13E-prostadienoic acid
94381-1	2,3-dinor 11 beta-Prostaglandin F2 alpha/Creatinine	CHEM	The ratio of 2,3-dinor 11 beta-Prostaglandin F2 alpha (2,3-BPG) to creatinine in 24 hour urine specimens. Testing is performed to screen for mast cell activation disorders, including systemic mastocytosis. 2,3-BPG values above 3,263 pg/mg creatinine are consistent with, but not necessarily diagnostic of, systemic mastocytosis.	ACTIVE	2,3-dinor 11B-PG F2a/Creat 24h Ur	2,3-dinor 11 beta-Prostaglandin F2 alpha/Creatinine [Mass Ratio] in 24 hour Urine	2,3-dinor 11 beta-Prostaglandin F2 alpha/Creatinine (24H U) [Mass ratio]		23BPG
94381-1	2,3-dinor 11 beta-Prostaglandin F2 alpha/Creatinine	CHEM	The ratio of 2,3-dinor 11 beta-Prostaglandin F2 alpha (2,3-BPG) to creatinine in 24 hour urine specimens. Testing is performed to screen for mast cell activation disorders, including systemic mastocytosis. 2,3-BPG values above 3,263 pg/mg creatinine are consistent with, but not necessarily diagnostic of, systemic mastocytosis.	ACTIVE	2,3-dinor 11B-PG F2a/Creat 24h Ur	2,3-dinor 11 beta-Prostaglandin F2 alpha/Creatinine [Mass Ratio] in 24 hour Urine	2,3-dinor 11 beta-Prostaglandin F2 alpha/Creatinine (24H U) [Mass ratio]		2,3-dinor-11b-PGF2alpha
94381-1	2,3-dinor 11 beta-Prostaglandin F2 alpha/Creatinine	CHEM	The ratio of 2,3-dinor 11 beta-Prostaglandin F2 alpha (2,3-BPG) to creatinine in 24 hour urine specimens. Testing is performed to screen for mast cell activation disorders, including systemic mastocytosis. 2,3-BPG values above 3,263 pg/mg creatinine are consistent with, but not necessarily diagnostic of, systemic mastocytosis.	ACTIVE	2,3-dinor 11B-PG F2a/Creat 24h Ur	2,3-dinor 11 beta-Prostaglandin F2 alpha/Creatinine [Mass Ratio] in 24 hour Urine	2,3-dinor 11 beta-Prostaglandin F2 alpha/Creatinine (24H U) [Mass ratio]		2,3-dinor-11beta-Prostaglandin F2a
94381-1	2,3-dinor 11 beta-Prostaglandin F2 alpha/Creatinine	CHEM	The ratio of 2,3-dinor 11 beta-Prostaglandin F2 alpha (2,3-BPG) to creatinine in 24 hour urine specimens. Testing is performed to screen for mast cell activation disorders, including systemic mastocytosis. 2,3-BPG values above 3,263 pg/mg creatinine are consistent with, but not necessarily diagnostic of, systemic mastocytosis.	ACTIVE	2,3-dinor 11B-PG F2a/Creat 24h Ur	2,3-dinor 11 beta-Prostaglandin F2 alpha/Creatinine [Mass Ratio] in 24 hour Urine	2,3-dinor 11 beta-Prostaglandin F2 alpha/Creatinine (24H U) [Mass ratio]		2,3-dinor 11B-PG F2a
9308-8	2,4-Dinitrophenylhydrazine reacting substances	CHEM	Detects alpha-keto amino acids in urine.	ACTIVE	DNPH Ur Ql	2,4-Dinitrophenylhydrazine reacting substances [Presence] in Urine	2,4-Dinitrophenylhydrazine reacting substances Ql (U)		DNPH
9308-8	2,4-Dinitrophenylhydrazine reacting substances	CHEM	Detects alpha-keto amino acids in urine.	ACTIVE	DNPH Ur Ql	2,4-Dinitrophenylhydrazine reacting substances [Presence] in Urine	2,4-Dinitrophenylhydrazine reacting substances Ql (U)		Bradys reagent
106774-3	24r-Hydroxycalcidiol+24r-Hydroxyercalcidiol	CHEM		ACTIVE	24,25(OH)2 VitD SerPl-sCnc	24,25-dihydroxyvitamin D3+24,25-dihydroxyvitamin D2 [Moles/volume] in Serum or Plasma	24,25-dihydroxyvitamin D3+24,25-dihydroxyvitamin D2 [Moles/Vol]		24,25-Dihydroxyvitamin D
106774-3	24r-Hydroxycalcidiol+24r-Hydroxyercalcidiol	CHEM		ACTIVE	24,25(OH)2 VitD SerPl-sCnc	24,25-dihydroxyvitamin D3+24,25-dihydroxyvitamin D2 [Moles/volume] in Serum or Plasma	24,25-dihydroxyvitamin D3+24,25-dihydroxyvitamin D2 [Moles/Vol]		OH-Calcidiol
106774-3	24r-Hydroxycalcidiol+24r-Hydroxyercalcidiol	CHEM		ACTIVE	24,25(OH)2 VitD SerPl-sCnc	24,25-dihydroxyvitamin D3+24,25-dihydroxyvitamin D2 [Moles/volume] in Serum or Plasma	24,25-dihydroxyvitamin D3+24,25-dihydroxyvitamin D2 [Moles/Vol]		Hydroxy calcidiol
106774-3	24r-Hydroxycalcidiol+24r-Hydroxyercalcidiol	CHEM		ACTIVE	24,25(OH)2 VitD SerPl-sCnc	24,25-dihydroxyvitamin D3+24,25-dihydroxyvitamin D2 [Moles/volume] in Serum or Plasma	24,25-dihydroxyvitamin D3+24,25-dihydroxyvitamin D2 [Moles/Vol]		24R-OH-Calcidiol
106774-3	24r-Hydroxycalcidiol+24r-Hydroxyercalcidiol	CHEM		ACTIVE	24,25(OH)2 VitD SerPl-sCnc	24,25-dihydroxyvitamin D3+24,25-dihydroxyvitamin D2 [Moles/volume] in Serum or Plasma	24,25-dihydroxyvitamin D3+24,25-dihydroxyvitamin D2 [Moles/Vol]		24r-Hydroxy calcidiol
106774-3	24r-Hydroxycalcidiol+24r-Hydroxyercalcidiol	CHEM		ACTIVE	24,25(OH)2 VitD SerPl-sCnc	24,25-dihydroxyvitamin D3+24,25-dihydroxyvitamin D2 [Moles/volume] in Serum or Plasma	24,25-dihydroxyvitamin D3+24,25-dihydroxyvitamin D2 [Moles/Vol]		24,25-Dihydroxyvitamin D2 +24,25-Dihydroxyvitamin D3
106774-3	24r-Hydroxycalcidiol+24r-Hydroxyercalcidiol	CHEM		ACTIVE	24,25(OH)2 VitD SerPl-sCnc	24,25-dihydroxyvitamin D3+24,25-dihydroxyvitamin D2 [Moles/volume] in Serum or Plasma	24,25-dihydroxyvitamin D3+24,25-dihydroxyvitamin D2 [Moles/Vol]		24,25-dihydroxy vitamin D
106774-3	24r-Hydroxycalcidiol+24r-Hydroxyercalcidiol	CHEM		ACTIVE	24,25(OH)2 VitD SerPl-sCnc	24,25-dihydroxyvitamin D3+24,25-dihydroxyvitamin D2 [Moles/volume] in Serum or Plasma	24,25-dihydroxyvitamin D3+24,25-dihydroxyvitamin D2 [Moles/Vol]		24,25-dihydroxy cholecalciferol
106774-3	24r-Hydroxycalcidiol+24r-Hydroxyercalcidiol	CHEM		ACTIVE	24,25(OH)2 VitD SerPl-sCnc	24,25-dihydroxyvitamin D3+24,25-dihydroxyvitamin D2 [Moles/volume] in Serum or Plasma	24,25-dihydroxyvitamin D3+24,25-dihydroxyvitamin D2 [Moles/Vol]		24,25(OH)2 VitD
106774-3	24r-Hydroxycalcidiol+24r-Hydroxyercalcidiol	CHEM		ACTIVE	24,25(OH)2 VitD SerPl-sCnc	24,25-dihydroxyvitamin D3+24,25-dihydroxyvitamin D2 [Moles/volume] in Serum or Plasma	24,25-dihydroxyvitamin D3+24,25-dihydroxyvitamin D2 [Moles/Vol]		24(R),25-dihydroxycholecalciferol
79475-0	2,5-Furandicarboxylate	CHEM		ACTIVE	2,5-Furandicarboxylate SerPl-sCnc	2,5-Furandicarboxylate [Moles/volume] in Serum or Plasma	2,5-Furandicarboxylate [Moles/Vol]		Furan 2,5-dicarboxylic acid
79475-0	2,5-Furandicarboxylate	CHEM		ACTIVE	2,5-Furandicarboxylate SerPl-sCnc	2,5-Furandicarboxylate [Moles/volume] in Serum or Plasma	2,5-Furandicarboxylate [Moles/Vol]		Furan-2,5-dicarboxylic acid
79475-0	2,5-Furandicarboxylate	CHEM		ACTIVE	2,5-Furandicarboxylate SerPl-sCnc	2,5-Furandicarboxylate [Moles/volume] in Serum or Plasma	2,5-Furandicarboxylate [Moles/Vol]		Furan 2,5-dicarboxylate
79475-0	2,5-Furandicarboxylate	CHEM		ACTIVE	2,5-Furandicarboxylate SerPl-sCnc	2,5-Furandicarboxylate [Moles/volume] in Serum or Plasma	2,5-Furandicarboxylate [Moles/Vol]		Furan-2,5-dicarboxylate
80159-7	27-Norcholestanehexol/Creatinine	CHEM		ACTIVE	27-Norcholestanehexol/Creat Ur-Rto	27-Norcholestanehexol/Creatinine [Ratio] in Urine	27-Norcholestanehexol/Creatinine (U) [Ratio]		Bile alcohol
80159-7	27-Norcholestanehexol/Creatinine	CHEM		ACTIVE	27-Norcholestanehexol/Creat Ur-Rto	27-Norcholestanehexol/Creatinine [Ratio] in Urine	27-Norcholestanehexol/Creatinine (U) [Ratio]		27-Norcholestane-3,7,12,24,25,26-hexol
80159-7	27-Norcholestanehexol/Creatinine	CHEM		ACTIVE	27-Norcholestanehexol/Creat Ur-Rto	27-Norcholestanehexol/Creatinine [Ratio] in Urine	27-Norcholestanehexol/Creatinine (U) [Ratio]		Cerebrotendinous Xanthomatosis
79680-5	2,8-Dihydroxyadenine	CHEM		ACTIVE	2,8-dihydroxyadenine CSF-sCnc	2,8-Dihydroxyadenine [Moles/volume] in Cerebrospinal Fluid	2,8-dihydroxyadenine (CSF) [Moles/Vol]		6-amino-2,8-dihydroxypurine
80165-4	2-Amino-4-hydroxypteridine	CHEM		ACTIVE	2-Amino-4OH-pteridine CSF-sCnc	2-Amino-4-hydroxypteridine [Moles/volume] in Cerebrospinal Fluid	2-Amino-4-hydroxypteridine (CSF) [Moles/Vol]		2-Amino-4OH-pteridine
80165-4	2-Amino-4-hydroxypteridine	CHEM		ACTIVE	2-Amino-4OH-pteridine CSF-sCnc	2-Amino-4-hydroxypteridine [Moles/volume] in Cerebrospinal Fluid	2-Amino-4-hydroxypteridine (CSF) [Moles/Vol]		Pterin
94146-8	2-Decenedioate/Creatinine	CHEM		ACTIVE	2-Decenedioate/Creat Ur-sRto	2-Decenedioate/Creatinine [Molar ratio] in Urine	2-Decenedioate/Creatinine (U) [Molar ratio]		2E-decenedioic acid
94146-8	2-Decenedioate/Creatinine	CHEM		ACTIVE	2-Decenedioate/Creat Ur-sRto	2-Decenedioate/Creatinine [Molar ratio] in Urine	2-Decenedioate/Creatinine (U) [Molar ratio]		2E-decenedioate
47807-3	2-Deoxytetronate/Creatinine	CHEM		ACTIVE	2-deoxytetronate/Creat Ur-sRto	2-Deoxytetronate/Creatinine [Molar ratio] in Urine	2-Deoxytetronate/Creatinine (U) [Molar ratio]		2-DTA
29523-8	2-Ethyl-3-Hydroxypropionate/Creatinine	CHEM		DEPRECATED	Deprecated 2Ethyl3OH-Prop/Creat Ur-sRto	Deprecated 2-Ethyl-3-Hydroxypropionate/Creatinine [Molar ratio] in Urine	2-Ethyl-3-Hydroxypropionate/Creatinine (U) [Molar ratio]		2Ethyl3OH-Prop
13668-9	2-Ethylhydracrylate/Creatinine	CHEM		DISCOURAGED	2-ethylhydracrylate/Creat Ur	2-Ethylhydracrylate/Creatinine [Mass Ratio] in Urine	2-Ethylhydracrylate/Creatinine (U) [Mass ratio]		2-ethyl-3-hydroxypropionic acid
13668-9	2-Ethylhydracrylate/Creatinine	CHEM		DISCOURAGED	2-ethylhydracrylate/Creat Ur	2-Ethylhydracrylate/Creatinine [Mass Ratio] in Urine	2-Ethylhydracrylate/Creatinine (U) [Mass ratio]		2-Ethyl-3-Hydroxypropionate
13668-9	2-Ethylhydracrylate/Creatinine	CHEM		DISCOURAGED	2-ethylhydracrylate/Creat Ur	2-Ethylhydracrylate/Creatinine [Mass Ratio] in Urine	2-Ethylhydracrylate/Creatinine (U) [Mass ratio]		Ethyl lactate
13668-9	2-Ethylhydracrylate/Creatinine	CHEM		DISCOURAGED	2-ethylhydracrylate/Creat Ur	2-Ethylhydracrylate/Creatinine [Mass Ratio] in Urine	2-Ethylhydracrylate/Creatinine (U) [Mass ratio]		2-EHA
13669-7	2-Hydroxy-3-Methylvalerate/Creatinine	CHEM		DISCOURAGED	2OH3Me-valerate/Creat Ur	2-Hydroxy-3-Methylvalerate/Creatinine [Mass Ratio] in Urine	2-Hydroxy-3-Methylvalerate/Creatinine (U) [Mass ratio]		HMVA
13669-7	2-Hydroxy-3-Methylvalerate/Creatinine	CHEM		DISCOURAGED	2OH3Me-valerate/Creat Ur	2-Hydroxy-3-Methylvalerate/Creatinine [Mass Ratio] in Urine	2-Hydroxy-3-Methylvalerate/Creatinine (U) [Mass ratio]		2-Hydroxy-3-Methyl valerate
13669-7	2-Hydroxy-3-Methylvalerate/Creatinine	CHEM		DISCOURAGED	2OH3Me-valerate/Creat Ur	2-Hydroxy-3-Methylvalerate/Creatinine [Mass Ratio] in Urine	2-Hydroxy-3-Methylvalerate/Creatinine (U) [Mass ratio]		2-hydroxy-3-methylvaleric acid
13669-7	2-Hydroxy-3-Methylvalerate/Creatinine	CHEM		DISCOURAGED	2OH3Me-valerate/Creat Ur	2-Hydroxy-3-Methylvalerate/Creatinine [Mass Ratio] in Urine	2-Hydroxy-3-Methylvalerate/Creatinine (U) [Mass ratio]		2OH3Me-valerate
13670-5	2-Hydroxyadipate/Creatinine	CHEM		DISCOURAGED	2OH-adipate/Creat Ur	2-Hydroxyadipate/Creatinine [Mass Ratio] in Urine	2-Hydroxyadipate/Creatinine (U) [Mass ratio]		2OH-adipate
13670-5	2-Hydroxyadipate/Creatinine	CHEM		DISCOURAGED	2OH-adipate/Creat Ur	2-Hydroxyadipate/Creatinine [Mass Ratio] in Urine	2-Hydroxyadipate/Creatinine (U) [Mass ratio]		2-hydroxy-adipate
13670-5	2-Hydroxyadipate/Creatinine	CHEM		DISCOURAGED	2OH-adipate/Creat Ur	2-Hydroxyadipate/Creatinine [Mass Ratio] in Urine	2-Hydroxyadipate/Creatinine (U) [Mass ratio]		2-hydroxyadipic acid
59190-9	2-Hydroxycaproate/Creatinine	CHEM		ACTIVE	2-Hydroxycaproate/Creat Ur-sRto	2-Hydroxycaproate/Creatinine [Molar ratio] in Urine	2-Hydroxycaproate/Creatinine (U) [Molar ratio]		2-Hydroxycaproic acid
59190-9	2-Hydroxycaproate/Creatinine	CHEM		ACTIVE	2-Hydroxycaproate/Creat Ur-sRto	2-Hydroxycaproate/Creatinine [Molar ratio] in Urine	2-Hydroxycaproate/Creatinine (U) [Molar ratio]		2-Hydroxy caproate
49826-1	2-Hydroxyestrone	CHEM		ACTIVE	2OH-estrone SerPl-mCnc	2-Hydroxyestrone [Mass/volume] in Serum or Plasma	2-Hydroxyestrone [Mass/Vol]		2-OHE1
49826-1	2-Hydroxyestrone	CHEM		ACTIVE	2OH-estrone SerPl-mCnc	2-Hydroxyestrone [Mass/volume] in Serum or Plasma	2-Hydroxyestrone [Mass/Vol]		2OH-estrone
49826-1	2-Hydroxyestrone	CHEM		ACTIVE	2OH-estrone SerPl-mCnc	2-Hydroxyestrone [Mass/volume] in Serum or Plasma	2-Hydroxyestrone [Mass/Vol]		2-Hydroxy estrone
49827-9	2-Hydroxyestrone/16-Alpha hydroxyestrone	CHEM		ACTIVE	2OH-estrone/16-alphaOHestrone SerPl	2-Hydroxyestrone/16-Alpha hydroxyestrone [Mass Ratio] in Serum or Plasma	2-Hydroxyestrone/16-Alpha hydroxyestrone [Mass ratio]		16-Alpha hydroxy estrone
13673-9	2-Hydroxyisocaproate/Creatinine	CHEM		DISCOURAGED	2OH-isocaproate/Creat Ur	2-Hydroxyisocaproate/Creatinine [Mass Ratio] in Urine	2-Hydroxyisocaproate/Creatinine (U) [Mass ratio]		2OH-isocaproate
13673-9	2-Hydroxyisocaproate/Creatinine	CHEM		DISCOURAGED	2OH-isocaproate/Creat Ur	2-Hydroxyisocaproate/Creatinine [Mass Ratio] in Urine	2-Hydroxyisocaproate/Creatinine (U) [Mass ratio]		2-hydroxyisocaproic acid
13673-9	2-Hydroxyisocaproate/Creatinine	CHEM		DISCOURAGED	2OH-isocaproate/Creat Ur	2-Hydroxyisocaproate/Creatinine [Mass Ratio] in Urine	2-Hydroxyisocaproate/Creatinine (U) [Mass ratio]		alpha-hydroxyisocaproic acid
13673-9	2-Hydroxyisocaproate/Creatinine	CHEM		DISCOURAGED	2OH-isocaproate/Creat Ur	2-Hydroxyisocaproate/Creatinine [Mass Ratio] in Urine	2-Hydroxyisocaproate/Creatinine (U) [Mass ratio]		2-hydroxy-isocaproate
13673-9	2-Hydroxyisocaproate/Creatinine	CHEM		DISCOURAGED	2OH-isocaproate/Creat Ur	2-Hydroxyisocaproate/Creatinine [Mass Ratio] in Urine	2-Hydroxyisocaproate/Creatinine (U) [Mass ratio]		2-Hydroxy-4-methylpentanoate
13673-9	2-Hydroxyisocaproate/Creatinine	CHEM		DISCOURAGED	2OH-isocaproate/Creat Ur	2-Hydroxyisocaproate/Creatinine [Mass Ratio] in Urine	2-Hydroxyisocaproate/Creatinine (U) [Mass ratio]		2-Hydroxy-4-methylpentanoic acid
13674-7	2-Hydroxyisovalerate/Creatinine	CHEM		DISCOURAGED	2OH-isovalerate/Creat Ur	2-Hydroxyisovalerate/Creatinine [Mass Ratio] in Urine	2-Hydroxyisovalerate/Creatinine (U) [Mass ratio]		2OH-isovalerate
13674-7	2-Hydroxyisovalerate/Creatinine	CHEM		DISCOURAGED	2OH-isovalerate/Creat Ur	2-Hydroxyisovalerate/Creatinine [Mass Ratio] in Urine	2-Hydroxyisovalerate/Creatinine (U) [Mass ratio]		2-HIA
13674-7	2-Hydroxyisovalerate/Creatinine	CHEM		DISCOURAGED	2OH-isovalerate/Creat Ur	2-Hydroxyisovalerate/Creatinine [Mass Ratio] in Urine	2-Hydroxyisovalerate/Creatinine (U) [Mass ratio]		2-hydroxy-isovalerate
13674-7	2-Hydroxyisovalerate/Creatinine	CHEM		DISCOURAGED	2OH-isovalerate/Creat Ur	2-Hydroxyisovalerate/Creatinine [Mass Ratio] in Urine	2-Hydroxyisovalerate/Creatinine (U) [Mass ratio]		2-hydroxyisovaleric acid
47809-9	2-Hydroxysebacate/Creatinine	CHEM		ACTIVE	2OH-sebacate/Creat Ur-sRto	2-Hydroxysebacate/Creatinine [Molar ratio] in Urine	2-Hydroxysebacate/Creatinine (U) [Molar ratio]		2OH-sebacate
48608-4	2-Hydroxyvalerate/Creatinine	CHEM		DISCOURAGED	2OH-valerate/Creat Ur	2-Hydroxyvalerate/Creatinine [Mass Ratio] in Urine	2-Hydroxyvalerate/Creatinine (U) [Mass ratio]		2OH-valerate
101434-9	2-Ketobutyrate	CHEM		ACTIVE	2-Ketobutyrate SerPl-sCnc	2-Ketobutyrate [Moles/volume] in Serum or Plasma	2-Ketobutyrate [Moles/Vol]		2-Ketobutyric acid
101434-9	2-Ketobutyrate	CHEM		ACTIVE	2-Ketobutyrate SerPl-sCnc	2-Ketobutyrate [Moles/volume] in Serum or Plasma	2-Ketobutyrate [Moles/Vol]		2-Oxobutanoate
101434-9	2-Ketobutyrate	CHEM		ACTIVE	2-Ketobutyrate SerPl-sCnc	2-Ketobutyrate [Moles/volume] in Serum or Plasma	2-Ketobutyrate [Moles/Vol]		2-Oxobutanoic acid
13675-4	2-Methyl-3-Hydroxybutyrate/Creatinine	CHEM		DISCOURAGED	2Me3OH-butyrate/Creat Ur	2-methyl-3-hydroxybutyrate (C5-OH)/Creatinine [Mass Ratio] in Urine	2-Methyl-3-hydroxybutyrate (C5-OH)/Creatinine (U) [Mass ratio]		2-methyl,3-hydroxybutyric acid
13675-4	2-Methyl-3-Hydroxybutyrate/Creatinine	CHEM		DISCOURAGED	2Me3OH-butyrate/Creat Ur	2-methyl-3-hydroxybutyrate (C5-OH)/Creatinine [Mass Ratio] in Urine	2-Methyl-3-hydroxybutyrate (C5-OH)/Creatinine (U) [Mass ratio]		3-Hydroxy-2-Methylbutanoate
13675-4	2-Methyl-3-Hydroxybutyrate/Creatinine	CHEM		DISCOURAGED	2Me3OH-butyrate/Creat Ur	2-methyl-3-hydroxybutyrate (C5-OH)/Creatinine [Mass Ratio] in Urine	2-Methyl-3-hydroxybutyrate (C5-OH)/Creatinine (U) [Mass ratio]		3-Hydroxy-2-Methylbutanoic acid
13675-4	2-Methyl-3-Hydroxybutyrate/Creatinine	CHEM		DISCOURAGED	2Me3OH-butyrate/Creat Ur	2-methyl-3-hydroxybutyrate (C5-OH)/Creatinine [Mass Ratio] in Urine	2-Methyl-3-hydroxybutyrate (C5-OH)/Creatinine (U) [Mass ratio]		HMBA
13675-4	2-Methyl-3-Hydroxybutyrate/Creatinine	CHEM		DISCOURAGED	2Me3OH-butyrate/Creat Ur	2-methyl-3-hydroxybutyrate (C5-OH)/Creatinine [Mass Ratio] in Urine	2-Methyl-3-hydroxybutyrate (C5-OH)/Creatinine (U) [Mass ratio]		C5-OH
13675-4	2-Methyl-3-Hydroxybutyrate/Creatinine	CHEM		DISCOURAGED	2Me3OH-butyrate/Creat Ur	2-methyl-3-hydroxybutyrate (C5-OH)/Creatinine [Mass Ratio] in Urine	2-Methyl-3-hydroxybutyrate (C5-OH)/Creatinine (U) [Mass ratio]		C5OH
13675-4	2-Methyl-3-Hydroxybutyrate/Creatinine	CHEM		DISCOURAGED	2Me3OH-butyrate/Creat Ur	2-methyl-3-hydroxybutyrate (C5-OH)/Creatinine [Mass Ratio] in Urine	2-Methyl-3-hydroxybutyrate (C5-OH)/Creatinine (U) [Mass ratio]		alpha-methyl-beta-hydroxybutyric acid
13675-4	2-Methyl-3-Hydroxybutyrate/Creatinine	CHEM		DISCOURAGED	2Me3OH-butyrate/Creat Ur	2-methyl-3-hydroxybutyrate (C5-OH)/Creatinine [Mass Ratio] in Urine	2-Methyl-3-hydroxybutyrate (C5-OH)/Creatinine (U) [Mass ratio]		alpha-methyl-beta-hydroxybutyrate
13675-4	2-Methyl-3-Hydroxybutyrate/Creatinine	CHEM		DISCOURAGED	2Me3OH-butyrate/Creat Ur	2-methyl-3-hydroxybutyrate (C5-OH)/Creatinine [Mass Ratio] in Urine	2-Methyl-3-hydroxybutyrate (C5-OH)/Creatinine (U) [Mass ratio]		3-Hydroxy-2-Methyl-butyric acid
13675-4	2-Methyl-3-Hydroxybutyrate/Creatinine	CHEM		DISCOURAGED	2Me3OH-butyrate/Creat Ur	2-methyl-3-hydroxybutyrate (C5-OH)/Creatinine [Mass Ratio] in Urine	2-Methyl-3-hydroxybutyrate (C5-OH)/Creatinine (U) [Mass ratio]		3-hydroxy-2-methylbutyric acid
13675-4	2-Methyl-3-Hydroxybutyrate/Creatinine	CHEM		DISCOURAGED	2Me3OH-butyrate/Creat Ur	2-methyl-3-hydroxybutyrate (C5-OH)/Creatinine [Mass Ratio] in Urine	2-Methyl-3-hydroxybutyrate (C5-OH)/Creatinine (U) [Mass ratio]		3-Hydroxy-2-Methyl-butyrate
13675-4	2-Methyl-3-Hydroxybutyrate/Creatinine	CHEM		DISCOURAGED	2Me3OH-butyrate/Creat Ur	2-methyl-3-hydroxybutyrate (C5-OH)/Creatinine [Mass Ratio] in Urine	2-Methyl-3-hydroxybutyrate (C5-OH)/Creatinine (U) [Mass ratio]		3-Hydroxy-2-Methylbutyrate
13675-4	2-Methyl-3-Hydroxybutyrate/Creatinine	CHEM		DISCOURAGED	2Me3OH-butyrate/Creat Ur	2-methyl-3-hydroxybutyrate (C5-OH)/Creatinine [Mass Ratio] in Urine	2-Methyl-3-hydroxybutyrate (C5-OH)/Creatinine (U) [Mass ratio]		2Me3OH-butyrate
13675-4	2-Methyl-3-Hydroxybutyrate/Creatinine	CHEM		DISCOURAGED	2Me3OH-butyrate/Creat Ur	2-methyl-3-hydroxybutyrate (C5-OH)/Creatinine [Mass Ratio] in Urine	2-Methyl-3-hydroxybutyrate (C5-OH)/Creatinine (U) [Mass ratio]		2-Methyl,3-Hydroxy butyrate
13675-4	2-Methyl-3-Hydroxybutyrate/Creatinine	CHEM		DISCOURAGED	2Me3OH-butyrate/Creat Ur	2-methyl-3-hydroxybutyrate (C5-OH)/Creatinine [Mass Ratio] in Urine	2-Methyl-3-hydroxybutyrate (C5-OH)/Creatinine (U) [Mass ratio]		2-Methyl-3-Hydroxybutyrate
46750-6	2-Methyl-3-Hydroxybutyric acidemias &or beta ketothiolase deficiency	CHEM		DISCOURAGED	2Me3OH-Butyr Acidemias/BKT DBS-Imp	2-methyl-3-hydroxybutyric Acidemias/Beta-Ketothiolase Deficiency newborn screen interpretation	2-Methyl-3-hydroxybutyric Acidemias/Beta-Ketothiolase Deficiency (DBS) [Interp]		BKT
46750-6	2-Methyl-3-Hydroxybutyric acidemias &or beta ketothiolase deficiency	CHEM		DISCOURAGED	2Me3OH-Butyr Acidemias/BKT DBS-Imp	2-methyl-3-hydroxybutyric Acidemias/Beta-Ketothiolase Deficiency newborn screen interpretation	2-Methyl-3-hydroxybutyric Acidemias/Beta-Ketothiolase Deficiency (DBS) [Interp]		2Me3OH-Butyr Acidemias/BKT
50086-8	2-Methyl-3-Hydroxybutyrylcarnitine (C5-OH)	CHEM		ACTIVE	2Me3OH-Butyrcarn DBS-sCnc	2-Methyl-3-Hydroxybutyrylcarnitine (C5-OH) [Moles/volume] in DBS	2-Methyl-3-Hydroxybutyrylcarnitine (C5-OH) (DBS) [Moles/Vol]		2Me3OH-Butyrcarn
47810-7	2-Methyl-3-Hydroxyvalerate	CHEM		ACTIVE	2-Me3OH-valerate Plas-sCnc	2-Methyl-3-Hydroxyvalerate [Moles/volume] in Plasma	2-Methyl-3-Hydroxyvalerate (P) [Moles/Vol]		2-Me3OH-valerate
47811-5	2-Methyl-3-Oxobutyrate/Creatinine	CHEM		ACTIVE	2Me3-oxobutyrate/Creat Ur-sRto	2-Methyl-3-Oxobutyrate/Creatinine [Molar ratio] in Urine	2-Methyl-3-Oxobutyrate/Creatinine (U) [Molar ratio]		2Me3-oxobutyrate
59377-2	2-Methylacetoacetate/Creatinine	CHEM		ACTIVE	2-Methylacetoacetate/Creat Ur-sRto	2-Methylacetoacetate/Creatinine [Molar ratio] in Urine	2-Methylacetoacetate/Creatinine (U) [Molar ratio]		2-Methylacetoacetic acid
24435-0	2-Methylbutyrylglycine/Creatinine	CHEM		ACTIVE	2Me-butyrylglycine/Creat Ur-sRto	2-Methylbutyrylglycine/Creatinine [Molar ratio] in Urine	2-Methylbutyrylglycine/Creatinine (U) [Molar ratio]		2-MBG
24435-0	2-Methylbutyrylglycine/Creatinine	CHEM		ACTIVE	2Me-butyrylglycine/Creat Ur-sRto	2-Methylbutyrylglycine/Creatinine [Molar ratio] in Urine	2-Methylbutyrylglycine/Creatinine (U) [Molar ratio]		2Me-butyrylglycine
47812-3	2-Methylglutaconate/Creatinine	CHEM		ACTIVE	2Me-glutaconate/Creat Ur-sRto	2-Methylglutaconate/Creatinine [Molar ratio] in Urine	2-Methylglutaconate/Creatinine (U) [Molar ratio]		2Me-glutaconate
47813-1	2-Methylglutarate/Creatinine	CHEM		ACTIVE	2Me-glutarate/Creat Ur-sRto	2-Methylglutarate/Creatinine [Molar ratio] in Urine	2-Methylglutarate/Creatinine (U) [Molar ratio]		2-methylglutaric acid
47813-1	2-Methylglutarate/Creatinine	CHEM		ACTIVE	2Me-glutarate/Creat Ur-sRto	2-Methylglutarate/Creatinine [Molar ratio] in Urine	2-Methylglutarate/Creatinine (U) [Molar ratio]		2Me-glutarate
79608-6	2-Methyltyrosine	CHEM		ACTIVE	2Me-tyrosine SerPl-sCnc	2-Methyltyrosine [Moles/volume] in Serum or Plasma	2-Methyltyrosine [Moles/Vol]		2Me-tyrosine
79608-6	2-Methyltyrosine	CHEM		ACTIVE	2Me-tyrosine SerPl-sCnc	2-Methyltyrosine [Moles/volume] in Serum or Plasma	2-Methyltyrosine [Moles/Vol]		Metyrosine
93775-5	2-Octenoate/Creatinine	CHEM		ACTIVE	2-Octenoate/Creat Ur-sRto	2-Octenoate/Creatinine [Molar ratio] in Urine	2-Octenoate/Creatinine (U) [Molar ratio]		2-Octenoic acid
13676-2	2-Oxo,3-Methylvalerate/Creatinine	CHEM		DISCOURAGED	2Oxo3Me-valerate/Creat Ur	2-Oxo,3-Methylvalerate/Creatinine [Mass Ratio] in Urine	2-Oxo,3-Methylvalerate/Creatinine (U) [Mass ratio]		2-keto-3-methylvalerate
13676-2	2-Oxo,3-Methylvalerate/Creatinine	CHEM		DISCOURAGED	2Oxo3Me-valerate/Creat Ur	2-Oxo,3-Methylvalerate/Creatinine [Mass Ratio] in Urine	2-Oxo,3-Methylvalerate/Creatinine (U) [Mass ratio]		3-Methyl-2-oxovaleric acid
13676-2	2-Oxo,3-Methylvalerate/Creatinine	CHEM		DISCOURAGED	2Oxo3Me-valerate/Creat Ur	2-Oxo,3-Methylvalerate/Creatinine [Mass Ratio] in Urine	2-Oxo,3-Methylvalerate/Creatinine (U) [Mass ratio]		3-Methyl-2-oxovalerate
13676-2	2-Oxo,3-Methylvalerate/Creatinine	CHEM		DISCOURAGED	2Oxo3Me-valerate/Creat Ur	2-Oxo,3-Methylvalerate/Creatinine [Mass Ratio] in Urine	2-Oxo,3-Methylvalerate/Creatinine (U) [Mass ratio]		2Oxo3Me-valerate
13676-2	2-Oxo,3-Methylvalerate/Creatinine	CHEM		DISCOURAGED	2Oxo3Me-valerate/Creat Ur	2-Oxo,3-Methylvalerate/Creatinine [Mass Ratio] in Urine	2-Oxo,3-Methylvalerate/Creatinine (U) [Mass ratio]		2-oxo,3-methylvaleric acid
13676-2	2-Oxo,3-Methylvalerate/Creatinine	CHEM		DISCOURAGED	2Oxo3Me-valerate/Creat Ur	2-Oxo,3-Methylvalerate/Creatinine [Mass Ratio] in Urine	2-Oxo,3-Methylvalerate/Creatinine (U) [Mass ratio]		2-keto-3-methylvaleric acid
13677-0	2-Oxoadipate/Creatinine	CHEM		DISCOURAGED	2-Oxoadipate/Creat Ur	2-Oxoadipate/Creatinine [Mass Ratio] in Urine	2-Oxoadipate/Creatinine (U) [Mass ratio]		Oxoadipate
13677-0	2-Oxoadipate/Creatinine	CHEM		DISCOURAGED	2-Oxoadipate/Creat Ur	2-Oxoadipate/Creatinine [Mass Ratio] in Urine	2-Oxoadipate/Creatinine (U) [Mass ratio]		2-oxoadipic acid
13677-0	2-Oxoadipate/Creatinine	CHEM		DISCOURAGED	2-Oxoadipate/Creat Ur	2-Oxoadipate/Creatinine [Mass Ratio] in Urine	2-Oxoadipate/Creatinine (U) [Mass ratio]		alpha Ketoadipate
13677-0	2-Oxoadipate/Creatinine	CHEM		DISCOURAGED	2-Oxoadipate/Creat Ur	2-Oxoadipate/Creatinine [Mass Ratio] in Urine	2-Oxoadipate/Creatinine (U) [Mass ratio]		alpha Ketoadipic acid
13679-6	2-Oxoisocaproate/Creatinine	CHEM		DISCOURAGED	2Oxoisocaproate/Creat Ur	2-Oxoisocaproate/Creatinine [Mass Ratio] in Urine	2-Oxoisocaproate/Creatinine (U) [Mass ratio]		2-keto-4-methylvalerate
13679-6	2-Oxoisocaproate/Creatinine	CHEM		DISCOURAGED	2Oxoisocaproate/Creat Ur	2-Oxoisocaproate/Creatinine [Mass Ratio] in Urine	2-Oxoisocaproate/Creatinine (U) [Mass ratio]		2Oxoisocaproate
13679-6	2-Oxoisocaproate/Creatinine	CHEM		DISCOURAGED	2Oxoisocaproate/Creat Ur	2-Oxoisocaproate/Creatinine [Mass Ratio] in Urine	2-Oxoisocaproate/Creatinine (U) [Mass ratio]		2-ketoisocaproic acid
13679-6	2-Oxoisocaproate/Creatinine	CHEM		DISCOURAGED	2Oxoisocaproate/Creat Ur	2-Oxoisocaproate/Creatinine [Mass Ratio] in Urine	2-Oxoisocaproate/Creatinine (U) [Mass ratio]		2-oxoisocaproic acid
13679-6	2-Oxoisocaproate/Creatinine	CHEM		DISCOURAGED	2Oxoisocaproate/Creat Ur	2-Oxoisocaproate/Creatinine [Mass Ratio] in Urine	2-Oxoisocaproate/Creatinine (U) [Mass ratio]		alpha-ketoisocaproate
13679-6	2-Oxoisocaproate/Creatinine	CHEM		DISCOURAGED	2Oxoisocaproate/Creat Ur	2-Oxoisocaproate/Creatinine [Mass Ratio] in Urine	2-Oxoisocaproate/Creatinine (U) [Mass ratio]		alpha-ketoisocaproic acid
13679-6	2-Oxoisocaproate/Creatinine	CHEM		DISCOURAGED	2Oxoisocaproate/Creat Ur	2-Oxoisocaproate/Creatinine [Mass Ratio] in Urine	2-Oxoisocaproate/Creatinine (U) [Mass ratio]		2-ketoisocaproate
13680-4	2-Oxoisovalerate/Creatinine	CHEM		DISCOURAGED	2Oxoisovalerate/Creat Ur	2-Oxoisovalerate/Creatinine [Mass Ratio] in Urine	2-Oxoisovalerate/Creatinine (U) [Mass ratio]		2Oxoisovalerate
13680-4	2-Oxoisovalerate/Creatinine	CHEM		DISCOURAGED	2Oxoisovalerate/Creat Ur	2-Oxoisovalerate/Creatinine [Mass Ratio] in Urine	2-Oxoisovalerate/Creatinine (U) [Mass ratio]		2-ketoisovaleric acid
13680-4	2-Oxoisovalerate/Creatinine	CHEM		DISCOURAGED	2Oxoisovalerate/Creat Ur	2-Oxoisovalerate/Creatinine [Mass Ratio] in Urine	2-Oxoisovalerate/Creatinine (U) [Mass ratio]		2-oxoisovaleric acid
13680-4	2-Oxoisovalerate/Creatinine	CHEM		DISCOURAGED	2Oxoisovalerate/Creat Ur	2-Oxoisovalerate/Creatinine [Mass Ratio] in Urine	2-Oxoisovalerate/Creatinine (U) [Mass ratio]		2-ketoisovalerate
102052-8	(2S,3R)-2-Amino-4-octadecene-3-ol	CHEM		ACTIVE	1-Deoxysphingosine Ser LC/MS/MS-mCnc	1-Deoxysphingosine [Mass/volume] in Serum by LC/MS/MS	1-Deoxysphingosine LC/MS/MS (S) [Mass/Vol]		deoxysphingosine
102052-8	(2S,3R)-2-Amino-4-octadecene-3-ol	CHEM		ACTIVE	1-Deoxysphingosine Ser LC/MS/MS-mCnc	1-Deoxysphingosine [Mass/volume] in Serum by LC/MS/MS	1-Deoxysphingosine LC/MS/MS (S) [Mass/Vol]		C18H37NO
102052-8	(2S,3R)-2-Amino-4-octadecene-3-ol	CHEM		ACTIVE	1-Deoxysphingosine Ser LC/MS/MS-mCnc	1-Deoxysphingosine [Mass/volume] in Serum by LC/MS/MS	1-Deoxysphingosine LC/MS/MS (S) [Mass/Vol]		1-Deoxysphingosine
79482-6	3-(3-Hydroxyphenyl)propanoate/Creatinine	CHEM		ACTIVE	hMPP/Creat Ur-sRto	3-(3-Hydroxyphenyl)propanoate/Creatinine [Molar ratio] in Urine	3-(3-Hydroxyphenyl)propanoate/Creatinine (U) [Molar ratio]		3-Hydroxyphenylpropanoate
79482-6	3-(3-Hydroxyphenyl)propanoate/Creatinine	CHEM		ACTIVE	hMPP/Creat Ur-sRto	3-(3-Hydroxyphenyl)propanoate/Creatinine [Molar ratio] in Urine	3-(3-Hydroxyphenyl)propanoate/Creatinine (U) [Molar ratio]		hMPP
79482-6	3-(3-Hydroxyphenyl)propanoate/Creatinine	CHEM		ACTIVE	hMPP/Creat Ur-sRto	3-(3-Hydroxyphenyl)propanoate/Creatinine [Molar ratio] in Urine	3-(3-Hydroxyphenyl)propanoate/Creatinine (U) [Molar ratio]		3-(3-Hydroxyphenyl)propanoic acid
79480-0	3,4-Dihydroxyhydrocinnamate	CHEM		ACTIVE	3,4-DHCA SerPl-sCnc	3,4-Dihydroxyhydrocinnamate [Moles/volume] in Serum or Plasma	3,4-Dihydroxyhydrocinnamate [Moles/Vol]		3,4-Dihydroxyphenylpropionic acid
79480-0	3,4-Dihydroxyhydrocinnamate	CHEM		ACTIVE	3,4-DHCA SerPl-sCnc	3,4-Dihydroxyhydrocinnamate [Moles/volume] in Serum or Plasma	3,4-Dihydroxyhydrocinnamate [Moles/Vol]		Dihydrocaffeic acid
79480-0	3,4-Dihydroxyhydrocinnamate	CHEM		ACTIVE	3,4-DHCA SerPl-sCnc	3,4-Dihydroxyhydrocinnamate [Moles/volume] in Serum or Plasma	3,4-Dihydroxyhydrocinnamate [Moles/Vol]		3,4-DHCA
79480-0	3,4-Dihydroxyhydrocinnamate	CHEM		ACTIVE	3,4-DHCA SerPl-sCnc	3,4-Dihydroxyhydrocinnamate [Moles/volume] in Serum or Plasma	3,4-Dihydroxyhydrocinnamate [Moles/Vol]		3,4-Dihydroxyphenylpropionate
47814-9	3,4-Dihydroxyphenyllactate/Creatinine	CHEM		DEPRECATED	Deprecated 3,4-Di-OH-phenyllactate/Creat Ur-sRto	Deprecated 3,4-Dihydroxyphenyllactate/Creatinine [Molar ratio] in Urine	3,4-Dihydroxyphenyllactate/Creatinine (U) [Molar ratio]		3,4-Di-OH-phenyllactate
47815-6	3,4-Hydroxymandelate/Creatinine	CHEM		ACTIVE	3,4-OH-mandelate/Creat Ur-sRto	3,4-Hydroxymandelate/Creatinine [Molar ratio] in Urine	3,4-Hydroxymandelate/Creatinine (U) [Molar ratio]		3,4-OH-mandelate
79486-7	3,5-Dihydroxybenzoate/Creatinine	CHEM		ACTIVE	3,5-Dihydroxybenzoate/Creat Ur-sRto	3,5-Dihydroxybenzoate/Creatinine [Molar ratio] in Urine	3,5-Dihydroxybenzoate/Creatinine (U) [Molar ratio]		Benzoate
79486-7	3,5-Dihydroxybenzoate/Creatinine	CHEM		ACTIVE	3,5-Dihydroxybenzoate/Creat Ur-sRto	3,5-Dihydroxybenzoate/Creatinine [Molar ratio] in Urine	3,5-Dihydroxybenzoate/Creatinine (U) [Molar ratio]		3,5-Dihydroxybenzoic acid
48078-0	3,6-Epoxydecanedioate/Creatinine	CHEM		ACTIVE	3,6-epoxydecanedioate/Creat Ur-sRto	3,6-Epoxydecanedioate/Creatinine [Molar ratio] in Urine	3,6-Epoxydecanedioate/Creatinine (U) [Molar ratio]		3,6-epoxydecanedioic acid
48079-8	3,6-Epoxydodecanedioate/Creatinine	CHEM		ACTIVE	3,6-epoxydodecanedioate/Creat Ur-sRto	3,6-Epoxydodecanedioate/Creatinine [Molar ratio] in Urine	3,6-Epoxydodecanedioate/Creatinine (U) [Molar ratio]		3,6-epoxydodecanedioic acid
48080-6	3,6-Epoxyoctanedioate/Creatinine	CHEM		ACTIVE	3,6-epoxyoctanedioate/Creat Ur-sRto	3,6-Epoxyoctanedioate/Creatinine [Molar ratio] in Urine	3,6-Epoxyoctanedioate/Creatinine (U) [Molar ratio]		3,6-epoxyoctanedioic acid
48081-4	3,6-Epoxytetradecanedioate/Creatinine	CHEM		ACTIVE	3,6-epoxytetradecanedioate/Creat Ur-sRto	3,6-Epoxytetradecanedioate/Creatinine [Molar ratio] in Urine	3,6-Epoxytetradecanedioate/Creatinine (U) [Molar ratio]		3,6-epoxytetradecanedioic acid
13610-1	3-Beta-Androstanediol	CHEM		ACTIVE	3-B-androstanediol SerPl-mCnc	3-Beta-Androstanediol [Mass/volume] in Serum or Plasma	3-Beta-Androstanediol [Mass/Vol]		3-B-androstanediol
72404-7	3-epi-25-Hydroxyvitamin D2	CHEM		ACTIVE	3-epi-25(OH)D2 SerPl-mCnc	3-epi-25-Hydroxyvitamin D2 [Mass/volume] in Serum or Plasma	3-epi-25-hydroxyvitamin D2 [Mass/Vol]		3-epi-25-Hydroxy vitamin D2
72404-7	3-epi-25-Hydroxyvitamin D2	CHEM		ACTIVE	3-epi-25(OH)D2 SerPl-mCnc	3-epi-25-Hydroxyvitamin D2 [Mass/volume] in Serum or Plasma	3-epi-25-hydroxyvitamin D2 [Mass/Vol]		3-epi-25(OH)D2
72404-7	3-epi-25-Hydroxyvitamin D2	CHEM		ACTIVE	3-epi-25(OH)D2 SerPl-mCnc	3-epi-25-Hydroxyvitamin D2 [Mass/volume] in Serum or Plasma	3-epi-25-hydroxyvitamin D2 [Mass/Vol]		C-3 epimer of 25OHD2
72403-9	3-epi-25-Hydroxyvitamin D3	CHEM		ACTIVE	3-epi-25(OH)D3 SerPl-mCnc	3-epi-25-Hydroxyvitamin D3 [Mass/volume] in Serum or Plasma	3-epi-25-hydroxyvitamin D3 [Mass/Vol]		C-3 epimer of 25OHD3
72403-9	3-epi-25-Hydroxyvitamin D3	CHEM		ACTIVE	3-epi-25(OH)D3 SerPl-mCnc	3-epi-25-Hydroxyvitamin D3 [Mass/volume] in Serum or Plasma	3-epi-25-hydroxyvitamin D3 [Mass/Vol]		3-epi-25-Hydroxy vitamin D3
72403-9	3-epi-25-Hydroxyvitamin D3	CHEM		ACTIVE	3-epi-25(OH)D3 SerPl-mCnc	3-epi-25-Hydroxyvitamin D3 [Mass/volume] in Serum or Plasma	3-epi-25-hydroxyvitamin D3 [Mass/Vol]		3-epi-25(OH)D3
72888-1	3-epi-25-Hydroxyvitamin D3/25-hydroxyvitamin D.total	CHEM		ACTIVE	3-epi-25(OH)D3/25-OH Vit D MFr SerPl	3-epi-25-Hydroxyvitamin D3/25-hydroxyvitamin D.total in Serum or Plasma	3-epi-25-hydroxyvitamin D3/Total 25-hydroxyvitamin D [Mass fraction]		25-OH Vit D
47817-2	3-Hydroxy,4-Methoxybenzoate/Creatinine	CHEM		ACTIVE	3OH4methoxybenzoate/Creat Ur-sRto	3-Hydroxy,4-Methoxybenzoate/Creatinine [Molar ratio] in Urine	3-Hydroxy,4-Methoxybenzoate/Creatinine (U) [Molar ratio]		3OH4methoxybenzoate
48082-2	3-Hydroxyadipate 3,6-lactone/Creatinine	CHEM		ACTIVE	3OH-adipate 3,6-lactone/Creat Ur-sRto	3-Hydroxyadipate 3,6-lactone/Creatinine [Molar ratio] in Urine	3-Hydroxyadipate 3,6-lactone/Creatinine (U) [Molar ratio]		3-Hydroxyadipolactone
48082-2	3-Hydroxyadipate 3,6-lactone/Creatinine	CHEM		ACTIVE	3OH-adipate 3,6-lactone/Creat Ur-sRto	3-Hydroxyadipate 3,6-lactone/Creatinine [Molar ratio] in Urine	3-Hydroxyadipate 3,6-lactone/Creatinine (U) [Molar ratio]		3OH-adipate 3,6-lactone
13683-8	3-Hydroxyadipate/Creatinine	CHEM		DISCOURAGED	3OH-Adipate/Creat Ur	3-Hydroxyadipate/Creatinine [Mass Ratio] in Urine	3-Hydroxyadipate/Creatinine (U) [Mass ratio]		3-hydroxyadipic acid
13683-8	3-Hydroxyadipate/Creatinine	CHEM		DISCOURAGED	3OH-Adipate/Creat Ur	3-Hydroxyadipate/Creatinine [Mass Ratio] in Urine	3-Hydroxyadipate/Creatinine (U) [Mass ratio]		3OH-Adipate
13683-8	3-Hydroxyadipate/Creatinine	CHEM		DISCOURAGED	3OH-Adipate/Creat Ur	3-Hydroxyadipate/Creatinine [Mass Ratio] in Urine	3-Hydroxyadipate/Creatinine (U) [Mass ratio]		3-hydroxy-adipate
55886-6	3-Hydroxyanthranilate/Creatinine	CHEM		ACTIVE	3OH-anthranilate/Creat Ur-sRto	3-Hydroxyanthranilate/Creatinine [Molar ratio] in Urine	3-Hydroxyanthranilate/Creatinine (U) [Molar ratio]		3-Hydroxy anthranilate
55886-6	3-Hydroxyanthranilate/Creatinine	CHEM		ACTIVE	3OH-anthranilate/Creat Ur-sRto	3-Hydroxyanthranilate/Creatinine [Molar ratio] in Urine	3-Hydroxyanthranilate/Creatinine (U) [Molar ratio]		3-Hydroxyanthranilic acid
55886-6	3-Hydroxyanthranilate/Creatinine	CHEM		ACTIVE	3OH-anthranilate/Creat Ur-sRto	3-Hydroxyanthranilate/Creatinine [Molar ratio] in Urine	3-Hydroxyanthranilate/Creatinine (U) [Molar ratio]		3OH-anthranilate
79497-4	3-Hydroxybenzoate	CHEM		ACTIVE	3OH-benzoate SerPl-sCnc	3-Hydroxybenzoate [Moles/volume] in Serum or Plasma	3-Hydroxybenzoate [Moles/Vol]		3OH-benzoate
18442-4	3-Hydroxybutyrylcarnitine (C4-OH)	CHEM		DISCOURAGED	3OH-Butyrcarn SerPl-mCnc	3-Hydroxybutyrylcarnitine (C4-OH) [Mass/volume] in Serum or Plasma	C4-OH [Mass/Vol]		3-hydroxybutylcarnitine
18442-4	3-Hydroxybutyrylcarnitine (C4-OH)	CHEM		DISCOURAGED	3OH-Butyrcarn SerPl-mCnc	3-Hydroxybutyrylcarnitine (C4-OH) [Mass/volume] in Serum or Plasma	C4-OH [Mass/Vol]		C4-OH
18442-4	3-Hydroxybutyrylcarnitine (C4-OH)	CHEM		DISCOURAGED	3OH-Butyrcarn SerPl-mCnc	3-Hydroxybutyrylcarnitine (C4-OH) [Mass/volume] in Serum or Plasma	C4-OH [Mass/Vol]		C4OH
18442-4	3-Hydroxybutyrylcarnitine (C4-OH)	CHEM		DISCOURAGED	3OH-Butyrcarn SerPl-mCnc	3-Hydroxybutyrylcarnitine (C4-OH) [Mass/volume] in Serum or Plasma	C4-OH [Mass/Vol]		3OH-Butyrcarn
18442-4	3-Hydroxybutyrylcarnitine (C4-OH)	CHEM		DISCOURAGED	3OH-Butyrcarn SerPl-mCnc	3-Hydroxybutyrylcarnitine (C4-OH) [Mass/volume] in Serum or Plasma	C4-OH [Mass/Vol]		3-hydroxy-butylcarnitine
18442-4	3-Hydroxybutyrylcarnitine (C4-OH)	CHEM		DISCOURAGED	3OH-Butyrcarn SerPl-mCnc	3-Hydroxybutyrylcarnitine (C4-OH) [Mass/volume] in Serum or Plasma	C4-OH [Mass/Vol]		3-Hydroxy butyrylcarnitine
48755-3	3-Hydroxydecanoate.free	CHEM		ACTIVE	3OH-decanoate.free SerPl-sCnc	3-Hydroxydecanoate.free (3-OH-C10:0) [Moles/volume] in Serum or Plasma	3-Hydroxydecanoate.free (3-OH-C10:0) [Moles/Vol]		3-hydroxy decanoic acid
48755-3	3-Hydroxydecanoate.free	CHEM		ACTIVE	3OH-decanoate.free SerPl-sCnc	3-Hydroxydecanoate.free (3-OH-C10:0) [Moles/volume] in Serum or Plasma	3-Hydroxydecanoate.free (3-OH-C10:0) [Moles/Vol]		3OH-decanoate.free
48755-3	3-Hydroxydecanoate.free	CHEM		ACTIVE	3OH-decanoate.free SerPl-sCnc	3-Hydroxydecanoate.free (3-OH-C10:0) [Moles/volume] in Serum or Plasma	3-Hydroxydecanoate.free (3-OH-C10:0) [Moles/Vol]		3-hydroxycapric acid
48755-3	3-Hydroxydecanoate.free	CHEM		ACTIVE	3OH-decanoate.free SerPl-sCnc	3-Hydroxydecanoate.free (3-OH-C10:0) [Moles/volume] in Serum or Plasma	3-Hydroxydecanoate.free (3-OH-C10:0) [Moles/Vol]		3-hydroxydecanoic acid
48755-3	3-Hydroxydecanoate.free	CHEM		ACTIVE	3OH-decanoate.free SerPl-sCnc	3-Hydroxydecanoate.free (3-OH-C10:0) [Moles/volume] in Serum or Plasma	3-Hydroxydecanoate.free (3-OH-C10:0) [Moles/Vol]		3OH-decanoate
48755-3	3-Hydroxydecanoate.free	CHEM		ACTIVE	3OH-decanoate.free SerPl-sCnc	3-Hydroxydecanoate.free (3-OH-C10:0) [Moles/volume] in Serum or Plasma	3-Hydroxydecanoate.free (3-OH-C10:0) [Moles/Vol]		3-hydroxy decanoate
53182-2	3-Hydroxydecenoylcarnitine (C10:1-OH)	CHEM		ACTIVE	3-OH-decenoylcarn DBS-sCnc	3-Hydroxydecenoylcarnitine (C10:1-OH) [Moles/volume] in DBS	C10:1-OH (DBS) [Moles/Vol]		3-OH-decenoylcarn
53182-2	3-Hydroxydecenoylcarnitine (C10:1-OH)	CHEM		ACTIVE	3-OH-decenoylcarn DBS-sCnc	3-Hydroxydecenoylcarnitine (C10:1-OH) [Moles/volume] in DBS	C10:1-OH (DBS) [Moles/Vol]		C10:1OH
53182-2	3-Hydroxydecenoylcarnitine (C10:1-OH)	CHEM		ACTIVE	3-OH-decenoylcarn DBS-sCnc	3-Hydroxydecenoylcarnitine (C10:1-OH) [Moles/volume] in DBS	C10:1-OH (DBS) [Moles/Vol]		C10:1-OH
53182-2	3-Hydroxydecenoylcarnitine (C10:1-OH)	CHEM		ACTIVE	3-OH-decenoylcarn DBS-sCnc	3-Hydroxydecenoylcarnitine (C10:1-OH) [Moles/volume] in DBS	C10:1-OH (DBS) [Moles/Vol]		3-Hydroxy decenoylcarnitine
48083-0	3-Hydroxydodecanedienedioate/Creatinine	CHEM		ACTIVE	3OH-dodecanedienedioate/Creat Ur-sRto	3-Hydroxydodecanedienedioate/Creatinine [Molar ratio] in Urine	3-Hydroxydodecanedienedioate/Creatinine (U) [Molar ratio]		3-hydroxydodecanedienedioic acid
48083-0	3-Hydroxydodecanedienedioate/Creatinine	CHEM		ACTIVE	3OH-dodecanedienedioate/Creat Ur-sRto	3-Hydroxydodecanedienedioate/Creatinine [Molar ratio] in Urine	3-Hydroxydodecanedienedioate/Creatinine (U) [Molar ratio]		3OH-dodecanedienedioate
48083-0	3-Hydroxydodecanedienedioate/Creatinine	CHEM		ACTIVE	3OH-dodecanedienedioate/Creat Ur-sRto	3-Hydroxydodecanedienedioate/Creatinine [Molar ratio] in Urine	3-Hydroxydodecanedienedioate/Creatinine (U) [Molar ratio]		3-Hydroxy dodecanedienedioate
21041-9	3-Hydroxydodecanedioate/Creatinine	CHEM		DISCOURAGED	3OH-dodecanedioate/Creat Ur	3-Hydroxydodecanedioate (3-OH-D-C12)/Creatinine [Mass Ratio] in Urine	3-Hydroxydodecanedioate (3-OH-D-C12)/Creatinine (U) [Mass ratio]		3-Hydroxy dodecanedioate
21041-9	3-Hydroxydodecanedioate/Creatinine	CHEM		DISCOURAGED	3OH-dodecanedioate/Creat Ur	3-Hydroxydodecanedioate (3-OH-D-C12)/Creatinine [Mass Ratio] in Urine	3-Hydroxydodecanedioate (3-OH-D-C12)/Creatinine (U) [Mass ratio]		3OH-dodecanedioate
21041-9	3-Hydroxydodecanedioate/Creatinine	CHEM		DISCOURAGED	3OH-dodecanedioate/Creat Ur	3-Hydroxydodecanedioate (3-OH-D-C12)/Creatinine [Mass Ratio] in Urine	3-Hydroxydodecanedioate (3-OH-D-C12)/Creatinine (U) [Mass ratio]		3-hydroxydodecedioic acid
21042-7	3-Hydroxydodecanoate/Creatinine	CHEM		DISCOURAGED	3OH-dodecanoate/Creat Ur	3-Hydroxydodecanoate (3-OH-C12:0)/Creatinine [Mass Ratio] in Urine	3-Hydroxydodecanoate (3-OH-C12:0)/Creatinine (U) [Mass ratio]		3-hydroxy dodecanoate
21042-7	3-Hydroxydodecanoate/Creatinine	CHEM		DISCOURAGED	3OH-dodecanoate/Creat Ur	3-Hydroxydodecanoate (3-OH-C12:0)/Creatinine [Mass Ratio] in Urine	3-Hydroxydodecanoate (3-OH-C12:0)/Creatinine (U) [Mass ratio]		3OH-DDDA
21042-7	3-Hydroxydodecanoate/Creatinine	CHEM		DISCOURAGED	3OH-dodecanoate/Creat Ur	3-Hydroxydodecanoate (3-OH-C12:0)/Creatinine [Mass Ratio] in Urine	3-Hydroxydodecanoate (3-OH-C12:0)/Creatinine (U) [Mass ratio]		3OH-dodecanoate
21042-7	3-Hydroxydodecanoate/Creatinine	CHEM		DISCOURAGED	3OH-dodecanoate/Creat Ur	3-Hydroxydodecanoate (3-OH-C12:0)/Creatinine [Mass Ratio] in Urine	3-Hydroxydodecanoate (3-OH-C12:0)/Creatinine (U) [Mass ratio]		3-hydroxydodecanoic acid
48753-8	3-Hydroxydodecanoate.free	CHEM		ACTIVE	3OH-dodecanoate.free SerPl-sCnc	3-Hydroxydodecanoate.free (3-OH-C12:0) [Moles/volume] in Serum or Plasma	3-Hydroxydodecanoate.free (3-OH-C12:0) [Moles/Vol]		3OH-dodecanoate.free
30233-1	3-Hydroxydodecanoylcarnitine (C12-OH)	CHEM		ACTIVE	3OH-Dodecanoylcarn SerPl-sCnc	3-Hydroxydodecanoylcarnitine (C12-OH) [Moles/volume] in Serum or Plasma	C12-OH [Moles/Vol]		C12-OH
30233-1	3-Hydroxydodecanoylcarnitine (C12-OH)	CHEM		ACTIVE	3OH-Dodecanoylcarn SerPl-sCnc	3-Hydroxydodecanoylcarnitine (C12-OH) [Moles/volume] in Serum or Plasma	C12-OH [Moles/Vol]		3-hydroxy-dodecanoylcarnitine
30233-1	3-Hydroxydodecanoylcarnitine (C12-OH)	CHEM		ACTIVE	3OH-Dodecanoylcarn SerPl-sCnc	3-Hydroxydodecanoylcarnitine (C12-OH) [Moles/volume] in Serum or Plasma	C12-OH [Moles/Vol]		3OH-Dodecanoylcarn
30233-1	3-Hydroxydodecanoylcarnitine (C12-OH)	CHEM		ACTIVE	3OH-Dodecanoylcarn SerPl-sCnc	3-Hydroxydodecanoylcarnitine (C12-OH) [Moles/volume] in Serum or Plasma	C12-OH [Moles/Vol]		C12OH
48085-5	3-Hydroxydodecenedioate/Creatinine	CHEM		ACTIVE	3OH-dodecenedioate/Creat Ur-sRto	3-Hydroxydodecenedioate/Creatinine [Molar ratio] in Urine	3-Hydroxydodecenedioate/Creatinine (U) [Molar ratio]		3-hydroxydodecenedioic acid
48085-5	3-Hydroxydodecenedioate/Creatinine	CHEM		ACTIVE	3OH-dodecenedioate/Creat Ur-sRto	3-Hydroxydodecenedioate/Creatinine [Molar ratio] in Urine	3-Hydroxydodecenedioate/Creatinine (U) [Molar ratio]		3OH-dodecenedioate
48085-5	3-Hydroxydodecenedioate/Creatinine	CHEM		ACTIVE	3OH-dodecenedioate/Creat Ur-sRto	3-Hydroxydodecenedioate/Creatinine [Molar ratio] in Urine	3-Hydroxydodecenedioate/Creatinine (U) [Molar ratio]		3-Hydroxy dodecenedioate
53188-9	3-Hydroxydodecenoylcarnitine (C12:1-OH)	CHEM		ACTIVE	3-OH-dodecenoylcarn DBS-sCnc	3-Hydroxydodecenoylcarnitine (C12:1-OH) [Moles/volume] in DBS	C12:1-OH (DBS) [Moles/Vol]		C12:1-OH
53188-9	3-Hydroxydodecenoylcarnitine (C12:1-OH)	CHEM		ACTIVE	3-OH-dodecenoylcarn DBS-sCnc	3-Hydroxydodecenoylcarnitine (C12:1-OH) [Moles/volume] in DBS	C12:1-OH (DBS) [Moles/Vol]		C12:1OH
53188-9	3-Hydroxydodecenoylcarnitine (C12:1-OH)	CHEM		ACTIVE	3-OH-dodecenoylcarn DBS-sCnc	3-Hydroxydodecenoylcarnitine (C12:1-OH) [Moles/volume] in DBS	C12:1-OH (DBS) [Moles/Vol]		3-OH-dodecenoylcarn
53188-9	3-Hydroxydodecenoylcarnitine (C12:1-OH)	CHEM		ACTIVE	3-OH-dodecenoylcarn DBS-sCnc	3-Hydroxydodecenoylcarnitine (C12:1-OH) [Moles/volume] in DBS	C12:1-OH (DBS) [Moles/Vol]		3-Hydroxy dodecenoylcarnitine
74510-9	3-Hydroxyeicosanoylcarnitine (C20-OH)	CHEM		ACTIVE	3-OH-eicosanoylcarn SerPl-sCnc	3-Hydroxyeicosanoylcarnitine (C20-OH) [Moles/volume] in Serum or Plasma	C20-OH [Moles/Vol]		3-[(3-hydroxyicosanoyl)oxy]-4-(trimethylazaniumyl)butanoate
74510-9	3-Hydroxyeicosanoylcarnitine (C20-OH)	CHEM		ACTIVE	3-OH-eicosanoylcarn SerPl-sCnc	3-Hydroxyeicosanoylcarnitine (C20-OH) [Moles/volume] in Serum or Plasma	C20-OH [Moles/Vol]		3-hydroxyarachidoylcarnitine
74510-9	3-Hydroxyeicosanoylcarnitine (C20-OH)	CHEM		ACTIVE	3-OH-eicosanoylcarn SerPl-sCnc	3-Hydroxyeicosanoylcarnitine (C20-OH) [Moles/volume] in Serum or Plasma	C20-OH [Moles/Vol]		3-OH-eicosanoylcarn
48750-4	3-Hydroxy fatty acids pattern	CHEM		ACTIVE	3OH FA pattern SerPl-Imp	3-Hydroxy fatty acids pattern [Interpretation] in Serum or Plasma	3-Hydroxy fatty acids pattern [Interp]		3OH FA pattern
13685-3	3-Hydroxyglutarate/Creatinine	CHEM		DISCOURAGED	3OH-Glutarate/Creat Ur	3-Hydroxyglutarate/Creatinine [Mass Ratio] in Urine	3-Hydroxyglutarate/Creatinine (U) [Mass ratio]		3OH-Glutarate
13685-3	3-Hydroxyglutarate/Creatinine	CHEM		DISCOURAGED	3OH-Glutarate/Creat Ur	3-Hydroxyglutarate/Creatinine [Mass Ratio] in Urine	3-Hydroxyglutarate/Creatinine (U) [Mass ratio]		3-hydroxyglutaric acid
13685-3	3-Hydroxyglutarate/Creatinine	CHEM		DISCOURAGED	3OH-Glutarate/Creat Ur	3-Hydroxyglutarate/Creatinine [Mass Ratio] in Urine	3-Hydroxyglutarate/Creatinine (U) [Mass ratio]		3-hydroxy-glutarate
13685-3	3-Hydroxyglutarate/Creatinine	CHEM		DISCOURAGED	3OH-Glutarate/Creat Ur	3-Hydroxyglutarate/Creatinine [Mass Ratio] in Urine	3-Hydroxyglutarate/Creatinine (U) [Mass ratio]		3-OH-GA
47818-0	3-Hydroxyhexanoate/Creatinine	CHEM		ACTIVE	3OH-hexanoate/Creat Ur-sRto	3-Hydroxyhexanoate (3-OH-C6:0)/Creatinine [Molar ratio] in Urine	3-Hydroxyhexanoate (3-OH-C6:0)/Creatinine (U) [Molar ratio]		3OH-hexanoate
47818-0	3-Hydroxyhexanoate/Creatinine	CHEM		ACTIVE	3OH-hexanoate/Creat Ur-sRto	3-Hydroxyhexanoate (3-OH-C6:0)/Creatinine [Molar ratio] in Urine	3-Hydroxyhexanoate (3-OH-C6:0)/Creatinine (U) [Molar ratio]		3-hydroxy hexanoic acid
47818-0	3-Hydroxyhexanoate/Creatinine	CHEM		ACTIVE	3OH-hexanoate/Creat Ur-sRto	3-Hydroxyhexanoate (3-OH-C6:0)/Creatinine [Molar ratio] in Urine	3-Hydroxyhexanoate (3-OH-C6:0)/Creatinine (U) [Molar ratio]		3-hydroxy hexanoate
47818-0	3-Hydroxyhexanoate/Creatinine	CHEM		ACTIVE	3OH-hexanoate/Creat Ur-sRto	3-Hydroxyhexanoate (3-OH-C6:0)/Creatinine [Molar ratio] in Urine	3-Hydroxyhexanoate (3-OH-C6:0)/Creatinine (U) [Molar ratio]		3-hydroxyhexanoic acid
48758-7	3-Hydroxyhexanoate.free	CHEM		ACTIVE	3OH-hexanoate.free SerPl-sCnc	3-Hydroxyhexanoate.free (3-OH-C6:0) [Moles/volume] in Serum or Plasma	3-Hydroxyhexanoate.free (3-OH-C6:0) [Moles/Vol]		3OH-hexanoate.free
30236-4	3-Hydroxyhexanoylcarnitine (C6-OH)	CHEM		ACTIVE	3OH-Hexanoylcarn SerPl-sCnc	3-Hydroxyhexanoylcarnitine (C6-OH) [Moles/volume] in Serum or Plasma	C6-OH [Moles/Vol]		C6-OH
30236-4	3-Hydroxyhexanoylcarnitine (C6-OH)	CHEM		ACTIVE	3OH-Hexanoylcarn SerPl-sCnc	3-Hydroxyhexanoylcarnitine (C6-OH) [Moles/volume] in Serum or Plasma	C6-OH [Moles/Vol]		3-hydroxy-hexanoylcarnitine
30236-4	3-Hydroxyhexanoylcarnitine (C6-OH)	CHEM		ACTIVE	3OH-Hexanoylcarn SerPl-sCnc	3-Hydroxyhexanoylcarnitine (C6-OH) [Moles/volume] in Serum or Plasma	C6-OH [Moles/Vol]		C6OH
30236-4	3-Hydroxyhexanoylcarnitine (C6-OH)	CHEM		ACTIVE	3OH-Hexanoylcarn SerPl-sCnc	3-Hydroxyhexanoylcarnitine (C6-OH) [Moles/volume] in Serum or Plasma	C6-OH [Moles/Vol]		3OH-Hexanoylcarn
79501-3	3-Hydroxyhippurate/Creatinine	CHEM		ACTIVE	3OH-hippurate/Creat Ur-sRto	3-Hydroxyhippurate/Creatinine [Molar ratio] in Urine	3-Hydroxyhippurate/Creatinine (U) [Molar ratio]		3-Hydroxyhippuric acid
79501-3	3-Hydroxyhippurate/Creatinine	CHEM		ACTIVE	3OH-hippurate/Creat Ur-sRto	3-Hydroxyhippurate/Creatinine [Molar ratio] in Urine	3-Hydroxyhippurate/Creatinine (U) [Molar ratio]		3OH-hippurate
13686-1	3-Hydroxyisobutyrate/Creatinine	CHEM		DISCOURAGED	3OH-Isobutyrate/Creat Ur	3-Hydroxyisobutyrate/Creatinine [Mass Ratio] in Urine	3-Hydroxyisobutyrate/Creatinine (U) [Mass ratio]		3-hydroxyisobutyric acid
13686-1	3-Hydroxyisobutyrate/Creatinine	CHEM		DISCOURAGED	3OH-Isobutyrate/Creat Ur	3-Hydroxyisobutyrate/Creatinine [Mass Ratio] in Urine	3-Hydroxyisobutyrate/Creatinine (U) [Mass ratio]		3-hydroxy-isobutyrate
13686-1	3-Hydroxyisobutyrate/Creatinine	CHEM		DISCOURAGED	3OH-Isobutyrate/Creat Ur	3-Hydroxyisobutyrate/Creatinine [Mass Ratio] in Urine	3-Hydroxyisobutyrate/Creatinine (U) [Mass ratio]		3-hydroxy-2-methylpropanoic acid
13686-1	3-Hydroxyisobutyrate/Creatinine	CHEM		DISCOURAGED	3OH-Isobutyrate/Creat Ur	3-Hydroxyisobutyrate/Creatinine [Mass Ratio] in Urine	3-Hydroxyisobutyrate/Creatinine (U) [Mass ratio]		3OH-Isobutyrate
13686-1	3-Hydroxyisobutyrate/Creatinine	CHEM		DISCOURAGED	3OH-Isobutyrate/Creat Ur	3-Hydroxyisobutyrate/Creatinine [Mass Ratio] in Urine	3-Hydroxyisobutyrate/Creatinine (U) [Mass ratio]		3-hydroxy-2-methylpropanoate
13686-1	3-Hydroxyisobutyrate/Creatinine	CHEM		DISCOURAGED	3OH-Isobutyrate/Creat Ur	3-Hydroxyisobutyrate/Creatinine [Mass Ratio] in Urine	3-Hydroxyisobutyrate/Creatinine (U) [Mass ratio]		3-HIBA
82216-3	3-Hydroxyisobutyrate dehydrogenase	CHEM		ACTIVE	HIBADH Fib-cCnt	3-Hydroxyisobutyrate dehydrogenase [Enzymatic activity/mass] in Fibroblast	3-Hydroxyisobutyrate dehydrogenase (Fibroblast) [Catalytic activity/Mass]		HIBADH
82217-1	3-Hydroxyisobutyryl-CoA hydrolase	CHEM		ACTIVE	HIBYL-CoA Fib-cCnt	3-Hydroxyisobutyryl-CoA hydrolase [Enzymatic activity/mass] in Fibroblast	3-Hydroxyisobutyryl-CoA hydrolase (Fibroblast) [Catalytic activity/Mass]		HIBYL-CoA
82217-1	3-Hydroxyisobutyryl-CoA hydrolase	CHEM		ACTIVE	HIBYL-CoA Fib-cCnt	3-Hydroxyisobutyryl-CoA hydrolase [Enzymatic activity/mass] in Fibroblast	3-Hydroxyisobutyryl-CoA hydrolase (Fibroblast) [Catalytic activity/Mass]		3-hydroxy-isobutyryl-CoA hydrolase
82217-1	3-Hydroxyisobutyryl-CoA hydrolase	CHEM		ACTIVE	HIBYL-CoA Fib-cCnt	3-Hydroxyisobutyryl-CoA hydrolase [Enzymatic activity/mass] in Fibroblast	3-Hydroxyisobutyryl-CoA hydrolase (Fibroblast) [Catalytic activity/Mass]		HIBYL-CoA-H
82217-1	3-Hydroxyisobutyryl-CoA hydrolase	CHEM		ACTIVE	HIBYL-CoA Fib-cCnt	3-Hydroxyisobutyryl-CoA hydrolase [Enzymatic activity/mass] in Fibroblast	3-Hydroxyisobutyryl-CoA hydrolase (Fibroblast) [Catalytic activity/Mass]		HIBYL-CoA hydrolase
13687-9	3-Hydroxyisovalerate/Creatinine	CHEM		DISCOURAGED	3OH-Isovalerate/Creat Ur	3-Hydroxyisovalerate/Creatinine [Mass Ratio] in Urine	3-Hydroxyisovalerate/Creatinine (U) [Mass ratio]		3-HIA
13687-9	3-Hydroxyisovalerate/Creatinine	CHEM		DISCOURAGED	3OH-Isovalerate/Creat Ur	3-Hydroxyisovalerate/Creatinine [Mass Ratio] in Urine	3-Hydroxyisovalerate/Creatinine (U) [Mass ratio]		3OH-Isovalerate
13687-9	3-Hydroxyisovalerate/Creatinine	CHEM		DISCOURAGED	3OH-Isovalerate/Creat Ur	3-Hydroxyisovalerate/Creatinine [Mass Ratio] in Urine	3-Hydroxyisovalerate/Creatinine (U) [Mass ratio]		3-hydroxyisovaleric acid
13687-9	3-Hydroxyisovalerate/Creatinine	CHEM		DISCOURAGED	3OH-Isovalerate/Creat Ur	3-Hydroxyisovalerate/Creatinine [Mass Ratio] in Urine	3-Hydroxyisovalerate/Creatinine (U) [Mass ratio]		3-hydroxy-isovalerate
51412-5	3-Hydroxyisovalerylcarnitine+2-Methyl,3-Hydroxybutyrylcarnitine (C5-OH)	CHEM		ACTIVE	3OH-IV+2Me3OH-Butyr carn SerPl-sCnc	3-Hydroxyisovalerylcarnitine+2-Methyl,3-Hydroxybutyrylcarnitine (C5-OH) [Moles/volume] in Serum or Plasma	3-Hydroxyisovalerylcarnitine+2-Methyl,3-Hydroxybutyrylcarnitine (C5-OH) [Moles/Vol]		3OH-IV+2Me3OH-Butyr carn
18444-0	3-Hydroxyisovalerylcarnitine (C5-OH)	CHEM		DISCOURAGED	3OH-Isovalerylcarn SerPl-mCnc	3-Hydroxyisovalerylcarnitine (C5-OH) [Mass/volume] in Serum or Plasma	3-Hydroxyisovalerylcarnitine (C5-OH) [Mass/Vol]		3OH-Isovalerylcarn
18444-0	3-Hydroxyisovalerylcarnitine (C5-OH)	CHEM		DISCOURAGED	3OH-Isovalerylcarn SerPl-mCnc	3-Hydroxyisovalerylcarnitine (C5-OH) [Mass/volume] in Serum or Plasma	3-Hydroxyisovalerylcarnitine (C5-OH) [Mass/Vol]		3-hydroxy-isovalerylcarnitine
74430-0	3-Hydroxykynurenin	CHEM		ACTIVE	3OH-kynurenin SerPl-sCnc	3-Hydroxykynurenin [Moles/volume] in Serum or Plasma	3-Hydroxykynurenin [Moles/Vol]		3OH-kynurenin
18464-8	3-Hydroxylinoleoylcarnitine (C18:2-OH)	CHEM		DISCOURAGED	3OH-Linoleoylcarn SerPl-mCnc	3-Hydroxylinoleoylcarnitine (C18:2-OH) [Mass/volume] in Serum or Plasma	C18:2-OH [Mass/Vol]		3OH-Linoleoylcarn
18464-8	3-Hydroxylinoleoylcarnitine (C18:2-OH)	CHEM		DISCOURAGED	3OH-Linoleoylcarn SerPl-mCnc	3-Hydroxylinoleoylcarnitine (C18:2-OH) [Mass/volume] in Serum or Plasma	C18:2-OH [Mass/Vol]		C18:2-OH
18464-8	3-Hydroxylinoleoylcarnitine (C18:2-OH)	CHEM		DISCOURAGED	3OH-Linoleoylcarn SerPl-mCnc	3-Hydroxylinoleoylcarnitine (C18:2-OH) [Mass/volume] in Serum or Plasma	C18:2-OH [Mass/Vol]		C18:2OH
18464-8	3-Hydroxylinoleoylcarnitine (C18:2-OH)	CHEM		DISCOURAGED	3OH-Linoleoylcarn SerPl-mCnc	3-Hydroxylinoleoylcarnitine (C18:2-OH) [Mass/volume] in Serum or Plasma	C18:2-OH [Mass/Vol]		3-hydroxylinoleylcarnitine
18464-8	3-Hydroxylinoleoylcarnitine (C18:2-OH)	CHEM		DISCOURAGED	3OH-Linoleoylcarn SerPl-mCnc	3-Hydroxylinoleoylcarnitine (C18:2-OH) [Mass/volume] in Serum or Plasma	C18:2-OH [Mass/Vol]		3-hydroxy-linoleoylcarnitine
48752-0	3-Hydroxymyristate.free	CHEM		ACTIVE	3OH-myristate.free SerPl-sCnc	3-Hydroxymyristate.free (3-OH-C14:0) [Moles/volume] in Serum or Plasma	3-Hydroxymyristate.free (3-OH-C14:0) [Moles/Vol]		3-hydroxy tetradecanoic acid
48752-0	3-Hydroxymyristate.free	CHEM		ACTIVE	3OH-myristate.free SerPl-sCnc	3-Hydroxymyristate.free (3-OH-C14:0) [Moles/volume] in Serum or Plasma	3-Hydroxymyristate.free (3-OH-C14:0) [Moles/Vol]		3-hydroxy myristate
48752-0	3-Hydroxymyristate.free	CHEM		ACTIVE	3OH-myristate.free SerPl-sCnc	3-Hydroxymyristate.free (3-OH-C14:0) [Moles/volume] in Serum or Plasma	3-Hydroxymyristate.free (3-OH-C14:0) [Moles/Vol]		3-hydroxy myristic acid
48752-0	3-Hydroxymyristate.free	CHEM		ACTIVE	3OH-myristate.free SerPl-sCnc	3-Hydroxymyristate.free (3-OH-C14:0) [Moles/volume] in Serum or Plasma	3-Hydroxymyristate.free (3-OH-C14:0) [Moles/Vol]		3-hydroxy tetradecanoate
48752-0	3-Hydroxymyristate.free	CHEM		ACTIVE	3OH-myristate.free SerPl-sCnc	3-Hydroxymyristate.free (3-OH-C14:0) [Moles/volume] in Serum or Plasma	3-Hydroxymyristate.free (3-OH-C14:0) [Moles/Vol]		3OH-myristate.free
48752-0	3-Hydroxymyristate.free	CHEM		ACTIVE	3OH-myristate.free SerPl-sCnc	3-Hydroxymyristate.free (3-OH-C14:0) [Moles/volume] in Serum or Plasma	3-Hydroxymyristate.free (3-OH-C14:0) [Moles/Vol]		3OH-myristate
48752-0	3-Hydroxymyristate.free	CHEM		ACTIVE	3OH-myristate.free SerPl-sCnc	3-Hydroxymyristate.free (3-OH-C14:0) [Moles/volume] in Serum or Plasma	3-Hydroxymyristate.free (3-OH-C14:0) [Moles/Vol]		3-hydroxytetradecanoic acid
48752-0	3-Hydroxymyristate.free	CHEM		ACTIVE	3OH-myristate.free SerPl-sCnc	3-Hydroxymyristate.free (3-OH-C14:0) [Moles/volume] in Serum or Plasma	3-Hydroxymyristate.free (3-OH-C14:0) [Moles/Vol]		3-hydroxytetradecanoate
48752-0	3-Hydroxymyristate.free	CHEM		ACTIVE	3OH-myristate.free SerPl-sCnc	3-Hydroxymyristate.free (3-OH-C14:0) [Moles/volume] in Serum or Plasma	3-Hydroxymyristate.free (3-OH-C14:0) [Moles/Vol]		3-hydroxymyristic acid
50273-2	3-Hydroxymyristoleylcarnitine (C14:1-OH)	CHEM		ACTIVE	3OH-myristoleylcarn Ur-sCnc	3-Hydroxymyristoleylcarnitine (C14:1-OH) [Moles/volume] in Urine	3-Hydroxymyristoleylcarnitine (C14:1-OH) (U) [Moles/Vol]		3OH-myristoleylcarn
50273-2	3-Hydroxymyristoleylcarnitine (C14:1-OH)	CHEM		ACTIVE	3OH-myristoleylcarn Ur-sCnc	3-Hydroxymyristoleylcarnitine (C14:1-OH) [Moles/volume] in Urine	3-Hydroxymyristoleylcarnitine (C14:1-OH) (U) [Moles/Vol]		3-Hydroxy myristoleylcarnitine
50273-2	3-Hydroxymyristoleylcarnitine (C14:1-OH)	CHEM		ACTIVE	3OH-myristoleylcarn Ur-sCnc	3-Hydroxymyristoleylcarnitine (C14:1-OH) [Moles/volume] in Urine	3-Hydroxymyristoleylcarnitine (C14:1-OH) (U) [Moles/Vol]		9-cis-tetradecenylhydroxyl carnitine
50273-2	3-Hydroxymyristoleylcarnitine (C14:1-OH)	CHEM		ACTIVE	3OH-myristoleylcarn Ur-sCnc	3-Hydroxymyristoleylcarnitine (C14:1-OH) [Moles/volume] in Urine	3-Hydroxymyristoleylcarnitine (C14:1-OH) (U) [Moles/Vol]		9-cis-tetradecenylhydroxylcarnitine
50273-2	3-Hydroxymyristoleylcarnitine (C14:1-OH)	CHEM		ACTIVE	3OH-myristoleylcarn Ur-sCnc	3-Hydroxymyristoleylcarnitine (C14:1-OH) [Moles/volume] in Urine	3-Hydroxymyristoleylcarnitine (C14:1-OH) (U) [Moles/Vol]		3-Hydroxymyristoleyl carnitine
48756-1	3-Hydroxyoctanoate.free	CHEM		ACTIVE	3OH-octanoate.free SerPl-sCnc	3-Hydroxyoctanoate.free (3-OH-C8:0) [Moles/volume] in Serum or Plasma	3-Hydroxyoctanoate.free (3-OH-C8:0) [Moles/Vol]		3OH-octanoate
48756-1	3-Hydroxyoctanoate.free	CHEM		ACTIVE	3OH-octanoate.free SerPl-sCnc	3-Hydroxyoctanoate.free (3-OH-C8:0) [Moles/volume] in Serum or Plasma	3-Hydroxyoctanoate.free (3-OH-C8:0) [Moles/Vol]		3-hydroxyoctanoic acid
48756-1	3-Hydroxyoctanoate.free	CHEM		ACTIVE	3OH-octanoate.free SerPl-sCnc	3-Hydroxyoctanoate.free (3-OH-C8:0) [Moles/volume] in Serum or Plasma	3-Hydroxyoctanoate.free (3-OH-C8:0) [Moles/Vol]		3-hydroxy octanoic acid
48756-1	3-Hydroxyoctanoate.free	CHEM		ACTIVE	3OH-octanoate.free SerPl-sCnc	3-Hydroxyoctanoate.free (3-OH-C8:0) [Moles/volume] in Serum or Plasma	3-Hydroxyoctanoate.free (3-OH-C8:0) [Moles/Vol]		3-hydroxy octanoate
48756-1	3-Hydroxyoctanoate.free	CHEM		ACTIVE	3OH-octanoate.free SerPl-sCnc	3-Hydroxyoctanoate.free (3-OH-C8:0) [Moles/volume] in Serum or Plasma	3-Hydroxyoctanoate.free (3-OH-C8:0) [Moles/Vol]		3OH-octanoate.free
53178-0	3-Hydroxyoctanoylcarnitine (C8-OH)+Malonylcarnitine (C3-DC)	CHEM		ACTIVE	3OHoctanoyl+Malonylcarn DBS-sCnc	3-Hydroxyoctanoylcarnitine (C8-OH)+Malonylcarnitine (C3-DC) [Moles/volume] in DBS	C8-OH+C3-DC (DBS) [Moles/Vol]		3-Hydroxy octanoylcarnitine
53178-0	3-Hydroxyoctanoylcarnitine (C8-OH)+Malonylcarnitine (C3-DC)	CHEM		ACTIVE	3OHoctanoyl+Malonylcarn DBS-sCnc	3-Hydroxyoctanoylcarnitine (C8-OH)+Malonylcarnitine (C3-DC) [Moles/volume] in DBS	C8-OH+C3-DC (DBS) [Moles/Vol]		C8-OH
53178-0	3-Hydroxyoctanoylcarnitine (C8-OH)+Malonylcarnitine (C3-DC)	CHEM		ACTIVE	3OHoctanoyl+Malonylcarn DBS-sCnc	3-Hydroxyoctanoylcarnitine (C8-OH)+Malonylcarnitine (C3-DC) [Moles/volume] in DBS	C8-OH+C3-DC (DBS) [Moles/Vol]		C8OH
53178-0	3-Hydroxyoctanoylcarnitine (C8-OH)+Malonylcarnitine (C3-DC)	CHEM		ACTIVE	3OHoctanoyl+Malonylcarn DBS-sCnc	3-Hydroxyoctanoylcarnitine (C8-OH)+Malonylcarnitine (C3-DC) [Moles/volume] in DBS	C8-OH+C3-DC (DBS) [Moles/Vol]		C3-DC
53178-0	3-Hydroxyoctanoylcarnitine (C8-OH)+Malonylcarnitine (C3-DC)	CHEM		ACTIVE	3OHoctanoyl+Malonylcarn DBS-sCnc	3-Hydroxyoctanoylcarnitine (C8-OH)+Malonylcarnitine (C3-DC) [Moles/volume] in DBS	C8-OH+C3-DC (DBS) [Moles/Vol]		C3DC
53178-0	3-Hydroxyoctanoylcarnitine (C8-OH)+Malonylcarnitine (C3-DC)	CHEM		ACTIVE	3OHoctanoyl+Malonylcarn DBS-sCnc	3-Hydroxyoctanoylcarnitine (C8-OH)+Malonylcarnitine (C3-DC) [Moles/volume] in DBS	C8-OH+C3-DC (DBS) [Moles/Vol]		3OHoctanoyl+Malonylcarn
53178-0	3-Hydroxyoctanoylcarnitine (C8-OH)+Malonylcarnitine (C3-DC)	CHEM		ACTIVE	3OHoctanoyl+Malonylcarn DBS-sCnc	3-Hydroxyoctanoylcarnitine (C8-OH)+Malonylcarnitine (C3-DC) [Moles/volume] in DBS	C8-OH+C3-DC (DBS) [Moles/Vol]		3OH-octanoyl
18465-5	3-Hydroxyoleoylcarnitine (C18:1-OH)	CHEM		DISCOURAGED	3OH-Oleoylcarn SerPl-mCnc	3-Hydroxyoleoylcarnitine (C18:1-OH) [Mass/volume] in Serum or Plasma	C18:1-OH [Mass/Vol]		3OH-Oleoylcarn
18465-5	3-Hydroxyoleoylcarnitine (C18:1-OH)	CHEM		DISCOURAGED	3OH-Oleoylcarn SerPl-mCnc	3-Hydroxyoleoylcarnitine (C18:1-OH) [Mass/volume] in Serum or Plasma	C18:1-OH [Mass/Vol]		C18:1-OH
18465-5	3-Hydroxyoleoylcarnitine (C18:1-OH)	CHEM		DISCOURAGED	3OH-Oleoylcarn SerPl-mCnc	3-Hydroxyoleoylcarnitine (C18:1-OH) [Mass/volume] in Serum or Plasma	C18:1-OH [Mass/Vol]		C18:1OH
18465-5	3-Hydroxyoleoylcarnitine (C18:1-OH)	CHEM		DISCOURAGED	3OH-Oleoylcarn SerPl-mCnc	3-Hydroxyoleoylcarnitine (C18:1-OH) [Mass/volume] in Serum or Plasma	C18:1-OH [Mass/Vol]		3-hydroxyoleylcarnitine
18465-5	3-Hydroxyoleoylcarnitine (C18:1-OH)	CHEM		DISCOURAGED	3OH-Oleoylcarn SerPl-mCnc	3-Hydroxyoleoylcarnitine (C18:1-OH) [Mass/volume] in Serum or Plasma	C18:1-OH [Mass/Vol]		3-hydroxy-oleoylcarnitine
48751-2	3-Hydroxypalmitate.free	CHEM		ACTIVE	3OH-palmitate.free SerPl-sCnc	3-Hydroxypalmitate.free (3-OH-C16:0) [Moles/volume] in Serum or Plasma	3-Hydroxypalmitate.free (3-OH-C16:0) [Moles/Vol]		3-hydroxyhexadecanoic acid
48751-2	3-Hydroxypalmitate.free	CHEM		ACTIVE	3OH-palmitate.free SerPl-sCnc	3-Hydroxypalmitate.free (3-OH-C16:0) [Moles/volume] in Serum or Plasma	3-Hydroxypalmitate.free (3-OH-C16:0) [Moles/Vol]		3-hydroxyhexadecanoate
48751-2	3-Hydroxypalmitate.free	CHEM		ACTIVE	3OH-palmitate.free SerPl-sCnc	3-Hydroxypalmitate.free (3-OH-C16:0) [Moles/volume] in Serum or Plasma	3-Hydroxypalmitate.free (3-OH-C16:0) [Moles/Vol]		3-hydroxy palmitic acid
48751-2	3-Hydroxypalmitate.free	CHEM		ACTIVE	3OH-palmitate.free SerPl-sCnc	3-Hydroxypalmitate.free (3-OH-C16:0) [Moles/volume] in Serum or Plasma	3-Hydroxypalmitate.free (3-OH-C16:0) [Moles/Vol]		3OH-palmitate
48751-2	3-Hydroxypalmitate.free	CHEM		ACTIVE	3OH-palmitate.free SerPl-sCnc	3-Hydroxypalmitate.free (3-OH-C16:0) [Moles/volume] in Serum or Plasma	3-Hydroxypalmitate.free (3-OH-C16:0) [Moles/Vol]		3-hydroxy palmitate
48751-2	3-Hydroxypalmitate.free	CHEM		ACTIVE	3OH-palmitate.free SerPl-sCnc	3-Hydroxypalmitate.free (3-OH-C16:0) [Moles/volume] in Serum or Plasma	3-Hydroxypalmitate.free (3-OH-C16:0) [Moles/Vol]		3-hydroxy hexadecanoic acid
48751-2	3-Hydroxypalmitate.free	CHEM		ACTIVE	3OH-palmitate.free SerPl-sCnc	3-Hydroxypalmitate.free (3-OH-C16:0) [Moles/volume] in Serum or Plasma	3-Hydroxypalmitate.free (3-OH-C16:0) [Moles/Vol]		3-hydroxy hexadecanoate
48751-2	3-Hydroxypalmitate.free	CHEM		ACTIVE	3OH-palmitate.free SerPl-sCnc	3-Hydroxypalmitate.free (3-OH-C16:0) [Moles/volume] in Serum or Plasma	3-Hydroxypalmitate.free (3-OH-C16:0) [Moles/Vol]		3OH-palmitate.free
48751-2	3-Hydroxypalmitate.free	CHEM		ACTIVE	3OH-palmitate.free SerPl-sCnc	3-Hydroxypalmitate.free (3-OH-C16:0) [Moles/volume] in Serum or Plasma	3-Hydroxypalmitate.free (3-OH-C16:0) [Moles/Vol]		3-hydroxypalmitic acid
30235-6	3-Hydroxypalmitoleylcarnitine (C16:1-OH)	CHEM		ACTIVE	3OH-Palmitoleylcarn SerPl-sCnc	3-Hydroxypalmitoleylcarnitine (C16:1-OH) [Moles/volume] in Serum or Plasma	C16:1-OH [Moles/Vol]		C16:1-OH
30235-6	3-Hydroxypalmitoleylcarnitine (C16:1-OH)	CHEM		ACTIVE	3OH-Palmitoleylcarn SerPl-sCnc	3-Hydroxypalmitoleylcarnitine (C16:1-OH) [Moles/volume] in Serum or Plasma	C16:1-OH [Moles/Vol]		3-Hydroxy palmitoleylcarnitine
30235-6	3-Hydroxypalmitoleylcarnitine (C16:1-OH)	CHEM		ACTIVE	3OH-Palmitoleylcarn SerPl-sCnc	3-Hydroxypalmitoleylcarnitine (C16:1-OH) [Moles/volume] in Serum or Plasma	C16:1-OH [Moles/Vol]		3-hydroxyhexadecenoylcarnitine
30235-6	3-Hydroxypalmitoleylcarnitine (C16:1-OH)	CHEM		ACTIVE	3OH-Palmitoleylcarn SerPl-sCnc	3-Hydroxypalmitoleylcarnitine (C16:1-OH) [Moles/volume] in Serum or Plasma	C16:1-OH [Moles/Vol]		3-hydroxy-hexadecenoylcarnitine
30235-6	3-Hydroxypalmitoleylcarnitine (C16:1-OH)	CHEM		ACTIVE	3OH-Palmitoleylcarn SerPl-sCnc	3-Hydroxypalmitoleylcarnitine (C16:1-OH) [Moles/volume] in Serum or Plasma	C16:1-OH [Moles/Vol]		3OH-Palmitoleylcarn
30235-6	3-Hydroxypalmitoleylcarnitine (C16:1-OH)	CHEM		ACTIVE	3OH-Palmitoleylcarn SerPl-sCnc	3-Hydroxypalmitoleylcarnitine (C16:1-OH) [Moles/volume] in Serum or Plasma	C16:1-OH [Moles/Vol]		C16:1OH
18461-4	3-Hydroxypalmitoylcarnitine (C16-OH)	CHEM		DISCOURAGED	3OH-Palmitoylcarn SerPl-mCnc	3-Hydroxypalmitoylcarnitine (C16-OH) [Mass/volume] in Serum or Plasma	C16-OH [Mass/Vol]		C16OH
18461-4	3-Hydroxypalmitoylcarnitine (C16-OH)	CHEM		DISCOURAGED	3OH-Palmitoylcarn SerPl-mCnc	3-Hydroxypalmitoylcarnitine (C16-OH) [Mass/volume] in Serum or Plasma	C16-OH [Mass/Vol]		3-hydroxyhexadecanoylcarnitine
18461-4	3-Hydroxypalmitoylcarnitine (C16-OH)	CHEM		DISCOURAGED	3OH-Palmitoylcarn SerPl-mCnc	3-Hydroxypalmitoylcarnitine (C16-OH) [Mass/volume] in Serum or Plasma	C16-OH [Mass/Vol]		3-hydroxy-hexadecanoylcarnitine
18461-4	3-Hydroxypalmitoylcarnitine (C16-OH)	CHEM		DISCOURAGED	3OH-Palmitoylcarn SerPl-mCnc	3-Hydroxypalmitoylcarnitine (C16-OH) [Mass/volume] in Serum or Plasma	C16-OH [Mass/Vol]		3-hydroxy-palmitoylcarnitine
18461-4	3-Hydroxypalmitoylcarnitine (C16-OH)	CHEM		DISCOURAGED	3OH-Palmitoylcarn SerPl-mCnc	3-Hydroxypalmitoylcarnitine (C16-OH) [Mass/volume] in Serum or Plasma	C16-OH [Mass/Vol]		C16-OH
18461-4	3-Hydroxypalmitoylcarnitine (C16-OH)	CHEM		DISCOURAGED	3OH-Palmitoylcarn SerPl-mCnc	3-Hydroxypalmitoylcarnitine (C16-OH) [Mass/volume] in Serum or Plasma	C16-OH [Mass/Vol]		3OH-Palmitoylcarn
13688-7	3-Hydroxypropionate/Creatinine	CHEM		DISCOURAGED	3OH-Propionate/Creat Ur	3-Hydroxypropionate (3-OH-C3)/Creatinine [Mass Ratio] in Urine	3-Hydroxypropionate (3-OH-C3)/Creatinine (U) [Mass ratio]		3-hydroxypropionic acid
13688-7	3-Hydroxypropionate/Creatinine	CHEM		DISCOURAGED	3OH-Propionate/Creat Ur	3-Hydroxypropionate (3-OH-C3)/Creatinine [Mass Ratio] in Urine	3-Hydroxypropionate (3-OH-C3)/Creatinine (U) [Mass ratio]		3OH-Propionate
13688-7	3-Hydroxypropionate/Creatinine	CHEM		DISCOURAGED	3OH-Propionate/Creat Ur	3-Hydroxypropionate (3-OH-C3)/Creatinine [Mass Ratio] in Urine	3-Hydroxypropionate (3-OH-C3)/Creatinine (U) [Mass ratio]		3-hydroxy-propionate
101991-8	3-hydroxypropyl mercapturate/Creatinine	CHEM		ACTIVE	3-HPMA/Creat Ur	3-hydroxypropyl mercapturate/Creatinine [Mass Ratio] in Urine	3-hydroxypropyl mercapturate/Creatinine (U) [Mass ratio]		3-HPMA
101991-8	3-hydroxypropyl mercapturate/Creatinine	CHEM		ACTIVE	3-HPMA/Creat Ur	3-hydroxypropyl mercapturate/Creatinine [Mass Ratio] in Urine	3-hydroxypropyl mercapturate/Creatinine (U) [Mass ratio]		L-Cysteine, N-acetyl-S-(3-hydroxypropyl)
101991-8	3-hydroxypropyl mercapturate/Creatinine	CHEM		ACTIVE	3-HPMA/Creat Ur	3-hydroxypropyl mercapturate/Creatinine [Mass Ratio] in Urine	3-hydroxypropyl mercapturate/Creatinine (U) [Mass ratio]		N-Acetyl-S-(3-hydroxypropyl)cysteine
101991-8	3-hydroxypropyl mercapturate/Creatinine	CHEM		ACTIVE	3-HPMA/Creat Ur	3-hydroxypropyl mercapturate/Creatinine [Mass Ratio] in Urine	3-hydroxypropyl mercapturate/Creatinine (U) [Mass ratio]		S-(3-Hydroxypropyl)cysteine N-acetate
29626-9	3-Hydroxysebacate	CHEM		ACTIVE	3OHsebacate Ur Ql	3-Hydroxysebacate ( 3-OH-C8) [Presence] in Urine	3-Hydroxysebacate ( 3-OH-C8) Ql (U)		3-hydroxy sebacate
29626-9	3-Hydroxysebacate	CHEM		ACTIVE	3OHsebacate Ur Ql	3-Hydroxysebacate ( 3-OH-C8) [Presence] in Urine	3-Hydroxysebacate ( 3-OH-C8) Ql (U)		3OHsebacate
29626-9	3-Hydroxysebacate	CHEM		ACTIVE	3OHsebacate Ur Ql	3-Hydroxysebacate ( 3-OH-C8) [Presence] in Urine	3-Hydroxysebacate ( 3-OH-C8) Ql (U)		3-hydroxysebacic acid
49931-9	3-Hydroxysebacate.unsaturated/Creatinine	CHEM		ACTIVE	3OHsebacate.unsaturated/Creat Ur-sRto	3-Hydroxysebacate (3-OH-C8) unsaturated/Creatinine [Molar ratio] in Urine	3-Hydroxysebacate (3-OH-C8) unsaturated/Creatinine (U) [Molar ratio]		3OHsebacate.unsaturated
35656-8	3-Hydroxystearoylcarnitine (C18-OH)	CHEM		ACTIVE	3OH-stearoylcarn SerPl-sCnc	3-Hydroxystearoylcarnitine (C18-OH) [Moles/volume] in Serum or Plasma	C18-OH [Moles/Vol]		3-Hydroxy stearoylcarnitine
35656-8	3-Hydroxystearoylcarnitine (C18-OH)	CHEM		ACTIVE	3OH-stearoylcarn SerPl-sCnc	3-Hydroxystearoylcarnitine (C18-OH) [Moles/volume] in Serum or Plasma	C18-OH [Moles/Vol]		C18-OH
35656-8	3-Hydroxystearoylcarnitine (C18-OH)	CHEM		ACTIVE	3OH-stearoylcarn SerPl-sCnc	3-Hydroxystearoylcarnitine (C18-OH) [Moles/volume] in Serum or Plasma	C18-OH [Moles/Vol]		C18OH
35656-8	3-Hydroxystearoylcarnitine (C18-OH)	CHEM		ACTIVE	3OH-stearoylcarn SerPl-sCnc	3-Hydroxystearoylcarnitine (C18-OH) [Moles/volume] in Serum or Plasma	C18-OH [Moles/Vol]		3-OH-stearoylcarnitine
35656-8	3-Hydroxystearoylcarnitine (C18-OH)	CHEM		ACTIVE	3OH-stearoylcarn SerPl-sCnc	3-Hydroxystearoylcarnitine (C18-OH) [Moles/volume] in Serum or Plasma	C18-OH [Moles/Vol]		3OH-stearoylcarn
47819-8	3-Hydroxysuberate/Creatinine	CHEM		ACTIVE	3OHsuberate/Creat Ur-sRto	3-Hydroxysuberate/Creatinine [Molar ratio] in Urine	3-Hydroxysuberate/Creatinine (U) [Molar ratio]		3-hydroxysuberic acid
47819-8	3-Hydroxysuberate/Creatinine	CHEM		ACTIVE	3OHsuberate/Creat Ur-sRto	3-Hydroxysuberate/Creatinine [Molar ratio] in Urine	3-Hydroxysuberate/Creatinine (U) [Molar ratio]		3-hydroxy suberate
47819-8	3-Hydroxysuberate/Creatinine	CHEM		ACTIVE	3OHsuberate/Creat Ur-sRto	3-Hydroxysuberate/Creatinine [Molar ratio] in Urine	3-Hydroxysuberate/Creatinine (U) [Molar ratio]		3OHsuberate
47819-8	3-Hydroxysuberate/Creatinine	CHEM		ACTIVE	3OHsuberate/Creat Ur-sRto	3-Hydroxysuberate/Creatinine [Molar ratio] in Urine	3-Hydroxysuberate/Creatinine (U) [Molar ratio]		3-hydroxyoctanedioate
47819-8	3-Hydroxysuberate/Creatinine	CHEM		ACTIVE	3OHsuberate/Creat Ur-sRto	3-Hydroxysuberate/Creatinine [Molar ratio] in Urine	3-Hydroxysuberate/Creatinine (U) [Molar ratio]		3-hydroxyoctanedioic acid
49932-7	3-Hydroxysuberate.unsaturated/Creatinine	CHEM		ACTIVE	3-OHsuberate.unsaturated/Creat Ur-sRto	3-Hydroxysuberate.unsaturated/Creatinine [Molar ratio] in Urine	3-Hydroxysuberate.unsaturated/Creatinine (U) [Molar ratio]		3-OHsuberate.unsaturated
48086-3	3-Hydroxytetradecadienedioate/Creatinine	CHEM		ACTIVE	3OH-Tdecadienedioate/Creat Ur-sRto	3-Hydroxytetradecadienedioate/Creatinine [Molar ratio] in Urine	3-Hydroxytetradecadienedioate/Creatinine (U) [Molar ratio]		3-hydroxytetradecadienedioic acid
48086-3	3-Hydroxytetradecadienedioate/Creatinine	CHEM		ACTIVE	3OH-Tdecadienedioate/Creat Ur-sRto	3-Hydroxytetradecadienedioate/Creatinine [Molar ratio] in Urine	3-Hydroxytetradecadienedioate/Creatinine (U) [Molar ratio]		3OH-Tdecadienedioate
18458-0	3-Hydroxytetradecadienoylcarnitine (C14:2-OH)	CHEM		DISCOURAGED	3OH-Tdecadienoylcar SerPl-mCnc	3-Hydroxytetradecadienoylcarnitine (C14:2-OH) [Mass/volume] in Serum or Plasma	3-Hydroxytetradecadienoylcarnitine (C14:2-OH) [Mass/Vol]		C14:2OH
18458-0	3-Hydroxytetradecadienoylcarnitine (C14:2-OH)	CHEM		DISCOURAGED	3OH-Tdecadienoylcar SerPl-mCnc	3-Hydroxytetradecadienoylcarnitine (C14:2-OH) [Mass/volume] in Serum or Plasma	3-Hydroxytetradecadienoylcarnitine (C14:2-OH) [Mass/Vol]		3OH-Tdecadienoylcar
18458-0	3-Hydroxytetradecadienoylcarnitine (C14:2-OH)	CHEM		DISCOURAGED	3OH-Tdecadienoylcar SerPl-mCnc	3-Hydroxytetradecadienoylcarnitine (C14:2-OH) [Mass/volume] in Serum or Plasma	3-Hydroxytetradecadienoylcarnitine (C14:2-OH) [Mass/Vol]		3-hydroxy-tetradecadienoylcarnitine
48087-1	3-Hydroxytetradecanedioate/Creatinine	CHEM		ACTIVE	3OH-Tdecanedioate/Creat Ur-sRto	3-Hydroxytetradecanedioate/Creatinine [Molar ratio] in Urine	3-Hydroxytetradecanedioate/Creatinine (U) [Molar ratio]		3-hydroxytetradecanedioic acid
48087-1	3-Hydroxytetradecanedioate/Creatinine	CHEM		ACTIVE	3OH-Tdecanedioate/Creat Ur-sRto	3-Hydroxytetradecanedioate/Creatinine [Molar ratio] in Urine	3-Hydroxytetradecanedioate/Creatinine (U) [Molar ratio]		3-Hydroxy tetradecanedioate
48087-1	3-Hydroxytetradecanedioate/Creatinine	CHEM		ACTIVE	3OH-Tdecanedioate/Creat Ur-sRto	3-Hydroxytetradecanedioate/Creatinine [Molar ratio] in Urine	3-Hydroxytetradecanedioate/Creatinine (U) [Molar ratio]		3OH-Tdecanedioate
30238-0	3-Hydroxytetradecanoylcarnitine (C14-OH)	CHEM		ACTIVE	3OH-Tdecanoylcarn SerPl-sCnc	3-Hydroxytetradecanoylcarnitine (C14-OH) [Moles/volume] in Serum or Plasma	C14-OH [Moles/Vol]		3-hydroxymyristoylcarnitine
30238-0	3-Hydroxytetradecanoylcarnitine (C14-OH)	CHEM		ACTIVE	3OH-Tdecanoylcarn SerPl-sCnc	3-Hydroxytetradecanoylcarnitine (C14-OH) [Moles/volume] in Serum or Plasma	C14-OH [Moles/Vol]		3-hydroxy-tetradecanoylcarnitine
30238-0	3-Hydroxytetradecanoylcarnitine (C14-OH)	CHEM		ACTIVE	3OH-Tdecanoylcarn SerPl-sCnc	3-Hydroxytetradecanoylcarnitine (C14-OH) [Moles/volume] in Serum or Plasma	C14-OH [Moles/Vol]		3OH-Tdecanoylcarn
30238-0	3-Hydroxytetradecanoylcarnitine (C14-OH)	CHEM		ACTIVE	3OH-Tdecanoylcarn SerPl-sCnc	3-Hydroxytetradecanoylcarnitine (C14-OH) [Moles/volume] in Serum or Plasma	C14-OH [Moles/Vol]		C14OH
30238-0	3-Hydroxytetradecanoylcarnitine (C14-OH)	CHEM		ACTIVE	3OH-Tdecanoylcarn SerPl-sCnc	3-Hydroxytetradecanoylcarnitine (C14-OH) [Moles/volume] in Serum or Plasma	C14-OH [Moles/Vol]		C14-OH
48088-9	3-Hydroxytetradecenedioate/Creatinine	CHEM		ACTIVE	3OH-Tdecenedioate/Creat Ur-sRto	3-Hydroxytetradecenedioate/Creatinine [Molar ratio] in Urine	3-Hydroxytetradecenedioate/Creatinine (U) [Molar ratio]		3-Hydroxy tetradecenedioate
48088-9	3-Hydroxytetradecenedioate/Creatinine	CHEM		ACTIVE	3OH-Tdecenedioate/Creat Ur-sRto	3-Hydroxytetradecenedioate/Creatinine [Molar ratio] in Urine	3-Hydroxytetradecenedioate/Creatinine (U) [Molar ratio]		3-hydroxytetradecenedioic acid
48088-9	3-Hydroxytetradecenedioate/Creatinine	CHEM		ACTIVE	3OH-Tdecenedioate/Creat Ur-sRto	3-Hydroxytetradecenedioate/Creatinine [Molar ratio] in Urine	3-Hydroxytetradecenedioate/Creatinine (U) [Molar ratio]		3OH-Tdecenedioate
18459-8	3-Hydroxytetradecenoylcarnitine (C14:1-OH)	CHEM		DISCOURAGED	3OH-Tdecenoylcarn SerPl-mCnc	3-Hydroxytetradecenoylcarnitine (C14:1-OH) [Mass/volume] in Serum or Plasma	3-Hydroxytetradecenoylcarnitine (C14:1-OH) [Mass/Vol]		C14:1OH
18459-8	3-Hydroxytetradecenoylcarnitine (C14:1-OH)	CHEM		DISCOURAGED	3OH-Tdecenoylcarn SerPl-mCnc	3-Hydroxytetradecenoylcarnitine (C14:1-OH) [Mass/volume] in Serum or Plasma	3-Hydroxytetradecenoylcarnitine (C14:1-OH) [Mass/Vol]		3-hydroxy-tetradecenoylcarnitine
18459-8	3-Hydroxytetradecenoylcarnitine (C14:1-OH)	CHEM		DISCOURAGED	3OH-Tdecenoylcarn SerPl-mCnc	3-Hydroxytetradecenoylcarnitine (C14:1-OH) [Mass/volume] in Serum or Plasma	3-Hydroxytetradecenoylcarnitine (C14:1-OH) [Mass/Vol]		C14:1-OH
18459-8	3-Hydroxytetradecenoylcarnitine (C14:1-OH)	CHEM		DISCOURAGED	3OH-Tdecenoylcarn SerPl-mCnc	3-Hydroxytetradecenoylcarnitine (C14:1-OH) [Mass/volume] in Serum or Plasma	3-Hydroxytetradecenoylcarnitine (C14:1-OH) [Mass/Vol]		3OH-Tdecenoylcarn
79268-9	3-Hydroxytrimethyl-L-lysine	CHEM		ACTIVE	3OH-trimethyl-L-lysine SerPl-sCnc	3-Hydroxytrimethyl-L-lysine [Moles/volume] in Serum or Plasma	3-Hydroxytrimethyl-L-lysine [Moles/Vol]		3OH-trimethyl-L-lysine
79268-9	3-Hydroxytrimethyl-L-lysine	CHEM		ACTIVE	3OH-trimethyl-L-lysine SerPl-sCnc	3-Hydroxytrimethyl-L-lysine [Moles/volume] in Serum or Plasma	3-Hydroxytrimethyl-L-lysine [Moles/Vol]		Carnitine deficiency disorder
79268-9	3-Hydroxytrimethyl-L-lysine	CHEM		ACTIVE	3OH-trimethyl-L-lysine SerPl-sCnc	3-Hydroxytrimethyl-L-lysine [Moles/volume] in Serum or Plasma	3-Hydroxytrimethyl-L-lysine [Moles/Vol]		3-hydroxy-trimethyl-lysine
79268-9	3-Hydroxytrimethyl-L-lysine	CHEM		ACTIVE	3OH-trimethyl-L-lysine SerPl-sCnc	3-Hydroxytrimethyl-L-lysine [Moles/volume] in Serum or Plasma	3-Hydroxytrimethyl-L-lysine [Moles/Vol]		3-hydroxy-N6-trimethyl-lysine
79268-9	3-Hydroxytrimethyl-L-lysine	CHEM		ACTIVE	3OH-trimethyl-L-lysine SerPl-sCnc	3-Hydroxytrimethyl-L-lysine [Moles/volume] in Serum or Plasma	3-Hydroxytrimethyl-L-lysine [Moles/Vol]		3-Hydroxy-N6,N6,N6-trimethyl-L-lysine
79268-9	3-Hydroxytrimethyl-L-lysine	CHEM		ACTIVE	3OH-trimethyl-L-lysine SerPl-sCnc	3-Hydroxytrimethyl-L-lysine [Moles/volume] in Serum or Plasma	3-Hydroxytrimethyl-L-lysine [Moles/Vol]		HTML
79272-1	3-Hydroxytrimethyl-L-lysine/Trimethyllysine	CHEM		ACTIVE	3OH-trimethyl-L-lysine/TML CSF-sRto	3-Hydroxytrimethyl-L-lysine/Trimethyllysine [Molar ratio] in Cerebrospinal Fluid	3-Hydroxytrimethyl-L-lysine/Trimethyllysine (CSF) [Molar ratio]		N(6),N(6),N(6)-trimethyl-L-lysine
79272-1	3-Hydroxytrimethyl-L-lysine/Trimethyllysine	CHEM		ACTIVE	3OH-trimethyl-L-lysine/TML CSF-sRto	3-Hydroxytrimethyl-L-lysine/Trimethyllysine [Molar ratio] in Cerebrospinal Fluid	3-Hydroxytrimethyl-L-lysine/Trimethyllysine (CSF) [Molar ratio]		TML
79272-1	3-Hydroxytrimethyl-L-lysine/Trimethyllysine	CHEM		ACTIVE	3OH-trimethyl-L-lysine/TML CSF-sRto	3-Hydroxytrimethyl-L-lysine/Trimethyllysine [Molar ratio] in Cerebrospinal Fluid	3-Hydroxytrimethyl-L-lysine/Trimethyllysine (CSF) [Molar ratio]		6-N-L-trimethyl-L-lysine
79272-1	3-Hydroxytrimethyl-L-lysine/Trimethyllysine	CHEM		ACTIVE	3OH-trimethyl-L-lysine/TML CSF-sRto	3-Hydroxytrimethyl-L-lysine/Trimethyllysine [Molar ratio] in Cerebrospinal Fluid	3-Hydroxytrimethyl-L-lysine/Trimethyllysine (CSF) [Molar ratio]		Epsilon-Trimethyllysine
13689-5	3-Hydroxyvalerate/Creatinine	CHEM		DISCOURAGED	3OH-Valerate/Creat Ur	3-Hydroxyvalerate/Creatinine [Mass Ratio] in Urine	3-Hydroxyvalerate/Creatinine (U) [Mass ratio]		3-hydroxypentanoiate
13689-5	3-Hydroxyvalerate/Creatinine	CHEM		DISCOURAGED	3OH-Valerate/Creat Ur	3-Hydroxyvalerate/Creatinine [Mass Ratio] in Urine	3-Hydroxyvalerate/Creatinine (U) [Mass ratio]		3-hydroxy-valerate
13689-5	3-Hydroxyvalerate/Creatinine	CHEM		DISCOURAGED	3OH-Valerate/Creat Ur	3-Hydroxyvalerate/Creatinine [Mass Ratio] in Urine	3-Hydroxyvalerate/Creatinine (U) [Mass ratio]		3-hydroxyvaleric acid
13689-5	3-Hydroxyvalerate/Creatinine	CHEM		DISCOURAGED	3OH-Valerate/Creat Ur	3-Hydroxyvalerate/Creatinine [Mass Ratio] in Urine	3-Hydroxyvalerate/Creatinine (U) [Mass ratio]		3OH-Valerate
13689-5	3-Hydroxyvalerate/Creatinine	CHEM		DISCOURAGED	3OH-Valerate/Creat Ur	3-Hydroxyvalerate/Creatinine [Mass Ratio] in Urine	3-Hydroxyvalerate/Creatinine (U) [Mass ratio]		3-hydroxypentanoic acid
74908-5	3-ketoacyl-CoA thiolase	CHEM		ACTIVE	Thiolase I Fib-cCnt	3-ketoacyl-CoA thiolase [Enzymatic activity/mass] in Fibroblast	3-ketoacyl-CoA thiolase (Fibroblast) [Catalytic activity/Mass]		MCKAT
74908-5	3-ketoacyl-CoA thiolase	CHEM		ACTIVE	Thiolase I Fib-cCnt	3-ketoacyl-CoA thiolase [Enzymatic activity/mass] in Fibroblast	3-ketoacyl-CoA thiolase (Fibroblast) [Catalytic activity/Mass]		3-ketoacyl-CoA thiolase
74908-5	3-ketoacyl-CoA thiolase	CHEM		ACTIVE	Thiolase I Fib-cCnt	3-ketoacyl-CoA thiolase [Enzymatic activity/mass] in Fibroblast	3-ketoacyl-CoA thiolase (Fibroblast) [Catalytic activity/Mass]		3-ketoacyl CoA thiolase
74908-5	3-ketoacyl-CoA thiolase	CHEM		ACTIVE	Thiolase I Fib-cCnt	3-ketoacyl-CoA thiolase [Enzymatic activity/mass] in Fibroblast	3-ketoacyl-CoA thiolase (Fibroblast) [Catalytic activity/Mass]		Thiolase I
74908-5	3-ketoacyl-CoA thiolase	CHEM		ACTIVE	Thiolase I Fib-cCnt	3-ketoacyl-CoA thiolase [Enzymatic activity/mass] in Fibroblast	3-ketoacyl-CoA thiolase (Fibroblast) [Catalytic activity/Mass]		Thiolase 1
74908-5	3-ketoacyl-CoA thiolase	CHEM		ACTIVE	Thiolase I Fib-cCnt	3-ketoacyl-CoA thiolase [Enzymatic activity/mass] in Fibroblast	3-ketoacyl-CoA thiolase (Fibroblast) [Catalytic activity/Mass]		MEDIUM CHAIN 3-KETOACYL-CoA THIOLASE DEFICIENCY
101175-8	3-Methoxytyramine.free/Creatinine	CHEM		ACTIVE	Free 3-MT/Creat SerPl-sRto	3-Methoxytyramine.free/Creatinine [Molar ratio] in Serum or Plasma	3-Methoxytyramine.free/Creatinine [Molar ratio]		3Me-tyramine
101175-8	3-Methoxytyramine.free/Creatinine	CHEM		ACTIVE	Free 3-MT/Creat SerPl-sRto	3-Methoxytyramine.free/Creatinine [Molar ratio] in Serum or Plasma	3-Methoxytyramine.free/Creatinine [Molar ratio]		Dopamine metabolite
101175-8	3-Methoxytyramine.free/Creatinine	CHEM		ACTIVE	Free 3-MT/Creat SerPl-sRto	3-Methoxytyramine.free/Creatinine [Molar ratio] in Serum or Plasma	3-Methoxytyramine.free/Creatinine [Molar ratio]		Free 3-MT
59192-5	3-Methyl crotonate/Creatinine	CHEM		ACTIVE	3Me crotonate/Creat Ur-sRto	3-Methyl crotonate/Creatinine [Molar ratio] in Urine	3-Methyl crotonate/Creatinine (U) [Molar ratio]		Tiglic acid
59192-5	3-Methyl crotonate/Creatinine	CHEM		ACTIVE	3Me crotonate/Creat Ur-sRto	3-Methyl crotonate/Creatinine [Molar ratio] in Urine	3-Methyl crotonate/Creatinine (U) [Molar ratio]		3-Methyl crotonoic acid
59192-5	3-Methyl crotonate/Creatinine	CHEM		ACTIVE	3Me crotonate/Creat Ur-sRto	3-Methyl crotonate/Creatinine [Molar ratio] in Urine	3-Methyl crotonate/Creatinine (U) [Molar ratio]		3Me crotonate
46749-8	3-Methylcrotonic &or hydroxymethylglutaric &or methylglutaconic	CHEM		ACTIVE	3-Methylcrotonic/HMG/3MGA DBS-Imp	3-Methylcrotonic/Hydroxymethylglutaric/Methylglutaconic newborn screen interpretation	3-Methylcrotonic/Hydroxymethylglutaric/Methylglutaconic Ql (DBS) [Interp]		3-Methylcrotonic/HMG/3MGA
74296-5	3-Methylcrotonyl-CoA carboxylase deficiency	CHEM	This observation indicates whether the newborn screen was in-range or out-of-range for the analytes related to 3-Methylcrotonyl-CoA carboxylase (3-MCC).	ACTIVE	3-MCC deficiency DBS-Imp	3-Methylcrotonyl-CoA carboxylase deficiency newborn screen interpretation	3-Methylcrotonyl-CoA carboxylase deficiency (DBS) [Interp]		MCCC1
74296-5	3-Methylcrotonyl-CoA carboxylase deficiency	CHEM	This observation indicates whether the newborn screen was in-range or out-of-range for the analytes related to 3-Methylcrotonyl-CoA carboxylase (3-MCC).	ACTIVE	3-MCC deficiency DBS-Imp	3-Methylcrotonyl-CoA carboxylase deficiency newborn screen interpretation	3-Methylcrotonyl-CoA carboxylase deficiency (DBS) [Interp]		MCCC2
74296-5	3-Methylcrotonyl-CoA carboxylase deficiency	CHEM	This observation indicates whether the newborn screen was in-range or out-of-range for the analytes related to 3-Methylcrotonyl-CoA carboxylase (3-MCC).	ACTIVE	3-MCC deficiency DBS-Imp	3-Methylcrotonyl-CoA carboxylase deficiency newborn screen interpretation	3-Methylcrotonyl-CoA carboxylase deficiency (DBS) [Interp]		3-Methyl-crotonyl-CoA carboxylase
74296-5	3-Methylcrotonyl-CoA carboxylase deficiency	CHEM	This observation indicates whether the newborn screen was in-range or out-of-range for the analytes related to 3-Methylcrotonyl-CoA carboxylase (3-MCC).	ACTIVE	3-MCC deficiency DBS-Imp	3-Methylcrotonyl-CoA carboxylase deficiency newborn screen interpretation	3-Methylcrotonyl-CoA carboxylase deficiency (DBS) [Interp]		3-MCC deficiency
74296-5	3-Methylcrotonyl-CoA carboxylase deficiency	CHEM	This observation indicates whether the newborn screen was in-range or out-of-range for the analytes related to 3-Methylcrotonyl-CoA carboxylase (3-MCC).	ACTIVE	3-MCC deficiency DBS-Imp	3-Methylcrotonyl-CoA carboxylase deficiency newborn screen interpretation	3-Methylcrotonyl-CoA carboxylase deficiency (DBS) [Interp]		3-MCC
13691-1	3-Methylcrotonylglycine/Creatinine	CHEM		ACTIVE	3Me-crotonylglycine/Creat Ur	3-Methylcrotonylglycine/Creatinine [Mass Ratio] in Urine	3-Methylcrotonylglycine/Creatinine (U) [Mass ratio]		beta-methylcrotonylglycine
13691-1	3-Methylcrotonylglycine/Creatinine	CHEM		ACTIVE	3Me-crotonylglycine/Creat Ur	3-Methylcrotonylglycine/Creatinine [Mass Ratio] in Urine	3-Methylcrotonylglycine/Creatinine (U) [Mass ratio]		3Me-crotonylglycine
82219-7	3-Methylglutaconyl-CoA hydratase	CHEM		ACTIVE	3-MGC-CoA Fib-cCnt	3-Methylglutaconyl-CoA hydratase [Enzymatic activity/mass] in Fibroblast	3-Methylglutaconyl-CoA hydratase (Fibroblast) [Catalytic activity/Mass]		3-MGC-CoA
13378-5	3-Methylhistidine	CHEM		ACTIVE	3Me-histidine CSF-mCnc	3-Methylhistidine [Mass/volume] in Cerebrospinal Fluid	3-Methylhistidine (CSF) [Mass/Vol]		3Me-histidine
13378-5	3-Methylhistidine	CHEM		ACTIVE	3Me-histidine CSF-mCnc	3-Methylhistidine [Mass/volume] in Cerebrospinal Fluid	3-Methylhistidine (CSF) [Mass/Vol]		3-MH
13378-5	3-Methylhistidine	CHEM		ACTIVE	3Me-histidine CSF-mCnc	3-Methylhistidine [Mass/volume] in Cerebrospinal Fluid	3-Methylhistidine (CSF) [Mass/Vol]		Ch3hist
48133-3	3-Oxovalerate	CHEM		ACTIVE	3-Oxovalerate Plas-sCnc	3-Oxovalerate [Moles/volume] in Plasma	3-Oxovalerate (P) [Moles/Vol]		3-oxovaleric acid
48137-4	4,5-Dihydroxyhexanoate/Creatinine	CHEM		ACTIVE	4,5-DiOH-hexanoate/Creat Ur-sRto	4,5-Dihydroxyhexanoate/Creatinine [Molar ratio] in Urine	4,5-Dihydroxyhexanoate/Creatinine (U) [Molar ratio]		Solerol
48137-4	4,5-Dihydroxyhexanoate/Creatinine	CHEM		ACTIVE	4,5-DiOH-hexanoate/Creat Ur-sRto	4,5-Dihydroxyhexanoate/Creatinine [Molar ratio] in Urine	4,5-Dihydroxyhexanoate/Creatinine (U) [Molar ratio]		4,5-DiOH-hexanoate
48137-4	4,5-Dihydroxyhexanoate/Creatinine	CHEM		ACTIVE	4,5-DiOH-hexanoate/Creat Ur-sRto	4,5-Dihydroxyhexanoate/Creatinine [Molar ratio] in Urine	4,5-Dihydroxyhexanoate/Creatinine (U) [Molar ratio]		4,5-dihydroxyhexanoic acid
48137-4	4,5-Dihydroxyhexanoate/Creatinine	CHEM		ACTIVE	4,5-DiOH-hexanoate/Creat Ur-sRto	4,5-Dihydroxyhexanoate/Creatinine [Molar ratio] in Urine	4,5-Dihydroxyhexanoate/Creatinine (U) [Molar ratio]		4,5-DHHA
48106-9	4,5-Dihydroxyhexanolactone/Creatinine	CHEM		ACTIVE	4,5-DiOH-hexanolactone/Creat Ur-sRto	4,5-Dihydroxyhexanolactone/Creatinine [Molar ratio] in Urine	4,5-Dihydroxyhexanolactone/Creatinine (U) [Molar ratio]		4,5-DiOH-hexanolactone
48106-9	4,5-Dihydroxyhexanolactone/Creatinine	CHEM		ACTIVE	4,5-DiOH-hexanolactone/Creat Ur-sRto	4,5-Dihydroxyhexanolactone/Creatinine [Molar ratio] in Urine	4,5-Dihydroxyhexanolactone/Creatinine (U) [Molar ratio]		4,5-DHL
48106-9	4,5-Dihydroxyhexanolactone/Creatinine	CHEM		ACTIVE	4,5-DiOH-hexanolactone/Creat Ur-sRto	4,5-Dihydroxyhexanolactone/Creatinine [Molar ratio] in Urine	4,5-Dihydroxyhexanolactone/Creatinine (U) [Molar ratio]		4,5-dihydroxy-hexanoic acid lactone
79520-3	4-Deoxythreonate	CHEM		ACTIVE	4-Deoxythreonate SerPl-sCnc	4-Deoxythreonate [Moles/volume] in Serum or Plasma	4-Deoxythreonate [Moles/Vol]		2,3-Threo-dihydroxybutyrate
79520-3	4-Deoxythreonate	CHEM		ACTIVE	4-Deoxythreonate SerPl-sCnc	4-Deoxythreonate [Moles/volume] in Serum or Plasma	4-Deoxythreonate [Moles/Vol]		4-deoxy-threonic acid
79520-3	4-Deoxythreonate	CHEM		ACTIVE	4-Deoxythreonate SerPl-sCnc	4-Deoxythreonate [Moles/volume] in Serum or Plasma	4-Deoxythreonate [Moles/Vol]		2,3-Dihydroxybutyrate
79520-3	4-Deoxythreonate	CHEM		ACTIVE	4-Deoxythreonate SerPl-sCnc	4-Deoxythreonate [Moles/volume] in Serum or Plasma	4-Deoxythreonate [Moles/Vol]		(2S,3R)-2,3-dihydroxybutanoic acid
79520-3	4-Deoxythreonate	CHEM		ACTIVE	4-Deoxythreonate SerPl-sCnc	4-Deoxythreonate [Moles/volume] in Serum or Plasma	4-Deoxythreonate [Moles/Vol]		2,3-dihydroxybutanoate
79520-3	4-Deoxythreonate	CHEM		ACTIVE	4-Deoxythreonate SerPl-sCnc	4-Deoxythreonate [Moles/volume] in Serum or Plasma	4-Deoxythreonate [Moles/Vol]		Diabetes Mellitus, Type I
79520-3	4-Deoxythreonate	CHEM		ACTIVE	4-Deoxythreonate SerPl-sCnc	4-Deoxythreonate [Moles/volume] in Serum or Plasma	4-Deoxythreonate [Moles/Vol]		Diabetes Mellitus, Juvenile Onset
47823-0	4-Hydroxy-3-Methoxyphenyllactate/Creatinine	CHEM		ACTIVE	4OH3methoxyphenyllactate/Creat Ur-sRto	4-Hydroxy-3-Methoxyphenyllactate/Creatinine [Molar ratio] in Urine	4-Hydroxy-3-Methoxyphenyllactate/Creatinine (U) [Molar ratio]		4OH3methoxyphenyllactate
47823-0	4-Hydroxy-3-Methoxyphenyllactate/Creatinine	CHEM		ACTIVE	4OH3methoxyphenyllactate/Creat Ur-sRto	4-Hydroxy-3-Methoxyphenyllactate/Creatinine [Molar ratio] in Urine	4-Hydroxy-3-Methoxyphenyllactate/Creatinine (U) [Molar ratio]		3-Methoxy-4-hydroxyphenyllactate
47823-0	4-Hydroxy-3-Methoxyphenyllactate/Creatinine	CHEM		ACTIVE	4OH3methoxyphenyllactate/Creat Ur-sRto	4-Hydroxy-3-Methoxyphenyllactate/Creatinine [Molar ratio] in Urine	4-Hydroxy-3-Methoxyphenyllactate/Creatinine (U) [Molar ratio]		Vanillactic acid
47823-0	4-Hydroxy-3-Methoxyphenyllactate/Creatinine	CHEM		ACTIVE	4OH3methoxyphenyllactate/Creat Ur-sRto	4-Hydroxy-3-Methoxyphenyllactate/Creatinine [Molar ratio] in Urine	4-Hydroxy-3-Methoxyphenyllactate/Creatinine (U) [Molar ratio]		3-Methoxy-4-Hydroxyphenylacetic Acid
47823-0	4-Hydroxy-3-Methoxyphenyllactate/Creatinine	CHEM		ACTIVE	4OH3methoxyphenyllactate/Creat Ur-sRto	4-Hydroxy-3-Methoxyphenyllactate/Creatinine [Molar ratio] in Urine	4-Hydroxy-3-Methoxyphenyllactate/Creatinine (U) [Molar ratio]		Vanillactate
29869-5	4-Hydroxycyclohexylacetate	CHEM		ACTIVE	4OH-Cyclohexylacetate Ur Ql	4-Hydroxycyclohexylacetate [Presence] in Urine	4-Hydroxycyclohexylacetate Ql (U)		4-Hydroxy cyclohexylacetate
29869-5	4-Hydroxycyclohexylacetate	CHEM		ACTIVE	4OH-Cyclohexylacetate Ur Ql	4-Hydroxycyclohexylacetate [Presence] in Urine	4-Hydroxycyclohexylacetate Ql (U)		4OH-Cyclohexylacetate
29869-5	4-Hydroxycyclohexylacetate	CHEM		ACTIVE	4OH-Cyclohexylacetate Ur Ql	4-Hydroxycyclohexylacetate [Presence] in Urine	4-Hydroxycyclohexylacetate Ql (U)		4-hydroxycyclohexylacetic acid
93772-2	4-hydroxyglutamate/Creatinine	CHEM	The ratio of 4-hydroxyglutamic acid (4OHGlu) levels to creatinine in urine are measured as part of the postnatal diagnosis of primary hyperoxaluria type 3 (PH3), aninborn error of 4-hydroxyproline metabolism causing kidney stone disease.[PMID: 24563386]	ACTIVE	4OHGlu/Creat Ur-sRto	4-hydroxyglutamate/Creatinine [Molar ratio] in Urine	4-hydroxyglutamate/Creatinine (U) [Molar ratio]		4OHGlu
79498-2	4-Hydroxyhippurate/Creatinine	CHEM		ACTIVE	4OH-hippurate/Creat Ur-sRto	4-Hydroxyhippurate/Creatinine [Molar ratio] in Urine	4-Hydroxyhippurate/Creatinine (U) [Molar ratio]		4OH-hippurate
79498-2	4-Hydroxyhippurate/Creatinine	CHEM		ACTIVE	4OH-hippurate/Creat Ur-sRto	4-Hydroxyhippurate/Creatinine [Molar ratio] in Urine	4-Hydroxyhippurate/Creatinine (U) [Molar ratio]		4-Hydroxyhippuric acid
44861-3	4-Hydroxymandelate/Creatinine	CHEM		DISCOURAGED	4OHMandelate/Creat Ur	4-Hydroxymandelate/Creatinine [Mass Ratio] in Urine	4-Hydroxymandelate/Creatinine (U) [Mass ratio]		2-Hydroxy-2-(4-hydroxyphenyl)acetate
44861-3	4-Hydroxymandelate/Creatinine	CHEM		DISCOURAGED	4OHMandelate/Creat Ur	4-Hydroxymandelate/Creatinine [Mass Ratio] in Urine	4-Hydroxymandelate/Creatinine (U) [Mass ratio]		4OHMandelate
44861-3	4-Hydroxymandelate/Creatinine	CHEM		DISCOURAGED	4OHMandelate/Creat Ur	4-Hydroxymandelate/Creatinine [Mass Ratio] in Urine	4-Hydroxymandelate/Creatinine (U) [Mass ratio]		4-hydroxymanelic acid
44861-3	4-Hydroxymandelate/Creatinine	CHEM		DISCOURAGED	4OHMandelate/Creat Ur	4-Hydroxymandelate/Creatinine [Mass Ratio] in Urine	4-Hydroxymandelate/Creatinine (U) [Mass ratio]		4-Hydroxy mandelate
13697-8	4-Hydroxyphenyllactate/Creatinine	CHEM		DISCOURAGED	4OH-phenyllactate/Creat Ur	4-Hydroxyphenyllactate/Creatinine [Mass Ratio] in Urine	4-Hydroxyphenyllactate/Creatinine (U) [Mass ratio]		4OH-phenyllactate
13697-8	4-Hydroxyphenyllactate/Creatinine	CHEM		DISCOURAGED	4OH-phenyllactate/Creat Ur	4-Hydroxyphenyllactate/Creatinine [Mass Ratio] in Urine	4-Hydroxyphenyllactate/Creatinine (U) [Mass ratio]		4HPLA
13697-8	4-Hydroxyphenyllactate/Creatinine	CHEM		DISCOURAGED	4OH-phenyllactate/Creat Ur	4-Hydroxyphenyllactate/Creatinine [Mass Ratio] in Urine	4-Hydroxyphenyllactate/Creatinine (U) [Mass ratio]		4-Hydroxy phenyllactate
13697-8	4-Hydroxyphenyllactate/Creatinine	CHEM		DISCOURAGED	4OH-phenyllactate/Creat Ur	4-Hydroxyphenyllactate/Creatinine [Mass Ratio] in Urine	4-Hydroxyphenyllactate/Creatinine (U) [Mass ratio]		4-hydroxyphenyllactic acid
13698-6	4-Hydroxyphenylpyruvate/Creatinine	CHEM		DISCOURAGED	4OH-phenylpyruvate/Creat Ur	4-Hydroxyphenylpyruvate/Creatinine [Mass Ratio] in Urine	4-Hydroxyphenylpyruvate/Creatinine (U) [Mass ratio]		4HPP
13698-6	4-Hydroxyphenylpyruvate/Creatinine	CHEM		DISCOURAGED	4OH-phenylpyruvate/Creat Ur	4-Hydroxyphenylpyruvate/Creatinine [Mass Ratio] in Urine	4-Hydroxyphenylpyruvate/Creatinine (U) [Mass ratio]		4-hydroxyphenylpyruvic acid
13698-6	4-Hydroxyphenylpyruvate/Creatinine	CHEM		DISCOURAGED	4OH-phenylpyruvate/Creat Ur	4-Hydroxyphenylpyruvate/Creatinine [Mass Ratio] in Urine	4-Hydroxyphenylpyruvate/Creatinine (U) [Mass ratio]		4-Hydroxy phenylpyruvate
13698-6	4-Hydroxyphenylpyruvate/Creatinine	CHEM		DISCOURAGED	4OH-phenylpyruvate/Creat Ur	4-Hydroxyphenylpyruvate/Creatinine [Mass Ratio] in Urine	4-Hydroxyphenylpyruvate/Creatinine (U) [Mass ratio]		4OH-phenylpyruvate
79485-9	4-Hydroxyvalerate/Creatinine	CHEM		ACTIVE	4OH-valerate/Creat Ur-sRto	4-Hydroxyvalerate/Creatinine [Molar ratio] in Urine	4-Hydroxyvalerate/Creatinine (U) [Molar ratio]		4OH-valerate
1688-1	4-Pyridoxate	CHEM		ACTIVE	4Pyridoxate SerPl-mCnc	4-Pyridoxate [Mass/volume] in Serum or Plasma	4-Pyridoxate [Mass/Vol]		Vit B6
1688-1	4-Pyridoxate	CHEM		ACTIVE	4Pyridoxate SerPl-mCnc	4-Pyridoxate [Mass/volume] in Serum or Plasma	4-Pyridoxate [Mass/Vol]		4Pyridoxate
1688-1	4-Pyridoxate	CHEM		ACTIVE	4Pyridoxate SerPl-mCnc	4-Pyridoxate [Mass/volume] in Serum or Plasma	4-Pyridoxate [Mass/Vol]		Vitamin B6
1688-1	4-Pyridoxate	CHEM		ACTIVE	4Pyridoxate SerPl-mCnc	4-Pyridoxate [Mass/volume] in Serum or Plasma	4-Pyridoxate [Mass/Vol]		Pyridoxic acid
1691-5	5,10-Methylenetetrahydrofolate reductase	CHEM		ACTIVE	MTHFR Ser-cCnc	5,10-Methylenetetrahydrofolate reductase [Enzymatic activity/volume] in Serum	5,10-Methylenetetrahydrofolate reductase (S) [Catalytic activity/Vol]		FADH2
1691-5	5,10-Methylenetetrahydrofolate reductase	CHEM		ACTIVE	MTHFR Ser-cCnc	5,10-Methylenetetrahydrofolate reductase [Enzymatic activity/volume] in Serum	5,10-Methylenetetrahydrofolate reductase (S) [Catalytic activity/Vol]		MTHFR
1691-5	5,10-Methylenetetrahydrofolate reductase	CHEM		ACTIVE	MTHFR Ser-cCnc	5,10-Methylenetetrahydrofolate reductase [Enzymatic activity/volume] in Serum	5,10-Methylenetetrahydrofolate reductase (S) [Catalytic activity/Vol]		Ferredoxin
79682-1	5,6-Dihydrouracil	CHEM		ACTIVE	5,6-Dihydrouracil SerPl-sCnc	5,6-Dihydrouracil [Moles/volume] in Serum or Plasma	5,6-Dihydrouracil [Moles/Vol]		1,3-diazinane-2,4-dione
79682-1	5,6-Dihydrouracil	CHEM		ACTIVE	5,6-Dihydrouracil SerPl-sCnc	5,6-Dihydrouracil [Moles/volume] in Serum or Plasma	5,6-Dihydrouracil [Moles/Vol]		Hydrouracil
79682-1	5,6-Dihydrouracil	CHEM		ACTIVE	5,6-Dihydrouracil SerPl-sCnc	5,6-Dihydrouracil [Moles/volume] in Serum or Plasma	5,6-Dihydrouracil [Moles/Vol]		Dihydrouracil
79682-1	5,6-Dihydrouracil	CHEM		ACTIVE	5,6-Dihydrouracil SerPl-sCnc	5,6-Dihydrouracil [Moles/volume] in Serum or Plasma	5,6-Dihydrouracil [Moles/Vol]		5,6-Dihydro-2,4-dihydroxypyrimidine
79667-2	5,6-Dihydrouridine	CHEM		ACTIVE	5,6-Dihydrouridine SerPl-sCnc	5,6-Dihydrouridine [Moles/volume] in Serum or Plasma	5,6-Dihydrouridine [Moles/Vol]		Dihydrouridine
79667-2	5,6-Dihydrouridine	CHEM		ACTIVE	5,6-Dihydrouridine SerPl-sCnc	5,6-Dihydrouridine [Moles/volume] in Serum or Plasma	5,6-Dihydrouridine [Moles/Vol]		1-beta-D-ribofuranosylhydrouracil
79667-2	5,6-Dihydrouridine	CHEM		ACTIVE	5,6-Dihydrouridine SerPl-sCnc	5,6-Dihydrouridine [Moles/volume] in Serum or Plasma	5,6-Dihydrouridine [Moles/Vol]		1-[(2R,3R,4S,5R)-3,4-dihydroxy-5-(hydroxymethyl)oxolan-2-yl]-1,3-diazinane-2,4-dione
79667-2	5,6-Dihydrouridine	CHEM		ACTIVE	5,6-Dihydrouridine SerPl-sCnc	5,6-Dihydrouridine [Moles/volume] in Serum or Plasma	5,6-Dihydrouridine [Moles/Vol]		3,4-Dihydrouridine
44862-1	5-Alpha tetrahydro-11-Dehydrocorticosterone/Creatinine	CHEM		ACTIVE	5-A THB/Creat Ur	5-Alpha tetrahydro-11-Dehydrocorticosterone/Creatinine [Mass Ratio] in Urine	5-Alpha tetrahydro-11-Dehydrocorticosterone/Creatinine (U) [Mass ratio]		5-A THB
21044-3	5-Alpha tetrahydrocortisol	CHEM		ACTIVE	5-A THF 24h Ur-mRate	5-Alpha tetrahydrocortisol [Mass/time] in 24 hour Urine	5-Alpha tetrahydrocortisol (24H U) [Mass/Time]		5A-tetrahydrocortisol
21044-3	5-Alpha tetrahydrocortisol	CHEM		ACTIVE	5-A THF 24h Ur-mRate	5-Alpha tetrahydrocortisol [Mass/time] in 24 hour Urine	5-Alpha tetrahydrocortisol (24H U) [Mass/Time]		5-A THF
81804-7	5-Alpha tetrahydrocortisol/Creatinine	CHEM		ACTIVE	5a-4HC/creat Ur-sRto	5-Alpha tetrahydrocortisol/Creatinine [Molar ratio] in Urine	5-Alpha tetrahydrocortisol/Creatinine (U) [Molar ratio]		5a-4HC/creat
79652-4	5-Aminoimidazole-4-carboxamide	CHEM		ACTIVE	5-Aminoimidazole-4-carboxamide CSF-sCnc	5-Aminoimidazole-4-carboxamide [Moles/volume] in Cerebrospinal Fluid	5-Aminoimidazole-4-carboxamide (CSF) [Moles/Vol]		4-Amino-5-Imidazolecarboxamide
79652-4	5-Aminoimidazole-4-carboxamide	CHEM		ACTIVE	5-Aminoimidazole-4-carboxamide CSF-sCnc	5-Aminoimidazole-4-carboxamide [Moles/volume] in Cerebrospinal Fluid	5-Aminoimidazole-4-carboxamide (CSF) [Moles/Vol]		4-Amino-1H-imidazole-5-carboxamide
79652-4	5-Aminoimidazole-4-carboxamide	CHEM		ACTIVE	5-Aminoimidazole-4-carboxamide CSF-sCnc	5-Aminoimidazole-4-carboxamide [Moles/volume] in Cerebrospinal Fluid	5-Aminoimidazole-4-carboxamide (CSF) [Moles/Vol]		Diazol-C
79652-4	5-Aminoimidazole-4-carboxamide	CHEM		ACTIVE	5-Aminoimidazole-4-carboxamide CSF-sCnc	5-Aminoimidazole-4-carboxamide [Moles/volume] in Cerebrospinal Fluid	5-Aminoimidazole-4-carboxamide (CSF) [Moles/Vol]		Colahepat
79652-4	5-Aminoimidazole-4-carboxamide	CHEM		ACTIVE	5-Aminoimidazole-4-carboxamide CSF-sCnc	5-Aminoimidazole-4-carboxamide [Moles/volume] in Cerebrospinal Fluid	5-Aminoimidazole-4-carboxamide (CSF) [Moles/Vol]		AICA
79652-4	5-Aminoimidazole-4-carboxamide	CHEM		ACTIVE	5-Aminoimidazole-4-carboxamide CSF-sCnc	5-Aminoimidazole-4-carboxamide [Moles/volume] in Cerebrospinal Fluid	5-Aminoimidazole-4-carboxamide (CSF) [Moles/Vol]		4-Carbamoyl-5-aminoimidazole
80160-5	5-beta-cholestane-3-alpha,7-alpha,12-alpha,23-tetrol/Creatinine	CHEM		ACTIVE	5b-cholest-3a,7a,12a,23-tetrol/Creat Ur	5-beta-cholestane-3-alpha,7-alpha,12-alpha,23-tetrol/Creatinine [Ratio] in Urine	5-beta-cholestane-3-alpha,7-alpha,12-alpha,23-tetrol/Creatinine (U) [Ratio]		5b-cholest-3a,7a,12a,23-tetrol
80161-3	5-beta-cholestane-3-alpha,7-alpha,12-alpha,24,25-pentol/Creatinine	CHEM		ACTIVE	5b-choles-3a,7a,12a,24,25-pent/Creat Ur	5-beta-cholestane-3-alpha,7-alpha,12-alpha,24,25-pentol/Creatinine [Ratio] in Urine	5-beta-cholestane-3-alpha,7-alpha,12-alpha,24,25-pentol/Creatinine (U) [Ratio]		5b-cholest-3a,7a,12a,24,25-pentol
13699-4	5-Hydroxyhexanoate/Creatinine	CHEM		ACTIVE	5OH-Hexanoate/Creat Ur	5-Hydroxyhexanoate/Creatinine [Mass Ratio] in Urine	5-Hydroxyhexanoate/Creatinine (U) [Mass ratio]		5-Hydroxycaproic acid
13699-4	5-Hydroxyhexanoate/Creatinine	CHEM		ACTIVE	5OH-Hexanoate/Creat Ur	5-Hydroxyhexanoate/Creatinine [Mass Ratio] in Urine	5-Hydroxyhexanoate/Creatinine (U) [Mass ratio]		5-Hydroxy hexanoate
13699-4	5-Hydroxyhexanoate/Creatinine	CHEM		ACTIVE	5OH-Hexanoate/Creat Ur	5-Hydroxyhexanoate/Creatinine [Mass Ratio] in Urine	5-Hydroxyhexanoate/Creatinine (U) [Mass ratio]		5OH-Hexanoate
13699-4	5-Hydroxyhexanoate/Creatinine	CHEM		ACTIVE	5OH-Hexanoate/Creat Ur	5-Hydroxyhexanoate/Creatinine [Mass Ratio] in Urine	5-Hydroxyhexanoate/Creatinine (U) [Mass ratio]		5-OH-caproate
13699-4	5-Hydroxyhexanoate/Creatinine	CHEM		ACTIVE	5OH-Hexanoate/Creat Ur	5-Hydroxyhexanoate/Creatinine [Mass Ratio] in Urine	5-Hydroxyhexanoate/Creatinine (U) [Mass ratio]		5-hydroxy-hexanoic acid
13699-4	5-Hydroxyhexanoate/Creatinine	CHEM		ACTIVE	5OH-Hexanoate/Creat Ur	5-Hydroxyhexanoate/Creatinine [Mass Ratio] in Urine	5-Hydroxyhexanoate/Creatinine (U) [Mass ratio]		5-hydroxyhexanoic acid
13699-4	5-Hydroxyhexanoate/Creatinine	CHEM		ACTIVE	5OH-Hexanoate/Creat Ur	5-Hydroxyhexanoate/Creatinine [Mass Ratio] in Urine	5-Hydroxyhexanoate/Creatinine (U) [Mass ratio]		5-Hydroxycaproate
78690-5	5-hydroxymethyluracil/Creatinine	CHEM		ACTIVE	5OH-methyluracil/Creat Ur-sRto	5-Hydroxymethyluracil/Creatinine [Molar ratio] in Urine	5-Hydroxymethyluracil/Creatinine (U) [Molar ratio]		5OH-methyluracil
1696-4	5-Methyltetrahydrofolate homocysteine methyltransferase	CHEM		ACTIVE	5MTHF-Hcys-MT Ser-cCnc	5-Methyltetrahydrofolate homocysteine methyltransferase [Enzymatic activity/volume] in Serum	5-Methyltetrahydrofolate homocysteine methyltransferase (S) [Catalytic activity/Vol]		5MTHF-Hcys-MT
1696-4	5-Methyltetrahydrofolate homocysteine methyltransferase	CHEM		ACTIVE	5MTHF-Hcys-MT Ser-cCnc	5-Methyltetrahydrofolate homocysteine methyltransferase [Enzymatic activity/volume] in Serum	5-Methyltetrahydrofolate homocysteine methyltransferase (S) [Catalytic activity/Vol]		MTR
13700-0	5-Oxoproline/Creatinine	CHEM		ACTIVE	5Oxoproline/Creat Ur	5-Oxoproline/Creatinine [Mass Ratio] in Urine	5-Oxoproline/Creatinine (U) [Mass ratio]		Oxopro
13700-0	5-Oxoproline/Creatinine	CHEM		ACTIVE	5Oxoproline/Creat Ur	5-Oxoproline/Creatinine [Mass Ratio] in Urine	5-Oxoproline/Creatinine (U) [Mass ratio]		Pidolate
13700-0	5-Oxoproline/Creatinine	CHEM		ACTIVE	5Oxoproline/Creat Ur	5-Oxoproline/Creatinine [Mass Ratio] in Urine	5-Oxoproline/Creatinine (U) [Mass ratio]		5Oxoproline
13700-0	5-Oxoproline/Creatinine	CHEM		ACTIVE	5Oxoproline/Creat Ur	5-Oxoproline/Creatinine [Mass Ratio] in Urine	5-Oxoproline/Creatinine (U) [Mass ratio]		Pidolic acid
13700-0	5-Oxoproline/Creatinine	CHEM		ACTIVE	5Oxoproline/Creat Ur	5-Oxoproline/Creatinine [Mass Ratio] in Urine	5-Oxoproline/Creatinine (U) [Mass ratio]		Pyroglutamate
13700-0	5-Oxoproline/Creatinine	CHEM		ACTIVE	5Oxoproline/Creat Ur	5-Oxoproline/Creatinine [Mass Ratio] in Urine	5-Oxoproline/Creatinine (U) [Mass ratio]		Pyroglutamic acid
79624-3	5-S-cysteinyldopa	CHEM		ACTIVE	5-S-cysteinyldopa SerPl-sCnc	5-S-cysteinyldopa [Moles/volume] in Serum or Plasma	5-S-cysteinyldopa [Moles/Vol]		5-S-Cysteinyldopa
79624-3	5-S-cysteinyldopa	CHEM		ACTIVE	5-S-cysteinyldopa SerPl-sCnc	5-S-cysteinyldopa [Moles/volume] in Serum or Plasma	5-S-cysteinyldopa [Moles/Vol]		Cysteinyldopa
79624-3	5-S-cysteinyldopa	CHEM		ACTIVE	5-S-cysteinyldopa SerPl-sCnc	5-S-cysteinyldopa [Moles/volume] in Serum or Plasma	5-S-cysteinyldopa [Moles/Vol]		5-S-Cysteinyl-DOPA
79624-3	5-S-cysteinyldopa	CHEM		ACTIVE	5-S-cysteinyldopa SerPl-sCnc	5-S-cysteinyldopa [Moles/volume] in Serum or Plasma	5-S-cysteinyldopa [Moles/Vol]		Cysteinyl-dihydroxyphenylalanine
44863-9	6-Alpha hydroxytetrahydro-11-Dehydrocorticosterone/Creatinine	CHEM		ACTIVE	6A-OH-THA/Creat Ur	6-alpha-hydroxytetrahydro-11-Dehydrocorticosterone/Creatinine [Mass Ratio] in Urine	6-alpha-hydroxytetrahydro-11-Dehydrocorticosterone/Creatinine (U) [Mass ratio]		6A-OH-THA
44864-7	6-Alpha hydroxytetrahydro-11-Deoxycortisol/Creatinine	CHEM		ACTIVE	6A-OH-THS/Creat Ur	6-Alpha hydroxytetrahydro-11-Deoxycortisol/Creatinine [Mass Ratio] in Urine	6-Alpha hydroxytetrahydro-11-Deoxycortisol/Creatinine (U) [Mass ratio]		6A-OH-THS
13611-9	6-Beta-Hydroxycortisol	CHEM		ACTIVE	6B-OH-Cortisol 24h Ur-mRate	6-Beta-Hydroxycortisol [Mass/time] in 24 hour Urine	6-Beta-Hydroxycortisol (24H U) [Mass/Time]		6B-OH-Cortisol
50300-3	6-Hydroxyheptanoate	CHEM		ACTIVE	6OH-heptanoate Ur-sCnc	6-Hydroxyheptanoate [Moles/volume] in Urine	6-Hydroxyheptanoate (U) [Moles/Vol]		6OH-heptanoate
100152-8	6-oxo-piperidine-2-carboxylate/Creatinine	CHEM		ACTIVE	6-oxo-PIP/Creat Ur-sRto	6-oxo-piperidine-2-carboxylate/Creatinine [Molar ratio] in Urine	6-oxo-piperidine-2-carboxylate/Creatinine (U) [Molar ratio]		Crea
100152-8	6-oxo-piperidine-2-carboxylate/Creatinine	CHEM		ACTIVE	6-oxo-PIP/Creat Ur-sRto	6-oxo-piperidine-2-carboxylate/Creatinine [Molar ratio] in Urine	6-oxo-piperidine-2-carboxylate/Creatinine (U) [Molar ratio]		UCr
100152-8	6-oxo-piperidine-2-carboxylate/Creatinine	CHEM		ACTIVE	6-oxo-PIP/Creat Ur-sRto	6-oxo-piperidine-2-carboxylate/Creatinine [Molar ratio] in Urine	6-oxo-piperidine-2-carboxylate/Creatinine (U) [Molar ratio]		CR
100152-8	6-oxo-piperidine-2-carboxylate/Creatinine	CHEM		ACTIVE	6-oxo-PIP/Creat Ur-sRto	6-oxo-piperidine-2-carboxylate/Creatinine [Molar ratio] in Urine	6-oxo-piperidine-2-carboxylate/Creatinine (U) [Molar ratio]		Scrto
100152-8	6-oxo-piperidine-2-carboxylate/Creatinine	CHEM		ACTIVE	6-oxo-PIP/Creat Ur-sRto	6-oxo-piperidine-2-carboxylate/Creatinine [Molar ratio] in Urine	6-oxo-piperidine-2-carboxylate/Creatinine (U) [Molar ratio]		Substance concentration ratio
100152-8	6-oxo-piperidine-2-carboxylate/Creatinine	CHEM		ACTIVE	6-oxo-PIP/Creat Ur-sRto	6-oxo-piperidine-2-carboxylate/Creatinine [Molar ratio] in Urine	6-oxo-piperidine-2-carboxylate/Creatinine (U) [Molar ratio]		Substance ratio
100152-8	6-oxo-piperidine-2-carboxylate/Creatinine	CHEM		ACTIVE	6-oxo-PIP/Creat Ur-sRto	6-oxo-piperidine-2-carboxylate/Creatinine [Molar ratio] in Urine	6-oxo-piperidine-2-carboxylate/Creatinine (U) [Molar ratio]		Creat
100152-8	6-oxo-piperidine-2-carboxylate/Creatinine	CHEM		ACTIVE	6-oxo-PIP/Creat Ur-sRto	6-oxo-piperidine-2-carboxylate/Creatinine [Molar ratio] in Urine	6-oxo-piperidine-2-carboxylate/Creatinine (U) [Molar ratio]		6-oxo-piperidine-2-carb/Creatinine
1697-2	6-Phosphogluconate dehydrogenase	CHEM		ACTIVE	6PGD RBC-cCnc	6-Phosphogluconate dehydrogenase [Enzymatic activity/volume] in Red Blood Cells	6-Phosphogluconate dehydrogenase (RBC) [Catalytic activity/Vol]		6PGD
1697-2	6-Phosphogluconate dehydrogenase	CHEM		ACTIVE	6PGD RBC-cCnc	6-Phosphogluconate dehydrogenase [Enzymatic activity/volume] in Red Blood Cells	6-Phosphogluconate dehydrogenase (RBC) [Catalytic activity/Vol]		6-PGD
100150-2	6(R+S)-oxo-propylpiperidine-2-carboxylate	CHEM		ACTIVE	6(R+S)-OPP Plas-sCnc	6(R+S)-oxo-propylpiperidine-2-carboxylate [Moles/volume] in Plasma	6(R+S)-oxo-propylpiperidine-2-carboxylate (P) [Moles/Vol]		Level
100150-2	6(R+S)-oxo-propylpiperidine-2-carboxylate	CHEM		ACTIVE	6(R+S)-OPP Plas-sCnc	6(R+S)-oxo-propylpiperidine-2-carboxylate [Moles/volume] in Plasma	6(R+S)-oxo-propylpiperidine-2-carboxylate (P) [Moles/Vol]		Substance concentration
100153-6	6(R+S)-oxo-propylpiperidine-2-carboxylate/Creatinine	CHEM		ACTIVE	6(R+S)-OPP/Creat Ur-sRto	6(R+S)-oxo-propylpiperidine-2-carboxylate/Creatinine [Molar ratio] in Urine	6(R+S)-oxo-propylpiperidine-2-carboxylate/Creatinine (U) [Molar ratio]		6(R+S)-oxo-propylpiperidine-2-carb/Creatinine
79276-2	7,8-Dihydrobiopterin	CHEM		ACTIVE	7,8-BH2 CSF-sCnc	7,8-Dihydrobiopterin [Moles/volume] in Cerebrospinal Fluid	7,8-Dihydrobiopterin (CSF) [Moles/Vol]		Dihydrobiopterin
79276-2	7,8-Dihydrobiopterin	CHEM		ACTIVE	7,8-BH2 CSF-sCnc	7,8-Dihydrobiopterin [Moles/volume] in Cerebrospinal Fluid	7,8-Dihydrobiopterin (CSF) [Moles/Vol]		7,8-BH2
79276-2	7,8-Dihydrobiopterin	CHEM		ACTIVE	7,8-BH2 CSF-sCnc	7,8-Dihydrobiopterin [Moles/volume] in Cerebrospinal Fluid	7,8-Dihydrobiopterin (CSF) [Moles/Vol]		7,8-Dihydro-L-biopterin
79276-2	7,8-Dihydrobiopterin	CHEM		ACTIVE	7,8-BH2 CSF-sCnc	7,8-Dihydrobiopterin [Moles/volume] in Cerebrospinal Fluid	7,8-Dihydrobiopterin (CSF) [Moles/Vol]		Hyperphenylalaninemia
79276-2	7,8-Dihydrobiopterin	CHEM		ACTIVE	7,8-BH2 CSF-sCnc	7,8-Dihydrobiopterin [Moles/volume] in Cerebrospinal Fluid	7,8-Dihydrobiopterin (CSF) [Moles/Vol]		Pterins
47825-5	7-Hydroxyoctanoate/Creatinine	CHEM		ACTIVE	7OH-octanoate/Creat Ur-sRto	7-Hydroxyoctanoate/Creatinine [Molar ratio] in Urine	7-Hydroxyoctanoate/Creatinine (U) [Molar ratio]		7OH-octanoate
79323-2	7-Isobiopterin/Creatinine	CHEM		ACTIVE	7-Isobiopterin/Creat Ur-sRto	7-Isobiopterin/Creatinine [Molar ratio] in Urine	7-Isobiopterin/Creatinine (U) [Molar ratio]		7-Biopterin
79323-2	7-Isobiopterin/Creatinine	CHEM		ACTIVE	7-Isobiopterin/Creat Ur-sRto	7-Isobiopterin/Creatinine [Molar ratio] in Urine	7-Isobiopterin/Creatinine (U) [Molar ratio]		PCD deficiency
79323-2	7-Isobiopterin/Creatinine	CHEM		ACTIVE	7-Isobiopterin/Creat Ur-sRto	7-Isobiopterin/Creatinine [Molar ratio] in Urine	7-Isobiopterin/Creatinine (U) [Molar ratio]		Primapterin
79323-2	7-Isobiopterin/Creatinine	CHEM		ACTIVE	7-Isobiopterin/Creat Ur-sRto	7-Isobiopterin/Creatinine [Molar ratio] in Urine	7-Isobiopterin/Creatinine (U) [Molar ratio]		Primapterinuria
79323-2	7-Isobiopterin/Creatinine	CHEM		ACTIVE	7-Isobiopterin/Creat Ur-sRto	7-Isobiopterin/Creatinine [Molar ratio] in Urine	7-Isobiopterin/Creatinine (U) [Molar ratio]		2-amino-7-(1,2-dihydroxypropyl)-1H-pteridin-4-one
92764-0	7-Ketocholesterol	CHEM		ACTIVE	7-Ketochol SerPl-sCnc	7-Ketocholesterol [Moles/volume] in Serum or Plasma	7-Ketocholesterol [Moles/Vol]		7-oxo-cholesterol
92764-0	7-Ketocholesterol	CHEM		ACTIVE	7-Ketochol SerPl-sCnc	7-Ketocholesterol [Moles/volume] in Serum or Plasma	7-Ketocholesterol [Moles/Vol]		7-Oxocholesterol
92764-0	7-Ketocholesterol	CHEM		ACTIVE	7-Ketochol SerPl-sCnc	7-Ketocholesterol [Moles/volume] in Serum or Plasma	7-Ketocholesterol [Moles/Vol]		3-beta-Hydroxycholest-5-en-7-one
92764-0	7-Ketocholesterol	CHEM		ACTIVE	7-Ketochol SerPl-sCnc	7-Ketocholesterol [Moles/volume] in Serum or Plasma	7-Ketocholesterol [Moles/Vol]		7-keto-cholesterol
79277-0	7-lathosterol	CHEM		ACTIVE	7-lathosterol SerPl-sCnc	7-lathosterol [Moles/volume] in Serum or Plasma	7-lathosterol [Moles/Vol]		Cerebrotendinous Xantomatosis
79277-0	7-lathosterol	CHEM		ACTIVE	7-lathosterol SerPl-sCnc	7-lathosterol [Moles/volume] in Serum or Plasma	7-lathosterol [Moles/Vol]		5 alpha-cholest-7-en-3 beta-ol
34671-8	8-Dehydrocholesterol	CHEM		ACTIVE	8-DHC SerPl-mCnc	8-Dehydrocholesterol [Mass/volume] in Serum or Plasma	8-Dehydrocholesterol [Mass/Vol]		8-DHC
59265-9	8-Hydroxydeoxyguanosine/Creatinine	CHEM		ACTIVE	8OH-deoxyguanosine/Creat Ur	8-Hydroxydeoxyguanosine/Creatinine [Mass Ratio] in Urine	8-Hydroxydeoxyguanosine/Creatinine (U) [Mass ratio]		8OH-deoxyguanosine
59265-9	8-Hydroxydeoxyguanosine/Creatinine	CHEM		ACTIVE	8OH-deoxyguanosine/Creat Ur	8-Hydroxydeoxyguanosine/Creatinine [Mass Ratio] in Urine	8-Hydroxydeoxyguanosine/Creatinine (U) [Mass ratio]		8-Hydroxy-deoxyguanosine
59265-9	8-Hydroxydeoxyguanosine/Creatinine	CHEM		ACTIVE	8OH-deoxyguanosine/Creat Ur	8-Hydroxydeoxyguanosine/Creatinine [Mass Ratio] in Urine	8-Hydroxydeoxyguanosine/Creatinine (U) [Mass ratio]		8-OHdG
79278-8	8-lathosterol	CHEM		ACTIVE	8-lathosterol SerPl-sCnc	8-lathosterol [Moles/volume] in Serum or Plasma	8-lathosterol [Moles/Vol]		5a-cholest-8(9)-en-3/3-ol
79278-8	8-lathosterol	CHEM		ACTIVE	8-lathosterol SerPl-sCnc	8-lathosterol [Moles/volume] in Serum or Plasma	8-lathosterol [Moles/Vol]		5 alpha-cholest-8(9)-en-3 beta-ol
30574-8	Acetoacetate+Acetone	CHEM		ACTIVE	Acetoacet+Acetone SerPl-mCnc	Acetoacetate+Acetone [Mass/volume] in Serum or Plasma	Acetoacetate+Acetone [Mass/Vol]		Acetoacet+Acetone
18436-6	Acetylcarnitine (C2)	CHEM		DISCOURAGED	Acetylcarn SerPl-mCnc	Acetylcarnitine (C2) [Mass/volume] in Serum or Plasma	C2 [Mass/Vol]		C2
1708-7	Acetylcholinesterase	CHEM	ACHE	ACTIVE	AChE Amn-cCnc	Acetylcholinesterase [Enzymatic activity/volume] in Amniotic fluid	Acetylcholinesterase (Amn fld) [Catalytic activity/Vol]		Acetycholinesterase
1708-7	Acetylcholinesterase	CHEM	ACHE	ACTIVE	AChE Amn-cCnc	Acetylcholinesterase [Enzymatic activity/volume] in Amniotic fluid	Acetylcholinesterase (Amn fld) [Catalytic activity/Vol]		RBC cholinesterase
1708-7	Acetylcholinesterase	CHEM	ACHE	ACTIVE	AChE Amn-cCnc	Acetylcholinesterase [Enzymatic activity/volume] in Amniotic fluid	Acetylcholinesterase (Amn fld) [Catalytic activity/Vol]		Erythrocyte cholinesterase
1708-7	Acetylcholinesterase	CHEM	ACHE	ACTIVE	AChE Amn-cCnc	Acetylcholinesterase [Enzymatic activity/volume] in Amniotic fluid	Acetylcholinesterase (Amn fld) [Catalytic activity/Vol]		Cholinesterase true
1708-7	Acetylcholinesterase	CHEM	ACHE	ACTIVE	AChE Amn-cCnc	Acetylcholinesterase [Enzymatic activity/volume] in Amniotic fluid	Acetylcholinesterase (Amn fld) [Catalytic activity/Vol]		Choline esterase I
1708-7	Acetylcholinesterase	CHEM	ACHE	ACTIVE	AChE Amn-cCnc	Acetylcholinesterase [Enzymatic activity/volume] in Amniotic fluid	Acetylcholinesterase (Amn fld) [Catalytic activity/Vol]		ACLE
1708-7	Acetylcholinesterase	CHEM	ACHE	ACTIVE	AChE Amn-cCnc	Acetylcholinesterase [Enzymatic activity/volume] in Amniotic fluid	Acetylcholinesterase (Amn fld) [Catalytic activity/Vol]		AChE
1708-7	Acetylcholinesterase	CHEM	ACHE	ACTIVE	AChE Amn-cCnc	Acetylcholinesterase [Enzymatic activity/volume] in Amniotic fluid	Acetylcholinesterase (Amn fld) [Catalytic activity/Vol]		Acetylhydrolase
1708-7	Acetylcholinesterase	CHEM	ACHE	ACTIVE	AChE Amn-cCnc	Acetylcholinesterase [Enzymatic activity/volume] in Amniotic fluid	Acetylcholinesterase (Amn fld) [Catalytic activity/Vol]		Acetylcholine acetylhydrolase
24043-2	Acetyl-CoA:glucosamine acetyltransferase	CHEM		ACTIVE	AcCoA:Glucosamine AT Fib-cCnt	Acetyl-CoA:glucosamine acetyltransferase [Enzymatic activity/mass] in Fibroblast	Acetyl-CoA:glucosamine acetyltransferase (Fibroblast) [Catalytic activity/Mass]		MPS III C
24043-2	Acetyl-CoA:glucosamine acetyltransferase	CHEM		ACTIVE	AcCoA:Glucosamine AT Fib-cCnt	Acetyl-CoA:glucosamine acetyltransferase [Enzymatic activity/mass] in Fibroblast	Acetyl-CoA:glucosamine acetyltransferase (Fibroblast) [Catalytic activity/Mass]		Sanfilippo disease, type C
24043-2	Acetyl-CoA:glucosamine acetyltransferase	CHEM		ACTIVE	AcCoA:Glucosamine AT Fib-cCnt	Acetyl-CoA:glucosamine acetyltransferase [Enzymatic activity/mass] in Fibroblast	Acetyl-CoA:glucosamine acetyltransferase (Fibroblast) [Catalytic activity/Mass]		AcCoA:Glucosamine AT
24043-2	Acetyl-CoA:glucosamine acetyltransferase	CHEM		ACTIVE	AcCoA:Glucosamine AT Fib-cCnt	Acetyl-CoA:glucosamine acetyltransferase [Enzymatic activity/mass] in Fibroblast	Acetyl-CoA:glucosamine acetyltransferase (Fibroblast) [Catalytic activity/Mass]		Acetyl-CoA:alpha glucosaminide n-acetyl transferase
1814-3	Acid alpha glucosidase	CHEM		ACTIVE	Acid A-Glucosidase Smn-cCnc	Acid alpha glucosidase [Enzymatic activity/volume] in Semen	Acid alpha glucosidase (Sem) [Catalytic activity/Vol]		Acid A-Glucosidase
1814-3	Acid alpha glucosidase	CHEM		ACTIVE	Acid A-Glucosidase Smn-cCnc	Acid alpha glucosidase [Enzymatic activity/volume] in Semen	Acid alpha glucosidase (Sem) [Catalytic activity/Vol]		Acid maltase
1814-3	Acid alpha glucosidase	CHEM		ACTIVE	Acid A-Glucosidase Smn-cCnc	Acid alpha glucosidase [Enzymatic activity/volume] in Semen	Acid alpha glucosidase (Sem) [Catalytic activity/Vol]		Alpha-1,4-glucosidase
1814-3	Acid alpha glucosidase	CHEM		ACTIVE	Acid A-Glucosidase Smn-cCnc	Acid alpha glucosidase [Enzymatic activity/volume] in Semen	Acid alpha glucosidase (Sem) [Catalytic activity/Vol]		Pompe disease
99308-9	Acid alpha glucosidase cross-reactive immunologic material (CRIM)	CHEM	Cross-reactive immunological material (CRIM) status in patients with Pompe disease is important when assessing whether immunosuppression is needed when initiating enzyme replacement therapy.	ACTIVE	AAG CRIM WBC Ql IB	Acid alpha glucosidase cross-reactive immunologic material (CRIM) [Presence] in Leukocytes by Immunoblot	Acid alpha glucosidase cross-reactive immunologic material (CRIM) IB Ql (WBC)		CRIM
99308-9	Acid alpha glucosidase cross-reactive immunologic material (CRIM)	CHEM	Cross-reactive immunological material (CRIM) status in patients with Pompe disease is important when assessing whether immunosuppression is needed when initiating enzyme replacement therapy.	ACTIVE	AAG CRIM WBC Ql IB	Acid alpha glucosidase cross-reactive immunologic material (CRIM) [Presence] in Leukocytes by Immunoblot	Acid alpha glucosidase cross-reactive immunologic material (CRIM) IB Ql (WBC)		AAG CRIM
33767-5	Acidity.total	CHEM		ACTIVE	Total Acidity Gast-sCnc	Acidity.total [Moles/volume] in Gastric fluid	Acidity.total (Gast fld) [Moles/Vol]		Total Acidity
16315-4	Acid phosphatase	CHEM		ACTIVE	ACP Bld Tart Inhib-cCnc	Acid phosphatase [Enzymatic activity/volume] in Blood by Tartrate inhibited	Acid phosphatase Tartrate inhibited (Bld) [Catalytic activity/Vol]		Tart Inhib
12173-1	Acid phosphatase.non-prostatic	CHEM		ACTIVE	ACP Non-prost SerPl-cCnc	Non prostatic acid phosphatase [Enzymatic activity/volume] in Serum or Plasma	Non prostatic acid phosphatase [Catalytic activity/Vol]		ACP Non-prost
16316-2	Acid phosphatase.tartrate resistant	CHEM		ACTIVE	ACP TRAP Bld-cCnc	Acid phosphatase tartrate resistant [Enzymatic activity/volume] in Blood	Acid phosphatase tartrate resistant (Bld) [Catalytic activity/Vol]		ACP TRAP
21536-8	Acid sphingomyelinase	CHEM		ACTIVE	Acid sphingomyelinase Bld-cCnc	Acid sphingomyelinase [Enzymatic activity/volume] in Blood	Acid sphingomyelinase (Bld) [Catalytic activity/Vol]		SMase
21536-8	Acid sphingomyelinase	CHEM		ACTIVE	Acid sphingomyelinase Bld-cCnc	Acid sphingomyelinase [Enzymatic activity/volume] in Blood	Acid sphingomyelinase (Bld) [Catalytic activity/Vol]		Sphingomyelin phosphodiesterase
21536-8	Acid sphingomyelinase	CHEM		ACTIVE	Acid sphingomyelinase Bld-cCnc	Acid sphingomyelinase [Enzymatic activity/volume] in Blood	Acid sphingomyelinase (Bld) [Catalytic activity/Vol]		Sphingomyelinase
21536-8	Acid sphingomyelinase	CHEM		ACTIVE	Acid sphingomyelinase Bld-cCnc	Acid sphingomyelinase [Enzymatic activity/volume] in Blood	Acid sphingomyelinase (Bld) [Catalytic activity/Vol]		Niemann-Pick A and B variants
21536-8	Acid sphingomyelinase	CHEM		ACTIVE	Acid sphingomyelinase Bld-cCnc	Acid sphingomyelinase [Enzymatic activity/volume] in Blood	Acid sphingomyelinase (Bld) [Catalytic activity/Vol]		Niemann-Pick Disease
21536-8	Acid sphingomyelinase	CHEM		ACTIVE	Acid sphingomyelinase Bld-cCnc	Acid sphingomyelinase [Enzymatic activity/volume] in Blood	Acid sphingomyelinase (Bld) [Catalytic activity/Vol]		Nieman-Pick A and B variants
13702-6	Aconitate/Creatinine	CHEM		ACTIVE	Aconitate/Creat Ur	Aconitate/Creatinine [Mass Ratio] in Urine	Aconitate/Creatinine (U) [Mass ratio]		1-Propene-1,2,3-tricarboxylic acid
13702-6	Aconitate/Creatinine	CHEM		ACTIVE	Aconitate/Creat Ur	Aconitate/Creatinine [Mass Ratio] in Urine	Aconitate/Creatinine (U) [Mass ratio]		Aconitic acid
18437-4	Acrylylcarnitine (C3:1)	CHEM		DISCOURAGED	Acrylylcarn SerPl-mCnc	Acrylylcarnitine (C3:1) [Mass/volume] in Serum or Plasma	C3:1 [Mass/Vol]		Propenoylcarnitine
18437-4	Acrylylcarnitine (C3:1)	CHEM		DISCOURAGED	Acrylylcarn SerPl-mCnc	Acrylylcarnitine (C3:1) [Mass/volume] in Serum or Plasma	C3:1 [Mass/Vol]		C3:1
88993-1	Acute kidney injury risk	CHEM	This term was created for the NephroCheck® test kit, which calculates the likelihood of acute kidney injury (AKI) based on urine insulin-like growth factor binding protein 7 (IGFBP-7) and tissue inhibitor of metalloproteinase 2 (TIMP-2). Both IGFBP-7 and TIMP-2 are biomarkers for AKI. Patients with a result of >0.3 have a higher risk of developing moderate or severe AKI within the subsequent 12 hours compared to those with a result of 0.3 or less. This test kit is intended to help determine the risk of AKI in conjunction with clinical evaluation for ICU patients with acute cardiovascular or respiratory compromise within the past 24 hours.[PMID: 26948834]	ACTIVE	Acute kidney injury risk NephroCheck	Acute kidney injury risk [Likelihood] by Calculated by NephroCheck	Acute kidney injury risk Calculated by NephroCheck Qn		NephroCheck test system
88993-1	Acute kidney injury risk	CHEM	This term was created for the NephroCheck® test kit, which calculates the likelihood of acute kidney injury (AKI) based on urine insulin-like growth factor binding protein 7 (IGFBP-7) and tissue inhibitor of metalloproteinase 2 (TIMP-2). Both IGFBP-7 and TIMP-2 are biomarkers for AKI. Patients with a result of >0.3 have a higher risk of developing moderate or severe AKI within the subsequent 12 hours compared to those with a result of 0.3 or less. This test kit is intended to help determine the risk of AKI in conjunction with clinical evaluation for ICU patients with acute cardiovascular or respiratory compromise within the past 24 hours.[PMID: 26948834]	ACTIVE	Acute kidney injury risk NephroCheck	Acute kidney injury risk [Likelihood] by Calculated by NephroCheck	Acute kidney injury risk Calculated by NephroCheck Qn		Calc.NephroCheck
88993-1	Acute kidney injury risk	CHEM	This term was created for the NephroCheck® test kit, which calculates the likelihood of acute kidney injury (AKI) based on urine insulin-like growth factor binding protein 7 (IGFBP-7) and tissue inhibitor of metalloproteinase 2 (TIMP-2). Both IGFBP-7 and TIMP-2 are biomarkers for AKI. Patients with a result of >0.3 have a higher risk of developing moderate or severe AKI within the subsequent 12 hours compared to those with a result of 0.3 or less. This test kit is intended to help determine the risk of AKI in conjunction with clinical evaluation for ICU patients with acute cardiovascular or respiratory compromise within the past 24 hours.[PMID: 26948834]	ACTIVE	Acute kidney injury risk NephroCheck	Acute kidney injury risk [Likelihood] by Calculated by NephroCheck	Acute kidney injury risk Calculated by NephroCheck Qn		AKI risk
88993-1	Acute kidney injury risk	CHEM	This term was created for the NephroCheck® test kit, which calculates the likelihood of acute kidney injury (AKI) based on urine insulin-like growth factor binding protein 7 (IGFBP-7) and tissue inhibitor of metalloproteinase 2 (TIMP-2). Both IGFBP-7 and TIMP-2 are biomarkers for AKI. Patients with a result of >0.3 have a higher risk of developing moderate or severe AKI within the subsequent 12 hours compared to those with a result of 0.3 or less. This test kit is intended to help determine the risk of AKI in conjunction with clinical evaluation for ICU patients with acute cardiovascular or respiratory compromise within the past 24 hours.[PMID: 26948834]	ACTIVE	Acute kidney injury risk NephroCheck	Acute kidney injury risk [Likelihood] by Calculated by NephroCheck	Acute kidney injury risk Calculated by NephroCheck Qn		Acute Renal Failure
59249-3	Acylcarnitine/Acylcarnitine+Carnitine Free (C0)	CHEM		ACTIVE	Acylcarnitine/Acyl+C0 DBS-sRto	Acylcarnitine/Acylcarnitine+Carnitine Free (C0) [Molar ratio] in DBS	Acylcarnitine/Acylcarnitine+Carnitine Free (C0) (DBS) [Molar ratio]		Acyl+C0
58093-6	Acylcarnitine newborn screening comment-discussion	CHEM		ACTIVE	Acylcarnitine NBS comment	Acylcarnitine newborn screening comment-discussion	Acylcarnitine newborn screening comment-discussion Nar (DBS)		Acylcarnitine NBS comment
38552-6	Acylcarnitine.short chain	CHEM		ACTIVE	Acylcarnitine SC SerPl-sCnc	Acylcarnitine short chain [Moles/volume] in Serum or Plasma	Acylcarnitine short chain [Moles/Vol]		Acylcarnitine SC
1718-6	Acyl CoA dehydrogenase	CHEM		ACTIVE	ACAD Ser-cCnc	Acyl CoA dehydrogenase [Enzymatic activity/volume] in Serum	Acyl CoA dehydrogenase (S) [Catalytic activity/Vol]		ACAD
1718-6	Acyl CoA dehydrogenase	CHEM		ACTIVE	ACAD Ser-cCnc	Acyl CoA dehydrogenase [Enzymatic activity/volume] in Serum	Acyl CoA dehydrogenase (S) [Catalytic activity/Vol]		AcdA
78358-9	Acyl CoA dehydrogenases	CHEM	Fatty acid oxidation in medium- or long-chain acyl CoA dehydrogenase deficiencies can be measured by quantifying the release of 3H2O from (9,10-3H) palmitate (this term) and myristate [LOINC: 78360-5] substrates added to cultured fibroblast. [PMID: 2109149] Fatty acid (i.e. palmitate or myristate) oxidation rates by fibroblasts are expressed as nanomole of 3H fatty acid (3H FA) oxidized per hour per milligram of cell protein (nmol 3H FA/h/mg protein).[PMID: 12840153]	ACTIVE	ACADs Fib Palmitate-cCnt	Acyl CoA dehydrogenases [Enzymatic activity/mass] in Fibroblast by [9,10-3H] palmitate substrate	Acyl CoA dehydrogenases [9,10-3H] palmitate substrate (Fibroblast) [Catalytic activity/Mass]		ACADs
78359-7	Acyl CoA dehydrogenases.palmitate substrate/Acyl CoA dehydrogenases.myristate substrate	CHEM	Medium- and long-chain acyl CoA dehydrogenase deficiencies can be differentiated based on the ratio of palmitate oxidation [LOINC: 78358-9] and myristate oxidation [LOINC: 78360-5] in cultured fibroblasts. Patients with medium chain acyl-CoA dehydrogenase deficiency (MCAD) typically have a high palmitate/myristate (P/M) ratio. Long-chain defects, including VLCAD and LCHAD, generally have a low P/M ratio. [PMID: 10709659]	ACTIVE	ACADs.palmitate/ACADs.myristate Fib-cRto	Acyl CoA dehydrogenases.palmitate substrate/Acyl CoA dehydrogenases.myristate substrate [Enzymatic activity ratio] in Fibroblast	Acyl CoA dehydrogenases.palmitate substrate/Acyl CoA dehydrogenases.myristate substrate (Fibroblast) [Catalytic ratio]		ACADs.palmitate
78359-7	Acyl CoA dehydrogenases.palmitate substrate/Acyl CoA dehydrogenases.myristate substrate	CHEM	Medium- and long-chain acyl CoA dehydrogenase deficiencies can be differentiated based on the ratio of palmitate oxidation [LOINC: 78358-9] and myristate oxidation [LOINC: 78360-5] in cultured fibroblasts. Patients with medium chain acyl-CoA dehydrogenase deficiency (MCAD) typically have a high palmitate/myristate (P/M) ratio. Long-chain defects, including VLCAD and LCHAD, generally have a low P/M ratio. [PMID: 10709659]	ACTIVE	ACADs.palmitate/ACADs.myristate Fib-cRto	Acyl CoA dehydrogenases.palmitate substrate/Acyl CoA dehydrogenases.myristate substrate [Enzymatic activity ratio] in Fibroblast	Acyl CoA dehydrogenases.palmitate substrate/Acyl CoA dehydrogenases.myristate substrate (Fibroblast) [Catalytic ratio]		ACADs.myristate
1719-4	Adenine	CHEM		DISCOURAGED	Adenine Ser-mCnc	Adenine [Mass/volume] in Serum	Adenine (S) [Mass/Vol]		Vitamin B4
1719-4	Adenine	CHEM		DISCOURAGED	Adenine Ser-mCnc	Adenine [Mass/volume] in Serum	Adenine (S) [Mass/Vol]		B4 Hemosan
1719-4	Adenine	CHEM		DISCOURAGED	Adenine Ser-mCnc	Adenine [Mass/volume] in Serum	Adenine (S) [Mass/Vol]		Vit B4
1719-4	Adenine	CHEM		DISCOURAGED	Adenine Ser-mCnc	Adenine [Mass/volume] in Serum	Adenine (S) [Mass/Vol]		Leuco-4
1720-2	Adenine phosphoribosyltransferase	CHEM		ACTIVE	APRT RBC-cCnc	Adenine phosphoribosyltransferase [Enzymatic activity/volume] in Red Blood Cells	Adenine phosphoribosyltransferase (RBC) [Catalytic activity/Vol]		APRT
1720-2	Adenine phosphoribosyltransferase	CHEM		ACTIVE	APRT RBC-cCnc	Adenine phosphoribosyltransferase [Enzymatic activity/volume] in Red Blood Cells	Adenine phosphoribosyltransferase (RBC) [Catalytic activity/Vol]		Adenine transaminase
50590-9	Adenine phosphoribosyltransferase	CHEM		ACTIVE	APRT Trophoblasts-cCnt	Adenine phosphoribosyltransferase [Enzymatic activity/mass] in Trophoblasts	Adenine phosphoribosyltransferase (Trophoblasts) [Catalytic activity/Mass]		Syncytiotrophoblasts
50590-9	Adenine phosphoribosyltransferase	CHEM		ACTIVE	APRT Trophoblasts-cCnt	Adenine phosphoribosyltransferase [Enzymatic activity/mass] in Trophoblasts	Adenine phosphoribosyltransferase (Trophoblasts) [Catalytic activity/Mass]		Cytotrophoblast
50590-9	Adenine phosphoribosyltransferase	CHEM		ACTIVE	APRT Trophoblasts-cCnt	Adenine phosphoribosyltransferase [Enzymatic activity/mass] in Trophoblasts	Adenine phosphoribosyltransferase (Trophoblasts) [Catalytic activity/Mass]		Trophoblast
50590-9	Adenine phosphoribosyltransferase	CHEM		ACTIVE	APRT Trophoblasts-cCnt	Adenine phosphoribosyltransferase [Enzymatic activity/mass] in Trophoblasts	Adenine phosphoribosyltransferase (Trophoblasts) [Catalytic activity/Mass]		Cytotrophoblasts
50590-9	Adenine phosphoribosyltransferase	CHEM		ACTIVE	APRT Trophoblasts-cCnt	Adenine phosphoribosyltransferase [Enzymatic activity/mass] in Trophoblasts	Adenine phosphoribosyltransferase (Trophoblasts) [Catalytic activity/Mass]		Syncytiotrophoblast
1722-8	Adenosine deaminase	CHEM		ACTIVE	Adenosine deaminase Bld-cCnc	Adenosine deaminase [Enzymatic activity/volume] in Blood	Adenosine deaminase (Bld) [Catalytic activity/Vol]		ADA
1723-6	Adenosine deaminase binding protein	CHEM		DISCOURAGED	Adenosine deaminase BP Ur-mCnc	Adenosine deaminase binding protein [Mass/volume] in Urine	Adenosine deaminase binding protein (U) [Mass/Vol]		ABP
1723-6	Adenosine deaminase binding protein	CHEM		DISCOURAGED	Adenosine deaminase BP Ur-mCnc	Adenosine deaminase binding protein [Mass/volume] in Urine	Adenosine deaminase binding protein (U) [Mass/Vol]		Adenosine deaminase BP
1723-6	Adenosine deaminase binding protein	CHEM		DISCOURAGED	Adenosine deaminase BP Ur-mCnc	Adenosine deaminase binding protein [Mass/volume] in Urine	Adenosine deaminase binding protein (U) [Mass/Vol]		AdAbp
1724-4	Adenosine diphosphate	CHEM		ACTIVE	ADP Ser-mCnc	Adenosine diphosphate [Mass/volume] in Serum	Adenosine diphosphate (S) [Mass/Vol]		Adenosine 5-Pyrophosphate
1724-4	Adenosine diphosphate	CHEM		ACTIVE	ADP Ser-mCnc	Adenosine diphosphate [Mass/volume] in Serum	Adenosine diphosphate (S) [Mass/Vol]		Adenosine Pyrophosphate
21052-6	Adenosine monophosphate.cyclic.nephrogenous	CHEM	Urinary excretion of cAMP minus that filtered by the glomerulus	ACTIVE	cAMP Nephrogenous Ur+SerPl-sCnc	Adenosine monophosphate.cyclic.nephrogenous [Moles/volume] in Urine and Serum or Plasma	Adenosine monophosphate.cyclic.nephrogenous (U+S/P) [Moles/Vol]		cAMP Nephrogenous
21052-6	Adenosine monophosphate.cyclic.nephrogenous	CHEM	Urinary excretion of cAMP minus that filtered by the glomerulus	ACTIVE	cAMP Nephrogenous Ur+SerPl-sCnc	Adenosine monophosphate.cyclic.nephrogenous [Moles/volume] in Urine and Serum or Plasma	Adenosine monophosphate.cyclic.nephrogenous (U+S/P) [Moles/Vol]		NcAMP
1725-1	Adenosine monophosphate deaminase	CHEM		ACTIVE	AMP deaminase Ser-cCnc	Adenosine monophosphate deaminase [Enzymatic activity/volume] in Serum	Adenosine monophosphate deaminase (S) [Catalytic activity/Vol]		AMP deaminase
1725-1	Adenosine monophosphate deaminase	CHEM		ACTIVE	AMP deaminase Ser-cCnc	Adenosine monophosphate deaminase [Enzymatic activity/volume] in Serum	Adenosine monophosphate deaminase (S) [Catalytic activity/Vol]		adenosine 5-monophosphate deaminase
1725-1	Adenosine monophosphate deaminase	CHEM		ACTIVE	AMP deaminase Ser-cCnc	Adenosine monophosphate deaminase [Enzymatic activity/volume] in Serum	Adenosine monophosphate deaminase (S) [Catalytic activity/Vol]		AMP aminase
10557-7	Adenosine triphosphate	CHEM		ACTIVE	ATP Smn-sCnc	Adenosine triphosphate [Moles/volume] in Semen	Adenosine triphosphate (Sem) [Moles/Vol]		ATP
10557-7	Adenosine triphosphate	CHEM		ACTIVE	ATP Smn-sCnc	Adenosine triphosphate [Moles/volume] in Semen	Adenosine triphosphate (Sem) [Moles/Vol]		Adenosine 5-triphosphate
11035-3	Adenylate kinase	CHEM		ACTIVE	Adenylate kinase RBC-cCnc	Adenylate kinase [Enzymatic activity/volume] in Red Blood Cells	Adenylate kinase (RBC) [Catalytic activity/Vol]		Myokinase
11035-3	Adenylate kinase	CHEM		ACTIVE	Adenylate kinase RBC-cCnc	Adenylate kinase [Enzymatic activity/volume] in Red Blood Cells	Adenylate kinase (RBC) [Catalytic activity/Vol]		AK
1732-7	Adenylosuccinate lyase	CHEM		ACTIVE	ADSL Ser-cCnc	Adenylosuccinate lyase [Enzymatic activity/volume] in Serum	Adenylosuccinate lyase (S) [Catalytic activity/Vol]		Succinyl AMP
1732-7	Adenylosuccinate lyase	CHEM		ACTIVE	ADSL Ser-cCnc	Adenylosuccinate lyase [Enzymatic activity/volume] in Serum	Adenylosuccinate lyase (S) [Catalytic activity/Vol]		ADSL
55819-7	Adiponectin.high molecular weight	CHEM		ACTIVE	Adiponectin.HMW SerPl-mCnc	Adiponectin.high molecular weight [Mass/volume] in Serum or Plasma	Adiponectin.high molecular weight [Mass/Vol]		Adiponectin.HMW
18450-7	Adipoylcarnitine (C6-DC)	CHEM		DISCOURAGED	Adipoylcarn SerPl-mCnc	Adipoylcarnitine (C6-DC) [Mass/volume] in Serum or Plasma	Adipoylcarnitine (C6-DC) [Mass/Vol]		C6-DC
18450-7	Adipoylcarnitine (C6-DC)	CHEM		DISCOURAGED	Adipoylcarn SerPl-mCnc	Adipoylcarnitine (C6-DC) [Mass/volume] in Serum or Plasma	Adipoylcarnitine (C6-DC) [Mass/Vol]		C6DC
18450-7	Adipoylcarnitine (C6-DC)	CHEM		DISCOURAGED	Adipoylcarn SerPl-mCnc	Adipoylcarnitine (C6-DC) [Mass/volume] in Serum or Plasma	Adipoylcarnitine (C6-DC) [Mass/Vol]		Adipylcarnitine
50166-8	Adipoylcarnitine+Methylglutarylcarnitine (C6-DC)	CHEM		ACTIVE	Adipoyl+MeGlutarylcarn SerPl-sCnc	Adipoylcarnitine+Methylglutarylcarnitine (C6-DC) [Moles/volume] in Serum or Plasma	Adipoylcarnitine+Methylglutarylcarnitine (C6-DC) [Moles/Vol]		MeGlutarylcarn
50166-8	Adipoylcarnitine+Methylglutarylcarnitine (C6-DC)	CHEM		ACTIVE	Adipoyl+MeGlutarylcarn SerPl-sCnc	Adipoylcarnitine+Methylglutarylcarnitine (C6-DC) [Moles/volume] in Serum or Plasma	Adipoylcarnitine+Methylglutarylcarnitine (C6-DC) [Moles/Vol]		Adipoyl+MeGlutarylcarn
50166-8	Adipoylcarnitine+Methylglutarylcarnitine (C6-DC)	CHEM		ACTIVE	Adipoyl+MeGlutarylcarn SerPl-sCnc	Adipoylcarnitine+Methylglutarylcarnitine (C6-DC) [Moles/volume] in Serum or Plasma	Adipoylcarnitine+Methylglutarylcarnitine (C6-DC) [Moles/Vol]		Methylglutaryl carnitine
50040-5	Advanced oxidation protein products	CHEM		ACTIVE	OAPP SerPl-sCnc	Advanced oxidation protein products [Moles/volume] in Serum or Plasma	Advanced oxidation protein products [Moles/Vol]		OAPP
50040-5	Advanced oxidation protein products	CHEM		ACTIVE	OAPP SerPl-sCnc	Advanced oxidation protein products [Moles/volume] in Serum or Plasma	Advanced oxidation protein products [Moles/Vol]		Oxidized protein products
50040-5	Advanced oxidation protein products	CHEM		ACTIVE	OAPP SerPl-sCnc	Advanced oxidation protein products [Moles/volume] in Serum or Plasma	Advanced oxidation protein products [Moles/Vol]		AOPP
90740-2	Aggressive prostate cancer risk	CHEM		ACTIVE	Aggr PC risk SerPl Calculated.4Kscore	Aggressive prostate cancer risk [Likelihood] in Serum or Plasma by Calculated.4Kscore	Aggressive prostate cancer risk Calculated.4Kscore Qn		Aggr PC risk
1740-0	Alanine aminopeptidase	CHEM		DISCOURAGED	AAP Ser-mCnc	Alanine aminopeptidase [Mass/volume] in Serum	Alanine aminopeptidase (S) [Mass/Vol]		AAP
1743-4	Alanine aminotransferase	CHEM		ACTIVE	ALT SerPl w P-5-P-cCnc	Alanine aminotransferase [Enzymatic activity/volume] in Serum or Plasma by With P-5-P	ALT With P-5-P [Catalytic activity/Vol]		w P-5-P
1744-2	Alanine aminotransferase	CHEM		ACTIVE	ALT SerPl w/o P-5-P-cCnc	Alanine aminotransferase [Enzymatic activity/volume] in Serum or Plasma by No addition of P-5-P	ALT No additional P-5-P [Catalytic activity/Vol]		w/o P-5-P
100738-4	Alanine aminotransferase.macromolecular	CHEM		ACTIVE	ALT Macro SerPl Ql	Alanine aminotransferase.macromolecular [Presence] in Serum or Plasma	ALT.macromolecular Ql		Alanine transaminase
100738-4	Alanine aminotransferase.macromolecular	CHEM		ACTIVE	ALT Macro SerPl Ql	Alanine aminotransferase.macromolecular [Presence] in Serum or Plasma	ALT.macromolecular Ql		Ala
100738-4	Alanine aminotransferase.macromolecular	CHEM		ACTIVE	ALT Macro SerPl Ql	Alanine aminotransferase.macromolecular [Presence] in Serum or Plasma	ALT.macromolecular Ql		SGPT
100738-4	Alanine aminotransferase.macromolecular	CHEM		ACTIVE	ALT Macro SerPl Ql	Alanine aminotransferase.macromolecular [Presence] in Serum or Plasma	ALT.macromolecular Ql		L-alanine
100738-4	Alanine aminotransferase.macromolecular	CHEM		ACTIVE	ALT Macro SerPl Ql	Alanine aminotransferase.macromolecular [Presence] in Serum or Plasma	ALT.macromolecular Ql		ALT
100738-4	Alanine aminotransferase.macromolecular	CHEM		ACTIVE	ALT Macro SerPl Ql	Alanine aminotransferase.macromolecular [Presence] in Serum or Plasma	ALT.macromolecular Ql		Alpha alanine
100738-4	Alanine aminotransferase.macromolecular	CHEM		ACTIVE	ALT Macro SerPl Ql	Alanine aminotransferase.macromolecular [Presence] in Serum or Plasma	ALT.macromolecular Ql		ALT Macro
100738-4	Alanine aminotransferase.macromolecular	CHEM		ACTIVE	ALT Macro SerPl Ql	Alanine aminotransferase.macromolecular [Presence] in Serum or Plasma	ALT.macromolecular Ql		ALAT
100738-4	Alanine aminotransferase.macromolecular	CHEM		ACTIVE	ALT Macro SerPl Ql	Alanine aminotransferase.macromolecular [Presence] in Serum or Plasma	ALT.macromolecular Ql		Glutamic-pyruvic transferase
53150-9	Alanine+Beta Alanine+Sarcosine	CHEM		ACTIVE	Ala+B-Ala+Sar DBS-sCnc	Alanine+Beta Alanine+Sarcosine [Moles/volume] in DBS	Alanine+Beta Alanine+Sarcosine (DBS) [Moles/Vol]		Ala+B-Ala+Sar
21056-7	Alanine+Cystine+Histidine+Homocysteine+Leucine+Phenylalanine+Tyrosine	CHEM		ACTIVE	Amino Acids mixA Ur Ql	Alanine+Cystine+Histidine+Homocysteine+Leucine+Phenylalanine+Tyrosine [Presence] in Urine	Alanine+Cystine+Histidine+Homocysteine+Leucine+Phenylalanine+Tyrosine Ql (U)		Amino Acids mixA
21056-7	Alanine+Cystine+Histidine+Homocysteine+Leucine+Phenylalanine+Tyrosine	CHEM		ACTIVE	Amino Acids mixA Ur Ql	Alanine+Cystine+Histidine+Homocysteine+Leucine+Phenylalanine+Tyrosine [Presence] in Urine	Alanine+Cystine+Histidine+Homocysteine+Leucine+Phenylalanine+Tyrosine Ql (U)		Amino acid screen
15137-3	Alanine+Ethanolamine	CHEM		ACTIVE	Ala+Etn SerPl Ql	Alanine+Ethanolamine [Presence] in Serum or Plasma	Alanine+Ethanolamine Ql		Ala+Etn
59245-1	Alanine glyoxylate aminotransferase	CHEM		ACTIVE	AGT Tiss-cCnt	Alanine glyoxylate aminotransferase [Enzymatic activity/mass] in Tissue	Alanine glyoxylate aminotransferase (Tiss) [Catalytic activity/Mass]		L-alanine-glycine transaminase
59245-1	Alanine glyoxylate aminotransferase	CHEM		ACTIVE	AGT Tiss-cCnt	Alanine glyoxylate aminotransferase [Enzymatic activity/mass] in Tissue	Alanine glyoxylate aminotransferase (Tiss) [Catalytic activity/Mass]		Alanine-glyoxylic aminotransferase
21057-5	Alanine+Histidine+Leucine+Phenylalanine+Tyrosine	CHEM		ACTIVE	Amino Acids mixB SerPl Ql	Alanine+Histidine+Leucine+Phenylalanine+Tyrosine [Presence] in Serum or Plasma	Alanine+Histidine+Leucine+Phenylalanine+Tyrosine Ql		Amino Acids mixB
101198-0	Albumin	CHEM		ACTIVE	Albumin SerPl Neph-mCnc	Albumin [Mass/volume] in Serum or Plasma by Nephelometry	Albumin Nephelometry [Mass/Vol]		Nephelom
101198-0	Albumin	CHEM		ACTIVE	Albumin SerPl Neph-mCnc	Albumin [Mass/volume] in Serum or Plasma by Nephelometry	Albumin Nephelometry [Mass/Vol]		Light scattering
53529-4	Albumin	CHEM		ACTIVE	Microalbumin Fld DL<=1mg/L-mCnc	Microalbumin [Mass/volume] in Body fluid by Detection limit <= 1.0 mg/L	Albumin DL <= 1.0 mg/L (Body fld) [Mass/Vol]		=1 mg/L
77158-4	Albumin	CHEM	This term was created for, but not limited in use to, the cobas Tina-quant Albumin test kit.  (Conversion factors: mg/L x 0.0152 = μmol/L, g/L x 15.2 = μmol/L)	ACTIVE	Microalbumin Ur DL<=3.0 mg/L-sCnc	Microalbumin [Moles/volume] in Urine by Detection limit <= 3.0 mg/L	Albumin DL <= 3.0 mg/L (U) [Moles/Vol]		= 3 mg/L
77158-4	Albumin	CHEM	This term was created for, but not limited in use to, the cobas Tina-quant Albumin test kit.  (Conversion factors: mg/L x 0.0152 = μmol/L, g/L x 15.2 = μmol/L)	ACTIVE	Microalbumin Ur DL<=3.0 mg/L-sCnc	Microalbumin [Moles/volume] in Urine by Detection limit <= 3.0 mg/L	Albumin DL <= 3.0 mg/L (U) [Moles/Vol]		DL &lt
1756-6	Albumin.CSF/Albumin.SerPl	CHEM	The albumin quotient (AQ; CSF albumin/serum or plasma albumin x 100) is an important measurement to quantify the blood-brain barrier function. Normal function of the AQ barrier depends on the age of the patient; in newborns, a higher permeability may be observed.	ACTIVE	Alb CSF/SerPl	Albumin in CSF/Albumin in Serum or Plasma	Albumin in CSF/Albumin in Serum or Plasma (S/P+CSF) [Relative ratio]		Albumin quotient
1756-6	Albumin.CSF/Albumin.SerPl	CHEM	The albumin quotient (AQ; CSF albumin/serum or plasma albumin x 100) is an important measurement to quantify the blood-brain barrier function. Normal function of the AQ barrier depends on the age of the patient; in newborns, a higher permeability may be observed.	ACTIVE	Alb CSF/SerPl	Albumin in CSF/Albumin in Serum or Plasma	Albumin in CSF/Albumin in Serum or Plasma (S/P+CSF) [Relative ratio]		Albumin CSF:SerPl
1756-6	Albumin.CSF/Albumin.SerPl	CHEM	The albumin quotient (AQ; CSF albumin/serum or plasma albumin x 100) is an important measurement to quantify the blood-brain barrier function. Normal function of the AQ barrier depends on the age of the patient; in newborns, a higher permeability may be observed.	ACTIVE	Alb CSF/SerPl	Albumin in CSF/Albumin in Serum or Plasma	Albumin in CSF/Albumin in Serum or Plasma (S/P+CSF) [Relative ratio]		SerPl+CSF
1756-6	Albumin.CSF/Albumin.SerPl	CHEM	The albumin quotient (AQ; CSF albumin/serum or plasma albumin x 100) is an important measurement to quantify the blood-brain barrier function. Normal function of the AQ barrier depends on the age of the patient; in newborns, a higher permeability may be observed.	ACTIVE	Alb CSF/SerPl	Albumin in CSF/Albumin in Serum or Plasma	Albumin in CSF/Albumin in Serum or Plasma (S/P+CSF) [Relative ratio]		Alb CSF
1756-6	Albumin.CSF/Albumin.SerPl	CHEM	The albumin quotient (AQ; CSF albumin/serum or plasma albumin x 100) is an important measurement to quantify the blood-brain barrier function. Normal function of the AQ barrier depends on the age of the patient; in newborns, a higher permeability may be observed.	ACTIVE	Alb CSF/SerPl	Albumin in CSF/Albumin in Serum or Plasma	Albumin in CSF/Albumin in Serum or Plasma (S/P+CSF) [Relative ratio]		Qalb
1756-6	Albumin.CSF/Albumin.SerPl	CHEM	The albumin quotient (AQ; CSF albumin/serum or plasma albumin x 100) is an important measurement to quantify the blood-brain barrier function. Normal function of the AQ barrier depends on the age of the patient; in newborns, a higher permeability may be observed.	ACTIVE	Alb CSF/SerPl	Albumin in CSF/Albumin in Serum or Plasma	Albumin in CSF/Albumin in Serum or Plasma (S/P+CSF) [Relative ratio]		AQ
106530-9	Albumin.glycated/Albumin.total	CHEM	This term measures glycated albumin, which reflects glucose bound to lysine residues in albumin, is performed using an enzymatic assay with the Asahi Kasei reagent kit.  The assay has been internationally standardized against a Certified Reference Material, with results reported in mmol/mol. This standardized method can be run on the Cobas c503 analyzer, offering a reliable and consistent approach to glycated albumin quantification for clinical use.	ACTIVE	Albumin Glycated SerPl IA-sRto	Albumin.glycated/Albumin.total [Molar ratio] in Serum or Plasma by Immunoassay	Albumin.glycated/Total Albumin IA [Molar ratio]		Glycos
106530-9	Albumin.glycated/Albumin.total	CHEM	This term measures glycated albumin, which reflects glucose bound to lysine residues in albumin, is performed using an enzymatic assay with the Asahi Kasei reagent kit.  The assay has been internationally standardized against a Certified Reference Material, with results reported in mmol/mol. This standardized method can be run on the Cobas c503 analyzer, offering a reliable and consistent approach to glycated albumin quantification for clinical use.	ACTIVE	Albumin Glycated SerPl IA-sRto	Albumin.glycated/Albumin.total [Molar ratio] in Serum or Plasma by Immunoassay	Albumin.glycated/Total Albumin IA [Molar ratio]		Albumin Glycated
106530-9	Albumin.glycated/Albumin.total	CHEM	This term measures glycated albumin, which reflects glucose bound to lysine residues in albumin, is performed using an enzymatic assay with the Asahi Kasei reagent kit.  The assay has been internationally standardized against a Certified Reference Material, with results reported in mmol/mol. This standardized method can be run on the Cobas c503 analyzer, offering a reliable and consistent approach to glycated albumin quantification for clinical use.	ACTIVE	Albumin Glycated SerPl IA-sRto	Albumin.glycated/Albumin.total [Molar ratio] in Serum or Plasma by Immunoassay	Albumin.glycated/Total Albumin IA [Molar ratio]		Glycosylated
48669-6	Albumin & Immunoglobulin Quotient	CHEM	Plotting the Albumin CSF:SerPl-Ratio against an Ig CSF:SerPl ratio yields the quotient diagram or Reiber-diagram	ACTIVE	Albumin & Ig Quotient Ser+CSF-Imp	Albumin and Immunoglobulin Quotient [Interpretation] in Serum and CSF	Albumin and Immunoglobulin Quotient (S+CSF) [Interp]		Reibergram
48669-6	Albumin & Immunoglobulin Quotient	CHEM	Plotting the Albumin CSF:SerPl-Ratio against an Ig CSF:SerPl ratio yields the quotient diagram or Reiber-diagram	ACTIVE	Albumin & Ig Quotient Ser+CSF-Imp	Albumin and Immunoglobulin Quotient [Interpretation] in Serum and CSF	Albumin and Immunoglobulin Quotient (S+CSF) [Interp]		Albumin CSF:SerPl vs. Ig CSF:SerPl
48669-6	Albumin & Immunoglobulin Quotient	CHEM	Plotting the Albumin CSF:SerPl-Ratio against an Ig CSF:SerPl ratio yields the quotient diagram or Reiber-diagram	ACTIVE	Albumin & Ig Quotient Ser+CSF-Imp	Albumin and Immunoglobulin Quotient [Interpretation] in Serum and CSF	Albumin and Immunoglobulin Quotient (S+CSF) [Interp]		Quotient-diagram
48669-6	Albumin & Immunoglobulin Quotient	CHEM	Plotting the Albumin CSF:SerPl-Ratio against an Ig CSF:SerPl ratio yields the quotient diagram or Reiber-diagram	ACTIVE	Albumin & Ig Quotient Ser+CSF-Imp	Albumin and Immunoglobulin Quotient [Interpretation] in Serum and CSF	Albumin and Immunoglobulin Quotient (S+CSF) [Interp]		Reiber plot
48669-6	Albumin & Immunoglobulin Quotient	CHEM	Plotting the Albumin CSF:SerPl-Ratio against an Ig CSF:SerPl ratio yields the quotient diagram or Reiber-diagram	ACTIVE	Albumin & Ig Quotient Ser+CSF-Imp	Albumin and Immunoglobulin Quotient [Interpretation] in Serum and CSF	Albumin and Immunoglobulin Quotient (S+CSF) [Interp]		Albumin & Ig Quotient
48669-6	Albumin & Immunoglobulin Quotient	CHEM	Plotting the Albumin CSF:SerPl-Ratio against an Ig CSF:SerPl ratio yields the quotient diagram or Reiber-diagram	ACTIVE	Albumin & Ig Quotient Ser+CSF-Imp	Albumin and Immunoglobulin Quotient [Interpretation] in Serum and CSF	Albumin and Immunoglobulin Quotient (S+CSF) [Interp]		Reiber-diagram
66765-9	Albumin.pericard fld/Albumin.SerPl	CHEM		ACTIVE	Alb Pcar/SerPl	Albumin in pericardial fld/Albumin in Serum or Plasma	Albumin in pericardial fld/Albumin in Serum or Plasma (Pericard fld+S/P) [Relative ratio]		Alb Pcar
13974-1	Albumin/Protein.total	CHEM		ACTIVE	Albumin MFr CSF Elph	Albumin/Protein.total in Cerebrospinal Fluid by Electrophoresis	Albumin Elph (CSF) [Mass fraction]		Albumin%
13974-1	Albumin/Protein.total	CHEM		ACTIVE	Albumin MFr CSF Elph	Albumin/Protein.total in Cerebrospinal Fluid by Electrophoresis	Albumin Elph (CSF) [Mass fraction]		Albumin fraction
72646-3	Albumin.serum-albumin.pericard fld	CHEM		ACTIVE	Albumin ser-peric fld-MCDiff	Albumin in serum - albumin in pericardial fluid [Mass concentration difference]	Albumin in serum - albumin in pericardial fluid (Pericard fld+S/P) [Mass conc diff]		Albumin ser-peric fld
56153-0	Albumin.serum/Albumin.Periton fld	CHEM		DISCOURAGED	Albumin.Serum/Prt	Albumin in serum/Albumin in Peritoneal fluid	Albumin in serum/Albumin in peritoneal fluid (Periton fld+S/P) [Relative ratio]		SAAG
56153-0	Albumin.serum/Albumin.Periton fld	CHEM		DISCOURAGED	Albumin.Serum/Prt	Albumin in serum/Albumin in Peritoneal fluid	Albumin in serum/Albumin in peritoneal fluid (Periton fld+S/P) [Relative ratio]		Alb Prt
56153-0	Albumin.serum/Albumin.Periton fld	CHEM		DISCOURAGED	Albumin.Serum/Prt	Albumin in serum/Albumin in Peritoneal fluid	Albumin in serum/Albumin in peritoneal fluid (Periton fld+S/P) [Relative ratio]		Alb Ser
56153-0	Albumin.serum/Albumin.Periton fld	CHEM		DISCOURAGED	Albumin.Serum/Prt	Albumin in serum/Albumin in Peritoneal fluid	Albumin in serum/Albumin in peritoneal fluid (Periton fld+S/P) [Relative ratio]		albumin gradient
56153-0	Albumin.serum/Albumin.Periton fld	CHEM		DISCOURAGED	Albumin.Serum/Prt	Albumin in serum/Albumin in Peritoneal fluid	Albumin in serum/Albumin in peritoneal fluid (Periton fld+S/P) [Relative ratio]		Albumin ser-prt fld
56153-0	Albumin.serum/Albumin.Periton fld	CHEM		DISCOURAGED	Albumin.Serum/Prt	Albumin in serum/Albumin in Peritoneal fluid	Albumin in serum/Albumin in peritoneal fluid (Periton fld+S/P) [Relative ratio]		serum-ascites albumin gradient
72647-1	Albumin.serum-albumin.plr fld	CHEM		ACTIVE	Albumin ser-plr fld-MCDiff	Albumin in serum - albumin in pleural fluid [Mass concentration difference]	Albumin in serum - albumin in pleural fluid (S/P+Pleur fld) [Mass conc diff]		Albumin ser-plr fld
11036-1	Aldolase	CHEM		DEPRECATED	Deprecated Aldolase RBC-cCnc	Deprecated Aldolase [Enzymatic activity/volume] in Red Blood Cells	Aldolase (RBC) [Catalytic activity/Vol]		Fructose Biphosphate Aldolase
11036-1	Aldolase	CHEM		DEPRECATED	Deprecated Aldolase RBC-cCnc	Deprecated Aldolase [Enzymatic activity/volume] in Red Blood Cells	Aldolase (RBC) [Catalytic activity/Vol]		Fructose Aldolase
23808-9	Aldosterone.free	CHEM		ACTIVE	Aldost Free 24h Ur-mRate	Aldosterone free [Mass/time] in 24 hour Urine	Aldosterone free (24H U) [Mass/Time]		Aldost Free
1766-5	Aldosterone receptors	CHEM		ACTIVE	Num Aldost Recep WBC	Aldosterone receptors [#] in Leukocytes	Aldosterone receptors (WBC) [#]		MCR
1766-5	Aldosterone receptors	CHEM		ACTIVE	Num Aldost Recep WBC	Aldosterone receptors [#] in Leukocytes	Aldosterone receptors (WBC) [#]		MLR
1766-5	Aldosterone receptors	CHEM		ACTIVE	Num Aldost Recep WBC	Aldosterone receptors [#] in Leukocytes	Aldosterone receptors (WBC) [#]		Aldost Recep
1766-5	Aldosterone receptors	CHEM		ACTIVE	Num Aldost Recep WBC	Aldosterone receptors [#] in Leukocytes	Aldosterone receptors (WBC) [#]		Receptor
1766-5	Aldosterone receptors	CHEM		ACTIVE	Num Aldost Recep WBC	Aldosterone receptors [#] in Leukocytes	Aldosterone receptors (WBC) [#]		Mineralocorticoid receptor
15012-8	Aldosterone^upright	CHEM		ACTIVE	Aldost upr SerPl-sCnc	Aldosterone [Moles/volume] in Serum or Plasma --upright	Aldosterone upright [Moles/Vol]		Standing
1770-7	Aliphatic carboxylate C14-C26.absorption	CHEM		DISCOURAGED	Al Carb C14-C26 Abs SerPl-mCnc	Aliphatic carboxylate, C14-C26.absorption [Mass/volume] in Serum or Plasma	Aliphatic carboxylate, C14-C26.absorption [Mass/Vol]		Al Carb C14-C26 Abs
1771-5	Aliphatic carboxylate C14-C26.esters	CHEM		DISCOURAGED	Al Carb C14-C26 Ester SerPl-mCnc	Aliphatic carboxylate, C14-C26.esters [Mass/volume] in Serum or Plasma	Aliphatic carboxylate, C14-C26.esters [Mass/Vol]		Al Carb C14-C26 Ester
20426-3	Alkaline phosphatase.bile	CHEM		ACTIVE	ALP Bile SerPl-cCnc	Alkaline phosphatase.bile [Enzymatic activity/volume] in Serum or Plasma	ALP Bile [Catalytic activity/Vol]		ALP Bile
20426-3	Alkaline phosphatase.bile	CHEM		ACTIVE	ALP Bile SerPl-cCnc	Alkaline phosphatase.bile [Enzymatic activity/volume] in Serum or Plasma	ALP Bile [Catalytic activity/Vol]		Alkaline phosphatase biliary
43731-9	Alkaline phosphatase.fetal+lung+lymphocyte	CHEM		ACTIVE	ALP Fetal+Lung+Lymphocyte SerPl Ql	Alkaline phosphatase.fetal+lung+lymphocyte [Presence] in Serum or Plasma	ALP Fetal+Lung+Lymphocyte Ql		ALP Fetal+Lung+Lymphocyte
32351-9	Alkaline phosphatase.heat labile	CHEM		ACTIVE	ALP heat labile SerPl HS-cCnc	Alkaline phosphatase.heat labile [Enzymatic activity/volume] in Serum or Plasma by Heat stability	ALP heat labile Heat stability [Catalytic activity/Vol]		ALP heat labile
32352-7	Alkaline phosphatase.heat stable	CHEM		ACTIVE	ALP heat stable SerPl HS-cCnc	Alkaline phosphatase.heat stable [Enzymatic activity/volume] in Serum or Plasma by Heat stability	ALP heat stable Heat stability [Catalytic activity/Vol]		ALP heat stable
53578-1	Alkaline phosphatase.intestinal 2/Alkaline phosphatase.total	CHEM		ACTIVE	ALP Intest 2 CFr SerPl	Alkaline phosphatase.intestinal 2/Alkaline phosphatase.total in Serum or Plasma	ALP Intest 2 [Catalytic fraction]		ALP Intest 2
53579-9	Alkaline phosphatase.intestinal 3/Alkaline phosphatase.total	CHEM		ACTIVE	ALP Intest 3 CFr SerPl	Alkaline phosphatase.intestinal 3/Alkaline phosphatase.total in Serum or Plasma	ALP Intest 3 [Catalytic fraction]		ALP Intest 3
15014-4	Alkaline phosphatase.intestinal/Alkaline phosphatase.total	CHEM		ACTIVE	ALP Intest CFr SerPl	Alkaline phosphatase.intestinal/Alkaline phosphatase.total in Serum or Plasma	ALP Intest [Catalytic fraction]		ALP-3
15014-4	Alkaline phosphatase.intestinal/Alkaline phosphatase.total	CHEM		ACTIVE	ALP Intest CFr SerPl	Alkaline phosphatase.intestinal/Alkaline phosphatase.total in Serum or Plasma	ALP Intest [Catalytic fraction]		ALPI
15014-4	Alkaline phosphatase.intestinal/Alkaline phosphatase.total	CHEM		ACTIVE	ALP Intest CFr SerPl	Alkaline phosphatase.intestinal/Alkaline phosphatase.total in Serum or Plasma	ALP Intest [Catalytic fraction]		Alkaline phosphatase.GI
15014-4	Alkaline phosphatase.intestinal/Alkaline phosphatase.total	CHEM		ACTIVE	ALP Intest CFr SerPl	Alkaline phosphatase.intestinal/Alkaline phosphatase.total in Serum or Plasma	ALP Intest [Catalytic fraction]		ALP Intest
43709-5	Alkaline phosphatase.intestinal+renal	CHEM		ACTIVE	ALP Intest+renal SerPl Ql	Alkaline phosphatase.intestinal+renal [Presence] in Serum or Plasma	ALP Intest+renal Ql		ALP Intest+renal
12805-8	Alkaline phosphatase isoenzyme	CHEM		ACTIVE	ALP Iso SerPl-aCnc	Alkaline phosphatase isoenzyme [Units/volume] in Serum or Plasma	ALP Iso Qn		ISO
12805-8	Alkaline phosphatase isoenzyme	CHEM		ACTIVE	ALP Iso SerPl-aCnc	Alkaline phosphatase isoenzyme [Units/volume] in Serum or Plasma	ALP Iso Qn		ALP Iso
12805-8	Alkaline phosphatase isoenzyme	CHEM		ACTIVE	ALP Iso SerPl-aCnc	Alkaline phosphatase isoenzyme [Units/volume] in Serum or Plasma	ALP Iso Qn		Isoen
12805-8	Alkaline phosphatase isoenzyme	CHEM		ACTIVE	ALP Iso SerPl-aCnc	Alkaline phosphatase isoenzyme [Units/volume] in Serum or Plasma	ALP Iso Qn		Isoenzymes
14588-8	Alkaline phosphatase isoenzymes	CHEM		ACTIVE	ALP Isos SerPl-Imp	Alkaline phosphatase isoenzymes [Interpretation] in Serum or Plasma	ALP Isos [Interp]		Isoenzyme
14588-8	Alkaline phosphatase isoenzymes	CHEM		ACTIVE	ALP Isos SerPl-Imp	Alkaline phosphatase isoenzymes [Interpretation] in Serum or Plasma	ALP Isos [Interp]		ALP Isos
33063-9	Alkaline phosphatase isoenzymes	CHEM		ACTIVE	ALP Isos SerPl Lev Inh-cCnc	Alkaline phosphatase isoenzymes [Enzymatic activity/volume] in Serum or Plasma by Levamisole inhibition	ALP Isos Levamisole inhibition [Catalytic activity/Vol]		Lev Inh
13874-3	Alkaline phosphatase.liver 1	CHEM		ACTIVE	ALP Liver 1 SerPl-cCnc	Alkaline phosphatase.liver 1 [Enzymatic activity/volume] in Serum or Plasma	ALP Liver 1 [Catalytic activity/Vol]		ALP Liver
13874-3	Alkaline phosphatase.liver 1	CHEM		ACTIVE	ALP Liver 1 SerPl-cCnc	Alkaline phosphatase.liver 1 [Enzymatic activity/volume] in Serum or Plasma	ALP Liver 1 [Catalytic activity/Vol]		ALP Liver 1
13874-3	Alkaline phosphatase.liver 1	CHEM		ACTIVE	ALP Liver 1 SerPl-cCnc	Alkaline phosphatase.liver 1 [Enzymatic activity/volume] in Serum or Plasma	ALP Liver 1 [Catalytic activity/Vol]		ALP-1
13875-0	Alkaline phosphatase.liver 2	CHEM		ACTIVE	ALP Liver 2 SerPl-cCnc	Alkaline phosphatase.liver 2 [Enzymatic activity/volume] in Serum or Plasma	ALP Liver 2 [Catalytic activity/Vol]		ALP Liver 2
43708-7	Alkaline phosphatase.liver+bone	CHEM		ACTIVE	ALP Liver+Bone SerPl Ql	Alkaline phosphatase.liver+bone [Presence] in Serum or Plasma	ALP Liver+Bone Ql		ALP Liver+Bone
12806-6	Alkaline phosphatase.lung	CHEM		ACTIVE	ALP Lung SerPl-cCnc	Alkaline phosphatase.lung [Enzymatic activity/volume] in Serum or Plasma	ALP Lung [Catalytic activity/Vol]		Alkaline phosphatase.pulmonary
12806-6	Alkaline phosphatase.lung	CHEM		ACTIVE	ALP Lung SerPl-cCnc	Alkaline phosphatase.lung [Enzymatic activity/volume] in Serum or Plasma	ALP Lung [Catalytic activity/Vol]		ALP Lung
49924-4	Alkaline phosphatase.macro/Alkaline phosphatase.total	CHEM		ACTIVE	ALP macro CFr SerPl	Alkaline phosphatase.macro/Alkaline phosphatase.total in Serum or Plasma	ALP macro [Catalytic fraction]		ALP macro
35707-9	Alkaline phosphatase.macrohepatic/Alkaline phosphatase.total	CHEM		ACTIVE	ALP Macrohepatic CFr SerPl	Alkaline phosphatase.macrohepatic/Alkaline phosphatase.total in Serum or Plasma	ALP Macrohepatic [Catalytic fraction]		ALP Macrohepatic
100737-6	Alkaline phosphatase.macromolecular	CHEM		ACTIVE	AP Macro SerPl Ql	Alkaline phosphatase.macromolecular [Presence] in Serum or Plasma	Alkaline phosphatase.macromolecular Ql		Alkaline phos
100737-6	Alkaline phosphatase.macromolecular	CHEM		ACTIVE	AP Macro SerPl Ql	Alkaline phosphatase.macromolecular [Presence] in Serum or Plasma	Alkaline phosphatase.macromolecular Ql		Phosphtase
100737-6	Alkaline phosphatase.macromolecular	CHEM		ACTIVE	AP Macro SerPl Ql	Alkaline phosphatase.macromolecular [Presence] in Serum or Plasma	Alkaline phosphatase.macromolecular Ql		AP Macro
100737-6	Alkaline phosphatase.macromolecular	CHEM		ACTIVE	AP Macro SerPl Ql	Alkaline phosphatase.macromolecular [Presence] in Serum or Plasma	Alkaline phosphatase.macromolecular Ql		AP
100737-6	Alkaline phosphatase.macromolecular	CHEM		ACTIVE	AP Macro SerPl Ql	Alkaline phosphatase.macromolecular [Presence] in Serum or Plasma	Alkaline phosphatase.macromolecular Ql		ALP
100737-6	Alkaline phosphatase.macromolecular	CHEM		ACTIVE	AP Macro SerPl Ql	Alkaline phosphatase.macromolecular [Presence] in Serum or Plasma	Alkaline phosphatase.macromolecular Ql		ALKP
100737-6	Alkaline phosphatase.macromolecular	CHEM		ACTIVE	AP Macro SerPl Ql	Alkaline phosphatase.macromolecular [Presence] in Serum or Plasma	Alkaline phosphatase.macromolecular Ql		Alkaline phosphatase.total
100737-6	Alkaline phosphatase.macromolecular	CHEM		ACTIVE	AP Macro SerPl Ql	Alkaline phosphatase.macromolecular [Presence] in Serum or Plasma	Alkaline phosphatase.macromolecular Ql		Alk phos
100737-6	Alkaline phosphatase.macromolecular	CHEM		ACTIVE	AP Macro SerPl Ql	Alkaline phosphatase.macromolecular [Presence] in Serum or Plasma	Alkaline phosphatase.macromolecular Ql		Alk
26010-9	Alkaline phosphatase.other fractions/Alkaline phosphatase.total	CHEM		ACTIVE	ALP Other CFr SerPl	Alkaline phosphatase.other fractions/Alkaline phosphatase.total in Serum or Plasma	ALP Other [Catalytic fraction]		ALP Other
71363-6	Alkaline phosphatase.placental 2/Alkaline phosphatase.total	CHEM		ACTIVE	ALP Plac 2 CFr SerPl	Alkaline phosphatase.placental 2/Alkaline phosphatase.total in Serum or Plasma	ALP Plac 2 [Catalytic fraction]		ALP Plac 2
15017-7	Alkaline phosphatase.regan/Alkaline phosphatase.total	CHEM		ACTIVE	ALP Regan CFr SerPl	Alkaline phosphatase.regan/Alkaline phosphatase.total in Serum or Plasma	ALP Regan [Catalytic fraction]		ALP Regan
15018-5	Alkaline phosphatase.renal/Alkaline phosphatase.total	CHEM		ACTIVE	ALP Renal CFr SerPl	Alkaline phosphatase.renal/Alkaline phosphatase.total in Serum or Plasma	ALP Renal [Catalytic fraction]		ALP Renal
15018-5	Alkaline phosphatase.renal/Alkaline phosphatase.total	CHEM		ACTIVE	ALP Renal CFr SerPl	Alkaline phosphatase.renal/Alkaline phosphatase.total in Serum or Plasma	ALP Renal [Catalytic fraction]		Alkaline phosphatase.kidney
82220-5	Alkyl-dihydroxyacetonephosphate synthase	CHEM		ACTIVE	Alkyl-DHAP synthase Fib-cCnt	Alkyl-dihydroxyacetonephosphate synthase [Enzymatic activity/mass] in Fibroblast	Alkyl-dihydroxyacetonephosphate synthase (Fibroblast) [Catalytic activity/Mass]		Alkylglycerone-phosphate synthase
82220-5	Alkyl-dihydroxyacetonephosphate synthase	CHEM		ACTIVE	Alkyl-DHAP synthase Fib-cCnt	Alkyl-dihydroxyacetonephosphate synthase [Enzymatic activity/mass] in Fibroblast	Alkyl-dihydroxyacetonephosphate synthase (Fibroblast) [Catalytic activity/Mass]		Alkyl-DHAP synthase
82220-5	Alkyl-dihydroxyacetonephosphate synthase	CHEM		ACTIVE	Alkyl-DHAP synthase Fib-cCnt	Alkyl-dihydroxyacetonephosphate synthase [Enzymatic activity/mass] in Fibroblast	Alkyl-dihydroxyacetonephosphate synthase (Fibroblast) [Catalytic activity/Mass]		AGPS
82220-5	Alkyl-dihydroxyacetonephosphate synthase	CHEM		ACTIVE	Alkyl-DHAP synthase Fib-cCnt	Alkyl-dihydroxyacetonephosphate synthase [Enzymatic activity/mass] in Fibroblast	Alkyl-dihydroxyacetonephosphate synthase (Fibroblast) [Catalytic activity/Mass]		Alkyldihydroxyacetonephosphate synthase
82220-5	Alkyl-dihydroxyacetonephosphate synthase	CHEM		ACTIVE	Alkyl-DHAP synthase Fib-cCnt	Alkyl-dihydroxyacetonephosphate synthase [Enzymatic activity/mass] in Fibroblast	Alkyl-dihydroxyacetonephosphate synthase (Fibroblast) [Catalytic activity/Mass]		Aging-associated gene 5 protein
82220-5	Alkyl-dihydroxyacetonephosphate synthase	CHEM		ACTIVE	Alkyl-DHAP synthase Fib-cCnt	Alkyl-dihydroxyacetonephosphate synthase [Enzymatic activity/mass] in Fibroblast	Alkyl-dihydroxyacetonephosphate synthase (Fibroblast) [Catalytic activity/Mass]		RCDP2
82220-5	Alkyl-dihydroxyacetonephosphate synthase	CHEM		ACTIVE	Alkyl-DHAP synthase Fib-cCnt	Alkyl-dihydroxyacetonephosphate synthase [Enzymatic activity/mass] in Fibroblast	Alkyl-dihydroxyacetonephosphate synthase (Fibroblast) [Catalytic activity/Mass]		Rhizomelic chondrodysplasia punctata type 2
82220-5	Alkyl-dihydroxyacetonephosphate synthase	CHEM		ACTIVE	Alkyl-DHAP synthase Fib-cCnt	Alkyl-dihydroxyacetonephosphate synthase [Enzymatic activity/mass] in Fibroblast	Alkyl-dihydroxyacetonephosphate synthase (Fibroblast) [Catalytic activity/Mass]		acyl-CoA:dihydroxyacetonephosphate acyltransferase
22658-9	Alloisoleucine	CHEM		ACTIVE	Alloisoleucine CSF-sCnc	Alloisoleucine [Moles/volume] in Cerebrospinal Fluid	Alloisoleucine (CSF) [Moles/Vol]		MSUD (Maple Syrup Urine Disease)
22658-9	Alloisoleucine	CHEM		ACTIVE	Alloisoleucine CSF-sCnc	Alloisoleucine [Moles/volume] in Cerebrospinal Fluid	Alloisoleucine (CSF) [Moles/Vol]		alloIle
22658-9	Alloisoleucine	CHEM		ACTIVE	Alloisoleucine CSF-sCnc	Alloisoleucine [Moles/volume] in Cerebrospinal Fluid	Alloisoleucine (CSF) [Moles/Vol]		aIle
22658-9	Alloisoleucine	CHEM		ACTIVE	Alloisoleucine CSF-sCnc	Alloisoleucine [Moles/volume] in Cerebrospinal Fluid	Alloisoleucine (CSF) [Moles/Vol]		Allo-isoleucine
53152-5	Alloisoleucine+Isoleucine+Leucine+Hydroxyproline	CHEM		ACTIVE	Aile+Ile+Leu+Hyp DBS-sCnc	Alloisoleucine+Isoleucine+Leucine+Hydroxyproline [Moles/volume] in DBS	Alloisoleucine+Isoleucine+Leucine+Hydroxyproline (DBS) [Moles/Vol]		Aile+Ile+Leu+Hyp
53154-1	Alloisoleucine+Isoleucine+Leucine+Hydroxyproline/Alanine	CHEM		ACTIVE	Aile+Ile+Leu+Hyp/Alanine DBS-sRto	Alloisoleucine+Isoleucine+Leucine+Hydroxyproline/Alanine [Molar ratio] in DBS	Alloisoleucine+Isoleucine+Leucine+Hydroxyproline/Alanine (DBS) [Molar ratio]		2-aminopropanoic acid
53393-5	Alloisoleucine+Isoleucine+Leucine+Hydroxyproline+Valine/Phenylalanine+Tyrosine	CHEM		ACTIVE	Aile+Ile+Leu+Hyp+Val/Phe+Tyr DBS-sRto	Alloisoleucine+Isoleucine+Leucine+Hydroxyproline+Valine/Phenylalanine+Tyrosine [Molar ratio] in DBS	Alloisoleucine+Isoleucine+Leucine+Hydroxyproline+Valine/Phenylalanine+Tyrosine (DBS) [Molar ratio]		Aile+Ile+Leu+Hyp+Val
55822-1	Allo-tetrahydrodeoxycortisol	CHEM		ACTIVE	Allo-TH-DC 24h Ur-mRate	Allo-tetrahydrodeoxycortisol [Mass/time] in 24 hour Urine	Allo-tetrahydrodeoxycortisol (24H U) [Mass/Time]		Allo-TH-DC
55822-1	Allo-tetrahydrodeoxycortisol	CHEM		ACTIVE	Allo-TH-DC 24h Ur-mRate	Allo-tetrahydrodeoxycortisol [Mass/time] in 24 hour Urine	Allo-tetrahydrodeoxycortisol (24H U) [Mass/Time]		Allo TH-DC
100744-2	Alpha-1-Acid glycoprotein	CHEM		ACTIVE	A1acid Glycoprotein SerPl Elph-mCnc	Alpha-1-acid glycoprotein [Mass/volume] in Serum or Plasma by Electrophoresis	Alpha-1-acid glycoprotein Elph [Mass/Vol]		Glycoproteins
100744-2	Alpha-1-Acid glycoprotein	CHEM		ACTIVE	A1acid Glycoprotein SerPl Elph-mCnc	Alpha-1-acid glycoprotein [Mass/volume] in Serum or Plasma by Electrophoresis	Alpha-1-acid glycoprotein Elph [Mass/Vol]		GP
100744-2	Alpha-1-Acid glycoprotein	CHEM		ACTIVE	A1acid Glycoprotein SerPl Elph-mCnc	Alpha-1-acid glycoprotein [Mass/volume] in Serum or Plasma by Electrophoresis	Alpha-1-acid glycoprotein Elph [Mass/Vol]		AAG
100744-2	Alpha-1-Acid glycoprotein	CHEM		ACTIVE	A1acid Glycoprotein SerPl Elph-mCnc	Alpha-1-acid glycoprotein [Mass/volume] in Serum or Plasma by Electrophoresis	Alpha-1-acid glycoprotein Elph [Mass/Vol]		Acids
100744-2	Alpha-1-Acid glycoprotein	CHEM		ACTIVE	A1acid Glycoprotein SerPl Elph-mCnc	Alpha-1-acid glycoprotein [Mass/volume] in Serum or Plasma by Electrophoresis	Alpha-1-acid glycoprotein Elph [Mass/Vol]		AGP
100744-2	Alpha-1-Acid glycoprotein	CHEM		ACTIVE	A1acid Glycoprotein SerPl Elph-mCnc	Alpha-1-acid glycoprotein [Mass/volume] in Serum or Plasma by Electrophoresis	Alpha-1-acid glycoprotein Elph [Mass/Vol]		Alfa
100744-2	Alpha-1-Acid glycoprotein	CHEM		ACTIVE	A1acid Glycoprotein SerPl Elph-mCnc	Alpha-1-acid glycoprotein [Mass/volume] in Serum or Plasma by Electrophoresis	Alpha-1-acid glycoprotein Elph [Mass/Vol]		Electro
100744-2	Alpha-1-Acid glycoprotein	CHEM		ACTIVE	A1acid Glycoprotein SerPl Elph-mCnc	Alpha-1-acid glycoprotein [Mass/volume] in Serum or Plasma by Electrophoresis	Alpha-1-acid glycoprotein Elph [Mass/Vol]		Electrophhrs
100744-2	Alpha-1-Acid glycoprotein	CHEM		ACTIVE	A1acid Glycoprotein SerPl Elph-mCnc	Alpha-1-acid glycoprotein [Mass/volume] in Serum or Plasma by Electrophoresis	Alpha-1-acid glycoprotein Elph [Mass/Vol]		Electrophrs
100744-2	Alpha-1-Acid glycoprotein	CHEM		ACTIVE	A1acid Glycoprotein SerPl Elph-mCnc	Alpha-1-acid glycoprotein [Mass/volume] in Serum or Plasma by Electrophoresis	Alpha-1-acid glycoprotein Elph [Mass/Vol]		Elp
100744-2	Alpha-1-Acid glycoprotein	CHEM		ACTIVE	A1acid Glycoprotein SerPl Elph-mCnc	Alpha-1-acid glycoprotein [Mass/volume] in Serum or Plasma by Electrophoresis	Alpha-1-acid glycoprotein Elph [Mass/Vol]		Elph
100744-2	Alpha-1-Acid glycoprotein	CHEM		ACTIVE	A1acid Glycoprotein SerPl Elph-mCnc	Alpha-1-acid glycoprotein [Mass/volume] in Serum or Plasma by Electrophoresis	Alpha-1-acid glycoprotein Elph [Mass/Vol]		Ep
100744-2	Alpha-1-Acid glycoprotein	CHEM		ACTIVE	A1acid Glycoprotein SerPl Elph-mCnc	Alpha-1-acid glycoprotein [Mass/volume] in Serum or Plasma by Electrophoresis	Alpha-1-acid glycoprotein Elph [Mass/Vol]		gG
100744-2	Alpha-1-Acid glycoprotein	CHEM		ACTIVE	A1acid Glycoprotein SerPl Elph-mCnc	Alpha-1-acid glycoprotein [Mass/volume] in Serum or Plasma by Electrophoresis	Alpha-1-acid glycoprotein Elph [Mass/Vol]		Orosomucoid
100744-2	Alpha-1-Acid glycoprotein	CHEM		ACTIVE	A1acid Glycoprotein SerPl Elph-mCnc	Alpha-1-acid glycoprotein [Mass/volume] in Serum or Plasma by Electrophoresis	Alpha-1-acid glycoprotein Elph [Mass/Vol]		Glycoprot
100744-2	Alpha-1-Acid glycoprotein	CHEM		ACTIVE	A1acid Glycoprotein SerPl Elph-mCnc	Alpha-1-acid glycoprotein [Mass/volume] in Serum or Plasma by Electrophoresis	Alpha-1-acid glycoprotein Elph [Mass/Vol]		A1
100744-2	Alpha-1-Acid glycoprotein	CHEM		ACTIVE	A1acid Glycoprotein SerPl Elph-mCnc	Alpha-1-acid glycoprotein [Mass/volume] in Serum or Plasma by Electrophoresis	Alpha-1-acid glycoprotein Elph [Mass/Vol]		A1acid Glycoprotein
12960-1	Alpha 1 antitrypsin fecal clearance	CHEM		ACTIVE	A1AT Cl SerPl+Stl-aCnc	Alpha 1 antitrypsin fecal clearance	Alpha 1 antitrypsin fecal clearance Qn (S/P+St)		Serum or plasma and stool
12960-1	Alpha 1 antitrypsin fecal clearance	CHEM		ACTIVE	A1AT Cl SerPl+Stl-aCnc	Alpha 1 antitrypsin fecal clearance	Alpha 1 antitrypsin fecal clearance Qn (S/P+St)		SerPl+Stl
1826-7	Alpha 1 antitrypsin.MM	CHEM		ACTIVE	A1AT MM SerPl-mCnc	Alpha 1 antitrypsin MM [Mass/volume] in Serum or Plasma	Alpha 1 antitrypsin MM [Mass/Vol]		A1AT MM
1827-5	Alpha 1 antitrypsin.MS	CHEM		ACTIVE	A1AT MS SerPl-mCnc	Alpha 1 antitrypsin MS [Mass/volume] in Serum or Plasma	Alpha 1 antitrypsin MS [Mass/Vol]		A1AT MS
1828-3	Alpha 1 antitrypsin.MZ	CHEM		ACTIVE	A1AT MZ SerPl-mCnc	Alpha 1 antitrypsin MZ [Mass/volume] in Serum or Plasma	Alpha 1 antitrypsin MZ [Mass/Vol]		A1AT MZ
32769-2	Alpha 1 antitrypsin phenotype	CHEM		ACTIVE	A1AT Phenotyp SerPl-Imp	Alpha 1 antitrypsin phenotype [Interpretation] in Serum or Plasma	Alpha 1 antitrypsin phenotype [Interp]		A1AT Phenotyp
1829-1	Alpha 1 antitrypsin.SS	CHEM		ACTIVE	A1AT SS SerPl-mCnc	Alpha 1 antitrypsin SS [Mass/volume] in Serum or Plasma	Alpha 1 antitrypsin SS [Mass/Vol]		A1AT SS
1830-9	Alpha 1 antitrypsin.SZ	CHEM		ACTIVE	A1AT SZ SerPl-mCnc	Alpha 1 antitrypsin SZ [Mass/volume] in Serum or Plasma	Alpha 1 antitrypsin SZ [Mass/Vol]		A1AT SZ
1831-7	Alpha 1 antitrypsin.ZZ	CHEM		ACTIVE	A1AT ZZ SerPl-mCnc	Alpha 1 antitrypsin ZZ [Mass/volume] in Serum or Plasma	Alpha 1 antitrypsin ZZ [Mass/Vol]		A1AT ZZ
43996-8	Alpha-1-Fetoprotein^^adjusted for diabetes+weight	CHEM		ACTIVE	AFP Diabetes+wt adj MoM SerPl	Alpha-1-Fetoprotein [Multiple of the median] adjusted for diabetes+weight in Serum or Plasma	AFP adjusted for diabetes+weight [MoM]		Diabetes+wt adj
43996-8	Alpha-1-Fetoprotein^^adjusted for diabetes+weight	CHEM		ACTIVE	AFP Diabetes+wt adj MoM SerPl	Alpha-1-Fetoprotein [Multiple of the median] adjusted for diabetes+weight in Serum or Plasma	AFP adjusted for diabetes+weight [MoM]		Diabetes adj
50610-5	Alpha-1-Fetoprotein^^adjusted for multiple gestations	CHEM		ACTIVE	AFP mult gest adj MoM SerPl	Alpha-1-Fetoprotein [Multiple of the median] adjusted for multiple gestations in Serum or Plasma	AFP adjusted for multiple gestations [MoM]		mult gest adj
43997-6	Alpha-1-Fetoprotein^^adjusted for weight	CHEM		ACTIVE	AFP Wt adj MoM SerPl	Alpha-1-Fetoprotein [Multiple of the median] adjusted for weight in Serum or Plasma	AFP adjusted for weight [MoM]		Wt adj
41273-4	Alpha-1-Fetoprotein interpretation	CHEM		ACTIVE	AFP Interp Amn-Imp	Alpha-1-Fetoprotein interpretation in Amniotic fluid	AFP interpretation (Amn fld) [Interp]		AFP Interp
42332-7	Alpha-1-Fetoprotein.L3/Alpha-1-Fetoprotein.total	CHEM		ACTIVE	AFP L3 MFr SerPl	Alpha-1-Fetoprotein L3/Alpha-1-fetoprotein.total in Serum or Plasma	AFP L3/Total AFP [Mass fraction]		AFP L3
49585-3	Alpha-1-Fetoprotein multiple of the median cutoff	CHEM		ACTIVE	AFP MoM c/o MoM SerPl	Alpha-1-Fetoprotein multiple of the median cutoff [Multiple of the median] in Serum or Plasma	AFP MoM cutoff [MoM]		AFP MoM
49585-3	Alpha-1-Fetoprotein multiple of the median cutoff	CHEM		ACTIVE	AFP MoM c/o MoM SerPl	Alpha-1-Fetoprotein multiple of the median cutoff [Multiple of the median] in Serum or Plasma	AFP MoM cutoff [MoM]		MoM c/o
104786-9	Alpha 1 globulin	CHEM		ACTIVE	Alpha1 Glob SerPl-mCnc	Alpha 1 globulin [Mass/volume] in Serum or Plasma	Alpha 1 globulin [Mass/Vol]		Alpha1 Glob
104786-9	Alpha 1 globulin	CHEM		ACTIVE	Alpha1 Glob SerPl-mCnc	Alpha 1 globulin [Mass/volume] in Serum or Plasma	Alpha 1 globulin [Mass/Vol]		Protein.alpha 1 globulin
50385-4	Alpha-1-Microglobulin.placental	CHEM	The presence of placental alpha-1-microglobulin in vaginal fluid is a marker of fetal membrane rupture.	ACTIVE	A1 Microglob placental Vag Ql	Alpha-1-Microglobulin.placental [Presence] in Vaginal fluid	Alpha-1-Microglobulin.placental Ql (Vag fld)		PAMG-1
50385-4	Alpha-1-Microglobulin.placental	CHEM	The presence of placental alpha-1-microglobulin in vaginal fluid is a marker of fetal membrane rupture.	ACTIVE	A1 Microglob placental Vag Ql	Alpha-1-Microglobulin.placental [Presence] in Vaginal fluid	Alpha-1-Microglobulin.placental Ql (Vag fld)		A1 Microglob placental
104799-2	Alpha 2 globulin	CHEM		ACTIVE	Alpha2 Glob SerPl-mCnc	Alpha 2 globulin [Mass/volume] in Serum or Plasma	Alpha 2 globulin [Mass/Vol]		Protein.alpha 2 globulin
104799-2	Alpha 2 globulin	CHEM		ACTIVE	Alpha2 Glob SerPl-mCnc	Alpha 2 globulin [Mass/volume] in Serum or Plasma	Alpha 2 globulin [Mass/Vol]		Alpha2 Glob
104799-2	Alpha 2 globulin	CHEM		ACTIVE	Alpha2 Glob SerPl-mCnc	Alpha 2 globulin [Mass/volume] in Serum or Plasma	Alpha 2 globulin [Mass/Vol]		A2
1835-8	Alpha-2-Macroglobulin	CHEM		ACTIVE	A2 Macroglob SerPl-mCnc	Alpha-2-Macroglobulin [Mass/volume] in Serum or Plasma	Alpha-2-Macroglobulin [Mass/Vol]		AMG
1835-8	Alpha-2-Macroglobulin	CHEM		ACTIVE	A2 Macroglob SerPl-mCnc	Alpha-2-Macroglobulin [Mass/volume] in Serum or Plasma	Alpha-2-Macroglobulin [Mass/Vol]		Macroglobulins
1835-8	Alpha-2-Macroglobulin	CHEM		ACTIVE	A2 Macroglob SerPl-mCnc	Alpha-2-Macroglobulin [Mass/volume] in Serum or Plasma	Alpha-2-Macroglobulin [Mass/Vol]		Macroglobn
1835-8	Alpha-2-Macroglobulin	CHEM		ACTIVE	A2 Macroglob SerPl-mCnc	Alpha-2-Macroglobulin [Mass/volume] in Serum or Plasma	Alpha-2-Macroglobulin [Mass/Vol]		Macroglob
1835-8	Alpha-2-Macroglobulin	CHEM		ACTIVE	A2 Macroglob SerPl-mCnc	Alpha-2-Macroglobulin [Mass/volume] in Serum or Plasma	Alpha-2-Macroglobulin [Mass/Vol]		A2 Macroglob
31151-4	Alpha-2-Microglobulin	CHEM		ACTIVE	A2 Microglob 24h Ur-mCnc	Alpha-2-Microglobulin [Mass/volume] in 24 hour Urine	Alpha-2-Microglobulin (24H U) [Mass/Vol]		A2 Microglob
1784-8	Alpha amino acid nitrogen	CHEM		ACTIVE	A-AA Nitrogen Plas-mCnc	Alpha amino acid nitrogen [Mass/volume] in Plasma	Alpha amino acid nitrogen (P) [Mass/Vol]		AAN
1784-8	Alpha amino acid nitrogen	CHEM		ACTIVE	A-AA Nitrogen Plas-mCnc	Alpha amino acid nitrogen [Mass/volume] in Plasma	Alpha amino acid nitrogen (P) [Mass/Vol]		A-AA Nitrogen
13366-0	Alpha aminoadipate	CHEM		DISCOURAGED	AAA CSF-mCnc	Alpha aminoadipate [Mass/volume] in Cerebrospinal Fluid	Alpha aminoadipate (CSF) [Mass/Vol]		AAA
13366-0	Alpha aminoadipate	CHEM		DISCOURAGED	AAA CSF-mCnc	Alpha aminoadipate [Mass/volume] in Cerebrospinal Fluid	Alpha aminoadipate (CSF) [Mass/Vol]		Aminoadipic acid
13366-0	Alpha aminoadipate	CHEM		DISCOURAGED	AAA CSF-mCnc	Alpha aminoadipate [Mass/volume] in Cerebrospinal Fluid	Alpha aminoadipate (CSF) [Mass/Vol]		Alpha aminoadipic acid
13366-0	Alpha aminoadipate	CHEM		DISCOURAGED	AAA CSF-mCnc	Alpha aminoadipate [Mass/volume] in Cerebrospinal Fluid	Alpha aminoadipate (CSF) [Mass/Vol]		AAD
13366-0	Alpha aminoadipate	CHEM		DISCOURAGED	AAA CSF-mCnc	Alpha aminoadipate [Mass/volume] in Cerebrospinal Fluid	Alpha aminoadipate (CSF) [Mass/Vol]		2-aminoadipate
13366-0	Alpha aminoadipate	CHEM		DISCOURAGED	AAA CSF-mCnc	Alpha aminoadipate [Mass/volume] in Cerebrospinal Fluid	Alpha aminoadipate (CSF) [Mass/Vol]		2-aminoadipic acid
79279-6	Alpha-aminoadipic semialdehyde	CHEM		ACTIVE	Alpha-AASA SerPl-sCnc	Alpha-aminoadipic semialdehyde [Moles/volume] in Serum or Plasma	Alpha-aminoadipic semialdehyde [Moles/Vol]		Alpha-AASA
92766-5	Alpha-aminoadipic semialdehyde+Delta-1-Piperideine-6-carboxylate	CHEM		ACTIVE	AASA+P6C SerPl-sCnc	Alpha-aminoadipic semialdehyde+Delta-1-piperideine-6-carboxylate [Moles/volume] in Serum or Plasma	Alpha-aminoadipic semialdehyde+Delta-1-Piperideine-6-carboxylate [Moles/Vol]		AASA
92766-5	Alpha-aminoadipic semialdehyde+Delta-1-Piperideine-6-carboxylate	CHEM		ACTIVE	AASA+P6C SerPl-sCnc	Alpha-aminoadipic semialdehyde+Delta-1-piperideine-6-carboxylate [Moles/volume] in Serum or Plasma	Alpha-aminoadipic semialdehyde+Delta-1-Piperideine-6-carboxylate [Moles/Vol]		α-AASA
92766-5	Alpha-aminoadipic semialdehyde+Delta-1-Piperideine-6-carboxylate	CHEM		ACTIVE	AASA+P6C SerPl-sCnc	Alpha-aminoadipic semialdehyde+Delta-1-piperideine-6-carboxylate [Moles/volume] in Serum or Plasma	Alpha-aminoadipic semialdehyde+Delta-1-Piperideine-6-carboxylate [Moles/Vol]		AASA+P6C
92766-5	Alpha-aminoadipic semialdehyde+Delta-1-Piperideine-6-carboxylate	CHEM		ACTIVE	AASA+P6C SerPl-sCnc	Alpha-aminoadipic semialdehyde+Delta-1-piperideine-6-carboxylate [Moles/volume] in Serum or Plasma	Alpha-aminoadipic semialdehyde+Delta-1-Piperideine-6-carboxylate [Moles/Vol]		Delta-1-Piperideine-6-carboxylic acid
92766-5	Alpha-aminoadipic semialdehyde+Delta-1-Piperideine-6-carboxylate	CHEM		ACTIVE	AASA+P6C SerPl-sCnc	Alpha-aminoadipic semialdehyde+Delta-1-piperideine-6-carboxylate [Moles/volume] in Serum or Plasma	Alpha-aminoadipic semialdehyde+Delta-1-Piperideine-6-carboxylate [Moles/Vol]		P6C
92766-5	Alpha-aminoadipic semialdehyde+Delta-1-Piperideine-6-carboxylate	CHEM		ACTIVE	AASA+P6C SerPl-sCnc	Alpha-aminoadipic semialdehyde+Delta-1-piperideine-6-carboxylate [Moles/volume] in Serum or Plasma	Alpha-aminoadipic semialdehyde+Delta-1-Piperideine-6-carboxylate [Moles/Vol]		2,3,4,5-Tetrahydropyridine-2-carboxylic acid
13383-5	Alpha aminobutyrate	CHEM		DISCOURAGED	A-Aminobutyr Amn-mCnc	Alpha aminobutyrate [Mass/volume] in Amniotic fluid	Alpha aminobutyrate (Amn fld) [Mass/Vol]		2-aminobutyric acid
13383-5	Alpha aminobutyrate	CHEM		DISCOURAGED	A-Aminobutyr Amn-mCnc	Alpha aminobutyrate [Mass/volume] in Amniotic fluid	Alpha aminobutyrate (Amn fld) [Mass/Vol]		Alpha aminobutyric acid
13383-5	Alpha aminobutyrate	CHEM		DISCOURAGED	A-Aminobutyr Amn-mCnc	Alpha aminobutyrate [Mass/volume] in Amniotic fluid	Alpha aminobutyrate (Amn fld) [Mass/Vol]		Alpha amino-n-butyrate
13383-5	Alpha aminobutyrate	CHEM		DISCOURAGED	A-Aminobutyr Amn-mCnc	Alpha aminobutyrate [Mass/volume] in Amniotic fluid	Alpha aminobutyrate (Amn fld) [Mass/Vol]		A-ANB
13383-5	Alpha aminobutyrate	CHEM		DISCOURAGED	A-Aminobutyr Amn-mCnc	Alpha aminobutyrate [Mass/volume] in Amniotic fluid	Alpha aminobutyrate (Amn fld) [Mass/Vol]		AANB
13383-5	Alpha aminobutyrate	CHEM		DISCOURAGED	A-Aminobutyr Amn-mCnc	Alpha aminobutyrate [Mass/volume] in Amniotic fluid	Alpha aminobutyrate (Amn fld) [Mass/Vol]		Alpha amino-n-butyric acid
13383-5	Alpha aminobutyrate	CHEM		DISCOURAGED	A-Aminobutyr Amn-mCnc	Alpha aminobutyrate [Mass/volume] in Amniotic fluid	Alpha aminobutyrate (Amn fld) [Mass/Vol]		A-Aminobutyr
13383-5	Alpha aminobutyrate	CHEM		DISCOURAGED	A-Aminobutyr Amn-mCnc	Alpha aminobutyrate [Mass/volume] in Amniotic fluid	Alpha aminobutyrate (Amn fld) [Mass/Vol]		2-aminobutyrate
13383-5	Alpha aminobutyrate	CHEM		DISCOURAGED	A-Aminobutyr Amn-mCnc	Alpha aminobutyrate [Mass/volume] in Amniotic fluid	Alpha aminobutyrate (Amn fld) [Mass/Vol]		2-aminobutanoic acid
16339-4	Alpha aminoisobutyrate	CHEM		ACTIVE	A-AIB Ur Ql	Alpha aminoisobutyrate [Presence] in Urine	Alpha aminoisobutyrate Ql (U)		2-methylalanine
16339-4	Alpha aminoisobutyrate	CHEM		ACTIVE	A-AIB Ur Ql	Alpha aminoisobutyrate [Presence] in Urine	Alpha aminoisobutyrate Ql (U)		2-aminoisobutyric acid
16339-4	Alpha aminoisobutyrate	CHEM		ACTIVE	A-AIB Ur Ql	Alpha aminoisobutyrate [Presence] in Urine	Alpha aminoisobutyrate Ql (U)		A-AIB
16339-4	Alpha aminoisobutyrate	CHEM		ACTIVE	A-AIB Ur Ql	Alpha aminoisobutyrate [Presence] in Urine	Alpha aminoisobutyrate Ql (U)		2-aminoisobutyrate
16339-4	Alpha aminoisobutyrate	CHEM		ACTIVE	A-AIB Ur Ql	Alpha aminoisobutyrate [Presence] in Urine	Alpha aminoisobutyrate Ql (U)		AIB
16339-4	Alpha aminoisobutyrate	CHEM		ACTIVE	A-AIB Ur Ql	Alpha aminoisobutyrate [Presence] in Urine	Alpha aminoisobutyrate Ql (U)		alpha aminoisobutyric acid
94718-4	Alpha defensins 1+2+3	CHEM	Qualitative detection of human neutrophil peptide-1, -2, and -3, also known as alpha defensins 1-3, in synovial fluid by immunoassay methods, such as ELISA or lateral flow assay, for the diagnosis of periprosthetic joint infections (PJI). This assay detects but does not differentiate between the three HNP peptides. This term was created for, but not limited in use to, Zimmer Biomet Diagnostics Synovasure Alpha Defensin ELISA and Lateral Flow Test kits. The Synovasure Lateral flow test utilizes the same anti-microbial peptide as the ELISA test to detect the immune response to infection, but the Lateral Flow returns results in 10 minute whereas the ELISA typically has a 24-48 hour result turnaround.	ACTIVE	Alpha defensins 1+2+3 Snv Ql IA	Alpha defensins 1+2+3 [Presence] in Synovial fluid by Immunoassay	Alpha defensins 1+2+3 IA Ql (Syn fld)		Alpha defensin
94718-4	Alpha defensins 1+2+3	CHEM	Qualitative detection of human neutrophil peptide-1, -2, and -3, also known as alpha defensins 1-3, in synovial fluid by immunoassay methods, such as ELISA or lateral flow assay, for the diagnosis of periprosthetic joint infections (PJI). This assay detects but does not differentiate between the three HNP peptides. This term was created for, but not limited in use to, Zimmer Biomet Diagnostics Synovasure Alpha Defensin ELISA and Lateral Flow Test kits. The Synovasure Lateral flow test utilizes the same anti-microbial peptide as the ELISA test to detect the immune response to infection, but the Lateral Flow returns results in 10 minute whereas the ELISA typically has a 24-48 hour result turnaround.	ACTIVE	Alpha defensins 1+2+3 Snv Ql IA	Alpha defensins 1+2+3 [Presence] in Synovial fluid by Immunoassay	Alpha defensins 1+2+3 IA Ql (Syn fld)		HNP-2
94718-4	Alpha defensins 1+2+3	CHEM	Qualitative detection of human neutrophil peptide-1, -2, and -3, also known as alpha defensins 1-3, in synovial fluid by immunoassay methods, such as ELISA or lateral flow assay, for the diagnosis of periprosthetic joint infections (PJI). This assay detects but does not differentiate between the three HNP peptides. This term was created for, but not limited in use to, Zimmer Biomet Diagnostics Synovasure Alpha Defensin ELISA and Lateral Flow Test kits. The Synovasure Lateral flow test utilizes the same anti-microbial peptide as the ELISA test to detect the immune response to infection, but the Lateral Flow returns results in 10 minute whereas the ELISA typically has a 24-48 hour result turnaround.	ACTIVE	Alpha defensins 1+2+3 Snv Ql IA	Alpha defensins 1+2+3 [Presence] in Synovial fluid by Immunoassay	Alpha defensins 1+2+3 IA Ql (Syn fld)		HNP-3
94718-4	Alpha defensins 1+2+3	CHEM	Qualitative detection of human neutrophil peptide-1, -2, and -3, also known as alpha defensins 1-3, in synovial fluid by immunoassay methods, such as ELISA or lateral flow assay, for the diagnosis of periprosthetic joint infections (PJI). This assay detects but does not differentiate between the three HNP peptides. This term was created for, but not limited in use to, Zimmer Biomet Diagnostics Synovasure Alpha Defensin ELISA and Lateral Flow Test kits. The Synovasure Lateral flow test utilizes the same anti-microbial peptide as the ELISA test to detect the immune response to infection, but the Lateral Flow returns results in 10 minute whereas the ELISA typically has a 24-48 hour result turnaround.	ACTIVE	Alpha defensins 1+2+3 Snv Ql IA	Alpha defensins 1+2+3 [Presence] in Synovial fluid by Immunoassay	Alpha defensins 1+2+3 IA Ql (Syn fld)		Human neutrophil peptide
94718-4	Alpha defensins 1+2+3	CHEM	Qualitative detection of human neutrophil peptide-1, -2, and -3, also known as alpha defensins 1-3, in synovial fluid by immunoassay methods, such as ELISA or lateral flow assay, for the diagnosis of periprosthetic joint infections (PJI). This assay detects but does not differentiate between the three HNP peptides. This term was created for, but not limited in use to, Zimmer Biomet Diagnostics Synovasure Alpha Defensin ELISA and Lateral Flow Test kits. The Synovasure Lateral flow test utilizes the same anti-microbial peptide as the ELISA test to detect the immune response to infection, but the Lateral Flow returns results in 10 minute whereas the ELISA typically has a 24-48 hour result turnaround.	ACTIVE	Alpha defensins 1+2+3 Snv Ql IA	Alpha defensins 1+2+3 [Presence] in Synovial fluid by Immunoassay	Alpha defensins 1+2+3 IA Ql (Syn fld)		neutrophil peptide
94718-4	Alpha defensins 1+2+3	CHEM	Qualitative detection of human neutrophil peptide-1, -2, and -3, also known as alpha defensins 1-3, in synovial fluid by immunoassay methods, such as ELISA or lateral flow assay, for the diagnosis of periprosthetic joint infections (PJI). This assay detects but does not differentiate between the three HNP peptides. This term was created for, but not limited in use to, Zimmer Biomet Diagnostics Synovasure Alpha Defensin ELISA and Lateral Flow Test kits. The Synovasure Lateral flow test utilizes the same anti-microbial peptide as the ELISA test to detect the immune response to infection, but the Lateral Flow returns results in 10 minute whereas the ELISA typically has a 24-48 hour result turnaround.	ACTIVE	Alpha defensins 1+2+3 Snv Ql IA	Alpha defensins 1+2+3 [Presence] in Synovial fluid by Immunoassay	Alpha defensins 1+2+3 IA Ql (Syn fld)		Human neutrophil peptides
94718-4	Alpha defensins 1+2+3	CHEM	Qualitative detection of human neutrophil peptide-1, -2, and -3, also known as alpha defensins 1-3, in synovial fluid by immunoassay methods, such as ELISA or lateral flow assay, for the diagnosis of periprosthetic joint infections (PJI). This assay detects but does not differentiate between the three HNP peptides. This term was created for, but not limited in use to, Zimmer Biomet Diagnostics Synovasure Alpha Defensin ELISA and Lateral Flow Test kits. The Synovasure Lateral flow test utilizes the same anti-microbial peptide as the ELISA test to detect the immune response to infection, but the Lateral Flow returns results in 10 minute whereas the ELISA typically has a 24-48 hour result turnaround.	ACTIVE	Alpha defensins 1+2+3 Snv Ql IA	Alpha defensins 1+2+3 [Presence] in Synovial fluid by Immunoassay	Alpha defensins 1+2+3 IA Ql (Syn fld)		alpha Defensins
94718-4	Alpha defensins 1+2+3	CHEM	Qualitative detection of human neutrophil peptide-1, -2, and -3, also known as alpha defensins 1-3, in synovial fluid by immunoassay methods, such as ELISA or lateral flow assay, for the diagnosis of periprosthetic joint infections (PJI). This assay detects but does not differentiate between the three HNP peptides. This term was created for, but not limited in use to, Zimmer Biomet Diagnostics Synovasure Alpha Defensin ELISA and Lateral Flow Test kits. The Synovasure Lateral flow test utilizes the same anti-microbial peptide as the ELISA test to detect the immune response to infection, but the Lateral Flow returns results in 10 minute whereas the ELISA typically has a 24-48 hour result turnaround.	ACTIVE	Alpha defensins 1+2+3 Snv Ql IA	Alpha defensins 1+2+3 [Presence] in Synovial fluid by Immunoassay	Alpha defensins 1+2+3 IA Ql (Syn fld)		HNP-1
17839-2	Alpha fucosidase	CHEM		ACTIVE	A-Fucosidase Bld-cCnc	Alpha fucosidase [Enzymatic activity/volume] in Blood	Alpha fucosidase (Bld) [Catalytic activity/Vol]		Alpha-L-fucosidase
17839-2	Alpha fucosidase	CHEM		ACTIVE	A-Fucosidase Bld-cCnc	Alpha fucosidase [Enzymatic activity/volume] in Blood	Alpha fucosidase (Bld) [Catalytic activity/Vol]		A-Fucosidase
17839-2	Alpha fucosidase	CHEM		ACTIVE	A-Fucosidase Bld-cCnc	Alpha fucosidase [Enzymatic activity/volume] in Blood	Alpha fucosidase (Bld) [Catalytic activity/Vol]		Fucosidosis
1813-5	Alpha galactosidase A	CHEM		ACTIVE	A-Galactosidase A SerPl-cCnc	Alpha galactosidase A [Enzymatic activity/volume] in Serum or Plasma	Alpha galactosidase A [Catalytic activity/Vol]		Alpha galactosidase
1813-5	Alpha galactosidase A	CHEM		ACTIVE	A-Galactosidase A SerPl-cCnc	Alpha galactosidase A [Enzymatic activity/volume] in Serum or Plasma	Alpha galactosidase A [Catalytic activity/Vol]		Alpha-D-galactosidase
1813-5	Alpha galactosidase A	CHEM		ACTIVE	A-Galactosidase A SerPl-cCnc	Alpha galactosidase A [Enzymatic activity/volume] in Serum or Plasma	Alpha galactosidase A [Catalytic activity/Vol]		GM1-gangliosidosis
1813-5	Alpha galactosidase A	CHEM		ACTIVE	A-Galactosidase A SerPl-cCnc	Alpha galactosidase A [Enzymatic activity/volume] in Serum or Plasma	Alpha galactosidase A [Catalytic activity/Vol]		A-Galactosidase A
53539-3	Alpha globulin.abnormal band	CHEM		ACTIVE	Alpha Glob.abnormal SerPl Elph-mCnc	Alpha globulin.abnormal band [Mass/volume] in Serum or Plasma by Electrophoresis	Alpha globulin.abnormal band Elph [Mass/Vol]		Alpha Glob.abnormal
13671-3	Alpha hydroxybutyrate/Creatinine	CHEM		ACTIVE	A-OH-Butyr/Creat Ur	Alpha hydroxybutyrate/Creatinine [Mass Ratio] in Urine	Alpha hydroxybutyrate/Creatinine (U) [Mass ratio]		Alpha hydroxy butyrate
13671-3	Alpha hydroxybutyrate/Creatinine	CHEM		ACTIVE	A-OH-Butyr/Creat Ur	Alpha hydroxybutyrate/Creatinine [Mass Ratio] in Urine	Alpha hydroxybutyrate/Creatinine (U) [Mass ratio]		2-hydroxybutyrate
13671-3	Alpha hydroxybutyrate/Creatinine	CHEM		ACTIVE	A-OH-Butyr/Creat Ur	Alpha hydroxybutyrate/Creatinine [Mass Ratio] in Urine	Alpha hydroxybutyrate/Creatinine (U) [Mass ratio]		2-hydroxybutyric acid
13671-3	Alpha hydroxybutyrate/Creatinine	CHEM		ACTIVE	A-OH-Butyr/Creat Ur	Alpha hydroxybutyrate/Creatinine [Mass Ratio] in Urine	Alpha hydroxybutyrate/Creatinine (U) [Mass ratio]		A-OH-Butyr
1677-4	Alpha hydroxybutyrate dehydrogenase	CHEM		ACTIVE	A-OH-Butyr Dehydrog SerPl-cCnc	Alpha hydroxybutyrate dehydrogenase [Enzymatic activity/volume] in Serum or Plasma	Alpha hydroxybutyrate dehydrogenase [Catalytic activity/Vol]		HBDH
1677-4	Alpha hydroxybutyrate dehydrogenase	CHEM		ACTIVE	A-OH-Butyr Dehydrog SerPl-cCnc	Alpha hydroxybutyrate dehydrogenase [Enzymatic activity/volume] in Serum or Plasma	Alpha hydroxybutyrate dehydrogenase [Catalytic activity/Vol]		2-hydroxybutyrate dehydrogenase
1677-4	Alpha hydroxybutyrate dehydrogenase	CHEM		ACTIVE	A-OH-Butyr Dehydrog SerPl-cCnc	Alpha hydroxybutyrate dehydrogenase [Enzymatic activity/volume] in Serum or Plasma	Alpha hydroxybutyrate dehydrogenase [Catalytic activity/Vol]		A-OH-Butyr Dehydrog
1677-4	Alpha hydroxybutyrate dehydrogenase	CHEM		ACTIVE	A-OH-Butyr Dehydrog SerPl-cCnc	Alpha hydroxybutyrate dehydrogenase [Enzymatic activity/volume] in Serum or Plasma	Alpha hydroxybutyrate dehydrogenase [Catalytic activity/Vol]		HBD
13678-8	Alpha ketoglutarate/Creatinine	CHEM	2-oxoglutarate & alpha ketoglutarate are the same thing	ACTIVE	A-Ketoglut/Creat Ur	Alpha ketoglutarate/Creatinine [Mass Ratio] in Urine	Alpha ketoglutarate/Creatinine (U) [Mass ratio]		2-oxoglutarate
13678-8	Alpha ketoglutarate/Creatinine	CHEM	2-oxoglutarate & alpha ketoglutarate are the same thing	ACTIVE	A-Ketoglut/Creat Ur	Alpha ketoglutarate/Creatinine [Mass Ratio] in Urine	Alpha ketoglutarate/Creatinine (U) [Mass ratio]		2-ketoglutarate
13678-8	Alpha ketoglutarate/Creatinine	CHEM	2-oxoglutarate & alpha ketoglutarate are the same thing	ACTIVE	A-Ketoglut/Creat Ur	Alpha ketoglutarate/Creatinine [Mass Ratio] in Urine	Alpha ketoglutarate/Creatinine (U) [Mass ratio]		2-ketoglutaric acid
13678-8	Alpha ketoglutarate/Creatinine	CHEM	2-oxoglutarate & alpha ketoglutarate are the same thing	ACTIVE	A-Ketoglut/Creat Ur	Alpha ketoglutarate/Creatinine [Mass Ratio] in Urine	Alpha ketoglutarate/Creatinine (U) [Mass ratio]		AKG
13678-8	Alpha ketoglutarate/Creatinine	CHEM	2-oxoglutarate & alpha ketoglutarate are the same thing	ACTIVE	A-Ketoglut/Creat Ur	Alpha ketoglutarate/Creatinine [Mass Ratio] in Urine	Alpha ketoglutarate/Creatinine (U) [Mass ratio]		A-Ketoglut
13678-8	Alpha ketoglutarate/Creatinine	CHEM	2-oxoglutarate & alpha ketoglutarate are the same thing	ACTIVE	A-Ketoglut/Creat Ur	Alpha ketoglutarate/Creatinine [Mass Ratio] in Urine	Alpha ketoglutarate/Creatinine (U) [Mass ratio]		2-oxoglutaric acid
1699-8	Alpha-L-iduronidase	CHEM		ACTIVE	A-L-Iduronidase Tiss-cCnt	Alpha-L-iduronidase [Enzymatic activity/mass] in Tissue	Alpha-L-iduronidase (Tiss) [Catalytic activity/Mass]		Scheie disease
1699-8	Alpha-L-iduronidase	CHEM		ACTIVE	A-L-Iduronidase Tiss-cCnt	Alpha-L-iduronidase [Enzymatic activity/mass] in Tissue	Alpha-L-iduronidase (Tiss) [Catalytic activity/Mass]		Hurler disease
35164-3	Alpha linolenate	CHEM		ACTIVE	A-Linolenate SerPl-sCnc	Alpha linolenate (C18:3w3) [Moles/volume] in Serum or Plasma	Alpha linolenate (C18:3w3) [Moles/Vol]		A-Linolenate
35164-3	Alpha linolenate	CHEM		ACTIVE	A-Linolenate SerPl-sCnc	Alpha linolenate (C18:3w3) [Moles/volume] in Serum or Plasma	Alpha linolenate (C18:3w3) [Moles/Vol]		C18:3w3
35164-3	Alpha linolenate	CHEM		ACTIVE	A-Linolenate SerPl-sCnc	Alpha linolenate (C18:3w3) [Moles/volume] in Serum or Plasma	Alpha linolenate (C18:3w3) [Moles/Vol]		Alpha linolenic acid
1818-4	Alpha mannosidase	CHEM		ACTIVE	A-Mannosidase SerPl-cCnc	Alpha mannosidase [Enzymatic activity/volume] in Serum or Plasma	Alpha mannosidase [Catalytic activity/Vol]		Alpha mannosidosis
1818-4	Alpha mannosidase	CHEM		ACTIVE	A-Mannosidase SerPl-cCnc	Alpha mannosidase [Enzymatic activity/volume] in Serum or Plasma	Alpha mannosidase [Catalytic activity/Vol]		A-Mannosidase
1820-0	Alpha melanocyte stimulating hormone	CHEM		ACTIVE	A-MSH SerPl-mCnc	Alpha melanocyte stimulating hormone [Mass/volume] in Serum or Plasma	Alpha melanocyte stimulating hormone [Mass/Vol]		A-MSH
1820-0	Alpha melanocyte stimulating hormone	CHEM		ACTIVE	A-MSH SerPl-mCnc	Alpha melanocyte stimulating hormone [Mass/volume] in Serum or Plasma	Alpha melanocyte stimulating hormone [Mass/Vol]		Alpha MSH
82221-3	Alpha-methylacyl CoA racemase	CHEM		ACTIVE	AMACR Fib-cCnt	Alpha-methylacyl CoA racemase [Enzymatic activity/mass] in Fibroblast	Alpha-methylacyl CoA racemase (Fibroblast) [Catalytic activity/Mass]		2-methylacyl-CoA racemase
82221-3	Alpha-methylacyl CoA racemase	CHEM		ACTIVE	AMACR Fib-cCnt	Alpha-methylacyl CoA racemase [Enzymatic activity/mass] in Fibroblast	Alpha-methylacyl CoA racemase (Fibroblast) [Catalytic activity/Mass]		AMACR
82221-3	Alpha-methylacyl CoA racemase	CHEM		ACTIVE	AMACR Fib-cCnt	Alpha-methylacyl CoA racemase [Enzymatic activity/mass] in Fibroblast	Alpha-methylacyl CoA racemase (Fibroblast) [Catalytic activity/Mass]		Alpha-methylacyl-CoA racemase deficiency
11037-9	Alpha-N-acetylgalactosaminidase	CHEM		ACTIVE	A-NAGA SerPl-cCnc	Alpha-N-acetylgalactosaminidase [Enzymatic activity/volume] in Serum or Plasma	Alpha-N-acetylgalactosaminidase [Catalytic activity/Vol]		A-NAGA
11037-9	Alpha-N-acetylgalactosaminidase	CHEM		ACTIVE	A-NAGA SerPl-cCnc	Alpha-N-acetylgalactosaminidase [Enzymatic activity/volume] in Serum or Plasma	Alpha-N-acetylgalactosaminidase [Catalytic activity/Vol]		Alpha NAGA
11037-9	Alpha-N-acetylgalactosaminidase	CHEM		ACTIVE	A-NAGA SerPl-cCnc	Alpha-N-acetylgalactosaminidase [Enzymatic activity/volume] in Serum or Plasma	Alpha-N-acetylgalactosaminidase [Catalytic activity/Vol]		Alpha-galactosidase B
11037-9	Alpha-N-acetylgalactosaminidase	CHEM		ACTIVE	A-NAGA SerPl-cCnc	Alpha-N-acetylgalactosaminidase [Enzymatic activity/volume] in Serum or Plasma	Alpha-N-acetylgalactosaminidase [Catalytic activity/Vol]		Schindler disease
104114-4	Alpha-N-acetylglucosaminidase	CHEM		ACTIVE	A-NAG DBS-cCnc	Alpha-N-acetylglucosaminidase [Enzymatic activity/volume] in DBS	Alpha-N-acetylglucosaminidase (DBS) [Catalytic activity/Vol]		n-acetyl-alpha-d-glucosaminidase
104114-4	Alpha-N-acetylglucosaminidase	CHEM		ACTIVE	A-NAG DBS-cCnc	Alpha-N-acetylglucosaminidase [Enzymatic activity/volume] in DBS	Alpha-N-acetylglucosaminidase (DBS) [Catalytic activity/Vol]		n-acetyl-d-glucosaminidase
104114-4	Alpha-N-acetylglucosaminidase	CHEM		ACTIVE	A-NAG DBS-cCnc	Alpha-N-acetylglucosaminidase [Enzymatic activity/volume] in DBS	Alpha-N-acetylglucosaminidase (DBS) [Catalytic activity/Vol]		NAG
104114-4	Alpha-N-acetylglucosaminidase	CHEM		ACTIVE	A-NAG DBS-cCnc	Alpha-N-acetylglucosaminidase [Enzymatic activity/volume] in DBS	Alpha-N-acetylglucosaminidase (DBS) [Catalytic activity/Vol]		Sanfilippo disease, type B
104114-4	Alpha-N-acetylglucosaminidase	CHEM		ACTIVE	A-NAG DBS-cCnc	Alpha-N-acetylglucosaminidase [Enzymatic activity/volume] in DBS	Alpha-N-acetylglucosaminidase (DBS) [Catalytic activity/Vol]		A-NAG
104114-4	Alpha-N-acetylglucosaminidase	CHEM		ACTIVE	A-NAG DBS-cCnc	Alpha-N-acetylglucosaminidase [Enzymatic activity/volume] in DBS	Alpha-N-acetylglucosaminidase (DBS) [Catalytic activity/Vol]		MPS III B
104114-4	Alpha-N-acetylglucosaminidase	CHEM		ACTIVE	A-NAG DBS-cCnc	Alpha-N-acetylglucosaminidase [Enzymatic activity/volume] in DBS	Alpha-N-acetylglucosaminidase (DBS) [Catalytic activity/Vol]		n-acetyl-acetylglucosaminidase
1821-8	Alpha naphthylesterase	CHEM		ACTIVE	A-Naphthylesterase Ser-cCnc	Alpha naphthylesterase [Enzymatic activity/volume] in Serum	Alpha naphthylesterase (S) [Catalytic activity/Vol]		A-Naphthylesterase
1821-8	Alpha naphthylesterase	CHEM		ACTIVE	A-Naphthylesterase Ser-cCnc	Alpha naphthylesterase [Enzymatic activity/volume] in Serum	Alpha naphthylesterase (S) [Catalytic activity/Vol]		ANSE
1821-8	Alpha naphthylesterase	CHEM		ACTIVE	A-Naphthylesterase Ser-cCnc	Alpha naphthylesterase [Enzymatic activity/volume] in Serum	Alpha naphthylesterase (S) [Catalytic activity/Vol]		ANE
1821-8	Alpha naphthylesterase	CHEM		ACTIVE	A-Naphthylesterase Ser-cCnc	Alpha naphthylesterase [Enzymatic activity/volume] in Serum	Alpha naphthylesterase (S) [Catalytic activity/Vol]		alpha-NAE
1822-6	Alpha thymosin	CHEM		ACTIVE	A-Thymosin Ser-mCnc	Alpha thymosin [Mass/volume] in Serum	Alpha thymosin (S) [Mass/Vol]		A-Thymosin
14590-4	Alpha tocopherol	CHEM		ACTIVE	A-Tocopherol Vit E SerPl-sCnc	Alpha tocopherol [Moles/volume] in Serum or Plasma	Alpha tocopherol [Moles/Vol]		A-Tocopherol Vit E
44076-8	Alpha tocopherol & Beta+gamma tocopherol	CHEM		ACTIVE	A & B+G Tocopherol SerPl-Imp	Alpha tocopherol and Beta+gamma tocopherol [Interpretation] in Serum or Plasma	Alpha tocopherol and Beta+gamma tocopherol [Interp]		A & B+G Tocopherol
98487-2	Alzheimers disease risk	CHEM	This score is calculated based on Beta-Amyloid 42, 40, their ratio, and total ApoE in CSF, as well as the ApoE Isoform.	ACTIVE	Alzheimers risk Scre CSF Calc	Alzheimers disease risk [Score] in Cerebrospinal Fluid by calculation	Alzheimers disease risk Calc (CSF) [Score]		Alzheimers risk
46733-2	Amino acidemias	CHEM		ACTIVE	Amino acidemias DBS-Imp	Amino acidemias newborn screen interpretation	Amino acidemias (DBS) [Interp]		Urea Cyle
57710-6	Amino acidemias newborn screening comment-discussion	CHEM		ACTIVE	Amino acidemias NBS comment	Amino acidemias newborn screening comment-discussion	Amino acidemias newborn screening comment-discussion Nar (DBS)		AA NBS comment
1843-2	Ammonia nitrogen	CHEM		ACTIVE	Ammonia nitrogen 24h Ur-mRate	Ammonia nitrogen [Mass/time] in 24 hour Urine	Ammonia nitrogen (24H U) [Mass/Time]		Ammonium nitrogen
14599-5	Ammonium	CHEM		ACTIVE	Ammonium Stone Ql	Ammonium [Presence] in Stone	Ammonium Ql (Stone)		NH4
16258-6	Ammonium urate crystals	CHEM		ACTIVE	Amm Urate Cry Stone Ql IR	Ammonium urate crystals [Presence] in Stone by Infrared spectroscopy	Ammonium urate crystals Infrared spectroscopy Ql (Stone)		Amm Urate Cry
16258-6	Ammonium urate crystals	CHEM		ACTIVE	Amm Urate Cry Stone Ql IR	Ammonium urate crystals [Presence] in Stone by Infrared spectroscopy	Ammonium urate crystals Infrared spectroscopy Ql (Stone)		Ammonium biurate
16258-6	Ammonium urate crystals	CHEM		ACTIVE	Amm Urate Cry Stone Ql IR	Ammonium urate crystals [Presence] in Stone by Infrared spectroscopy	Ammonium urate crystals Infrared spectroscopy Ql (Stone)		NH4U
16258-6	Ammonium urate crystals	CHEM		ACTIVE	Amm Urate Cry Stone Ql IR	Ammonium urate crystals [Presence] in Stone by Infrared spectroscopy	Ammonium urate crystals Infrared spectroscopy Ql (Stone)		Amm Urate
16258-6	Ammonium urate crystals	CHEM		ACTIVE	Amm Urate Cry Stone Ql IR	Ammonium urate crystals [Presence] in Stone by Infrared spectroscopy	Ammonium urate crystals Infrared spectroscopy Ql (Stone)		Ammonium acid urate
15350-2	Amylase	CHEM		ACTIVE	Amylase 2h Ur-cRate	Amylase [Enzymatic activity/time] in 2 hour Urine	Amylase (2H U) [Catalytic activity/Time]		cRate
15350-2	Amylase	CHEM		ACTIVE	Amylase 2h Ur-cRate	Amylase [Enzymatic activity/time] in 2 hour Urine	Amylase (2H U) [Catalytic activity/Time]		Catalytic Rate
49927-7	Amylase.fld/Amylase.serum	CHEM		ACTIVE	Amylase Fld/SerPl	Amylase in fluid/Amylase in serum	Amylase in fluid/Amylase in serum (Body fld+S/P) [Relative ratio]		Amylase Fld
14589-6	Amylase isoenzymes	CHEM		ACTIVE	Amylase Isos SerPl-Imp	Amylase isoenzymes [Interpretation] in Serum or Plasma	Amylase isoenzymes [Interp]		Isoamy
14589-6	Amylase isoenzymes	CHEM		ACTIVE	Amylase Isos SerPl-Imp	Amylase isoenzymes [Interpretation] in Serum or Plasma	Amylase isoenzymes [Interp]		Amylase Isos
14589-6	Amylase isoenzymes	CHEM		ACTIVE	Amylase Isos SerPl-Imp	Amylase isoenzymes [Interpretation] in Serum or Plasma	Amylase isoenzymes [Interp]		Isoamylase
100740-0	Amylase.macromolecular	CHEM		ACTIVE	Amylase Macro SerPl Ql	Amylase.macromolecular [Presence] in Serum or Plasma	Amylase.macromolecular Ql		k87
100740-0	Amylase.macromolecular	CHEM		ACTIVE	Amylase Macro SerPl Ql	Amylase.macromolecular [Presence] in Serum or Plasma	Amylase.macromolecular Ql		Ams
100740-0	Amylase.macromolecular	CHEM		ACTIVE	Amylase Macro SerPl Ql	Amylase.macromolecular [Presence] in Serum or Plasma	Amylase.macromolecular Ql		Amylase Macro
100740-0	Amylase.macromolecular	CHEM		ACTIVE	Amylase Macro SerPl Ql	Amylase.macromolecular [Presence] in Serum or Plasma	Amylase.macromolecular Ql		Amyl
100740-0	Amylase.macromolecular	CHEM		ACTIVE	Amylase Macro SerPl Ql	Amylase.macromolecular [Presence] in Serum or Plasma	Amylase.macromolecular Ql		Diastase
100740-0	Amylase.macromolecular	CHEM		ACTIVE	Amylase Macro SerPl Ql	Amylase.macromolecular [Presence] in Serum or Plasma	Amylase.macromolecular Ql		Alpha amylase
15020-1	Amylase.P1/Amylase.total	CHEM		ACTIVE	Amylase P1 CFr SerPl	Amylase.P1/Amylase.total in Serum or Plasma	Amylase.P1 [Catalytic fraction]		Amylase P1
15021-9	Amylase.P2/Amylase.total	CHEM		ACTIVE	Amylase P2 CFr SerPl	Amylase.P2/Amylase.total in Serum or Plasma	Amylase.P2 [Catalytic fraction]		Amylase P2
15022-7	Amylase.P3/Amylase.total	CHEM		ACTIVE	Amylase P3 CFr SerPl	Amylase.P3/Amylase.total in Serum or Plasma	Amylase.P3 [Catalytic fraction]		Amylase P3
1805-1	Amylase.pancreatic	CHEM		ACTIVE	Amylase P SerPl-cCnc	Amylase.pancreatic [Enzymatic activity/volume] in Serum or Plasma	Amylase.pancreatic [Catalytic activity/Vol]		Amylase P
70270-4	Amylase.pancreatic	CHEM		ACTIVE	Amylase P Plr-cCnc	Amylase.pancreatic [Enzymatic activity/volume] in Pleural fluid	Amylase.pancreatic (Pleur fld) [Catalytic activity/Vol]		Amylase.pancreatic plr fld
88710-9	Amylase.pancreatic	CHEM		ACTIVE	Amylase P DiafP-cCnc	Amylase.pancreatic [Enzymatic activity/volume] in Peritoneal dialysis fluid	Amylase.pancreatic (Perit dial fld) [Catalytic activity/Vol]		Amylase.pancreatic dial fld prt
70262-1	Amylase.periton fld/Amylase.serum	CHEM		ACTIVE	Amylase.prt fld/SerPl	Amylase in peritoneal fluid/Amylase in serum	Amylase in peritoneal fluid/Amylase in serum (Periton fld+S/P) [Relative ratio]		Amylase.prt fld
15023-5	Amylase.S1/Amylase.total	CHEM		ACTIVE	Amylase S1 CFr SerPl	Amylase S1/Amylase.total in Serum or Plasma	Amylase S1 [Catalytic fraction]		Amylase S1
15024-3	Amylase.S2/Amylase.total	CHEM		ACTIVE	Amylase S2 CFr SerPl	Amylase S2/Amylase.total in Serum or Plasma	Amylase S2 [Catalytic fraction]		Amylase S2
15025-0	Amylase.S3/Amylase.total	CHEM		ACTIVE	Amylase S3 CFr SerPl	Amylase S3/Amylase.total in Serum or Plasma	Amylase S3 [Catalytic fraction]		Amylase S3
56776-8	Amylase.S3+S4/Amylase.total	CHEM		ACTIVE	Amylase S3+S4 CFr SerPl	Amylase S3+S4/Amylase.total in Serum or Plasma	Amylase S3+S4 [Catalytic fraction]		Amylase S3+S4
56782-6	Amylase.S4/Amylase.total	CHEM		ACTIVE	Amylase S4 CFr SerPl	Amylase S4/Amylase.total in Serum or Plasma	Amylase S4 [Catalytic fraction]		Amylase S4
1809-3	Amylase.salivary	CHEM		ACTIVE	Amylase S SerPl-cCnc	Amylase.salivary [Enzymatic activity/volume] in Serum or Plasma	Amylase.salivary [Catalytic activity/Vol]		Amylase S
1809-3	Amylase.salivary	CHEM		ACTIVE	Amylase S SerPl-cCnc	Amylase.salivary [Enzymatic activity/volume] in Serum or Plasma	Amylase.salivary [Catalytic activity/Vol]		Ptyalin
1846-5	Amylo-alpha-1,6-glucosidase	CHEM		ACTIVE	AGL RBC-cCnc	Amylo-alpha-1,6-glucosidase [Enzymatic activity/volume] in Red Blood Cells	Amylo-alpha-1,6-glucosidase (RBC) [Catalytic activity/Vol]		AGL
1846-5	Amylo-alpha-1,6-glucosidase	CHEM		ACTIVE	AGL RBC-cCnc	Amylo-alpha-1,6-glucosidase [Enzymatic activity/volume] in Red Blood Cells	Amylo-alpha-1,6-glucosidase (RBC) [Catalytic activity/Vol]		Amylo-1,6-glucosidase
1847-3	Amyloid associated protein	CHEM		ACTIVE	AA Prot Ser-mCnc	Amyloid associated protein [Mass/volume] in Serum	Amyloid associated protein (S) [Mass/Vol]		SAA
1847-3	Amyloid associated protein	CHEM		ACTIVE	AA Prot Ser-mCnc	Amyloid associated protein [Mass/volume] in Serum	Amyloid associated protein (S) [Mass/Vol]		AA Prot
101806-8	Amyloid beta 42 peptide/Amyloid beta 40 peptide	CHEM		DEPRECATED	Deprecated AL beta42/ABeta 40 Plas LC/MS/MS-Rto	Deprecated Amyloid beta 42 peptide/Amyloid beta 40 peptide [Ratio] in Plasma by LC/MS/MS	Amyloid beta 42 peptide/Amyloid beta 40 peptide LC/MS/MS (P) [Ratio]		ABeta 40
101806-8	Amyloid beta 42 peptide/Amyloid beta 40 peptide	CHEM		DEPRECATED	Deprecated AL beta42/ABeta 40 Plas LC/MS/MS-Rto	Deprecated Amyloid beta 42 peptide/Amyloid beta 40 peptide [Ratio] in Plasma by LC/MS/MS	Amyloid beta 42 peptide/Amyloid beta 40 peptide LC/MS/MS (P) [Ratio]		Beta-amyloid
101806-8	Amyloid beta 42 peptide/Amyloid beta 40 peptide	CHEM		DEPRECATED	Deprecated AL beta42/ABeta 40 Plas LC/MS/MS-Rto	Deprecated Amyloid beta 42 peptide/Amyloid beta 40 peptide [Ratio] in Plasma by LC/MS/MS	Amyloid beta 42 peptide/Amyloid beta 40 peptide LC/MS/MS (P) [Ratio]		AL beta42
101806-8	Amyloid beta 42 peptide/Amyloid beta 40 peptide	CHEM		DEPRECATED	Deprecated AL beta42/ABeta 40 Plas LC/MS/MS-Rto	Deprecated Amyloid beta 42 peptide/Amyloid beta 40 peptide [Ratio] in Plasma by LC/MS/MS	Amyloid beta 42 peptide/Amyloid beta 40 peptide LC/MS/MS (P) [Ratio]		AL beta40
101806-8	Amyloid beta 42 peptide/Amyloid beta 40 peptide	CHEM		DEPRECATED	Deprecated AL beta42/ABeta 40 Plas LC/MS/MS-Rto	Deprecated Amyloid beta 42 peptide/Amyloid beta 40 peptide [Ratio] in Plasma by LC/MS/MS	Amyloid beta 42 peptide/Amyloid beta 40 peptide LC/MS/MS (P) [Ratio]		ABeta 42/40
101806-8	Amyloid beta 42 peptide/Amyloid beta 40 peptide	CHEM		DEPRECATED	Deprecated AL beta42/ABeta 40 Plas LC/MS/MS-Rto	Deprecated Amyloid beta 42 peptide/Amyloid beta 40 peptide [Ratio] in Plasma by LC/MS/MS	Amyloid beta 42 peptide/Amyloid beta 40 peptide LC/MS/MS (P) [Ratio]		Abeta 42
101806-8	Amyloid beta 42 peptide/Amyloid beta 40 peptide	CHEM		DEPRECATED	Deprecated AL beta42/ABeta 40 Plas LC/MS/MS-Rto	Deprecated Amyloid beta 42 peptide/Amyloid beta 40 peptide [Ratio] in Plasma by LC/MS/MS	Amyloid beta 42 peptide/Amyloid beta 40 peptide LC/MS/MS (P) [Ratio]		Abeta
101806-8	Amyloid beta 42 peptide/Amyloid beta 40 peptide	CHEM		DEPRECATED	Deprecated AL beta42/ABeta 40 Plas LC/MS/MS-Rto	Deprecated Amyloid beta 42 peptide/Amyloid beta 40 peptide [Ratio] in Plasma by LC/MS/MS	Amyloid beta 42 peptide/Amyloid beta 40 peptide LC/MS/MS (P) [Ratio]		Ab42 peptide
101806-8	Amyloid beta 42 peptide/Amyloid beta 40 peptide	CHEM		DEPRECATED	Deprecated AL beta42/ABeta 40 Plas LC/MS/MS-Rto	Deprecated Amyloid beta 42 peptide/Amyloid beta 40 peptide [Ratio] in Plasma by LC/MS/MS	Amyloid beta 42 peptide/Amyloid beta 40 peptide LC/MS/MS (P) [Ratio]		Ab40 peptide
101806-8	Amyloid beta 42 peptide/Amyloid beta 40 peptide	CHEM		DEPRECATED	Deprecated AL beta42/ABeta 40 Plas LC/MS/MS-Rto	Deprecated Amyloid beta 42 peptide/Amyloid beta 40 peptide [Ratio] in Plasma by LC/MS/MS	Amyloid beta 42 peptide/Amyloid beta 40 peptide LC/MS/MS (P) [Ratio]		A Beta42/A Beta 40 Ser
106941-8	Amyloid beta 42 peptide/Amyloid beta 40 peptide	CHEM		ACTIVE	Abeta42/ABeta40 Plas LC/MS/MS	Amyloid beta 42 peptide/Amyloid beta 40 peptide [Mass Ratio] in Plasma by LC/MS/MS	Amyloid beta 42 peptide/Amyloid beta 40 peptide LC/MS/MS (P) [Mass ratio]		Abeta 40
101405-9	Amyloid protein	CHEM		ACTIVE	AMPIP/AMPIF Tiss Doc	Amyloid protein in Tissue Document	Amyloid protein Doc (Tiss)		CR Stn
101405-9	Amyloid protein	CHEM		ACTIVE	AMPIP/AMPIF Tiss Doc	Amyloid protein in Tissue Document	Amyloid protein Doc (Tiss)		AMPIP/AMPIF
43977-8	Anabolic steroids	CHEM		ACTIVE	Anabolic Steroids Ur Ql	Anabolic steroids [Presence] in Urine	Anabolic steroids Ql (U)		Anabolic steroid
24125-7	Androgen.free index	CHEM		ACTIVE	Androgen FAI SerPl-sRto	Androgen free Index in Serum or Plasma	Androgen free Index [Molar ratio]		Free testosterone index
24125-7	Androgen.free index	CHEM		ACTIVE	Androgen FAI SerPl-sRto	Androgen free Index in Serum or Plasma	Androgen free Index [Molar ratio]		FAI
24125-7	Androgen.free index	CHEM		ACTIVE	Androgen FAI SerPl-sRto	Androgen free Index in Serum or Plasma	Androgen free Index [Molar ratio]		Androgen FAI
24125-7	Androgen.free index	CHEM		ACTIVE	Androgen FAI SerPl-sRto	Androgen free Index in Serum or Plasma	Androgen free Index [Molar ratio]		Normalized androgen ratio
24125-7	Androgen.free index	CHEM		ACTIVE	Androgen FAI SerPl-sRto	Androgen free Index in Serum or Plasma	Androgen free Index [Molar ratio]		FTI
13882-6	Androstanolone.free/Androstanolone.total	CHEM		ACTIVE	Androstanolone Free MFr SerPl	Androstanolone Free/Androstanolone.total in Serum or Plasma	Androstanolone Free/Androstanolone.total [Mass fraction]		Androstanolone Free
107493-9	Androstenedione	CHEM		ACTIVE	Androst SerPl LC/MS/MS-mCnc	Androstenedione [Mass/volume] in Serum or Plasma by LC/MS/MS	Androstenedione LC/MS/MS [Mass/Vol]		gamma-4-Androstenedione
12480-0	Angiotensin converting enzyme	CHEM		ACTIVE	ACE CSF-cCnc	Angiotensin converting enzyme [Enzymatic activity/volume] in Cerebrospinal Fluid	Angiotensin converting enzyme (CSF) [Catalytic activity/Vol]		Dipeptidylcarboxypeptidase
12480-0	Angiotensin converting enzyme	CHEM		ACTIVE	ACE CSF-cCnc	Angiotensin converting enzyme [Enzymatic activity/volume] in Cerebrospinal Fluid	Angiotensin converting enzyme (CSF) [Catalytic activity/Vol]		Carboxycathepsin
12480-0	Angiotensin converting enzyme	CHEM		ACTIVE	ACE CSF-cCnc	Angiotensin converting enzyme [Enzymatic activity/volume] in Cerebrospinal Fluid	Angiotensin converting enzyme (CSF) [Catalytic activity/Vol]		Peptidyl dipeptidase A
12480-0	Angiotensin converting enzyme	CHEM		ACTIVE	ACE CSF-cCnc	Angiotensin converting enzyme [Enzymatic activity/volume] in Cerebrospinal Fluid	Angiotensin converting enzyme (CSF) [Catalytic activity/Vol]		Angiotensin I converting enzyme
12480-0	Angiotensin converting enzyme	CHEM		ACTIVE	ACE CSF-cCnc	Angiotensin converting enzyme [Enzymatic activity/volume] in Cerebrospinal Fluid	Angiotensin converting enzyme (CSF) [Catalytic activity/Vol]		Angio convert enzy
12480-0	Angiotensin converting enzyme	CHEM		ACTIVE	ACE CSF-cCnc	Angiotensin converting enzyme [Enzymatic activity/volume] in Cerebrospinal Fluid	Angiotensin converting enzyme (CSF) [Catalytic activity/Vol]		ACE
12480-0	Angiotensin converting enzyme	CHEM		ACTIVE	ACE CSF-cCnc	Angiotensin converting enzyme [Enzymatic activity/volume] in Cerebrospinal Fluid	Angiotensin converting enzyme (CSF) [Catalytic activity/Vol]		Proangiotensin
12480-0	Angiotensin converting enzyme	CHEM		ACTIVE	ACE CSF-cCnc	Angiotensin converting enzyme [Enzymatic activity/volume] in Cerebrospinal Fluid	Angiotensin converting enzyme (CSF) [Catalytic activity/Vol]		Peptidase P
12480-0	Angiotensin converting enzyme	CHEM		ACTIVE	ACE CSF-cCnc	Angiotensin converting enzyme [Enzymatic activity/volume] in Cerebrospinal Fluid	Angiotensin converting enzyme (CSF) [Catalytic activity/Vol]		Kininase II
12480-0	Angiotensin converting enzyme	CHEM		ACTIVE	ACE CSF-cCnc	Angiotensin converting enzyme [Enzymatic activity/volume] in Cerebrospinal Fluid	Angiotensin converting enzyme (CSF) [Catalytic activity/Vol]		PDPA
15031-8	Angiotensin I	CHEM		ACTIVE	Angiotensin I Plas-sCnc	Angiotensin I [Moles/volume] in Plasma	Angiotensin I (P) [Moles/Vol]		Angiotensin 1
15032-6	Angiotensin II	CHEM		ACTIVE	Angiotensin II Plas-sCnc	Angiotensin II [Moles/volume] in Plasma	Angiotensin II (P) [Moles/Vol]		Angiotensin 2
10466-1	Anion gap	CHEM	[(NA+)]-[(Cl-)+(CO2-)]	ACTIVE	Anion Gap SerPl Calculated.3Ions-sCnc	Anion gap in Serum or Plasma by Calculated.3Ions	Anion gap Calculated.3Ions [Moles/Vol]		AnGAP
13386-8	Anserine	CHEM		DISCOURAGED	Anserine Amn-mCnc	Anserine [Mass/volume] in Amniotic fluid	Anserine (Amn fld) [Mass/Vol]		beta -alanyl-N-methylhistidine
15133-2	Anserine+Carnosine+Cysteine+Histidine+Ornithine	CHEM		ACTIVE	Amino Acids mixE SerPl Ql	Anserine+Carnosine+Cysteine+Histidine+Ornithine [Presence] in Serum or Plasma	Anserine+Carnosine+Cysteine+Histidine+Ornithine Ql		Amino Acids mixE
15133-2	Anserine+Carnosine+Cysteine+Histidine+Ornithine	CHEM		ACTIVE	Amino Acids mixE SerPl Ql	Anserine+Carnosine+Cysteine+Histidine+Ornithine [Presence] in Serum or Plasma	Anserine+Carnosine+Cysteine+Histidine+Ornithine Ql		Cys
53468-5	Anthranilate	CHEM		ACTIVE	Anthranilate SerPl-sCnc	Anthranilate [Moles/volume] in Serum or Plasma	Anthranilate [Moles/Vol]		o-aminobenzoic acid
53468-5	Anthranilate	CHEM		ACTIVE	Anthranilate SerPl-sCnc	Anthranilate [Moles/volume] in Serum or Plasma	Anthranilate [Moles/Vol]		2-aminobenzoic acid
53468-5	Anthranilate	CHEM		ACTIVE	Anthranilate SerPl-sCnc	Anthranilate [Moles/volume] in Serum or Plasma	Anthranilate [Moles/Vol]		Anthranilic acid
74368-2	Apelin	CHEM		ACTIVE	APLN SerPl-mCnc	Apelin [Mass/volume] in Serum or Plasma	Apelin [Mass/Vol]		APLN
13462-7	Apolipoprotein A-I/Apolipoprotein B	CHEM		ACTIVE	Apo A-I/Apo B SerPl	Apolipoprotein A-I/Apolipoprotein B [Mass Ratio] in Serum or Plasma	Apolipoprotein A-I/Apolipoprotein B [Mass ratio]		Apo A
13462-7	Apolipoprotein A-I/Apolipoprotein B	CHEM		ACTIVE	Apo A-I/Apo B SerPl	Apolipoprotein A-I/Apolipoprotein B [Mass Ratio] in Serum or Plasma	Apolipoprotein A-I/Apolipoprotein B [Mass ratio]		Apo B
13462-7	Apolipoprotein A-I/Apolipoprotein B	CHEM		ACTIVE	Apo A-I/Apo B SerPl	Apolipoprotein A-I/Apolipoprotein B [Mass Ratio] in Serum or Plasma	Apolipoprotein A-I/Apolipoprotein B [Mass ratio]		ApoB
13462-7	Apolipoprotein A-I/Apolipoprotein B	CHEM		ACTIVE	Apo A-I/Apo B SerPl	Apolipoprotein A-I/Apolipoprotein B [Mass Ratio] in Serum or Plasma	Apolipoprotein A-I/Apolipoprotein B [Mass ratio]		Apolipoprotein A1
13462-7	Apolipoprotein A-I/Apolipoprotein B	CHEM		ACTIVE	Apo A-I/Apo B SerPl	Apolipoprotein A-I/Apolipoprotein B [Mass Ratio] in Serum or Plasma	Apolipoprotein A-I/Apolipoprotein B [Mass ratio]		ApoA1
13462-7	Apolipoprotein A-I/Apolipoprotein B	CHEM		ACTIVE	Apo A-I/Apo B SerPl	Apolipoprotein A-I/Apolipoprotein B [Mass Ratio] in Serum or Plasma	Apolipoprotein A-I/Apolipoprotein B [Mass ratio]		Apo A-I
1870-5	Apolipoprotein A-II	CHEM		ACTIVE	Apo A-II SerPl-mCnc	Apolipoprotein A-II [Mass/volume] in Serum or Plasma	Apolipoprotein A-II [Mass/Vol]		Apolipoprotein A2
1870-5	Apolipoprotein A-II	CHEM		ACTIVE	Apo A-II SerPl-mCnc	Apolipoprotein A-II [Mass/volume] in Serum or Plasma	Apolipoprotein A-II [Mass/Vol]		Apo A-II
1878-8	Apolipoprotein A-III	CHEM		ACTIVE	Apo A-III SerPl-mCnc	Apolipoprotein A-III [Mass/volume] in Serum or Plasma	Apolipoprotein A-III [Mass/Vol]		Apo A-III
1878-8	Apolipoprotein A-III	CHEM		ACTIVE	Apo A-III SerPl-mCnc	Apolipoprotein A-III [Mass/volume] in Serum or Plasma	Apolipoprotein A-III [Mass/Vol]		Apolipoprotein A3
1878-8	Apolipoprotein A-III	CHEM		ACTIVE	Apo A-III SerPl-mCnc	Apolipoprotein A-III [Mass/volume] in Serum or Plasma	Apolipoprotein A-III [Mass/Vol]		Apolipoprotein D
1871-3	Apolipoprotein B-100	CHEM		ACTIVE	Apo B100 SerPl-mCnc	Apolipoprotein B-100 [Mass/volume] in Serum or Plasma	Apolipoprotein B-100 [Mass/Vol]		Apo B100
1872-1	Apolipoprotein B-150	CHEM		ACTIVE	Apo B150 SerPl-mCnc	Apolipoprotein B-150 [Mass/volume] in Serum or Plasma	Apolipoprotein B-150 [Mass/Vol]		Apo B150
1873-9	Apolipoprotein B-48	CHEM		ACTIVE	Apo B48 SerPl-mCnc	Apolipoprotein B-48 [Mass/volume] in Serum or Plasma	Apolipoprotein B-48 [Mass/Vol]		Apo B48
1875-4	Apolipoprotein C-I	CHEM		ACTIVE	Apo C-I SerPl-mCnc	Apolipoprotein C-I [Mass/volume] in Serum or Plasma	Apolipoprotein C-I [Mass/Vol]		Apolipoprotein C1
1875-4	Apolipoprotein C-I	CHEM		ACTIVE	Apo C-I SerPl-mCnc	Apolipoprotein C-I [Mass/volume] in Serum or Plasma	Apolipoprotein C-I [Mass/Vol]		Apo C-I
1876-2	Apolipoprotein C-II	CHEM		ACTIVE	Apo C-II SerPl-mCnc	Apolipoprotein C-II [Mass/volume] in Serum or Plasma	Apolipoprotein C-II [Mass/Vol]		Apolipoprotein C2
1876-2	Apolipoprotein C-II	CHEM		ACTIVE	Apo C-II SerPl-mCnc	Apolipoprotein C-II [Mass/volume] in Serum or Plasma	Apolipoprotein C-II [Mass/Vol]		Apo C-II
101823-3	Apolipoprotein C-III	CHEM		ACTIVE	Apo C-III SerPl IEF	Apolipoprotein C-III [Presence] in Serum or Plasma by Isoelectric focusing	Apolipoprotein C-III Isoelectric focusing Doc		Apolipoprot
101823-3	Apolipoprotein C-III	CHEM		ACTIVE	Apo C-III SerPl IEF	Apolipoprotein C-III [Presence] in Serum or Plasma by Isoelectric focusing	Apolipoprotein C-III Isoelectric focusing Doc		Apolipoprotein C3
101823-3	Apolipoprotein C-III	CHEM		ACTIVE	Apo C-III SerPl IEF	Apolipoprotein C-III [Presence] in Serum or Plasma by Isoelectric focusing	Apolipoprotein C-III Isoelectric focusing Doc		Apolipoproteins
101823-3	Apolipoprotein C-III	CHEM		ACTIVE	Apo C-III SerPl IEF	Apolipoprotein C-III [Presence] in Serum or Plasma by Isoelectric focusing	Apolipoprotein C-III Isoelectric focusing Doc		Apolipo
101823-3	Apolipoprotein C-III	CHEM		ACTIVE	Apo C-III SerPl IEF	Apolipoprotein C-III [Presence] in Serum or Plasma by Isoelectric focusing	Apolipoprotein C-III Isoelectric focusing Doc		Apo C-III
101823-3	Apolipoprotein C-III	CHEM		ACTIVE	Apo C-III SerPl IEF	Apolipoprotein C-III [Presence] in Serum or Plasma by Isoelectric focusing	Apolipoprotein C-III Isoelectric focusing Doc		Apo C
101823-3	Apolipoprotein C-III	CHEM		ACTIVE	Apo C-III SerPl IEF	Apolipoprotein C-III [Presence] in Serum or Plasma by Isoelectric focusing	Apolipoprotein C-III Isoelectric focusing Doc		APO
90419-3	Apolipoprotein CIII-0/Apolipoprotein CIII-2	CHEM		ACTIVE	Apo CIII-0/Apo CIII-2 SerPl	Apolipoprotein CIII-0/Apolipoprotein CIII-2 [Mass Ratio] in Serum or Plasma	Apolipoprotein CIII-0/Apolipoprotein CIII-2 [Mass ratio]		Apo CIII-2
90419-3	Apolipoprotein CIII-0/Apolipoprotein CIII-2	CHEM		ACTIVE	Apo CIII-0/Apo CIII-2 SerPl	Apolipoprotein CIII-0/Apolipoprotein CIII-2 [Mass Ratio] in Serum or Plasma	Apolipoprotein CIII-0/Apolipoprotein CIII-2 [Mass ratio]		Apo CIII-0
90421-9	Apolipoprotein CIII-1/Apolipoprotein CIII-2	CHEM		ACTIVE	Apo CIII-1/Apo CIII-2 SerPl	Apolipoprotein CIII-1/Apolipoprotein CIII-2 [Mass Ratio] in Serum or Plasma	Apolipoprotein CIII-1/Apolipoprotein CIII-2 [Mass ratio]		Apo CIII-1
48619-1	Apolipoprotein E1	CHEM		ACTIVE	Apo E1 Bld Ql	Apolipoprotein E1 [Presence] in Blood	Apolipoprotein E1 Ql (Bld)		Apo E1
48619-1	Apolipoprotein E1	CHEM		ACTIVE	Apo E1 Bld Ql	Apolipoprotein E1 [Presence] in Blood	Apolipoprotein E1 Ql (Bld)		Apolipoprotein E-I
15351-0	Apolipoprotein E2	CHEM		ACTIVE	Apo E2 Bld Ql	Apolipoprotein E2 [Presence] in Blood	Apolipoprotein E2 Ql (Bld)		Apo E2
15351-0	Apolipoprotein E2	CHEM		ACTIVE	Apo E2 Bld Ql	Apolipoprotein E2 [Presence] in Blood	Apolipoprotein E2 Ql (Bld)		Apolipoprotein E-II
15352-8	Apolipoprotein E3	CHEM		ACTIVE	Apo E3 Bld Ql	Apolipoprotein E3 [Presence] in Blood	Apolipoprotein E3 Ql (Bld)		Apolipoprotein E-III
15352-8	Apolipoprotein E3	CHEM		ACTIVE	Apo E3 Bld Ql	Apolipoprotein E3 [Presence] in Blood	Apolipoprotein E3 Ql (Bld)		Apo E3
15353-6	Apolipoprotein E4	CHEM		ACTIVE	Apo E4 Bld Ql	Apolipoprotein E4 [Presence] in Blood	Apolipoprotein E4 Ql (Bld)		Apolipoprotein E-IV
15353-6	Apolipoprotein E4	CHEM		ACTIVE	Apo E4 Bld Ql	Apolipoprotein E4 [Presence] in Blood	Apolipoprotein E4 Ql (Bld)		Apo E4
104166-4	Apolipoprotein E phenotype	CHEM		ACTIVE	Apo E Phenotype Plas LC/MS/MS	Apolipoprotein E phenotype [Identifier] in Plasma by LC/MS/MS	Apolipoprotein E phenotype LC/MS/MS (P)		Apo E
104166-4	Apolipoprotein E phenotype	CHEM		ACTIVE	Apo E Phenotype Plas LC/MS/MS	Apolipoprotein E phenotype [Identifier] in Plasma by LC/MS/MS	Apolipoprotein E phenotype LC/MS/MS (P)		ApoE
104166-4	Apolipoprotein E phenotype	CHEM		ACTIVE	Apo E Phenotype Plas LC/MS/MS	Apolipoprotein E phenotype [Identifier] in Plasma by LC/MS/MS	Apolipoprotein E phenotype LC/MS/MS (P)		Apolipoprotein Epsilon
104166-4	Apolipoprotein E phenotype	CHEM		ACTIVE	Apo E Phenotype Plas LC/MS/MS	Apolipoprotein E phenotype [Identifier] in Plasma by LC/MS/MS	Apolipoprotein E phenotype LC/MS/MS (P)		Apo E Phenotype
1881-2	Apolipoprotein LPA	CHEM		ACTIVE	Apo Lp(a) SerPl-mCnc	Apolipoprotein LPA [Mass/volume] in Serum or Plasma	Apolipoprotein LPA [Mass/Vol]		Apo Lp(a)
1881-2	Apolipoprotein LPA	CHEM		ACTIVE	Apo Lp(a) SerPl-mCnc	Apolipoprotein LPA [Mass/volume] in Serum or Plasma	Apolipoprotein LPA [Mass/Vol]		Lipoprotein LPa
1882-0	Apolipoprotein LPQ	CHEM		DEPRECATED	Deprecated Apo Lp(q) SerPl-mCnc	Deprecated Apolipoprotein LPQ [Mass/volume] in Serum or Plasma	Apolipoprotein LPQ [Mass/Vol]		Apo Lp(q)
72158-9	Apo-transcobalamin I	CHEM		ACTIVE	Apo-TC-1 Ser-sCnc	Apo-transcobalamin I [Moles/volume] in Serum	Apo-transcobalamin I (S) [Moles/Vol]		Transcobalamin
72158-9	Apo-transcobalamin I	CHEM		ACTIVE	Apo-TC-1 Ser-sCnc	Apo-transcobalamin I [Moles/volume] in Serum	Apo-transcobalamin I (S) [Moles/Vol]		apo-haptocorrin
72158-9	Apo-transcobalamin I	CHEM		ACTIVE	Apo-TC-1 Ser-sCnc	Apo-transcobalamin I [Moles/volume] in Serum	Apo-transcobalamin I (S) [Moles/Vol]		apo-HC
72158-9	Apo-transcobalamin I	CHEM		ACTIVE	Apo-TC-1 Ser-sCnc	Apo-transcobalamin I [Moles/volume] in Serum	Apo-transcobalamin I (S) [Moles/Vol]		Apo-TC-1
72158-9	Apo-transcobalamin I	CHEM		ACTIVE	Apo-TC-1 Ser-sCnc	Apo-transcobalamin I [Moles/volume] in Serum	Apo-transcobalamin I (S) [Moles/Vol]		haptocorrin
72157-1	Apo-transcobalamin II	CHEM		ACTIVE	Apo-HC-II Ser-sCnc	Apo-transcobalamin II [Moles/volume] in Serum	Apo-transcobalamin II (S) [Moles/Vol]		transcobalamin I
72157-1	Apo-transcobalamin II	CHEM		ACTIVE	Apo-HC-II Ser-sCnc	Apo-transcobalamin II [Moles/volume] in Serum	Apo-transcobalamin II (S) [Moles/Vol]		apo-TC-I
72157-1	Apo-transcobalamin II	CHEM		ACTIVE	Apo-HC-II Ser-sCnc	Apo-transcobalamin II [Moles/volume] in Serum	Apo-transcobalamin II (S) [Moles/Vol]		Apotranscobalamin
72157-1	Apo-transcobalamin II	CHEM		ACTIVE	Apo-HC-II Ser-sCnc	Apo-transcobalamin II [Moles/volume] in Serum	Apo-transcobalamin II (S) [Moles/Vol]		Apo-HC-II
1888-7	Aquacobalamin	CHEM		ACTIVE	Vit B12a SerPl-mCnc	Aquacobalamin [Mass/volume] in Serum or Plasma	Aquacobalamin [Mass/Vol]		Vit B12a
1888-7	Aquacobalamin	CHEM		ACTIVE	Vit B12a SerPl-mCnc	Aquacobalamin [Mass/volume] in Serum or Plasma	Aquacobalamin [Mass/Vol]		Vitamin B12a
79281-2	Arabinose/Creatinine	CHEM		ACTIVE	Arabinose/Creat Ur-sRto	Arabinose/Creatinine [Molar ratio] in Urine	Arabinose/Creatinine (U) [Molar ratio]		Ribose 5-phosphate isomerase deficiency
79281-2	Arabinose/Creatinine	CHEM		ACTIVE	Arabinose/Creat Ur-sRto	Arabinose/Creatinine [Molar ratio] in Urine	Arabinose/Creatinine (U) [Molar ratio]		RPI
79281-2	Arabinose/Creatinine	CHEM		ACTIVE	Arabinose/Creat Ur-sRto	Arabinose/Creatinine [Molar ratio] in Urine	Arabinose/Creatinine (U) [Molar ratio]		TALDO
79281-2	Arabinose/Creatinine	CHEM		ACTIVE	Arabinose/Creat Ur-sRto	Arabinose/Creatinine [Molar ratio] in Urine	Arabinose/Creatinine (U) [Molar ratio]		D-Arabinose
79281-2	Arabinose/Creatinine	CHEM		ACTIVE	Arabinose/Creat Ur-sRto	Arabinose/Creatinine [Molar ratio] in Urine	Arabinose/Creatinine (U) [Molar ratio]		Aldehydo-D-arabinose
79281-2	Arabinose/Creatinine	CHEM		ACTIVE	Arabinose/Creat Ur-sRto	Arabinose/Creatinine [Molar ratio] in Urine	Arabinose/Creatinine (U) [Molar ratio]		L-Arabinose
79281-2	Arabinose/Creatinine	CHEM		ACTIVE	Arabinose/Creat Ur-sRto	Arabinose/Creatinine [Molar ratio] in Urine	Arabinose/Creatinine (U) [Molar ratio]		Transaldolase deficiency
47829-7	Arabitol/Creatinine	CHEM		ACTIVE	Arabitol/Creat Ur-sRto	Arabitol/Creatinine [Molar ratio] in Urine	Arabitol/Creatinine (U) [Molar ratio]		Arabinitol
16811-2	Arachidate	CHEM		DISCOURAGED	Arachidate SerPl-mCnc	Arachidate (C20:0) [Mass/volume] in Serum or Plasma	Arachidate (C20:0) [Mass/Vol]		Arachidic acid
16811-2	Arachidate	CHEM		DISCOURAGED	Arachidate SerPl-mCnc	Arachidate (C20:0) [Mass/volume] in Serum or Plasma	Arachidate (C20:0) [Mass/Vol]		Icosanoic acid
16811-2	Arachidate	CHEM		DISCOURAGED	Arachidate SerPl-mCnc	Arachidate (C20:0) [Mass/volume] in Serum or Plasma	Arachidate (C20:0) [Mass/Vol]		Icosanoate
16811-2	Arachidate	CHEM		DISCOURAGED	Arachidate SerPl-mCnc	Arachidate (C20:0) [Mass/volume] in Serum or Plasma	Arachidate (C20:0) [Mass/Vol]		C20:0
16811-2	Arachidate	CHEM		DISCOURAGED	Arachidate SerPl-mCnc	Arachidate (C20:0) [Mass/volume] in Serum or Plasma	Arachidate (C20:0) [Mass/Vol]		Eicosanoic acid
16811-2	Arachidate	CHEM		DISCOURAGED	Arachidate SerPl-mCnc	Arachidate (C20:0) [Mass/volume] in Serum or Plasma	Arachidate (C20:0) [Mass/Vol]		Eicosanoate
1889-5	Arachidonate	CHEM		DISCOURAGED	AA SerPl-mCnc	Arachidonate (C20:4w6) [Mass/volume] in Serum or Plasma	Arachidonate (C20:4w6) [Mass/Vol]		Eicosatetraenoate
1889-5	Arachidonate	CHEM		DISCOURAGED	AA SerPl-mCnc	Arachidonate (C20:4w6) [Mass/volume] in Serum or Plasma	Arachidonate (C20:4w6) [Mass/Vol]		C20:4w6
1889-5	Arachidonate	CHEM		DISCOURAGED	AA SerPl-mCnc	Arachidonate (C20:4w6) [Mass/volume] in Serum or Plasma	Arachidonate (C20:4w6) [Mass/Vol]		Arachidonic acid
1889-5	Arachidonate	CHEM		DISCOURAGED	AA SerPl-mCnc	Arachidonate (C20:4w6) [Mass/volume] in Serum or Plasma	Arachidonate (C20:4w6) [Mass/Vol]		5,8,11,14 Eicosatetraenoic acid
1889-5	Arachidonate	CHEM		DISCOURAGED	AA SerPl-mCnc	Arachidonate (C20:4w6) [Mass/volume] in Serum or Plasma	Arachidonate (C20:4w6) [Mass/Vol]		Arch acid
90915-0	Arachidonate+Linoleate/Fatty acids.C14-C22	CHEM		ACTIVE	AA+Linoleate/Fatty acids.C14-C22 MFr Bld	Arachidonate (C20:4w6)+Linoleate (C18:2w6)/Fatty acids.C14-C22 in Blood	Arachidonate (C20:4w6)+Linoleate (C18:2w6)/Fatty acids.C14-C22 (Bld) [Mass fraction]		AA+Linoleate
77620-3	Arginase-1	CHEM	Arginase-1 (s-Arg-1, Liver-type) levels are measured to monitor patients with liver disorders or pre- and postoperative conditions of patients who received partial hepatoectomy with quicker normalization in comparison with aminotransferases (ALT and AST). Additionally, chronic myeloid leukemia (CML) patients have been found to have increased myeloid derived suppressor cell (MDSC) numbers and high arginase-1 levels.[PMID: 23383287]	ACTIVE	Arginase-1 Ser IA-mCnc	Arginase-1 [Mass/volume] in Serum by Immunoassay	Arginase-1 IA (S) [Mass/Vol]		Type I arginase
77620-3	Arginase-1	CHEM	Arginase-1 (s-Arg-1, Liver-type) levels are measured to monitor patients with liver disorders or pre- and postoperative conditions of patients who received partial hepatoectomy with quicker normalization in comparison with aminotransferases (ALT and AST). Additionally, chronic myeloid leukemia (CML) patients have been found to have increased myeloid derived suppressor cell (MDSC) numbers and high arginase-1 levels.[PMID: 23383287]	ACTIVE	Arginase-1 Ser IA-mCnc	Arginase-1 [Mass/volume] in Serum by Immunoassay	Arginase-1 IA (S) [Mass/Vol]		Liver-type arginase
15136-5	Arginine+Argininosuccinate+Lysine+Serine+Taurine	CHEM		ACTIVE	Amino Acids mixC SerPl Ql	Arginine+Argininosuccinate+Lysine+Serine+Taurine [Presence] in Serum or Plasma	Arginine+Argininosuccinate+Lysine+Serine+Taurine Ql		Amino Acids mixC
1898-6	Argininosuccinate lyase	CHEM		ACTIVE	ASA Lyase Ser-cCnc	Argininosuccinate lyase [Enzymatic activity/volume] in Serum	Argininosuccinate lyase (S) [Catalytic activity/Vol]		ASA Lyase
1898-6	Argininosuccinate lyase	CHEM		ACTIVE	ASA Lyase Ser-cCnc	Argininosuccinate lyase [Enzymatic activity/volume] in Serum	Argininosuccinate lyase (S) [Catalytic activity/Vol]		ASAL
1899-4	Argininosuccinate synthase	CHEM		ACTIVE	ASA Synthase Tiss-cCnt	Argininosuccinate synthase [Enzymatic activity/mass] in Tissue	Argininosuccinate synthase (Tiss) [Catalytic activity/Mass]		ASA Synthase
1901-8	Arylsulfatase	CHEM		ACTIVE	Arylsulfatase SerPl-cCnc	Arylsulfatase [Enzymatic activity/volume] in Serum or Plasma	Arylsulfatase [Catalytic activity/Vol]		Arylsulfatase.total
54350-4	Ascorbate+Dehydroascorbate	CHEM		ACTIVE	Vit C+DHA SerPl-sCnc	Ascorbate+Dehydroascorbate [Moles/volume] in Serum or Plasma	Ascorbate+Dehydroascorbate [Moles/Vol]		Vit C+DHA
13388-4	Asparagine	CHEM		DISCOURAGED	Asparagine Amn-mCnc	Asparagine [Mass/volume] in Amniotic fluid	Asparagine (Amn fld) [Mass/Vol]		Asn
53155-8	Asparagine+Ornithine	CHEM		ACTIVE	Asn+Orn DBS-sCnc	Asparagine+Ornithine [Moles/volume] in DBS	Asparagine+Ornithine (DBS) [Moles/Vol]		Asn+Orn
100739-2	Aspartate aminotransferase.macromolecular	CHEM		ACTIVE	AST Macro SerPl Ql	Aspartate aminotransferase.macromolecular [Presence] in Serum or Plasma	AST.macromolecular Ql		SGOT
100739-2	Aspartate aminotransferase.macromolecular	CHEM		ACTIVE	AST Macro SerPl Ql	Aspartate aminotransferase.macromolecular [Presence] in Serum or Plasma	AST.macromolecular Ql		Asp
100739-2	Aspartate aminotransferase.macromolecular	CHEM		ACTIVE	AST Macro SerPl Ql	Aspartate aminotransferase.macromolecular [Presence] in Serum or Plasma	AST.macromolecular Ql		Aspartate amino transferase
100739-2	Aspartate aminotransferase.macromolecular	CHEM		ACTIVE	AST Macro SerPl Ql	Aspartate aminotransferase.macromolecular [Presence] in Serum or Plasma	AST.macromolecular Ql		Aspartate transaminase
100739-2	Aspartate aminotransferase.macromolecular	CHEM		ACTIVE	AST Macro SerPl Ql	Aspartate aminotransferase.macromolecular [Presence] in Serum or Plasma	AST.macromolecular Ql		Aspartic acid
100739-2	Aspartate aminotransferase.macromolecular	CHEM		ACTIVE	AST Macro SerPl Ql	Aspartate aminotransferase.macromolecular [Presence] in Serum or Plasma	AST.macromolecular Ql		AST Macro
100739-2	Aspartate aminotransferase.macromolecular	CHEM		ACTIVE	AST Macro SerPl Ql	Aspartate aminotransferase.macromolecular [Presence] in Serum or Plasma	AST.macromolecular Ql		Glutamic oxaloacetic transaminase
54500-4	Aspartate aminotransferase.macromolecular/Aspartate aminotransferase.total	CHEM		ACTIVE	AST Macro/AST.total CFr SerPl	Aspartate aminotransferase.macromolecular/Aspartate aminotransferase.total in Serum or Plasma	AST.macromolecular/Aspartate aminotransferase.total [Catalytic fraction]		AST.total
15135-7	Aspartate+Citrulline+Glycine+Homocystine+Hydroxyproline	CHEM		ACTIVE	Amino Acids mixD SerPl Ql	Aspartate+Citrulline+Glycine+Homocystine+Hydroxyproline [Presence] in Serum or Plasma	Aspartate+Citrulline+Glycine+Homocystine+Hydroxyproline Ql		Amino Acids mixD
101824-1	Aspartylglucosaminidase	CHEM		ACTIVE	AGA SerPl-cCnt	Aspartylglucosaminidase [Enzymatic activity/mass] in Serum or Plasma	Aspartylglucosaminidase [Catalytic activity/Mass]		Aspartylglucosylamine deaspartylase
101824-1	Aspartylglucosaminidase	CHEM		ACTIVE	AGA SerPl-cCnt	Aspartylglucosaminidase [Enzymatic activity/mass] in Serum or Plasma	Aspartylglucosaminidase [Catalytic activity/Mass]		4-l-aspartylglycosylamine amidohydrolase
101824-1	Aspartylglucosaminidase	CHEM		ACTIVE	AGA SerPl-cCnt	Aspartylglucosaminidase [Enzymatic activity/mass] in Serum or Plasma	Aspartylglucosaminidase [Catalytic activity/Mass]		4-l-aspartylglycosylamine amido hydrolase
101824-1	Aspartylglucosaminidase	CHEM		ACTIVE	AGA SerPl-cCnt	Aspartylglucosaminidase [Enzymatic activity/mass] in Serum or Plasma	Aspartylglucosaminidase [Catalytic activity/Mass]		AGA
101824-1	Aspartylglucosaminidase	CHEM		ACTIVE	AGA SerPl-cCnt	Aspartylglucosaminidase [Enzymatic activity/mass] in Serum or Plasma	Aspartylglucosaminidase [Catalytic activity/Mass]		Aspartylglucosaminuria
101824-1	Aspartylglucosaminidase	CHEM		ACTIVE	AGA SerPl-cCnt	Aspartylglucosaminidase [Enzymatic activity/mass] in Serum or Plasma	Aspartylglucosaminidase [Catalytic activity/Mass]		N4-(beta-n-acetylglucosaminyl)-l-asparaginase
101824-1	Aspartylglucosaminidase	CHEM		ACTIVE	AGA SerPl-cCnt	Aspartylglucosaminidase [Enzymatic activity/mass] in Serum or Plasma	Aspartylglucosaminidase [Catalytic activity/Mass]		Glycosylasparaginase
101824-1	Aspartylglucosaminidase	CHEM		ACTIVE	AGA SerPl-cCnt	Aspartylglucosaminidase [Enzymatic activity/mass] in Serum or Plasma	Aspartylglucosaminidase [Catalytic activity/Mass]		Catalytic Content
101824-1	Aspartylglucosaminidase	CHEM		ACTIVE	AGA SerPl-cCnt	Aspartylglucosaminidase [Enzymatic activity/mass] in Serum or Plasma	Aspartylglucosaminidase [Catalytic activity/Mass]		Aspartylglucosylaminidase
79589-8	Aspartylglycosamine	CHEM		ACTIVE	Aspartylglycosamine SerPl-sCnc	Aspartylglycosamine [Moles/volume] in Serum or Plasma	Aspartylglycosamine [Moles/Vol]		Asparaginylglucosamine
79589-8	Aspartylglycosamine	CHEM		ACTIVE	Aspartylglycosamine SerPl-sCnc	Aspartylglycosamine [Moles/volume] in Serum or Plasma	Aspartylglycosamine [Moles/Vol]		Acetylglucosaminylasparagine
79589-8	Aspartylglycosamine	CHEM		ACTIVE	Aspartylglycosamine SerPl-sCnc	Aspartylglycosamine [Moles/volume] in Serum or Plasma	Aspartylglycosamine [Moles/Vol]		Aspartylglucosamine
79589-8	Aspartylglycosamine	CHEM		ACTIVE	Aspartylglycosamine SerPl-sCnc	Aspartylglycosamine [Moles/volume] in Serum or Plasma	Aspartylglycosamine [Moles/Vol]		Aspartylglucosylamine
86465-2	AST to platelet ratio index	CHEM		ACTIVE	APRI Ser+Bld Calc-Rto	AST to platelet ratio index in Serum and Blood by calculation	AST to platelet ratio index Calc (S+Bld) [Ratio]		APRI
11208-6	Atrial natriuretic factor	CHEM		ACTIVE	ANF Plas-mCnc	Atrial natriuretic factor [Mass/volume] in Plasma	Atrial natriuretic factor (P) [Mass/Vol]		Atrial natriuretic polypeptide
101544-5	Bacterial versus viral infection likelihood	CHEM	The test generates a numeric score that falls within discrete interpretation categories based on the increasing likelihood of bacterial infection  based on machine learning algorithm and computational models.	ACTIVE	Bact vs virl infct likelihd Scre Pt Calc	Bacterial versus viral infection likelihood [Score] by calculation	Bacterial versus viral infection likelihood Calc [Score]		Bact vs viral infect likelihood
101544-5	Bacterial versus viral infection likelihood	CHEM	The test generates a numeric score that falls within discrete interpretation categories based on the increasing likelihood of bacterial infection  based on machine learning algorithm and computational models.	ACTIVE	Bact vs virl infct likelihd Scre Pt Calc	Bacterial versus viral infection likelihood [Score] by calculation	Bacterial versus viral infection likelihood Calc [Score]		Vrl inf lihd
1922-4	Base deficit	CHEM		ACTIVE	Base deficit BldA-sCnc	Base deficit in Arterial blood	Base deficit (BldA) [Moles/Vol]		Base ex neg
60840-6	Base excess	CHEM		ACTIVE	Base excess Extracellular fld Calc-sCnc	Base excess in Extracellular fluid by calculation	Base excess Calc (Extracellular fluid) [Moles/Vol]		Interstitial fluid
72720-6	Base excess.100% oxygenated^^standard	CHEM	Base excess of fully oxygenated capillary blood.	ACTIVE	Base ex.oxy std BldC Calc-sCnc	Base excess.100% oxygenated [Moles/volume] standard in Capillary blood by calculation	Base excess.100% oxygenated standard Calc (BldC) [Moles/Vol]		Base ex.oxy
104728-1	Base excess^^standard	CHEM		DEPRECATED	Deprecated Base excess std BldV-sCnc	Deprecated Base excess standard in Venous blood	Base excess standard (BldV) [Moles/Vol]		SBE
104728-1	Base excess^^standard	CHEM		DEPRECATED	Deprecated Base excess std BldV-sCnc	Deprecated Base excess standard in Venous blood	Base excess standard (BldV) [Moles/Vol]		std
104728-1	Base excess^^standard	CHEM		DEPRECATED	Deprecated Base excess std BldV-sCnc	Deprecated Base excess standard in Venous blood	Base excess standard (BldV) [Moles/Vol]		Base ex
104728-1	Base excess^^standard	CHEM		DEPRECATED	Deprecated Base excess std BldV-sCnc	Deprecated Base excess standard in Venous blood	Base excess standard (BldV) [Moles/Vol]		BE
104797-6	Base excess^^standard	CHEM	A standard base excess in arterial blood used as a parent code for those with specified methods.	DEPRECATED	Deprecated Base excess std BldA-sCnc	Deprecated Base excess standard in Arterial blood	Base excess standard (BldA) [Moles/Vol]		ABE
101831-6	Beclomethasone dipropionate	CHEM		ACTIVE	Beclomethasone Dp SerPl-sCnc	Beclomethasone dipropionate [Moles/volume] in Serum or Plasma	Beclomethasone dipropionate [Moles/Vol]		Pulmicort
101831-6	Beclomethasone dipropionate	CHEM		ACTIVE	Beclomethasone Dp SerPl-sCnc	Beclomethasone dipropionate [Moles/volume] in Serum or Plasma	Beclomethasone dipropionate [Moles/Vol]		Vanceril
101831-6	Beclomethasone dipropionate	CHEM		ACTIVE	Beclomethasone Dp SerPl-sCnc	Beclomethasone dipropionate [Moles/volume] in Serum or Plasma	Beclomethasone dipropionate [Moles/Vol]		Vancenase
101831-6	Beclomethasone dipropionate	CHEM		ACTIVE	Beclomethasone Dp SerPl-sCnc	Beclomethasone dipropionate [Moles/volume] in Serum or Plasma	Beclomethasone dipropionate [Moles/Vol]		Qvar
101831-6	Beclomethasone dipropionate	CHEM		ACTIVE	Beclomethasone Dp SerPl-sCnc	Beclomethasone dipropionate [Moles/volume] in Serum or Plasma	Beclomethasone dipropionate [Moles/Vol]		Becloforte
101831-6	Beclomethasone dipropionate	CHEM		ACTIVE	Beclomethasone Dp SerPl-sCnc	Beclomethasone dipropionate [Moles/volume] in Serum or Plasma	Beclomethasone dipropionate [Moles/Vol]		Beclomethasone Dp
101831-6	Beclomethasone dipropionate	CHEM		ACTIVE	Beclomethasone Dp SerPl-sCnc	Beclomethasone dipropionate [Moles/volume] in Serum or Plasma	Beclomethasone dipropionate [Moles/Vol]		Beclovent
101831-6	Beclomethasone dipropionate	CHEM		ACTIVE	Beclomethasone Dp SerPl-sCnc	Beclomethasone dipropionate [Moles/volume] in Serum or Plasma	Beclomethasone dipropionate [Moles/Vol]		Beconase
18445-7	Benzoylcarnitine (BzCn)	CHEM		DISCOURAGED	Benzoylcarn SerPl-mCnc	Benzoylcarnitine (BzCn) [Mass/volume] in Serum or Plasma	Benzoylcarnitine (BzCn) [Mass/Vol]		BzCn
32728-8	Beta 1 globulin/Protein.total	CHEM		ACTIVE	Beta1 Glob MFr CSF Elph	Beta 1 globulin/Protein.total in Cerebrospinal Fluid by Electrophoresis	Beta 1 globulin Elph (CSF) [Mass fraction]		Beta1 Glob
32728-8	Beta 1 globulin/Protein.total	CHEM		ACTIVE	Beta1 Glob MFr CSF Elph	Beta 1 globulin/Protein.total in Cerebrospinal Fluid by Electrophoresis	Beta 1 globulin Elph (CSF) [Mass fraction]		B1 globulin
44911-6	Beta 2 globulin+Gamma globulin	CHEM		ACTIVE	Beta2+Gamma Glob SerPl Elph-mCnc	Beta 2 globulin+Gamma globulin [Mass/volume] in Serum or Plasma by Electrophoresis	Beta 2 globulin+Gamma globulin Elph [Mass/Vol]		Beta2+Gamma Glob
32729-6	Beta 2 globulin/Protein.total	CHEM		ACTIVE	Beta2 Glob MFr CSF Elph	Beta 2 globulin/Protein.total in Cerebrospinal Fluid by Electrophoresis	Beta 2 globulin Elph (CSF) [Mass fraction]		Beta2 Glob
32729-6	Beta 2 globulin/Protein.total	CHEM		ACTIVE	Beta2 Glob MFr CSF Elph	Beta 2 globulin/Protein.total in Cerebrospinal Fluid by Electrophoresis	Beta 2 globulin Elph (CSF) [Mass fraction]		B2 globulin
10873-8	Beta-2-Microglobulin	CHEM		ACTIVE	B2 Microglob 24h Ur-mRate	Beta-2-Microglobulin [Mass/time] in 24 hour Urine	Beta-2-Microglobulin (24H U) [Mass/Time]		Mass rate
54355-3	Beta-2-Microglobulin.CSF/Beta-2-Microglobulin.serum	CHEM		ACTIVE	B2 Microglob CSF/Ser	Beta-2-Microglobulin in CSF/Beta-2-Microglobulin in serum	Beta-2-Microglobulin in CSF/Beta-2-Microglobulin in serum (S+CSF) [Relative ratio]		B2 Microglob CSF
87708-4	Beta-2-Microglobulin^post dialysis	CHEM		ACTIVE	B2 Microglob p dialysis SerPl-mCnc	Beta-2-Microglobulin [Mass/volume] in Serum or Plasma --post dialysis	Beta-2-Microglobulin post dialysis [Mass/Vol]		B2MG^post dialysis
56786-7	Beta-2-Microglobulin.tumor marker	CHEM		ACTIVE	B2 Microglob tumor marker Ser-mCnc	Beta-2-Microglobulin.tumor marker [Mass/volume] in Serum	Beta-2-Microglobulin.tumor marker (S) [Mass/Vol]		B2 Microglob tumor marker
13876-8	Beta-2 transferrin	CHEM		ACTIVE	B2 Transferrin Fld Ql	Beta-2 transferrin [Presence] in Body fluid	Beta-2 transferrin Ql (Body fld)		t fraction
13876-8	Beta-2 transferrin	CHEM		ACTIVE	B2 Transferrin Fld Ql	Beta-2 transferrin [Presence] in Body fluid	Beta-2 transferrin Ql (Body fld)		B2 Transferrin
13368-6	Beta alanine	CHEM		DISCOURAGED	B-Alanine CSF-mCnc	Beta alanine [Mass/volume] in Cerebrospinal Fluid	Beta alanine (CSF) [Mass/Vol]		B-Ala
13368-6	Beta alanine	CHEM		DISCOURAGED	B-Alanine CSF-mCnc	Beta alanine [Mass/volume] in Cerebrospinal Fluid	Beta alanine (CSF) [Mass/Vol]		Bala
13368-6	Beta alanine	CHEM		DISCOURAGED	B-Alanine CSF-mCnc	Beta alanine [Mass/volume] in Cerebrospinal Fluid	Beta alanine (CSF) [Mass/Vol]		B-Alanine
79598-9	Beta alanine & Beta aminoisobutyrate & Gamma aminobutyrate pattern	CHEM		ACTIVE	B-Alanine + B-AIB + GABA patt Ur-Imp	Beta alanine and Beta aminoisobutyrate and Gamma aminobutyrate pattern [Interpretation] in Urine Narrative	Beta alanine and Beta aminoisobutyrate and Gamma aminobutyrate pattern Nar (U) [Interp]		B-Alanine + B-AIB + GABA patt
27997-6	Beta aminoadipate/Creatinine	CHEM		ACTIVE	BAA/Creat Ur-sRto	Beta aminoadipate/Creatinine [Molar ratio] in Urine	Beta aminoadipate/Creatinine (U) [Molar ratio]		BAA
28068-5	Beta aminobutyrate	CHEM		ACTIVE	B-Aminobutyr Amn-sCnc	Beta aminobutyrate [Moles/volume] in Amniotic fluid	Beta aminobutyrate (Amn fld) [Moles/Vol]		B-Aminobutyr
15132-4	Beta aminoisobutyrate+Proline	CHEM		ACTIVE	B-AIB+Pro SerPl Ql	Beta aminoisobutyrate+Proline [Presence] in Serum or Plasma	Beta aminoisobutyrate+Proline Ql		B-AIB+Pro
1938-0	Beta fructofuranosidase	CHEM		ACTIVE	B-Fructofuranosidase RBC-cCnc	Beta fructofuranosidase [Enzymatic activity/volume] in Red Blood Cells	Beta fructofuranosidase (RBC) [Catalytic activity/Vol]		Saccharase
1938-0	Beta fructofuranosidase	CHEM		ACTIVE	B-Fructofuranosidase RBC-cCnc	Beta fructofuranosidase [Enzymatic activity/volume] in Red Blood Cells	Beta fructofuranosidase (RBC) [Catalytic activity/Vol]		B-Fructofuranosidase
1938-0	Beta fructofuranosidase	CHEM		ACTIVE	B-Fructofuranosidase RBC-cCnc	Beta fructofuranosidase [Enzymatic activity/volume] in Red Blood Cells	Beta fructofuranosidase (RBC) [Catalytic activity/Vol]		Beta fructosidase
11038-7	Beta+gamma tocopherol	CHEM		ACTIVE	Beta+Gamma Tocopherol SerPl-mCnc	Beta+gamma tocopherol [Mass/volume] in Serum or Plasma	Beta+gamma tocopherol [Mass/Vol]		Vitamin E
11038-7	Beta+gamma tocopherol	CHEM		ACTIVE	Beta+Gamma Tocopherol SerPl-mCnc	Beta+gamma tocopherol [Mass/volume] in Serum or Plasma	Beta+gamma tocopherol [Mass/Vol]		Tocopherols
11038-7	Beta+gamma tocopherol	CHEM		ACTIVE	Beta+Gamma Tocopherol SerPl-mCnc	Beta+gamma tocopherol [Mass/volume] in Serum or Plasma	Beta+gamma tocopherol [Mass/Vol]		Vit E
104801-6	Beta globulin	CHEM	A test for Beta globulin in serum or plasma via any electrophoresis method.  A parent code for those with pre-coordinated electrophoresis methods.	ACTIVE	B-Globulin SerPl-mCnc	Beta globulin [Mass/volume] in Serum or Plasma	Beta globulin [Mass/Vol]		B-Globulin
104801-6	Beta globulin	CHEM	A test for Beta globulin in serum or plasma via any electrophoresis method.  A parent code for those with pre-coordinated electrophoresis methods.	ACTIVE	B-Globulin SerPl-mCnc	Beta globulin [Mass/volume] in Serum or Plasma	Beta globulin [Mass/Vol]		Protein beta globulin
53587-2	Beta globulin.abnormal band	CHEM	Abnormal band at the same place as beta bglobulin	ACTIVE	Beta glob abnormal SerPl Elph-mCnc	Beta globulin.abnormal band [Mass/volume] in Serum or Plasma by Electrophoresis	Beta globulin.abnormal band Elph [Mass/Vol]		Beta glob abnormal
44913-2	Beta globulin+Gamma globulin	CHEM		ACTIVE	B+G-Globulin SerPl Elph-mCnc	Beta globulin+Gamma globulin [Mass/volume] in Serum or Plasma by Electrophoresis	Beta globulin+Gamma globulin Elph [Mass/Vol]		B+G-Globulin
53588-0	Beta globulin+Gamma globulin.abnormal band	CHEM		ACTIVE	B+G-Globulin abnormal SerPl Elph-mCnc	Beta globulin+Gamma globulin.abnormal band [Mass/volume] in Serum or Plasma by Electrophoresis	Beta globulin+Gamma globulin.abnormal band Elph [Mass/Vol]		Gamma glob abnormal
53588-0	Beta globulin+Gamma globulin.abnormal band	CHEM		ACTIVE	B+G-Globulin abnormal SerPl Elph-mCnc	Beta globulin+Gamma globulin.abnormal band [Mass/volume] in Serum or Plasma by Electrophoresis	Beta globulin+Gamma globulin.abnormal band Elph [Mass/Vol]		B+G-Globulin abnormal
25830-1	Beta glucosidase activator	CHEM		ACTIVE	B-Glucosidase Act Fib-Imp	Beta glucosidase activator [Interpretation] in Fibroblast	Beta glucosidase activator (Fibroblast) [Interp]		Saposin c
25830-1	Beta glucosidase activator	CHEM		ACTIVE	B-Glucosidase Act Fib-Imp	Beta glucosidase activator [Interpretation] in Fibroblast	Beta glucosidase activator (Fibroblast) [Interp]		B-Glucosidase Act
11209-4	Beta glucuronidase	CHEM		ACTIVE	B-Glucuronidase CSF-cCnc	Beta glucuronidase [Enzymatic activity/volume] in Cerebrospinal Fluid	Beta glucuronidase (CSF) [Catalytic activity/Vol]		Sly disease
11209-4	Beta glucuronidase	CHEM		ACTIVE	B-Glucuronidase CSF-cCnc	Beta glucuronidase [Enzymatic activity/volume] in Cerebrospinal Fluid	Beta glucuronidase (CSF) [Catalytic activity/Vol]		B-Glucuronidase
104816-4	Beta hydroxybutyrate	CHEM	A test for the presence of Beta hydroxybutyrate in urine.  This is a parent code for those with pre-coordinated methods.	ACTIVE	B-OH-Butyr Bld-sCnc	Beta hydroxybutyrate [Moles/volume] in Blood	Beta hydroxybutyrate (Bld) [Moles/Vol]		Betahydroxybutyric acid
104816-4	Beta hydroxybutyrate	CHEM	A test for the presence of Beta hydroxybutyrate in urine.  This is a parent code for those with pre-coordinated methods.	ACTIVE	B-OH-Butyr Bld-sCnc	Beta hydroxybutyrate [Moles/volume] in Blood	Beta hydroxybutyrate (Bld) [Moles/Vol]		Beta hydroxybutyric acid
104816-4	Beta hydroxybutyrate	CHEM	A test for the presence of Beta hydroxybutyrate in urine.  This is a parent code for those with pre-coordinated methods.	ACTIVE	B-OH-Butyr Bld-sCnc	Beta hydroxybutyrate [Moles/volume] in Blood	Beta hydroxybutyrate (Bld) [Moles/Vol]		BHB
104816-4	Beta hydroxybutyrate	CHEM	A test for the presence of Beta hydroxybutyrate in urine.  This is a parent code for those with pre-coordinated methods.	ACTIVE	B-OH-Butyr Bld-sCnc	Beta hydroxybutyrate [Moles/volume] in Blood	Beta hydroxybutyrate (Bld) [Moles/Vol]		Beta hydroxy butyrate
104816-4	Beta hydroxybutyrate	CHEM	A test for the presence of Beta hydroxybutyrate in urine.  This is a parent code for those with pre-coordinated methods.	ACTIVE	B-OH-Butyr Bld-sCnc	Beta hydroxybutyrate [Moles/volume] in Blood	Beta hydroxybutyrate (Bld) [Moles/Vol]		3-hydroxybutyric acid
104816-4	Beta hydroxybutyrate	CHEM	A test for the presence of Beta hydroxybutyrate in urine.  This is a parent code for those with pre-coordinated methods.	ACTIVE	B-OH-Butyr Bld-sCnc	Beta hydroxybutyrate [Moles/volume] in Blood	Beta hydroxybutyrate (Bld) [Moles/Vol]		3-hydroxybutyrate
104816-4	Beta hydroxybutyrate	CHEM	A test for the presence of Beta hydroxybutyrate in urine.  This is a parent code for those with pre-coordinated methods.	ACTIVE	B-OH-Butyr Bld-sCnc	Beta hydroxybutyrate [Moles/volume] in Blood	Beta hydroxybutyrate (Bld) [Moles/Vol]		B-OH-Butyr
104816-4	Beta hydroxybutyrate	CHEM	A test for the presence of Beta hydroxybutyrate in urine.  This is a parent code for those with pre-coordinated methods.	ACTIVE	B-OH-Butyr Bld-sCnc	Beta hydroxybutyrate [Moles/volume] in Blood	Beta hydroxybutyrate (Bld) [Moles/Vol]		Hydroxybutyric acid
104816-4	Beta hydroxybutyrate	CHEM	A test for the presence of Beta hydroxybutyrate in urine.  This is a parent code for those with pre-coordinated methods.	ACTIVE	B-OH-Butyr Bld-sCnc	Beta hydroxybutyrate [Moles/volume] in Blood	Beta hydroxybutyrate (Bld) [Moles/Vol]		BOHB
104816-4	Beta hydroxybutyrate	CHEM	A test for the presence of Beta hydroxybutyrate in urine.  This is a parent code for those with pre-coordinated methods.	ACTIVE	B-OH-Butyr Bld-sCnc	Beta hydroxybutyrate [Moles/volume] in Blood	Beta hydroxybutyrate (Bld) [Moles/Vol]		Betahydroxybutyrate
50099-1	Beta hydroxybutyrate/Acetoacetate	CHEM		ACTIVE	B-OH-Butyr/Acetoacet Bld-sRto	Beta hydroxybutyrate/Acetoacetate [Molar ratio] in Blood	Beta hydroxybutyrate/Acetoacetate (Bld) [Molar ratio]		B-OH-Butyr+Acetoacet
50099-1	Beta hydroxybutyrate/Acetoacetate	CHEM		ACTIVE	B-OH-Butyr/Acetoacet Bld-sRto	Beta hydroxybutyrate/Acetoacetate [Molar ratio] in Blood	Beta hydroxybutyrate/Acetoacetate (Bld) [Molar ratio]		Ketone body ratio
1681-6	Beta hydroxybutyrate dehydrogenase	CHEM		ACTIVE	B-OH-Butyr Dehydrog Bld-cCnc	Beta hydroxybutyrate dehydrogenase [Enzymatic activity/volume] in Blood	Beta hydroxybutyrate dehydrogenase (Bld) [Catalytic activity/Vol]		B-OH-Butyr Dehydrog
1681-6	Beta hydroxybutyrate dehydrogenase	CHEM		ACTIVE	B-OH-Butyr Dehydrog Bld-cCnc	Beta hydroxybutyrate dehydrogenase [Enzymatic activity/volume] in Blood	Beta hydroxybutyrate dehydrogenase (Bld) [Catalytic activity/Vol]		3-hydroxybutyrate dehydrogenase
41269-2	Beta hydroxybutyrate+Gamma aminobutyrate	CHEM		ACTIVE	B-OH-Butyr+GABA SerPl-sCnc	Beta hydroxybutyrate + Gamma aminobutyrate [Moles/volume] in Serum or Plasma	Beta hydroxybutyrate + Gamma aminobutyrate [Moles/Vol]		B-OH-Butyr+GABA
1949-7	Beta lipotropin	CHEM		ACTIVE	B-Lipotropin SerPl-mCnc	Beta lipotropin [Mass/volume] in Serum or Plasma	Beta lipotropin [Mass/Vol]		B-Lipotropin
24066-3	Beta mannosidase	CHEM		ACTIVE	B-Mannosidase SerPl-cCnc	Beta mannosidase [Enzymatic activity/volume] in Serum or Plasma	Beta mannosidase [Catalytic activity/Vol]		B-Mannosidase
24066-3	Beta mannosidase	CHEM		ACTIVE	B-Mannosidase SerPl-cCnc	Beta mannosidase [Enzymatic activity/volume] in Serum or Plasma	Beta mannosidase [Catalytic activity/Vol]		Beta-mannosidosis
1950-5	Beta melanocyte stimulating hormone	CHEM		ACTIVE	B-MSH SerPl-mCnc	Beta melanocyte stimulating hormone [Mass/volume] in Serum or Plasma	Beta melanocyte stimulating hormone [Mass/Vol]		Beta MSH
1950-5	Beta melanocyte stimulating hormone	CHEM		ACTIVE	B-MSH SerPl-mCnc	Beta melanocyte stimulating hormone [Mass/volume] in Serum or Plasma	Beta melanocyte stimulating hormone [Mass/Vol]		B-MSH
18344-2	Beta-N-acetylhexosaminidase	CHEM		ACTIVE	B-NAH Plts-cCnc	Beta-N-acetylhexosaminidase [Enzymatic activity/volume] in Platelets	Beta-N-acetylhexosaminidase (Plts) [Catalytic activity/Vol]		Plts
29542-8	Beta-N-acetylhexosaminidase	CHEM		ACTIVE	B-NAH Amnc-cCnt	Beta-N-acetylhexosaminidase [Enzymatic activity/mass] in Amniotic fluid cells	Beta-N-acetylhexosaminidase (Amn fld cells) [Catalytic activity/Mass]		Amniotic fluid cells
29542-8	Beta-N-acetylhexosaminidase	CHEM		ACTIVE	B-NAH Amnc-cCnt	Beta-N-acetylhexosaminidase [Enzymatic activity/mass] in Amniotic fluid cells	Beta-N-acetylhexosaminidase (Amn fld cells) [Catalytic activity/Mass]		Amnc
25832-7	Beta-N-acetylhexosaminidase.A activator	CHEM		ACTIVE	Hexosaminidase A Act Fib-Imp	Beta-N-acetylhexosaminidase.A activator [Interpretation] in Fibroblast	Beta-N-acetylhexosaminidase.A activator (Fibroblast) [Interp]		Hexosaminidase A Act
25832-7	Beta-N-acetylhexosaminidase.A activator	CHEM		ACTIVE	Hexosaminidase A Act Fib-Imp	Beta-N-acetylhexosaminidase.A activator [Interpretation] in Fibroblast	Beta-N-acetylhexosaminidase.A activator (Fibroblast) [Interp]		Hexaminidase activator
25832-7	Beta-N-acetylhexosaminidase.A activator	CHEM		ACTIVE	Hexosaminidase A Act Fib-Imp	Beta-N-acetylhexosaminidase.A activator [Interpretation] in Fibroblast	Beta-N-acetylhexosaminidase.A activator (Fibroblast) [Interp]		GM2 activator
21328-0	Beta-N-acetylhexosaminidase A & B	CHEM	Assay is specifically for Sandoff disease; % HEX A and % HEX B is measured but result is only interpretation	ACTIVE	Hexosaminidase A & B Bld-Imp	Beta-N-acetylhexosaminidase A and B [Interpretation] in Blood	Beta-N-acetylhexosaminidase A and B (Bld) [Interp]		Sandhoff Disease, Adult
21328-0	Beta-N-acetylhexosaminidase A & B	CHEM	Assay is specifically for Sandoff disease; % HEX A and % HEX B is measured but result is only interpretation	ACTIVE	Hexosaminidase A & B Bld-Imp	Beta-N-acetylhexosaminidase A and B [Interpretation] in Blood	Beta-N-acetylhexosaminidase A and B (Bld) [Interp]		Tay-Sachs disease
1957-0	Beta-N-acetylhexosaminidase.B	CHEM		ACTIVE	Hexosaminidase B SerPl-cCnc	Beta-N-acetylhexosaminidase.B [Enzymatic activity/volume] in Serum or Plasma	Beta-N-acetylhexosaminidase.B [Catalytic activity/Vol]		Hexosaminidase B
1958-8	Beta-N-acetylhexosaminidase.I	CHEM		ACTIVE	Hexosaminidase I Ser-cCnc	Beta-N-acetylhexosaminidase.I [Enzymatic activity/volume] in Serum	Beta-N-acetylhexosaminidase.I (S) [Catalytic activity/Vol]		Hexosaminidase I
48493-1	Beta-trace protein	CHEM		ACTIVE	Beta-trace protein CSF-mCnc	Beta-trace protein [Mass/volume] in Cerebrospinal Fluid	Beta-trace protein (CSF) [Mass/Vol]		Glutathione-independent PGD synthase
48493-1	Beta-trace protein	CHEM		ACTIVE	Beta-trace protein CSF-mCnc	Beta-trace protein [Mass/volume] in Cerebrospinal Fluid	Beta-trace protein (CSF) [Mass/Vol]		beta TP
48493-1	Beta-trace protein	CHEM		ACTIVE	Beta-trace protein CSF-mCnc	Beta-trace protein [Mass/volume] in Cerebrospinal Fluid	Beta-trace protein (CSF) [Mass/Vol]		Lipocalin-type prostaglandin-D synthase
48493-1	Beta-trace protein	CHEM		ACTIVE	Beta-trace protein CSF-mCnc	Beta-trace protein [Mass/volume] in Cerebrospinal Fluid	Beta-trace protein (CSF) [Mass/Vol]		PGD2 synthase
48493-1	Beta-trace protein	CHEM		ACTIVE	Beta-trace protein CSF-mCnc	Beta-trace protein [Mass/volume] in Cerebrospinal Fluid	Beta-trace protein (CSF) [Mass/Vol]		BTP
48493-1	Beta-trace protein	CHEM		ACTIVE	Beta-trace protein CSF-mCnc	Beta-trace protein [Mass/volume] in Cerebrospinal Fluid	Beta-trace protein (CSF) [Mass/Vol]		Prostaglandin-H2 D-isomerase
48493-1	Beta-trace protein	CHEM		ACTIVE	Beta-trace protein CSF-mCnc	Beta-trace protein [Mass/volume] in Cerebrospinal Fluid	Beta-trace protein (CSF) [Mass/Vol]		Prostaglandin-D2 synthase
48493-1	Beta-trace protein	CHEM		ACTIVE	Beta-trace protein CSF-mCnc	Beta-trace protein [Mass/volume] in Cerebrospinal Fluid	Beta-trace protein (CSF) [Mass/Vol]		Cerebrin-28
48493-1	Beta-trace protein	CHEM		ACTIVE	Beta-trace protein CSF-mCnc	Beta-trace protein [Mass/volume] in Cerebrospinal Fluid	Beta-trace protein (CSF) [Mass/Vol]		PGDS2
79582-3	Beta-ureidoisobutyrate	CHEM		ACTIVE	Beta-UIB SerPl-sCnc	Beta-ureidoisobutyrate [Moles/volume] in Serum or Plasma	Beta-ureidoisobutyrate [Moles/Vol]		Beta-Uba
79582-3	Beta-ureidoisobutyrate	CHEM		ACTIVE	Beta-UIB SerPl-sCnc	Beta-ureidoisobutyrate [Moles/volume] in Serum or Plasma	Beta-ureidoisobutyrate [Moles/Vol]		DL-beta-Ureidoisobutyric acid
79582-3	Beta-ureidoisobutyrate	CHEM		ACTIVE	Beta-UIB SerPl-sCnc	Beta-ureidoisobutyrate [Moles/volume] in Serum or Plasma	Beta-ureidoisobutyrate [Moles/Vol]		N-carbamoyl beta amino-isobutyrate
79582-3	Beta-ureidoisobutyrate	CHEM		ACTIVE	Beta-UIB SerPl-sCnc	Beta-ureidoisobutyrate [Moles/volume] in Serum or Plasma	Beta-ureidoisobutyrate [Moles/Vol]		Ureidoisobutyric acid
79582-3	Beta-ureidoisobutyrate	CHEM		ACTIVE	Beta-UIB SerPl-sCnc	Beta-ureidoisobutyrate [Moles/volume] in Serum or Plasma	Beta-ureidoisobutyrate [Moles/Vol]		3-(carbamoylamino)-2-methylpropanoic acid
79582-3	Beta-ureidoisobutyrate	CHEM		ACTIVE	Beta-UIB SerPl-sCnc	Beta-ureidoisobutyrate [Moles/volume] in Serum or Plasma	Beta-ureidoisobutyrate [Moles/Vol]		3-carbamoylamino-2-methylpropanoic acid
79582-3	Beta-ureidoisobutyrate	CHEM		ACTIVE	Beta-UIB SerPl-sCnc	Beta-ureidoisobutyrate [Moles/volume] in Serum or Plasma	Beta-ureidoisobutyrate [Moles/Vol]		3-Ureidoisobutyrate
79582-3	Beta-ureidoisobutyrate	CHEM		ACTIVE	Beta-UIB SerPl-sCnc	Beta-ureidoisobutyrate [Moles/volume] in Serum or Plasma	Beta-ureidoisobutyrate [Moles/Vol]		Beta-UIB
81199-2	Beta-ureidopropionase	CHEM		ACTIVE	Beta-ureidopropionase Liver-cCnt	Beta-ureidopropionase [Enzymatic activity/mass] in Liver	Beta-ureidopropionase (Liver) [Catalytic activity/Mass]		N-carbamoyl-beta-alanine amidohydrolase
81199-2	Beta-ureidopropionase	CHEM		ACTIVE	Beta-ureidopropionase Liver-cCnt	Beta-ureidopropionase [Enzymatic activity/mass] in Liver	Beta-ureidopropionase (Liver) [Catalytic activity/Mass]		BUPD
81199-2	Beta-ureidopropionase	CHEM		ACTIVE	Beta-ureidopropionase Liver-cCnt	Beta-ureidopropionase [Enzymatic activity/mass] in Liver	Beta-ureidopropionase (Liver) [Catalytic activity/Mass]		BUP-1
81199-2	Beta-ureidopropionase	CHEM		ACTIVE	Beta-ureidopropionase Liver-cCnt	Beta-ureidopropionase [Enzymatic activity/mass] in Liver	Beta-ureidopropionase (Liver) [Catalytic activity/Mass]		Beta-ureidopropionase deficiency
81199-2	Beta-ureidopropionase	CHEM		ACTIVE	Beta-ureidopropionase Liver-cCnt	Beta-ureidopropionase [Enzymatic activity/mass] in Liver	Beta-ureidopropionase (Liver) [Catalytic activity/Mass]		Beta-alanine synthase
1963-8	Bicarbonate	CHEM		ACTIVE	HCO3 SerPl-sCnc	Bicarbonate [Moles/volume] in Serum or Plasma	HCO3 [Moles/Vol]		SBC
1963-8	Bicarbonate	CHEM		ACTIVE	HCO3 SerPl-sCnc	Bicarbonate [Moles/volume] in Serum or Plasma	HCO3 [Moles/Vol]		SBIC
16463-2	Bile acid.dihydroxy	CHEM		ACTIVE	Di-OH Bile Ac SerPl-mCnc	Bile acid.dihydroxy [Mass/volume] in Serum or Plasma	Bile acid.dihydroxy [Mass/Vol]		Di-OH Bile Ac
33473-0	Bile acid pattern	CHEM		ACTIVE	Bile Ac Pattern Ur-Imp	Bile acid pattern [Interpretation] in Urine	Bile acid pattern (U) [Interp]		Bile Ac Pattern
16466-5	Bile acid.trihydroxy	CHEM		ACTIVE	Tri-OH Bile Ac SerPl-mCnc	Bile acid.trihydroxy [Mass/volume] in Serum or Plasma	Bile acid.trihydroxy [Mass/Vol]		Tri-OH
16466-5	Bile acid.trihydroxy	CHEM		ACTIVE	Tri-OH Bile Ac SerPl-mCnc	Bile acid.trihydroxy [Mass/volume] in Serum or Plasma	Bile acid.trihydroxy [Mass/Vol]		Tri-OH Bile Ac
16466-5	Bile acid.trihydroxy	CHEM		ACTIVE	Tri-OH Bile Ac SerPl-mCnc	Bile acid.trihydroxy [Mass/volume] in Serum or Plasma	Bile acid.trihydroxy [Mass/Vol]		Tri OH
12476-8	Bilirubin	CHEM		ACTIVE	Bilirub Amn Spectrp dir-mCnc	Bilirubin.total [Mass/volume] in Amniotic fluid by Spectrophotometry direct	Bilirubin Spectrophotometry direct (Amn fld) [Mass/Vol]		Spectrp dir
58941-6	Bilirubin	CHEM	Measures the bilirubin content of skin (not capillaries) via measures of reflected light at specified wave lengths.	ACTIVE	Bilirub Skin-mCnc	Bilirubin [Mass/volume] in Skin	Bilirubin Transcutaneous meter (Skin) [Mass/Vol]		TcB
18264-2	Bilirubin.glucuronidated+Bilirubin.albumin bound	CHEM	Except when measured by differential light absorption, direct bilirubin included glucuronidated and albumin bound (delta) bilirubin.	DEPRECATED	Deprecated Bilirub Direct SerPl 1m Inc-m	Deprecated Direct bilirubin [Mass/volume] in Serum or Plasma	Bilirubin.direct 1 minute incubation [Mass/Vol]		1m Inc
33898-8	Bilirubin.glucuronidated+Bilirubin.non-glucuronidated	CHEM	Method is DRY SLIDE (NBILI or BuBc)	ACTIVE	Bilirub Conj+Unconj SerPl-mCnc	Bilirubin.conjugated+indirect [Mass/volume] in Serum or Plasma	Bilirubin.conjugated+indirect [Mass/Vol]		Bilirub Conj+Unconj
33898-8	Bilirubin.glucuronidated+Bilirubin.non-glucuronidated	CHEM	Method is DRY SLIDE (NBILI or BuBc)	ACTIVE	Bilirub Conj+Unconj SerPl-mCnc	Bilirubin.conjugated+indirect [Mass/volume] in Serum or Plasma	Bilirubin.conjugated+indirect [Mass/Vol]		BuBc
33898-8	Bilirubin.glucuronidated+Bilirubin.non-glucuronidated	CHEM	Method is DRY SLIDE (NBILI or BuBc)	ACTIVE	Bilirub Conj+Unconj SerPl-mCnc	Bilirubin.conjugated+indirect [Mass/volume] in Serum or Plasma	Bilirubin.conjugated+indirect [Mass/Vol]		NBIL
33898-8	Bilirubin.glucuronidated+Bilirubin.non-glucuronidated	CHEM	Method is DRY SLIDE (NBILI or BuBc)	ACTIVE	Bilirub Conj+Unconj SerPl-mCnc	Bilirubin.conjugated+indirect [Mass/volume] in Serum or Plasma	Bilirubin.conjugated+indirect [Mass/Vol]		Neonatal Bilirubin
33898-8	Bilirubin.glucuronidated+Bilirubin.non-glucuronidated	CHEM	Method is DRY SLIDE (NBILI or BuBc)	ACTIVE	Bilirub Conj+Unconj SerPl-mCnc	Bilirubin.conjugated+indirect [Mass/volume] in Serum or Plasma	Bilirubin.conjugated+indirect [Mass/Vol]		Bu+Bc
15153-0	Bilirubin.non-glucuronidated	CHEM		DEPRECATED	Deprecated Bilirub Indirect SerPl-mCnc	Deprecated Indirect bilirubin [Mass/volume] in Serum or Plasma	Bilirubin.indirect Differential light absorption [Mass/Vol]		Absorp
1979-4	Biopterin	CHEM		ACTIVE	Biopterin 24h Ur-mCnc	Biopterin [Mass/volume] in 24 hour Urine	Biopterin (24H U) [Mass/Vol]		BIOPT
79282-0	Biopterin/Biopterin+Neopterin	CHEM		ACTIVE	Biopterin/Biop+Neop Ur-sRto	Biopterin/Biopterin+Neopterin [Molar ratio] in Urine	Biopterin/Biopterin+Neopterin (U) [Molar ratio]		Biop+Neop
1980-2	Biotin	CHEM		ACTIVE	Biotin SerPl-mCnc	Biotin [Mass/volume] in Serum or Plasma	Biotin [Mass/Vol]		Vitamin H
1980-2	Biotin	CHEM		ACTIVE	Biotin SerPl-mCnc	Biotin [Mass/volume] in Serum or Plasma	Biotin [Mass/Vol]		Coenzyme R
1980-2	Biotin	CHEM		ACTIVE	Biotin SerPl-mCnc	Biotin [Mass/volume] in Serum or Plasma	Biotin [Mass/Vol]		Vit H
54457-7	Biotinidase	CHEM		ACTIVE	Biotinidase SerPl Norm cont-cCnc	Biotinidase [Enzymatic activity/volume] in Serum or Plasma from Normal control	Biotinidase (S/P normal control) [Catalytic activity/Vol]		norm cont
54457-7	Biotinidase	CHEM		ACTIVE	Biotinidase SerPl Norm cont-cCnc	Biotinidase [Enzymatic activity/volume] in Serum or Plasma from Normal control	Biotinidase (S/P normal control) [Catalytic activity/Vol]		SerPl^normal control
46761-3	Biotinidase deficiency	CHEM		ACTIVE	BIOT DBS-Imp	Biotinidase deficiency newborn screen interpretation	Biotinidase deficiency (DBS) [Interp]		BIOT
57699-1	Biotinidase deficiency newborn screening comment-discussion	CHEM		ACTIVE	BIOT NBS comment	Biotinidase deficiency newborn screening comment-discussion	Biotinidase deficiency newborn screening comment-discussion Nar (DBS)		BIOT NBS comment
57699-1	Biotinidase deficiency newborn screening comment-discussion	CHEM		ACTIVE	BIOT NBS comment	Biotinidase deficiency newborn screening comment-discussion	Biotinidase deficiency newborn screening comment-discussion Nar (DBS)		NBS comment
72663-8	Bisphosphoglycerate mutase	CHEM		ACTIVE	BPGM RBC-cCnt	Bisphosphoglycerate mutase [Enzymatic activity/mass] in Red Blood Cells	Bisphosphoglycerate mutase (RBC) [Catalytic activity/Mass]		BPGM
98106-8	Brain-derived neurotrophic factor	CHEM		ACTIVE	BDNF SerPl-mCnc	Brain-derived neurotrophic factor [Mass/volume] in Serum or Plasma	Brain-derived neurotrophic factor [Mass/Vol]		BDNF
33359-1	Branched chain keto-acid dehydrogenase complex	CHEM	BCKAD is a multienzyme complex which catalyzes the oxidative decarboxylation of the a-keto acids derived from leucine, isoleucine and valine.	ACTIVE	BCKAD Bld	Branched chain keto-acid dehydrogenase complex [Identifier] in Blood	Branched chain keto-acid dehydrogenase complex Nom (Bld)		BCKAD
33359-1	Branched chain keto-acid dehydrogenase complex	CHEM	BCKAD is a multienzyme complex which catalyzes the oxidative decarboxylation of the a-keto acids derived from leucine, isoleucine and valine.	ACTIVE	BCKAD Bld	Branched chain keto-acid dehydrogenase complex [Identifier] in Blood	Branched chain keto-acid dehydrogenase complex Nom (Bld)		BCKDC
33359-1	Branched chain keto-acid dehydrogenase complex	CHEM	BCKAD is a multienzyme complex which catalyzes the oxidative decarboxylation of the a-keto acids derived from leucine, isoleucine and valine.	ACTIVE	BCKAD Bld	Branched chain keto-acid dehydrogenase complex [Identifier] in Blood	Branched chain keto-acid dehydrogenase complex Nom (Bld)		BCKADH
33359-1	Branched chain keto-acid dehydrogenase complex	CHEM	BCKAD is a multienzyme complex which catalyzes the oxidative decarboxylation of the a-keto acids derived from leucine, isoleucine and valine.	ACTIVE	BCKAD Bld	Branched chain keto-acid dehydrogenase complex [Identifier] in Blood	Branched chain keto-acid dehydrogenase complex Nom (Bld)		BCKDH
16500-1	Butyrate	CHEM		ACTIVE	Butyrate Stl-mCnc	Butyrate (C4) [Mass/volume] in Stool	Butyrate (C4) (Stl) [Mass/Vol]		Butyric
16500-1	Butyrate	CHEM		ACTIVE	Butyrate Stl-mCnc	Butyrate (C4) [Mass/volume] in Stool	Butyrate (C4) (Stl) [Mass/Vol]		Butanoic acid
16500-1	Butyrate	CHEM		ACTIVE	Butyrate Stl-mCnc	Butyrate (C4) [Mass/volume] in Stool	Butyrate (C4) (Stl) [Mass/Vol]		Butanoate
16500-1	Butyrate	CHEM		ACTIVE	Butyrate Stl-mCnc	Butyrate (C4) [Mass/volume] in Stool	Butyrate (C4) (Stl) [Mass/Vol]		Butyric acid
18439-0	Butyrylcarnitine (C4)	CHEM		DISCOURAGED	Butyrylcarn SerPl-mCnc	Butyrylcarnitine (C4) [Mass/volume] in Serum or Plasma	Butyrylcarnitine (C4) [Mass/Vol]		C4
51413-3	Butyrylcarnitine+Isobutyrylcarnitine (C4)	CHEM		ACTIVE	Butyryl+Isobutyrylcarn SerPl-sCnc	Butyrylcarnitine+Isobutyrylcarnitine (C4) [Moles/volume] in Serum or Plasma	Butyrylcarnitine+Isobutyrylcarnitine (C4) [Moles/Vol]		Butyryl+Isobutyrylcarn
79283-8	C29 dicarboxylate	CHEM		ACTIVE	C29 dicarboxylate SerPl-sCnc	C29 dicarboxylate [Moles/volume] in Serum or Plasma	C29 dicarboxylate [Moles/Vol]		Adrenoleukodystrophies, Neonatal
79283-8	C29 dicarboxylate	CHEM		ACTIVE	C29 dicarboxylate SerPl-sCnc	C29 dicarboxylate [Moles/volume] in Serum or Plasma	C29 dicarboxylate [Moles/Vol]		Peroxisomal Disorder
79283-8	C29 dicarboxylate	CHEM		ACTIVE	C29 dicarboxylate SerPl-sCnc	C29 dicarboxylate [Moles/volume] in Serum or Plasma	C29 dicarboxylate [Moles/Vol]		C29-dicarboxylic bile acid
79283-8	C29 dicarboxylate	CHEM		ACTIVE	C29 dicarboxylate SerPl-sCnc	C29 dicarboxylate [Moles/volume] in Serum or Plasma	C29 dicarboxylate [Moles/Vol]		Infantile Refsums Disease
79283-8	C29 dicarboxylate	CHEM		ACTIVE	C29 dicarboxylate SerPl-sCnc	C29 dicarboxylate [Moles/volume] in Serum or Plasma	C29 dicarboxylate [Moles/Vol]		3α,7α,l2α-trihydroxy-27α,27ß-dihomo-5ß-cholestane-26.27ß-dioic acid
49543-2	Calcidiol+Calciferol	CHEM		DEPRECATED	Deprecated Calcidiol+Calciferol SerPl-mC	Deprecated Calcidiol+Calciferol [Mass/volume] in Serum or Plasma	25-hydroxyvitamin D3+Vitamin D2 [Mass/Vol]		Calcidiol & Calciferol
94673-1	Calcidiol+ercalcidiol/24r-Hydroxycalcidiol+24r-Hydroxyercalcidiol	CHEM		ACTIVE	25(OH)D3+25(OH)D2/24,25(OH)2 VitD SerPl	25-Hydroxyvitamin D3+25-Hydroxyvitamin D2/24,25-dihydroxyvitamin D3+24,25-dihydroxyvitamin D2 [Mass Ratio] in Serum or Plasma	25-hydroxyvitamin D/24,25-dihydroxyvitamin D3+24,25-dihydroxyvitamin D2 [Mass ratio]		25-Hydroxyvitamin D2+25-Hydroxyvitamin D3/24,25 Dihydroxyvitamin D
94673-1	Calcidiol+ercalcidiol/24r-Hydroxycalcidiol+24r-Hydroxyercalcidiol	CHEM		ACTIVE	25(OH)D3+25(OH)D2/24,25(OH)2 VitD SerPl	25-Hydroxyvitamin D3+25-Hydroxyvitamin D2/24,25-dihydroxyvitamin D3+24,25-dihydroxyvitamin D2 [Mass Ratio] in Serum or Plasma	25-hydroxyvitamin D/24,25-dihydroxyvitamin D3+24,25-dihydroxyvitamin D2 [Mass ratio]		25-Hydroxyvitamin D2+25-Hydroxyvitamin D3/24,25 Dihydroxyvitamin D2+24,25 Dihydroxyvitamin D3
94673-1	Calcidiol+ercalcidiol/24r-Hydroxycalcidiol+24r-Hydroxyercalcidiol	CHEM		ACTIVE	25(OH)D3+25(OH)D2/24,25(OH)2 VitD SerPl	25-Hydroxyvitamin D3+25-Hydroxyvitamin D2/24,25-dihydroxyvitamin D3+24,25-dihydroxyvitamin D2 [Mass Ratio] in Serum or Plasma	25-hydroxyvitamin D/24,25-dihydroxyvitamin D3+24,25-dihydroxyvitamin D2 [Mass ratio]		25D3+25D2/24,25D3+24,25D2
94673-1	Calcidiol+ercalcidiol/24r-Hydroxycalcidiol+24r-Hydroxyercalcidiol	CHEM		ACTIVE	25(OH)D3+25(OH)D2/24,25(OH)2 VitD SerPl	25-Hydroxyvitamin D3+25-Hydroxyvitamin D2/24,25-dihydroxyvitamin D3+24,25-dihydroxyvitamin D2 [Mass Ratio] in Serum or Plasma	25-hydroxyvitamin D/24,25-dihydroxyvitamin D3+24,25-dihydroxyvitamin D2 [Mass ratio]		Ercalcidiol+calcidiol/24r-Hydroxycalcidiol
94673-1	Calcidiol+ercalcidiol/24r-Hydroxycalcidiol+24r-Hydroxyercalcidiol	CHEM		ACTIVE	25(OH)D3+25(OH)D2/24,25(OH)2 VitD SerPl	25-Hydroxyvitamin D3+25-Hydroxyvitamin D2/24,25-dihydroxyvitamin D3+24,25-dihydroxyvitamin D2 [Mass Ratio] in Serum or Plasma	25-hydroxyvitamin D/24,25-dihydroxyvitamin D3+24,25-dihydroxyvitamin D2 [Mass ratio]		Hypercalcemia
94673-1	Calcidiol+ercalcidiol/24r-Hydroxycalcidiol+24r-Hydroxyercalcidiol	CHEM		ACTIVE	25(OH)D3+25(OH)D2/24,25(OH)2 VitD SerPl	25-Hydroxyvitamin D3+25-Hydroxyvitamin D2/24,25-dihydroxyvitamin D3+24,25-dihydroxyvitamin D2 [Mass Ratio] in Serum or Plasma	25-hydroxyvitamin D/24,25-dihydroxyvitamin D3+24,25-dihydroxyvitamin D2 [Mass ratio]		CYP24A1 gene
107221-4	Calciferol binding protein	CHEM		ACTIVE	Vit D binding protein SerPl-mCnc	Calciferol binding protein [Mass/volume] in Serum or Plasma	Calciferol binding protein [Mass/Vol]		Pro vitamin D
107221-4	Calciferol binding protein	CHEM		ACTIVE	Vit D binding protein SerPl-mCnc	Calciferol binding protein [Mass/volume] in Serum or Plasma	Calciferol binding protein [Mass/Vol]		Vit D 1 25 hydroxy
107221-4	Calciferol binding protein	CHEM		ACTIVE	Vit D binding protein SerPl-mCnc	Calciferol binding protein [Mass/volume] in Serum or Plasma	Calciferol binding protein [Mass/Vol]		Vit D binding protein
107221-4	Calciferol binding protein	CHEM		ACTIVE	Vit D binding protein SerPl-mCnc	Calciferol binding protein [Mass/volume] in Serum or Plasma	Calciferol binding protein [Mass/Vol]		Activated ergosterol
107221-4	Calciferol binding protein	CHEM		ACTIVE	Vit D binding protein SerPl-mCnc	Calciferol binding protein [Mass/volume] in Serum or Plasma	Calciferol binding protein [Mass/Vol]		Vit D2
107221-4	Calciferol binding protein	CHEM		ACTIVE	Vit D binding protein SerPl-mCnc	Calciferol binding protein [Mass/volume] in Serum or Plasma	Calciferol binding protein [Mass/Vol]		Vitamin D2
107221-4	Calciferol binding protein	CHEM		ACTIVE	Vit D binding protein SerPl-mCnc	Calciferol binding protein [Mass/volume] in Serum or Plasma	Calciferol binding protein [Mass/Vol]		Viosterol
107221-4	Calciferol binding protein	CHEM		ACTIVE	Vit D binding protein SerPl-mCnc	Calciferol binding protein [Mass/volume] in Serum or Plasma	Calciferol binding protein [Mass/Vol]		C28H43OH
107221-4	Calciferol binding protein	CHEM		ACTIVE	Vit D binding protein SerPl-mCnc	Calciferol binding protein [Mass/volume] in Serum or Plasma	Calciferol binding protein [Mass/Vol]		Ercalciol
107221-4	Calciferol binding protein	CHEM		ACTIVE	Vit D binding protein SerPl-mCnc	Calciferol binding protein [Mass/volume] in Serum or Plasma	Calciferol binding protein [Mass/Vol]		Ergocalciferol
1991-9	Calciferol binding proteins	CHEM		ACTIVE	Calciferol BP Ser-mCnc	Calciferol binding proteins [Mass/volume] in Serum	Vitamin D2 binding proteins (S) [Mass/Vol]		Gc-globulin
1991-9	Calciferol binding proteins	CHEM		ACTIVE	Calciferol BP Ser-mCnc	Calciferol binding proteins [Mass/volume] in Serum	Vitamin D2 binding proteins (S) [Mass/Vol]		Calciferol BP
1991-9	Calciferol binding proteins	CHEM		ACTIVE	Calciferol BP Ser-mCnc	Calciferol binding proteins [Mass/volume] in Serum	Vitamin D2 binding proteins (S) [Mass/Vol]		Vitamin D binding protein
1991-9	Calciferol binding proteins	CHEM		ACTIVE	Calciferol BP Ser-mCnc	Calciferol binding proteins [Mass/volume] in Serum	Vitamin D2 binding proteins (S) [Mass/Vol]		VDBP
107499-6	Calcitonin^20M post XXX challenge	CHEM		ACTIVE	Calcit 20M p chal SerPl-mCnc	Calcitonin [Mass/volume] in Serum or Plasma --20 minutes post XXX challenge	Calcitonin 20 Min post Unsp challenge [Mass/Vol]		20M p chal
107499-6	Calcitonin^20M post XXX challenge	CHEM		ACTIVE	Calcit 20M p chal SerPl-mCnc	Calcitonin [Mass/volume] in Serum or Plasma --20 minutes post XXX challenge	Calcitonin 20 Min post Unsp challenge [Mass/Vol]		Calcit^20M p XXX chal
14566-4	Calcitriol	CHEM		ACTIVE	1,25(OH)2D3 SerPl-sCnc	Calcitriol [Moles/volume] in Serum or Plasma	1,25-dihydroxyvitamin D3 [Moles/Vol]		1,25-Dihydroxyvitamin D3
14566-4	Calcitriol	CHEM		ACTIVE	1,25(OH)2D3 SerPl-sCnc	Calcitriol [Moles/volume] in Serum or Plasma	1,25-dihydroxyvitamin D3 [Moles/Vol]		1,25-Dihydroxyvitamin D
14566-4	Calcitriol	CHEM		ACTIVE	1,25(OH)2D3 SerPl-sCnc	Calcitriol [Moles/volume] in Serum or Plasma	1,25-dihydroxyvitamin D3 [Moles/Vol]		1,25-Dihydroxycholecalciferol
14566-4	Calcitriol	CHEM		ACTIVE	1,25(OH)2D3 SerPl-sCnc	Calcitriol [Moles/volume] in Serum or Plasma	1,25-dihydroxyvitamin D3 [Moles/Vol]		1,25-Calcitriol
14566-4	Calcitriol	CHEM		ACTIVE	1,25(OH)2D3 SerPl-sCnc	Calcitriol [Moles/volume] in Serum or Plasma	1,25-dihydroxyvitamin D3 [Moles/Vol]		1,25(OH)2D3
12511-2	Calcium	CHEM		ACTIVE	Calcium 4h Ur-mCnc	Calcium [Mass/volume] in 4 hour Urine	Calcium (4 hour U) [Mass/Vol]		4.0Hr
12511-2	Calcium	CHEM		ACTIVE	Calcium 4h Ur-mCnc	Calcium [Mass/volume] in 4 hour Urine	Calcium (4 hour U) [Mass/Vol]		4HR
12511-2	Calcium	CHEM		ACTIVE	Calcium 4h Ur-mCnc	Calcium [Mass/volume] in 4 hour Urine	Calcium (4 hour U) [Mass/Vol]		4 hours
12511-2	Calcium	CHEM		ACTIVE	Calcium 4h Ur-mCnc	Calcium [Mass/volume] in 4 hour Urine	Calcium (4 hour U) [Mass/Vol]		240 minutes
30527-6	Calcium	CHEM		ACTIVE	Calcium TPN-mCnc	Calcium [Mass/volume] in Total parental nutrition	Calcium (Total parental nutrition) [Mass/Vol]		Total parental nutrition
16261-0	Calcium bilirubinate crystals	CHEM		ACTIVE	Ca Bilirub Cry Stone Ql IR	Calcium bilirubinate crystals [Presence] in Stone by Infrared spectroscopy	Calcium bilirubinate crystals Infrared spectroscopy Ql (Stone)		Ca Bilirub Cry
16261-0	Calcium bilirubinate crystals	CHEM		ACTIVE	Ca Bilirub Cry Stone Ql IR	Calcium bilirubinate crystals [Presence] in Stone by Infrared spectroscopy	Calcium bilirubinate crystals Infrared spectroscopy Ql (Stone)		Ca Bilirub
82736-0	Calcium-calmodulin-dependent protein kinase II activity actual/Normal	CHEM		ACTIVE	CaM Kinase II activity Act/Nor Ser	Calcium-calmodulin-dependent protein kinase II activity actual/normal in Serum	Calcium-calmodulin-dependent protein kinase II activity actual/normal (S) [Rel catalytic activity/Vol]		CaM Kinase II activity
82736-0	Calcium-calmodulin-dependent protein kinase II activity actual/Normal	CHEM		ACTIVE	CaM Kinase II activity Act/Nor Ser	Calcium-calmodulin-dependent protein kinase II activity actual/normal in Serum	Calcium-calmodulin-dependent protein kinase II activity actual/normal (S) [Rel catalytic activity/Vol]		PANDAS
82736-0	Calcium-calmodulin-dependent protein kinase II activity actual/Normal	CHEM		ACTIVE	CaM Kinase II activity Act/Nor Ser	Calcium-calmodulin-dependent protein kinase II activity actual/normal in Serum	Calcium-calmodulin-dependent protein kinase II activity actual/normal (S) [Rel catalytic activity/Vol]		CaM-Kinase II
16267-7	Calcium carbonate crystals	CHEM		ACTIVE	Ca Carbonate Cry Stone Ql IR	Calcium carbonate crystals [Presence] in Stone by Infrared spectroscopy	Calcium carbonate crystals Infrared spectroscopy Ql (Stone)		Ca Carbonate
16267-7	Calcium carbonate crystals	CHEM		ACTIVE	Ca Carbonate Cry Stone Ql IR	Calcium carbonate crystals [Presence] in Stone by Infrared spectroscopy	Calcium carbonate crystals Infrared spectroscopy Ql (Stone)		Apatite crystals
16267-7	Calcium carbonate crystals	CHEM		ACTIVE	Ca Carbonate Cry Stone Ql IR	Calcium carbonate crystals [Presence] in Stone by Infrared spectroscopy	Calcium carbonate crystals Infrared spectroscopy Ql (Stone)		CaCO3
16267-7	Calcium carbonate crystals	CHEM		ACTIVE	Ca Carbonate Cry Stone Ql IR	Calcium carbonate crystals [Presence] in Stone by Infrared spectroscopy	Calcium carbonate crystals Infrared spectroscopy Ql (Stone)		Ca Carbonate Cry
29265-6	Calcium^^corrected for albumin	CHEM		ACTIVE	Calcium Album cor SerPl-sCnc	Calcium [Moles/volume] corrected for albumin in Serum or Plasma	Calcium corrected for albumin [Moles/Vol]		Album cor
18281-6	Calcium^^corrected for total protein	CHEM		ACTIVE	Calcium TP cor SerPl-sCnc	Calcium [Moles/volume] corrected for total protein in Serum or Plasma	Calcium corrected for total protein [Moles/Vol]		TP cor
16266-9	Calcium hydrogen phosphate crystals	CHEM		ACTIVE	CaHPO4 Cry Stone Ql IR	Calcium hydrogen phosphate crystals [Presence] in Stone by Infrared spectroscopy	Calcium hydrogen phosphate crystals Infrared spectroscopy Ql (Stone)		CaHPO4 Cry
16266-9	Calcium hydrogen phosphate crystals	CHEM		ACTIVE	CaHPO4 Cry Stone Ql IR	Calcium hydrogen phosphate crystals [Presence] in Stone by Infrared spectroscopy	Calcium hydrogen phosphate crystals Infrared spectroscopy Ql (Stone)		CaHPO4OH2O
101736-7	Calcium hydrogen phosphate dihydrate crystals	CHEM	Calcium hydrogen phosphate dihydrate (CHPD) is found quite frequently in urinary calculi (stones). The CHPD crystals were grown by the single diffusion gel growth technique in sodium metasilicate gel  (https://link.springer.com/article/10.1007/s10973-008-9841-1)	ACTIVE	Ca H2 Phos dihyd Cry 24h EngDiff Ur	Calcium hydrogen phosphate dihydrate crystals [Energy Difference] in 24 hour Urine	Calcium hydrogen phosphate dihydrate crystals (24H U) [Energy diff]		Ca H2 Phos dihyd Cry
101736-7	Calcium hydrogen phosphate dihydrate crystals	CHEM	Calcium hydrogen phosphate dihydrate (CHPD) is found quite frequently in urinary calculi (stones). The CHPD crystals were grown by the single diffusion gel growth technique in sodium metasilicate gel  (https://link.springer.com/article/10.1007/s10973-008-9841-1)	ACTIVE	Ca H2 Phos dihyd Cry 24h EngDiff Ur	Calcium hydrogen phosphate dihydrate crystals [Energy Difference] in 24 hour Urine	Calcium hydrogen phosphate dihydrate crystals (24H U) [Energy diff]		Brushite
101736-7	Calcium hydrogen phosphate dihydrate crystals	CHEM	Calcium hydrogen phosphate dihydrate (CHPD) is found quite frequently in urinary calculi (stones). The CHPD crystals were grown by the single diffusion gel growth technique in sodium metasilicate gel  (https://link.springer.com/article/10.1007/s10973-008-9841-1)	ACTIVE	Ca H2 Phos dihyd Cry 24h EngDiff Ur	Calcium hydrogen phosphate dihydrate crystals [Energy Difference] in 24 hour Urine	Calcium hydrogen phosphate dihydrate crystals (24H U) [Energy diff]		CHPD
101736-7	Calcium hydrogen phosphate dihydrate crystals	CHEM	Calcium hydrogen phosphate dihydrate (CHPD) is found quite frequently in urinary calculi (stones). The CHPD crystals were grown by the single diffusion gel growth technique in sodium metasilicate gel  (https://link.springer.com/article/10.1007/s10973-008-9841-1)	ACTIVE	Ca H2 Phos dihyd Cry 24h EngDiff Ur	Calcium hydrogen phosphate dihydrate crystals [Energy Difference] in 24 hour Urine	Calcium hydrogen phosphate dihydrate crystals (24H U) [Energy diff]		Brushite crystals
101736-7	Calcium hydrogen phosphate dihydrate crystals	CHEM	Calcium hydrogen phosphate dihydrate (CHPD) is found quite frequently in urinary calculi (stones). The CHPD crystals were grown by the single diffusion gel growth technique in sodium metasilicate gel  (https://link.springer.com/article/10.1007/s10973-008-9841-1)	ACTIVE	Ca H2 Phos dihyd Cry 24h EngDiff Ur	Calcium hydrogen phosphate dihydrate crystals [Energy Difference] in 24 hour Urine	Calcium hydrogen phosphate dihydrate crystals (24H U) [Energy diff]		Ca H2 Phos dihyd
101736-7	Calcium hydrogen phosphate dihydrate crystals	CHEM	Calcium hydrogen phosphate dihydrate (CHPD) is found quite frequently in urinary calculi (stones). The CHPD crystals were grown by the single diffusion gel growth technique in sodium metasilicate gel  (https://link.springer.com/article/10.1007/s10973-008-9841-1)	ACTIVE	Ca H2 Phos dihyd Cry 24h EngDiff Ur	Calcium hydrogen phosphate dihydrate crystals [Energy Difference] in 24 hour Urine	Calcium hydrogen phosphate dihydrate crystals (24H U) [Energy diff]		Hyd
101736-7	Calcium hydrogen phosphate dihydrate crystals	CHEM	Calcium hydrogen phosphate dihydrate (CHPD) is found quite frequently in urinary calculi (stones). The CHPD crystals were grown by the single diffusion gel growth technique in sodium metasilicate gel  (https://link.springer.com/article/10.1007/s10973-008-9841-1)	ACTIVE	Ca H2 Phos dihyd Cry 24h EngDiff Ur	Calcium hydrogen phosphate dihydrate crystals [Energy Difference] in 24 hour Urine	Calcium hydrogen phosphate dihydrate crystals (24H U) [Energy diff]		H2
101825-8	Calcium hydrogen phosphate dihydrate crystals	CHEM		ACTIVE	Ca H2 Phos dihyd Cry 24h SatFr Ur	Calcium hydrogen phosphate dihydrate crystals [Saturation Fraction] in 24 hour Urine	Calcium hydrogen phosphate dihydrate crystals (24H U) [Saturation fraction]		Saturation Fraction
101825-8	Calcium hydrogen phosphate dihydrate crystals	CHEM		ACTIVE	Ca H2 Phos dihyd Cry 24h SatFr Ur	Calcium hydrogen phosphate dihydrate crystals [Saturation Fraction] in 24 hour Urine	Calcium hydrogen phosphate dihydrate crystals (24H U) [Saturation fraction]		Relative Supersaturation
12180-6	Calcium.ionized	CHEM		ACTIVE	Ca-I SerPl ISE-sCnc	Calcium.ionized [Moles/volume] in Serum or Plasma by Ion-selective membrane electrode (ISE)	Calcium.ionized ISE [Moles/Vol]		Ion-selective electrode
12180-6	Calcium.ionized	CHEM		ACTIVE	Ca-I SerPl ISE-sCnc	Calcium.ionized [Moles/volume] in Serum or Plasma by Ion-selective membrane electrode (ISE)	Calcium.ionized ISE [Moles/Vol]		Ion selective membrane electode
12180-6	Calcium.ionized	CHEM		ACTIVE	Ca-I SerPl ISE-sCnc	Calcium.ionized [Moles/volume] in Serum or Plasma by Ion-selective membrane electrode (ISE)	Calcium.ionized ISE [Moles/Vol]		Ion selective membrane electrode
19072-8	Calcium.ionized^^adjusted to pH 7.4	CHEM		ACTIVE	Ca-I adj pH7.4 SerPl-sCnc	Calcium.ionized [Moles/volume] adjusted to pH 7.4 in Serum or Plasma	Calcium.ionized adjusted to pH 7.4 [Moles/Vol]		adj pH7.4
63550-8	Calcium magnesium phosphate/Total	CHEM		ACTIVE	Calcium magnesium phosphate MFr Stone	Calcium magnesium phosphate/Total in Stone	Calcium magnesium phosphate (Stone) [Mass fraction]		Whitlockite
101931-4	Calcium oxalate crystals	CHEM		ACTIVE	CaOx cry EngDiff Ur	Calcium oxalate crystals [Energy Difference] in Urine	Calcium oxalate crystals (U) [Energy diff]		Ethanedioic acid
101931-4	Calcium oxalate crystals	CHEM		ACTIVE	CaOx cry EngDiff Ur	Calcium oxalate crystals [Energy Difference] in Urine	Calcium oxalate crystals (U) [Energy diff]		CaOx Cry
101931-4	Calcium oxalate crystals	CHEM		ACTIVE	CaOx cry EngDiff Ur	Calcium oxalate crystals [Energy Difference] in Urine	Calcium oxalate crystals (U) [Energy diff]		CaOx
101931-4	Calcium oxalate crystals	CHEM		ACTIVE	CaOx cry EngDiff Ur	Calcium oxalate crystals [Energy Difference] in Urine	Calcium oxalate crystals (U) [Energy diff]		Oxal
101931-4	Calcium oxalate crystals	CHEM		ACTIVE	CaOx cry EngDiff Ur	Calcium oxalate crystals [Energy Difference] in Urine	Calcium oxalate crystals (U) [Energy diff]		Oxalic acid
101931-4	Calcium oxalate crystals	CHEM		ACTIVE	CaOx cry EngDiff Ur	Calcium oxalate crystals [Energy Difference] in Urine	Calcium oxalate crystals (U) [Energy diff]		Ethanedioate
101931-4	Calcium oxalate crystals	CHEM		ACTIVE	CaOx cry EngDiff Ur	Calcium oxalate crystals [Energy Difference] in Urine	Calcium oxalate crystals (U) [Energy diff]		CaC2O4
16263-6	Calcium oxalate dihydrate crystals	CHEM		ACTIVE	COD Cry Stone Ql IR	Calcium oxalate dihydrate crystals [Presence] in Stone by Infrared spectroscopy	Calcium oxalate dihydrate crystals Infrared spectroscopy Ql (Stone)		Weddellite
16263-6	Calcium oxalate dihydrate crystals	CHEM		ACTIVE	COD Cry Stone Ql IR	Calcium oxalate dihydrate crystals [Presence] in Stone by Infrared spectroscopy	Calcium oxalate dihydrate crystals Infrared spectroscopy Ql (Stone)		CaC2O4.2H2O
16263-6	Calcium oxalate dihydrate crystals	CHEM		ACTIVE	COD Cry Stone Ql IR	Calcium oxalate dihydrate crystals [Presence] in Stone by Infrared spectroscopy	Calcium oxalate dihydrate crystals Infrared spectroscopy Ql (Stone)		COD Cry
34736-9	Calcium oxalate index	CHEM		ACTIVE	CaOx index 24h Ur-Rto	Calcium oxalate index in 24 hour Urine	Calcium oxalate index (24H U) [Ratio]		Saturation index
34736-9	Calcium oxalate index	CHEM		ACTIVE	CaOx index 24h Ur-Rto	Calcium oxalate index in 24 hour Urine	Calcium oxalate index (24H U) [Ratio]		CaOx index
16264-4	Calcium oxalate monohydrate crystals	CHEM		ACTIVE	COM Cry Stone Ql IR	Calcium oxalate monohydrate crystals [Presence] in Stone by Infrared spectroscopy	Calcium oxalate monohydrate crystals Infrared spectroscopy Ql (Stone)		Whewellite
16264-4	Calcium oxalate monohydrate crystals	CHEM		ACTIVE	COM Cry Stone Ql IR	Calcium oxalate monohydrate crystals [Presence] in Stone by Infrared spectroscopy	Calcium oxalate monohydrate crystals Infrared spectroscopy Ql (Stone)		CaC2O4.H2O
16264-4	Calcium oxalate monohydrate crystals	CHEM		ACTIVE	COM Cry Stone Ql IR	Calcium oxalate monohydrate crystals [Presence] in Stone by Infrared spectroscopy	Calcium oxalate monohydrate crystals Infrared spectroscopy Ql (Stone)		COM
16264-4	Calcium oxalate monohydrate crystals	CHEM		ACTIVE	COM Cry Stone Ql IR	Calcium oxalate monohydrate crystals [Presence] in Stone by Infrared spectroscopy	Calcium oxalate monohydrate crystals Infrared spectroscopy Ql (Stone)		COM Cry
16264-4	Calcium oxalate monohydrate crystals	CHEM		ACTIVE	COM Cry Stone Ql IR	Calcium oxalate monohydrate crystals [Presence] in Stone by Infrared spectroscopy	Calcium oxalate monohydrate crystals Infrared spectroscopy Ql (Stone)		Monohydrt
16264-4	Calcium oxalate monohydrate crystals	CHEM		ACTIVE	COM Cry Stone Ql IR	Calcium oxalate monohydrate crystals [Presence] in Stone by Infrared spectroscopy	Calcium oxalate monohydrate crystals Infrared spectroscopy Ql (Stone)		Whewelite
16268-5	Calcium phosphate crystals	CHEM		ACTIVE	Ca Phos Cry Stone Ql IR	Calcium phosphate crystals [Presence] in Stone by Infrared spectroscopy	Calcium phosphate crystals Infrared spectroscopy Ql (Stone)		Ca Phos Cry
13454-4	Calcium-phosphorus product	CHEM		ACTIVE	CaxP SerPl-SCncSq	Calcium-phosphorus product [(Moles/volume)*2] in Serum or Plasma	Calcium-phosphorus product [(Moles/Vol)*2]		CaxP
14638-1	Calculus analysis	CHEM		ACTIVE	Stone Analysis-Imp	Calculus analysis [Interpretation] in Stone	Calculus analysis [Interp]		Stone Analysis
56161-3	Calculus analysis with calculus photography	CHEM		ACTIVE	Stone Analysis+Photography-Imp	Calculus analysis with calculus photography [Interpretation] in Stone	Calculus analysis with calculus photography [Interp]		Stone Analysis+Photography
101154-3	Calprotectin	CHEM		ACTIVE	Calprotectin SerPl-mCnc	Calprotectin [Mass/volume] in Serum or Plasma	Calprotectin [Mass/Vol]		MRP8/14
101154-3	Calprotectin	CHEM		ACTIVE	Calprotectin SerPl-mCnc	Calprotectin [Mass/volume] in Serum or Plasma	Calprotectin [Mass/Vol]		Inflammatory Bowel Disease
101154-3	Calprotectin	CHEM		ACTIVE	Calprotectin SerPl-mCnc	Calprotectin [Mass/volume] in Serum or Plasma	Calprotectin [Mass/Vol]		Rheumatoid arthritis
101154-3	Calprotectin	CHEM		ACTIVE	Calprotectin SerPl-mCnc	Calprotectin [Mass/volume] in Serum or Plasma	Calprotectin [Mass/Vol]		S100A8/A9
10334-1	Cancer Ag 125	CHEM		ACTIVE	Cancer Ag125 SerPl-aCnc	Cancer Ag 125 [Units/volume] in Serum or Plasma	Cancer Ag 125 Qn		CA 125
10334-1	Cancer Ag 125	CHEM		ACTIVE	Cancer Ag125 SerPl-aCnc	Cancer Ag 125 [Units/volume] in Serum or Plasma	Cancer Ag 125 Qn		Cancer Ag125
10334-1	Cancer Ag 125	CHEM		ACTIVE	Cancer Ag125 SerPl-aCnc	Cancer Ag 125 [Units/volume] in Serum or Plasma	Cancer Ag 125 Qn		Cancer antigen 125
10334-1	Cancer Ag 125	CHEM		ACTIVE	Cancer Ag125 SerPl-aCnc	Cancer Ag 125 [Units/volume] in Serum or Plasma	Cancer Ag 125 Qn		Carbohydrate antigen
10334-1	Cancer Ag 125	CHEM		ACTIVE	Cancer Ag125 SerPl-aCnc	Cancer Ag 125 [Units/volume] in Serum or Plasma	Cancer Ag 125 Qn		Carbohydrate antigen 125
10334-1	Cancer Ag 125	CHEM		ACTIVE	Cancer Ag125 SerPl-aCnc	Cancer Ag 125 [Units/volume] in Serum or Plasma	Cancer Ag 125 Qn		Gynecology
10334-1	Cancer Ag 125	CHEM		ACTIVE	Cancer Ag125 SerPl-aCnc	Cancer Ag 125 [Units/volume] in Serum or Plasma	Cancer Ag 125 Qn		ObGyn
10334-1	Cancer Ag 125	CHEM		ACTIVE	Cancer Ag125 SerPl-aCnc	Cancer Ag 125 [Units/volume] in Serum or Plasma	Cancer Ag 125 Qn		OC125
10334-1	Cancer Ag 125	CHEM		ACTIVE	Cancer Ag125 SerPl-aCnc	Cancer Ag 125 [Units/volume] in Serum or Plasma	Cancer Ag 125 Qn		Oncology
2011-5	Cancer Ag 242	CHEM		ACTIVE	Cancer Ag242 SerPl Ql	Cancer Ag 242 [Presence] in Serum or Plasma	Cancer Ag 242 Ql		Cancer Ag242
2011-5	Cancer Ag 242	CHEM		ACTIVE	Cancer Ag242 SerPl Ql	Cancer Ag 242 [Presence] in Serum or Plasma	Cancer Ag 242 Ql		Carbohydrate antigen 242
2011-5	Cancer Ag 242	CHEM		ACTIVE	Cancer Ag242 SerPl Ql	Cancer Ag 242 [Presence] in Serum or Plasma	Cancer Ag 242 Ql		CA 242
17842-6	Cancer Ag 27-29	CHEM		ACTIVE	Cancer Ag27-29 SerPl-aCnc	Cancer Ag 27-29 [Units/volume] in Serum or Plasma	Cancer Ag 27-29 Qn		Carbohydrate antigen 27-29
17842-6	Cancer Ag 27-29	CHEM		ACTIVE	Cancer Ag27-29 SerPl-aCnc	Cancer Ag 27-29 [Units/volume] in Serum or Plasma	Cancer Ag 27-29 Qn		MUC-1 gene associated AG CA 27-29
17842-6	Cancer Ag 27-29	CHEM		ACTIVE	Cancer Ag27-29 SerPl-aCnc	Cancer Ag 27-29 [Units/volume] in Serum or Plasma	Cancer Ag 27-29 Qn		B27.9
17842-6	Cancer Ag 27-29	CHEM		ACTIVE	Cancer Ag27-29 SerPl-aCnc	Cancer Ag 27-29 [Units/volume] in Serum or Plasma	Cancer Ag 27-29 Qn		CA 27-29
17842-6	Cancer Ag 27-29	CHEM		ACTIVE	Cancer Ag27-29 SerPl-aCnc	Cancer Ag 27-29 [Units/volume] in Serum or Plasma	Cancer Ag 27-29 Qn		CA27.29
17842-6	Cancer Ag 27-29	CHEM		ACTIVE	Cancer Ag27-29 SerPl-aCnc	Cancer Ag 27-29 [Units/volume] in Serum or Plasma	Cancer Ag 27-29 Qn		Cancer Ag27-29
2013-1	Cancer Ag 50	CHEM		ACTIVE	Cancer Ag50 SerPl Ql	Cancer Ag 50 [Presence] in Serum or Plasma	Cancer Ag 50 Ql		CA 50
2013-1	Cancer Ag 50	CHEM		ACTIVE	Cancer Ag50 SerPl Ql	Cancer Ag 50 [Presence] in Serum or Plasma	Cancer Ag 50 Ql		Cancer Ag50
2013-1	Cancer Ag 50	CHEM		ACTIVE	Cancer Ag50 SerPl Ql	Cancer Ag 50 [Presence] in Serum or Plasma	Cancer Ag 50 Ql		Carbohydrate antigen 50
19189-0	Cancer Ag 549	CHEM		ACTIVE	Cancer Ag549 SerPl-aCnc	Cancer Ag 549 [Units/volume] in Serum or Plasma	Cancer Ag 549 Qn		CA 549
19189-0	Cancer Ag 549	CHEM		ACTIVE	Cancer Ag549 SerPl-aCnc	Cancer Ag 549 [Units/volume] in Serum or Plasma	Cancer Ag 549 Qn		MUC-1 gene associated AG CA-549
19189-0	Cancer Ag 549	CHEM		ACTIVE	Cancer Ag549 SerPl-aCnc	Cancer Ag 549 [Units/volume] in Serum or Plasma	Cancer Ag 549 Qn		Carbohydrate antigen 549
19189-0	Cancer Ag 549	CHEM		ACTIVE	Cancer Ag549 SerPl-aCnc	Cancer Ag 549 [Units/volume] in Serum or Plasma	Cancer Ag 549 Qn		Cancer Ag549
17843-4	Cancer Ag 72-4	CHEM		ACTIVE	Cancer Ag72-4 SerPl-aCnc	Cancer Ag 72-4 [Units/volume] in Serum or Plasma	Cancer Ag 72-4 Qn		Carbohydrate antigen 72-4
17843-4	Cancer Ag 72-4	CHEM		ACTIVE	Cancer Ag72-4 SerPl-aCnc	Cancer Ag 72-4 [Units/volume] in Serum or Plasma	Cancer Ag 72-4 Qn		Tag-72
17843-4	Cancer Ag 72-4	CHEM		ACTIVE	Cancer Ag72-4 SerPl-aCnc	Cancer Ag 72-4 [Units/volume] in Serum or Plasma	Cancer Ag 72-4 Qn		CA 72-4
17843-4	Cancer Ag 72-4	CHEM		ACTIVE	Cancer Ag72-4 SerPl-aCnc	Cancer Ag 72-4 [Units/volume] in Serum or Plasma	Cancer Ag 72-4 Qn		Cancer Ag72-4
13127-6	Cancer Ag DM-70K	CHEM		ACTIVE	Cancer Ag DM/70K SerPl-aCnc	Cancer Ag DM/70K [Units/volume] in Serum or Plasma	Cancer Ag DM/70K Qn		DM/70K
13127-6	Cancer Ag DM-70K	CHEM		ACTIVE	Cancer Ag DM/70K SerPl-aCnc	Cancer Ag DM/70K [Units/volume] in Serum or Plasma	Cancer Ag DM/70K Qn		Dianon marker 70/K
13127-6	Cancer Ag DM-70K	CHEM		ACTIVE	Cancer Ag DM/70K SerPl-aCnc	Cancer Ag DM/70K [Units/volume] in Serum or Plasma	Cancer Ag DM/70K Qn		Cancer Ag DM/70K
24474-9	Cancer associated serum Ag	CHEM		ACTIVE	CASA Ser-aCnc	Cancer associated serum Ag [Units/volume] in Serum	Cancer associated serum Ag Qn (S)		Cancer Assoc Serum
24474-9	Cancer associated serum Ag	CHEM		ACTIVE	CASA Ser-aCnc	Cancer associated serum Ag [Units/volume] in Serum	Cancer associated serum Ag Qn (S)		CASA
24474-9	Cancer associated serum Ag	CHEM		ACTIVE	CASA Ser-aCnc	Cancer associated serum Ag [Units/volume] in Serum	Cancer associated serum Ag Qn (S)		Ovarian tumor marker
2016-4	Carbamoyl phosphate synthetase	CHEM		ACTIVE	CPS Ser-cCnc	Carbamoyl phosphate synthetase [Enzymatic activity/volume] in Serum	Carbamoyl phosphate synthetase (S) [Catalytic activity/Vol]		Carbamoyl-phosphate synthase
2017-2	Carbamoyl phosphate synthetase(ammonia)	CHEM		ACTIVE	CPS (ammonia) Tiss-cCnt	Carbamoyl phosphate synthetase (ammonia) [Enzymatic activity/mass] in Tissue	Carbamoyl phosphate synthetase (ammonia) (Tiss) [Catalytic activity/Mass]		CPS (ammonia)
16550-6	Carbohydrates	CHEM		ACTIVE	Carbohydrates Ur	Carbohydrates [Identifier] in Urine	Carbohydrates Nom (U)		Carbohydrate
14641-5	Carbonate	CHEM		ACTIVE	Carbonate Stone Ql	Carbonate [Presence] in Stone	Carbonate Ql (Stone)		Carbonic acid
14641-5	Carbonate	CHEM		ACTIVE	Carbonate Stone Ql	Carbonate [Presence] in Stone	Carbonate Ql (Stone)		Carb
32159-6	Carbonated calcium phosphate/Total	CHEM		ACTIVE	Carb Ca Phos MFr Stone	Carbonated calcium phosphate/Total in Stone	Carbonated calcium phosphate (Stone) [Mass fraction]		Calcium carbapatite
32159-6	Carbonated calcium phosphate/Total	CHEM		ACTIVE	Carb Ca Phos MFr Stone	Carbonated calcium phosphate/Total in Stone	Carbonated calcium phosphate (Stone) [Mass fraction]		Carbonate apatite
32159-6	Carbonated calcium phosphate/Total	CHEM		ACTIVE	Carb Ca Phos MFr Stone	Carbonated calcium phosphate/Total in Stone	Carbonated calcium phosphate (Stone) [Mass fraction]		Carb Ca Phos
32159-6	Carbonated calcium phosphate/Total	CHEM		ACTIVE	Carb Ca Phos MFr Stone	Carbonated calcium phosphate/Total in Stone	Carbonated calcium phosphate (Stone) [Mass fraction]		Ca10(PO4-CO3OH)6(OH)2
2036-2	Carbonate dehydratase	CHEM		ACTIVE	Carbonate dehydratase RBC-cCnc	Carbonate dehydratase [Enzymatic activity/volume] in Red Blood Cells	Carbonate dehydratase (RBC) [Catalytic activity/Vol]		Carbonic anhydrase
2036-2	Carbonate dehydratase	CHEM		ACTIVE	Carbonate dehydratase RBC-cCnc	Carbonate dehydratase [Enzymatic activity/volume] in Red Blood Cells	Carbonate dehydratase (RBC) [Catalytic activity/Vol]		Carbonate hydrolase
11211-0	Carbon dioxide	CHEM		ACTIVE	CO2 Fld-sCnc	Carbon dioxide, total [Moles/volume] in Body fluid	CO2 (Body fld) [Moles/Vol]		tCO2
11211-0	Carbon dioxide	CHEM		ACTIVE	CO2 Fld-sCnc	Carbon dioxide, total [Moles/volume] in Body fluid	CO2 (Body fld) [Moles/Vol]		CO2
11211-0	Carbon dioxide	CHEM		ACTIVE	CO2 Fld-sCnc	Carbon dioxide, total [Moles/volume] in Body fluid	CO2 (Body fld) [Moles/Vol]		CO2 TOTAL
11211-0	Carbon dioxide	CHEM		ACTIVE	CO2 Fld-sCnc	Carbon dioxide, total [Moles/volume] in Body fluid	CO2 (Body fld) [Moles/Vol]		CO2CT
11211-0	Carbon dioxide	CHEM		ACTIVE	CO2 Fld-sCnc	Carbon dioxide, total [Moles/volume] in Body fluid	CO2 (Body fld) [Moles/Vol]		ctCO2
11211-0	Carbon dioxide	CHEM		ACTIVE	CO2 Fld-sCnc	Carbon dioxide, total [Moles/volume] in Body fluid	CO2 (Body fld) [Moles/Vol]		Carbonic anhydride
11211-0	Carbon dioxide	CHEM		ACTIVE	CO2 Fld-sCnc	Carbon dioxide, total [Moles/volume] in Body fluid	CO2 (Body fld) [Moles/Vol]		cCO2
11557-6	Carbon dioxide	CHEM		ACTIVE	pCO2 Bld	Carbon dioxide [Partial pressure] in Blood	CO2 (Bld) [Partial pressure]		PCO2
14003-8	Carbon dioxide	CHEM		ACTIVE	pCO2 BldCo	Carbon dioxide [Partial pressure] in Cord blood	CO2 (BldCo) [Partial pressure]		cO2
2019-8	Carbon dioxide	CHEM		ACTIVE	pCO2 BldA	Carbon dioxide [Partial pressure] in Arterial blood	CO2 (BldA) [Partial pressure]		PaCO2
2024-8	Carbon dioxide.dissolved	CHEM		ACTIVE	dis CO2 Plas-sCnc	Carbon dioxide dissolved [Moles/volume] in Plasma	Carbon dioxide dissolved (P) [Moles/Vol]		dis CO2
2029-7	Carboxyhemoglobin	CHEM		DEPRECATED	Deprecated COHgb Fr RBC	Deprecated Carboxyhemoglobin	Carboxyhemoglobin Ql (RBC)		CO hemoglobin
2029-7	Carboxyhemoglobin	CHEM		DEPRECATED	Deprecated COHgb Fr RBC	Deprecated Carboxyhemoglobin	Carboxyhemoglobin Ql (RBC)		Carbon monoxide.hemoglobin
2029-7	Carboxyhemoglobin	CHEM		DEPRECATED	Deprecated COHgb Fr RBC	Deprecated Carboxyhemoglobin	Carboxyhemoglobin Ql (RBC)		Carbonmonoxyhemoglobin
2029-7	Carboxyhemoglobin	CHEM		DEPRECATED	Deprecated COHgb Fr RBC	Deprecated Carboxyhemoglobin	Carboxyhemoglobin Ql (RBC)		Carbonyl haemoglobin
2029-7	Carboxyhemoglobin	CHEM		DEPRECATED	Deprecated COHgb Fr RBC	Deprecated Carboxyhemoglobin	Carboxyhemoglobin Ql (RBC)		Carbonyl hemoglobin
2029-7	Carboxyhemoglobin	CHEM		DEPRECATED	Deprecated COHgb Fr RBC	Deprecated Carboxyhemoglobin	Carboxyhemoglobin Ql (RBC)		Carbonyl Hgb
2029-7	Carboxyhemoglobin	CHEM		DEPRECATED	Deprecated COHgb Fr RBC	Deprecated Carboxyhemoglobin	Carboxyhemoglobin Ql (RBC)		Carboxyhaemoglobin
2029-7	Carboxyhemoglobin	CHEM		DEPRECATED	Deprecated COHgb Fr RBC	Deprecated Carboxyhemoglobin	Carboxyhemoglobin Ql (RBC)		Carboxyhemoglob
2029-7	Carboxyhemoglobin	CHEM		DEPRECATED	Deprecated COHgb Fr RBC	Deprecated Carboxyhemoglobin	Carboxyhemoglobin Ql (RBC)		CO haemoglobin
2029-7	Carboxyhemoglobin	CHEM		DEPRECATED	Deprecated COHgb Fr RBC	Deprecated Carboxyhemoglobin	Carboxyhemoglobin Ql (RBC)		COHb
2029-7	Carboxyhemoglobin	CHEM		DEPRECATED	Deprecated COHgb Fr RBC	Deprecated Carboxyhemoglobin	Carboxyhemoglobin Ql (RBC)		COHgb
2029-7	Carboxyhemoglobin	CHEM		DEPRECATED	Deprecated COHgb Fr RBC	Deprecated Carboxyhemoglobin	Carboxyhemoglobin Ql (RBC)		HbCO
2029-7	Carboxyhemoglobin	CHEM		DEPRECATED	Deprecated COHgb Fr RBC	Deprecated Carboxyhemoglobin	Carboxyhemoglobin Ql (RBC)		Hemoglobin bound with carbon dioxide
56469-0	Cardiac heart disease risk	CHEM	The Estimated CHD risk is based on a calculation that utilizes the Total CHOL/HDL ratio.  There are two calculations; one for males and one for females.  The calculations are as follows:    Calculation for males = 1.3137 x (nlog of Total Chol/HDL) - 1.0834  Calculation for females = 2.0762 x (nlog of Total Chol/HDL) - 2.00247	ACTIVE	CHD risk SerPl-Rto	Cardiac heart disease risk [Ratio] in Serum or Plasma	Cardiac heart disease risk [Ratio]		CHD risk
2041-2	Carnitine acyltransferase	CHEM		ACTIVE	Carnitine AcT SerPl-cCnc	Carnitine acyltransferase [Enzymatic activity/volume] in Serum or Plasma	Carnitine acyltransferase [Catalytic activity/Vol]		Carnitine palmitoyltranserase
2041-2	Carnitine acyltransferase	CHEM		ACTIVE	Carnitine AcT SerPl-cCnc	Carnitine acyltransferase [Enzymatic activity/volume] in Serum or Plasma	Carnitine acyltransferase [Catalytic activity/Vol]		Carnitine AcT
2041-2	Carnitine acyltransferase	CHEM		ACTIVE	Carnitine AcT SerPl-cCnc	Carnitine acyltransferase [Enzymatic activity/volume] in Serum or Plasma	Carnitine acyltransferase [Catalytic activity/Vol]		Carnitine acyl transferase
2041-2	Carnitine acyltransferase	CHEM		ACTIVE	Carnitine AcT SerPl-cCnc	Carnitine acyltransferase [Enzymatic activity/volume] in Serum or Plasma	Carnitine acyltransferase [Catalytic activity/Vol]		Carnitine palmitoyl transerase
79339-8	Carnitine biosynthesis intermediates pattern	CHEM	The carnitine biosynthesis intermediates panel in DBS is performed for the diagnosis of carnitine biosynthesis disorders, including X-linked trimethyllysine hydroxylase (TMLHE) deficiency, a disorder of carnitine metabolism that is associated with autism.	ACTIVE	Carnitine biosynthesis pattern DBS-Imp	Carnitine biosynthesis intermediates pattern newborn screen interpretation	Carnitine biosynthesis intermediates pattern Nar (DBS) [Interp]		Carnitine biosynthesis pattern
53236-6	Carnitine.free (C0)+Acetylcarnitine (C2)+Propionylcarnitine (C3)+Palmitoylcarnitine (C16)+Oleoylcarnitine (C18:1)+Stearoylcarnitine (C18)/Citrulline	CHEM		ACTIVE	C0+C2+C3+C16+C18/Cit DBS-sRto	Carnitine.free (C0)+Acetylcarnitine (C2)+Propionylcarnitine (C3)+Palmitoylcarnitine (C16)+Oleoylcarnitine (C18:1)+Stearoylcarnitine (C18)/Citrulline [Molar ratio] in DBS	C0+C2+C3+C16+C18:1+C18/Citrulline (DBS) [Molar ratio]		Palmitoyl+Oleoylcarn
53236-6	Carnitine.free (C0)+Acetylcarnitine (C2)+Propionylcarnitine (C3)+Palmitoylcarnitine (C16)+Oleoylcarnitine (C18:1)+Stearoylcarnitine (C18)/Citrulline	CHEM		ACTIVE	C0+C2+C3+C16+C18/Cit DBS-sRto	Carnitine.free (C0)+Acetylcarnitine (C2)+Propionylcarnitine (C3)+Palmitoylcarnitine (C16)+Oleoylcarnitine (C18:1)+Stearoylcarnitine (C18)/Citrulline [Molar ratio] in DBS	C0+C2+C3+C16+C18:1+C18/Citrulline (DBS) [Molar ratio]		C0+C2+C3+C16+C18
53235-8	Carnitine.free (C0)/Palmitoylcarnitine (C16)+Stearoylcarnitine (C18)	CHEM		ACTIVE	Carnitine Free/C16+C18 DBS-sRto	Carnitine free (C0)/Palmitoylcarnitine (C16)+Stearoylcarnitine (C18) [Molar ratio] in DBS	C0/Palmitoylcarnitine (C16)+Stearoylcarnitine (C18) (DBS) [Molar ratio]		C16+C18
46775-3	Carnitine palmitoyltransferase 1 deficiency	CHEM		DISCOURAGED	CPT1 DBS-Imp	Carnitine palmitoyltransferase 1 deficiency newborn screen interpretation	Carnitine palmitoyltransferase 1 deficiency (DBS) [Interp]		Carnitine Acyltransferase I
46775-3	Carnitine palmitoyltransferase 1 deficiency	CHEM		DISCOURAGED	CPT1 DBS-Imp	Carnitine palmitoyltransferase 1 deficiency newborn screen interpretation	Carnitine palmitoyltransferase 1 deficiency (DBS) [Interp]		CPT
46775-3	Carnitine palmitoyltransferase 1 deficiency	CHEM		DISCOURAGED	CPT1 DBS-Imp	Carnitine palmitoyltransferase 1 deficiency newborn screen interpretation	Carnitine palmitoyltransferase 1 deficiency (DBS) [Interp]		CPT 1
53434-7	Carnitine palmitoyltransferase 2	CHEM		ACTIVE	CPT2 Amnc-cCnt	Carnitine palmitoyltransferase 2 [Enzymatic activity/mass] in Amniotic fluid cells	Carnitine palmitoyltransferase 2 (Amn fld cells) [Catalytic activity/Mass]		Carnitine acyltransferase II
53434-7	Carnitine palmitoyltransferase 2	CHEM		ACTIVE	CPT2 Amnc-cCnt	Carnitine palmitoyltransferase 2 [Enzymatic activity/mass] in Amniotic fluid cells	Carnitine palmitoyltransferase 2 (Amn fld cells) [Catalytic activity/Mass]		CPT II
53434-7	Carnitine palmitoyltransferase 2	CHEM		ACTIVE	CPT2 Amnc-cCnt	Carnitine palmitoyltransferase 2 [Enzymatic activity/mass] in Amniotic fluid cells	Carnitine palmitoyltransferase 2 (Amn fld cells) [Catalytic activity/Mass]		CPT2
53445-3	Carnitine palmitoyltransferase 2/Citrate synthase	CHEM		ACTIVE	CPT2/Cit Syn Fib-cRto	Carnitine palmitoyltransferase 2/Citrate synthase [Enzymatic activity ratio] in Fibroblast	Carnitine palmitoyltransferase 2/Citrate synthase (Fibroblast) [Catalytic ratio]		Cit Syn
46755-5	Carnitine uptake defect &or CPT1 deficiency	CHEM		ACTIVE	CUD/CPT1 DBS-Imp	Carnitine uptake defect/CPT1 deficiency newborn screen interpretation	Carnitine uptake defect/CPT1 deficiency Ql (DBS) [Interp]		CUD
46755-5	Carnitine uptake defect &or CPT1 deficiency	CHEM		ACTIVE	CUD/CPT1 DBS-Imp	Carnitine uptake defect/CPT1 deficiency newborn screen interpretation	Carnitine uptake defect/CPT1 deficiency Ql (DBS) [Interp]		CUD/CPT1
12474-3	Carnosine	CHEM		DISCOURAGED	Carnosine 24h Ur-mCnc	Carnosine [Mass/volume] in 24 hour Urine	Carnosine (24H U) [Mass/Vol]		Car
27078-5	Carotene.alpha	CHEM		ACTIVE	A-Carotene Plas-sCnc	Carotene.alpha [Moles/volume] in Plasma	Carotene.alpha (P) [Moles/Vol]		A-Carotene
75086-9	Catecholamine metabolites pattern	CHEM		ACTIVE	Catecholamine pattern Ur-Imp	Catecholamine metabolites pattern [Interpretation] in Urine Narrative	Catecholamine metabolites pattern Nar (U) [Interp]		Catecholamine pattern
78958-6	Cathepsin A	CHEM	Cathepsin A enzyme activity in leukocytes is measured as part of a diagnostic work-up for galactosialidosis. Patients with galactosialidosis will have decreased activity of the protective protein as well as decreased neuraminidase and β-galactosidase activity in leukocytes (and/or fibroblasts). Sequencing of the CTSA gene is performed for detection of disease-causing mutations.	ACTIVE	Cathepsin A WBC-cCnt	Cathepsin A [Enzymatic activity/mass] in Leukocytes	Cathepsin A (WBC) [Catalytic activity/Mass]		Galactosidase
78958-6	Cathepsin A	CHEM	Cathepsin A enzyme activity in leukocytes is measured as part of a diagnostic work-up for galactosialidosis. Patients with galactosialidosis will have decreased activity of the protective protein as well as decreased neuraminidase and β-galactosidase activity in leukocytes (and/or fibroblasts). Sequencing of the CTSA gene is performed for detection of disease-causing mutations.	ACTIVE	Cathepsin A WBC-cCnt	Cathepsin A [Enzymatic activity/mass] in Leukocytes	Cathepsin A (WBC) [Catalytic activity/Mass]		Lysosomal Protective Protein
16563-9	Cathepsin D Ag	CHEM		ACTIVE	Cathepsin D Ag SFr SerPl	Cathepsin D Ag in Serum or Plasma	Cathepsin D Ag [Molar fraction]		CTG
25833-5	Cerebroside sulfatase activator	CHEM		ACTIVE	Cerebro Sulfatase Act Fib-Imp	Cerebroside sulfatase activator [Interpretation] in Fibroblast	Cerebroside sulfatase activator (Fibroblast) [Interp]		Saposin b
25833-5	Cerebroside sulfatase activator	CHEM		ACTIVE	Cerebro Sulfatase Act Fib-Imp	Cerebroside sulfatase activator [Interpretation] in Fibroblast	Cerebroside sulfatase activator (Fibroblast) [Interp]		Cerebro Sulfatase Act
102090-8	Ceruloplasmin	CHEM		ACTIVE	Ceruloplasmin 24h Ur-mCnc	Ceruloplasmin [Mass/volume] in 24 hour Urine	Ceruloplasmin (24H U) [Mass/Vol]		Cp
102090-8	Ceruloplasmin	CHEM		ACTIVE	Ceruloplasmin 24h Ur-mCnc	Ceruloplasmin [Mass/volume] in 24 hour Urine	Ceruloplasmin (24H U) [Mass/Vol]		Copper oxidase
102090-8	Ceruloplasmin	CHEM		ACTIVE	Ceruloplasmin 24h Ur-mCnc	Ceruloplasmin [Mass/volume] in 24 hour Urine	Ceruloplasmin (24H U) [Mass/Vol]		Ferroxidase
102090-8	Ceruloplasmin	CHEM		ACTIVE	Ceruloplasmin 24h Ur-mCnc	Ceruloplasmin [Mass/volume] in 24 hour Urine	Ceruloplasmin (24H U) [Mass/Vol]		Caeruloplasmin
98108-4	Chemokine (C-C motif) ligand 11	CHEM		ACTIVE	CCL11 SerPl-mCnc	Chemokine (C-C motif) ligand 11 [Mass/volume] in Serum or Plasma	Chemokine (C-C motif) ligand 11 [Mass/Vol]		Eosinophil chemotactic protein
98108-4	Chemokine (C-C motif) ligand 11	CHEM		ACTIVE	CCL11 SerPl-mCnc	Chemokine (C-C motif) ligand 11 [Mass/volume] in Serum or Plasma	Chemokine (C-C motif) ligand 11 [Mass/Vol]		CCL11
98108-4	Chemokine (C-C motif) ligand 11	CHEM		ACTIVE	CCL11 SerPl-mCnc	Chemokine (C-C motif) ligand 11 [Mass/volume] in Serum or Plasma	Chemokine (C-C motif) ligand 11 [Mass/Vol]		Eotaxin
98108-4	Chemokine (C-C motif) ligand 11	CHEM		ACTIVE	CCL11 SerPl-mCnc	Chemokine (C-C motif) ligand 11 [Mass/volume] in Serum or Plasma	Chemokine (C-C motif) ligand 11 [Mass/Vol]		C-C motif chemokine 11
98108-4	Chemokine (C-C motif) ligand 11	CHEM		ACTIVE	CCL11 SerPl-mCnc	Chemokine (C-C motif) ligand 11 [Mass/volume] in Serum or Plasma	Chemokine (C-C motif) ligand 11 [Mass/Vol]		Eotaxin-1
98108-4	Chemokine (C-C motif) ligand 11	CHEM		ACTIVE	CCL11 SerPl-mCnc	Chemokine (C-C motif) ligand 11 [Mass/volume] in Serum or Plasma	Chemokine (C-C motif) ligand 11 [Mass/Vol]		Small-inducible cytokine A11
101153-5	Chemokine (C-C motif) ligand 14	CHEM		ACTIVE	CCL14 Ur IA-mCnc	Chemokine (C-C motif) ligand 14 [Mass/volume] in Urine by Immunoassay	Chemokine (C-C motif) ligand 14 IA (U) [Mass/Vol]		CCL14
81786-6	Chemokine (C-C motif) ligand 17	CHEM		ACTIVE	CCL17 Ser IA-mCnc	Chemokine (C-C motif) ligand 17 [Mass/volume] in Serum by Immunoassay	Chemokine (C-C motif) ligand 17 IA (S) [Mass/Vol]		CCL17
74512-5	Chemokine (C-C motif) ligand 18	CHEM		ACTIVE	CCL18 Ser-mCnc	Chemokine (C-C motif) ligand 18 [Mass/volume] in Serum	Chemokine (C-C motif) ligand 18 (S) [Mass/Vol]		CCL18
97052-5	Chemokine (C-C motif) ligand 2	CHEM		ACTIVE	CCL2 SerPl-mCnc	Chemokine (C-C motif) ligand 2 [Mass/volume] in Serum or Plasma	Chemokine (C-C motif) ligand 2 [Mass/Vol]		Monocyte Chemotactic Protein 1
97052-5	Chemokine (C-C motif) ligand 2	CHEM		ACTIVE	CCL2 SerPl-mCnc	Chemokine (C-C motif) ligand 2 [Mass/volume] in Serum or Plasma	Chemokine (C-C motif) ligand 2 [Mass/Vol]		MCP1
97052-5	Chemokine (C-C motif) ligand 2	CHEM		ACTIVE	CCL2 SerPl-mCnc	Chemokine (C-C motif) ligand 2 [Mass/volume] in Serum or Plasma	Chemokine (C-C motif) ligand 2 [Mass/Vol]		MCP-1
97052-5	Chemokine (C-C motif) ligand 2	CHEM		ACTIVE	CCL2 SerPl-mCnc	Chemokine (C-C motif) ligand 2 [Mass/volume] in Serum or Plasma	Chemokine (C-C motif) ligand 2 [Mass/Vol]		Chemotactic Protein-1, Monocyte
97052-5	Chemokine (C-C motif) ligand 2	CHEM		ACTIVE	CCL2 SerPl-mCnc	Chemokine (C-C motif) ligand 2 [Mass/volume] in Serum or Plasma	Chemokine (C-C motif) ligand 2 [Mass/Vol]		Monocyte Chemoattractant Protein 1
97052-5	Chemokine (C-C motif) ligand 2	CHEM		ACTIVE	CCL2 SerPl-mCnc	Chemokine (C-C motif) ligand 2 [Mass/volume] in Serum or Plasma	Chemokine (C-C motif) ligand 2 [Mass/Vol]		MCP-1/CCL2
97052-5	Chemokine (C-C motif) ligand 2	CHEM		ACTIVE	CCL2 SerPl-mCnc	Chemokine (C-C motif) ligand 2 [Mass/volume] in Serum or Plasma	Chemokine (C-C motif) ligand 2 [Mass/Vol]		C-C motif chemokine ligand 2
97052-5	Chemokine (C-C motif) ligand 2	CHEM		ACTIVE	CCL2 SerPl-mCnc	Chemokine (C-C motif) ligand 2 [Mass/volume] in Serum or Plasma	Chemokine (C-C motif) ligand 2 [Mass/Vol]		Chemokine (C-C motif) ligand 2
97052-5	Chemokine (C-C motif) ligand 2	CHEM		ACTIVE	CCL2 SerPl-mCnc	Chemokine (C-C motif) ligand 2 [Mass/volume] in Serum or Plasma	Chemokine (C-C motif) ligand 2 [Mass/Vol]		CCL2
98112-6	Chemokine (C-C motif) ligand 20	CHEM		ACTIVE	CCL20 SerPl-mCnc	Chemokine (C-C motif) ligand 20 [Mass/volume] in Serum or Plasma	Chemokine (C-C motif) ligand 20 [Mass/Vol]		Macrophage inflammatory protein 3 alpha
98112-6	Chemokine (C-C motif) ligand 20	CHEM		ACTIVE	CCL20 SerPl-mCnc	Chemokine (C-C motif) ligand 20 [Mass/volume] in Serum or Plasma	Chemokine (C-C motif) ligand 20 [Mass/Vol]		Small-inducible cytokine A20
98112-6	Chemokine (C-C motif) ligand 20	CHEM		ACTIVE	CCL20 SerPl-mCnc	Chemokine (C-C motif) ligand 20 [Mass/volume] in Serum or Plasma	Chemokine (C-C motif) ligand 20 [Mass/Vol]		C-C motif chemokine 20
98112-6	Chemokine (C-C motif) ligand 20	CHEM		ACTIVE	CCL20 SerPl-mCnc	Chemokine (C-C motif) ligand 20 [Mass/volume] in Serum or Plasma	Chemokine (C-C motif) ligand 20 [Mass/Vol]		CC chemokine LARC
98112-6	Chemokine (C-C motif) ligand 20	CHEM		ACTIVE	CCL20 SerPl-mCnc	Chemokine (C-C motif) ligand 20 [Mass/volume] in Serum or Plasma	Chemokine (C-C motif) ligand 20 [Mass/Vol]		Beta-chemokine exodus-1
98112-6	Chemokine (C-C motif) ligand 20	CHEM		ACTIVE	CCL20 SerPl-mCnc	Chemokine (C-C motif) ligand 20 [Mass/volume] in Serum or Plasma	Chemokine (C-C motif) ligand 20 [Mass/Vol]		CCL20
98112-6	Chemokine (C-C motif) ligand 20	CHEM		ACTIVE	CCL20 SerPl-mCnc	Chemokine (C-C motif) ligand 20 [Mass/volume] in Serum or Plasma	Chemokine (C-C motif) ligand 20 [Mass/Vol]		LARC
98112-6	Chemokine (C-C motif) ligand 20	CHEM		ACTIVE	CCL20 SerPl-mCnc	Chemokine (C-C motif) ligand 20 [Mass/volume] in Serum or Plasma	Chemokine (C-C motif) ligand 20 [Mass/Vol]		Liver and activation-regulated chemokine
98112-6	Chemokine (C-C motif) ligand 20	CHEM		ACTIVE	CCL20 SerPl-mCnc	Chemokine (C-C motif) ligand 20 [Mass/volume] in Serum or Plasma	Chemokine (C-C motif) ligand 20 [Mass/Vol]		MIP-3-alpha
103784-5	Chemokine (C-C motif) ligand 26	CHEM		ACTIVE	CCL26 SerPl IA-mCnc	Chemokine (C-C motif) ligand 26 [Mass/volume] in Serum or Plasma by Immunoassay	Chemokine (C-C motif) ligand 26 IA [Mass/Vol]		Macrophage inflammatory protein -4
103784-5	Chemokine (C-C motif) ligand 26	CHEM		ACTIVE	CCL26 SerPl IA-mCnc	Chemokine (C-C motif) ligand 26 [Mass/volume] in Serum or Plasma by Immunoassay	Chemokine (C-C motif) ligand 26 IA [Mass/Vol]		CCL26
103784-5	Chemokine (C-C motif) ligand 26	CHEM		ACTIVE	CCL26 SerPl IA-mCnc	Chemokine (C-C motif) ligand 26 [Mass/volume] in Serum or Plasma by Immunoassay	Chemokine (C-C motif) ligand 26 IA [Mass/Vol]		CC chemokine IMAC
103784-5	Chemokine (C-C motif) ligand 26	CHEM		ACTIVE	CCL26 SerPl IA-mCnc	Chemokine (C-C motif) ligand 26 [Mass/volume] in Serum or Plasma by Immunoassay	Chemokine (C-C motif) ligand 26 IA [Mass/Vol]		C-C motif chemokine 26
98116-7	Chemokine (C-C motif) ligand 27	CHEM		ACTIVE	CCL27 SerPl-mCnc	Chemokine (C-C motif) ligand 27 [Mass/volume] in Serum or Plasma	Chemokine (C-C motif) ligand 27 [Mass/Vol]		CCL27
98116-7	Chemokine (C-C motif) ligand 27	CHEM		ACTIVE	CCL27 SerPl-mCnc	Chemokine (C-C motif) ligand 27 [Mass/volume] in Serum or Plasma	Chemokine (C-C motif) ligand 27 [Mass/Vol]		Cutaneous T-cell -attracting chemokine
98116-7	Chemokine (C-C motif) ligand 27	CHEM		ACTIVE	CCL27 SerPl-mCnc	Chemokine (C-C motif) ligand 27 [Mass/volume] in Serum or Plasma	Chemokine (C-C motif) ligand 27 [Mass/Vol]		CTACK
98116-7	Chemokine (C-C motif) ligand 27	CHEM		ACTIVE	CCL27 SerPl-mCnc	Chemokine (C-C motif) ligand 27 [Mass/volume] in Serum or Plasma	Chemokine (C-C motif) ligand 27 [Mass/Vol]		CC chemokine ILC
98116-7	Chemokine (C-C motif) ligand 27	CHEM		ACTIVE	CCL27 SerPl-mCnc	Chemokine (C-C motif) ligand 27 [Mass/volume] in Serum or Plasma	Chemokine (C-C motif) ligand 27 [Mass/Vol]		Small-inducible cytokine A27
98116-7	Chemokine (C-C motif) ligand 27	CHEM		ACTIVE	CCL27 SerPl-mCnc	Chemokine (C-C motif) ligand 27 [Mass/volume] in Serum or Plasma	Chemokine (C-C motif) ligand 27 [Mass/Vol]		Skinkine
98116-7	Chemokine (C-C motif) ligand 27	CHEM		ACTIVE	CCL27 SerPl-mCnc	Chemokine (C-C motif) ligand 27 [Mass/volume] in Serum or Plasma	Chemokine (C-C motif) ligand 27 [Mass/Vol]		IL-11 R-alpha-locus chemokine
98116-7	Chemokine (C-C motif) ligand 27	CHEM		ACTIVE	CCL27 SerPl-mCnc	Chemokine (C-C motif) ligand 27 [Mass/volume] in Serum or Plasma	Chemokine (C-C motif) ligand 27 [Mass/Vol]		C-C motif chemokine 27
98116-7	Chemokine (C-C motif) ligand 27	CHEM		ACTIVE	CCL27 SerPl-mCnc	Chemokine (C-C motif) ligand 27 [Mass/volume] in Serum or Plasma	Chemokine (C-C motif) ligand 27 [Mass/Vol]		ESkine
98111-8	Chemokine (C-C motif) ligand 4	CHEM		ACTIVE	CCL4 SerPl-mCnc	Chemokine (C-C motif) ligand 4 [Mass/volume] in Serum or Plasma	Chemokine (C-C motif) ligand 4 [Mass/Vol]		MIP-1-beta
98111-8	Chemokine (C-C motif) ligand 4	CHEM		ACTIVE	CCL4 SerPl-mCnc	Chemokine (C-C motif) ligand 4 [Mass/volume] in Serum or Plasma	Chemokine (C-C motif) ligand 4 [Mass/Vol]		MIP-1-beta(1-69)
98111-8	Chemokine (C-C motif) ligand 4	CHEM		ACTIVE	CCL4 SerPl-mCnc	Chemokine (C-C motif) ligand 4 [Mass/volume] in Serum or Plasma	Chemokine (C-C motif) ligand 4 [Mass/Vol]		PAT 744
98111-8	Chemokine (C-C motif) ligand 4	CHEM		ACTIVE	CCL4 SerPl-mCnc	Chemokine (C-C motif) ligand 4 [Mass/volume] in Serum or Plasma	Chemokine (C-C motif) ligand 4 [Mass/Vol]		Protein H400
98111-8	Chemokine (C-C motif) ligand 4	CHEM		ACTIVE	CCL4 SerPl-mCnc	Chemokine (C-C motif) ligand 4 [Mass/volume] in Serum or Plasma	Chemokine (C-C motif) ligand 4 [Mass/Vol]		SIS-gamma
98111-8	Chemokine (C-C motif) ligand 4	CHEM		ACTIVE	CCL4 SerPl-mCnc	Chemokine (C-C motif) ligand 4 [Mass/volume] in Serum or Plasma	Chemokine (C-C motif) ligand 4 [Mass/Vol]		T-cell activation protein 2
98111-8	Chemokine (C-C motif) ligand 4	CHEM		ACTIVE	CCL4 SerPl-mCnc	Chemokine (C-C motif) ligand 4 [Mass/volume] in Serum or Plasma	Chemokine (C-C motif) ligand 4 [Mass/Vol]		Small-inducible cytokine A4
98111-8	Chemokine (C-C motif) ligand 4	CHEM		ACTIVE	CCL4 SerPl-mCnc	Chemokine (C-C motif) ligand 4 [Mass/volume] in Serum or Plasma	Chemokine (C-C motif) ligand 4 [Mass/Vol]		ACT-2
98111-8	Chemokine (C-C motif) ligand 4	CHEM		ACTIVE	CCL4 SerPl-mCnc	Chemokine (C-C motif) ligand 4 [Mass/volume] in Serum or Plasma	Chemokine (C-C motif) ligand 4 [Mass/Vol]		C-C motif chemokine 4
98111-8	Chemokine (C-C motif) ligand 4	CHEM		ACTIVE	CCL4 SerPl-mCnc	Chemokine (C-C motif) ligand 4 [Mass/volume] in Serum or Plasma	Chemokine (C-C motif) ligand 4 [Mass/Vol]		CCL4
98111-8	Chemokine (C-C motif) ligand 4	CHEM		ACTIVE	CCL4 SerPl-mCnc	Chemokine (C-C motif) ligand 4 [Mass/volume] in Serum or Plasma	Chemokine (C-C motif) ligand 4 [Mass/Vol]		G-26 T-lymphocyte-secreted protein
98111-8	Chemokine (C-C motif) ligand 4	CHEM		ACTIVE	CCL4 SerPl-mCnc	Chemokine (C-C motif) ligand 4 [Mass/volume] in Serum or Plasma	Chemokine (C-C motif) ligand 4 [Mass/Vol]		HC21
98111-8	Chemokine (C-C motif) ligand 4	CHEM		ACTIVE	CCL4 SerPl-mCnc	Chemokine (C-C motif) ligand 4 [Mass/volume] in Serum or Plasma	Chemokine (C-C motif) ligand 4 [Mass/Vol]		LAG-1
98111-8	Chemokine (C-C motif) ligand 4	CHEM		ACTIVE	CCL4 SerPl-mCnc	Chemokine (C-C motif) ligand 4 [Mass/volume] in Serum or Plasma	Chemokine (C-C motif) ligand 4 [Mass/Vol]		Lymphocyte activation gene 1 protein
98111-8	Chemokine (C-C motif) ligand 4	CHEM		ACTIVE	CCL4 SerPl-mCnc	Chemokine (C-C motif) ligand 4 [Mass/volume] in Serum or Plasma	Chemokine (C-C motif) ligand 4 [Mass/Vol]		Macrophage inflammatory protein 1-beta
98113-4	Chemokine (C-C motif) ligand 5	CHEM		ACTIVE	CCL5 SerPl-mCnc	Chemokine (C-C motif) ligand 5 [Mass/volume] in Serum or Plasma	Chemokine (C-C motif) ligand 5 [Mass/Vol]		Small-inducible cytokine A5
98113-4	Chemokine (C-C motif) ligand 5	CHEM		ACTIVE	CCL5 SerPl-mCnc	Chemokine (C-C motif) ligand 5 [Mass/volume] in Serum or Plasma	Chemokine (C-C motif) ligand 5 [Mass/Vol]		C-C motif chemokine 5
98113-4	Chemokine (C-C motif) ligand 5	CHEM		ACTIVE	CCL5 SerPl-mCnc	Chemokine (C-C motif) ligand 5 [Mass/volume] in Serum or Plasma	Chemokine (C-C motif) ligand 5 [Mass/Vol]		CCL5
98113-4	Chemokine (C-C motif) ligand 5	CHEM		ACTIVE	CCL5 SerPl-mCnc	Chemokine (C-C motif) ligand 5 [Mass/volume] in Serum or Plasma	Chemokine (C-C motif) ligand 5 [Mass/Vol]		EoCP
98113-4	Chemokine (C-C motif) ligand 5	CHEM		ACTIVE	CCL5 SerPl-mCnc	Chemokine (C-C motif) ligand 5 [Mass/volume] in Serum or Plasma	Chemokine (C-C motif) ligand 5 [Mass/Vol]		Eosinophil chemotactic cytokine
98113-4	Chemokine (C-C motif) ligand 5	CHEM		ACTIVE	CCL5 SerPl-mCnc	Chemokine (C-C motif) ligand 5 [Mass/volume] in Serum or Plasma	Chemokine (C-C motif) ligand 5 [Mass/Vol]		RANTES
98113-4	Chemokine (C-C motif) ligand 5	CHEM		ACTIVE	CCL5 SerPl-mCnc	Chemokine (C-C motif) ligand 5 [Mass/volume] in Serum or Plasma	Chemokine (C-C motif) ligand 5 [Mass/Vol]		SIS-delta
98113-4	Chemokine (C-C motif) ligand 5	CHEM		ACTIVE	CCL5 SerPl-mCnc	Chemokine (C-C motif) ligand 5 [Mass/volume] in Serum or Plasma	Chemokine (C-C motif) ligand 5 [Mass/Vol]		T cell-specific protein P228
98113-4	Chemokine (C-C motif) ligand 5	CHEM		ACTIVE	CCL5 SerPl-mCnc	Chemokine (C-C motif) ligand 5 [Mass/volume] in Serum or Plasma	Chemokine (C-C motif) ligand 5 [Mass/Vol]		T-cell-specific protein RANTES
98113-4	Chemokine (C-C motif) ligand 5	CHEM		ACTIVE	CCL5 SerPl-mCnc	Chemokine (C-C motif) ligand 5 [Mass/volume] in Serum or Plasma	Chemokine (C-C motif) ligand 5 [Mass/Vol]		TCP228
98110-0	Chemokine (C-C motif) ligand 7	CHEM		ACTIVE	CCL7 SerPl-mCnc	Chemokine (C-C motif) ligand 7 [Mass/volume] in Serum or Plasma	Chemokine (C-C motif) ligand 7 [Mass/Vol]		MCP-3
98110-0	Chemokine (C-C motif) ligand 7	CHEM		ACTIVE	CCL7 SerPl-mCnc	Chemokine (C-C motif) ligand 7 [Mass/volume] in Serum or Plasma	Chemokine (C-C motif) ligand 7 [Mass/Vol]		CCL7
98110-0	Chemokine (C-C motif) ligand 7	CHEM		ACTIVE	CCL7 SerPl-mCnc	Chemokine (C-C motif) ligand 7 [Mass/volume] in Serum or Plasma	Chemokine (C-C motif) ligand 7 [Mass/Vol]		Monocyte chemotactic protein 3
98110-0	Chemokine (C-C motif) ligand 7	CHEM		ACTIVE	CCL7 SerPl-mCnc	Chemokine (C-C motif) ligand 7 [Mass/volume] in Serum or Plasma	Chemokine (C-C motif) ligand 7 [Mass/Vol]		NC28
98110-0	Chemokine (C-C motif) ligand 7	CHEM		ACTIVE	CCL7 SerPl-mCnc	Chemokine (C-C motif) ligand 7 [Mass/volume] in Serum or Plasma	Chemokine (C-C motif) ligand 7 [Mass/Vol]		Small-inducible cytokine A7
98110-0	Chemokine (C-C motif) ligand 7	CHEM		ACTIVE	CCL7 SerPl-mCnc	Chemokine (C-C motif) ligand 7 [Mass/volume] in Serum or Plasma	Chemokine (C-C motif) ligand 7 [Mass/Vol]		Monocyte chemoattractant protein 3
98110-0	Chemokine (C-C motif) ligand 7	CHEM		ACTIVE	CCL7 SerPl-mCnc	Chemokine (C-C motif) ligand 7 [Mass/volume] in Serum or Plasma	Chemokine (C-C motif) ligand 7 [Mass/Vol]		C-C motif chemokine 7
98109-2	Chemokine (C-C motif) ligand 8	CHEM		ACTIVE	CCL8 SerPl-mCnc	Chemokine (C-C motif) ligand 8 [Mass/volume] in Serum or Plasma	Chemokine (C-C motif) ligand 8 [Mass/Vol]		CCL8
98109-2	Chemokine (C-C motif) ligand 8	CHEM		ACTIVE	CCL8 SerPl-mCnc	Chemokine (C-C motif) ligand 8 [Mass/volume] in Serum or Plasma	Chemokine (C-C motif) ligand 8 [Mass/Vol]		Small-inducible cytokine A8
98109-2	Chemokine (C-C motif) ligand 8	CHEM		ACTIVE	CCL8 SerPl-mCnc	Chemokine (C-C motif) ligand 8 [Mass/volume] in Serum or Plasma	Chemokine (C-C motif) ligand 8 [Mass/Vol]		Monocyte chemotactic protein 2
98109-2	Chemokine (C-C motif) ligand 8	CHEM		ACTIVE	CCL8 SerPl-mCnc	Chemokine (C-C motif) ligand 8 [Mass/volume] in Serum or Plasma	Chemokine (C-C motif) ligand 8 [Mass/Vol]		Monocyte chemoattractant protein 2
98109-2	Chemokine (C-C motif) ligand 8	CHEM		ACTIVE	CCL8 SerPl-mCnc	Chemokine (C-C motif) ligand 8 [Mass/volume] in Serum or Plasma	Chemokine (C-C motif) ligand 8 [Mass/Vol]		MCP-2
98109-2	Chemokine (C-C motif) ligand 8	CHEM		ACTIVE	CCL8 SerPl-mCnc	Chemokine (C-C motif) ligand 8 [Mass/volume] in Serum or Plasma	Chemokine (C-C motif) ligand 8 [Mass/Vol]		HC14
98109-2	Chemokine (C-C motif) ligand 8	CHEM		ACTIVE	CCL8 SerPl-mCnc	Chemokine (C-C motif) ligand 8 [Mass/volume] in Serum or Plasma	Chemokine (C-C motif) ligand 8 [Mass/Vol]		C-C motif chemokine 8
107481-4	Chemokine (C-X3-C motif) ligand 1	CHEM		ACTIVE	CX3CL1 CSF-mCnc	Chemokine (C-X3-C motif) ligand 1 [Mass/volume] in Cerebrospinal Fluid	Chemokine (C-X3-C motif) ligand 1 (CSF) [Mass/Vol]		CX3CL1
107481-4	Chemokine (C-X3-C motif) ligand 1	CHEM		ACTIVE	CX3CL1 CSF-mCnc	Chemokine (C-X3-C motif) ligand 1 [Mass/volume] in Cerebrospinal Fluid	Chemokine (C-X3-C motif) ligand 1 (CSF) [Mass/Vol]		Fractalkine
98237-1	Chemokine (C-X-C motif) ligand 1	CHEM		ACTIVE	CXCL1 SerPl-mCnc	Chemokine (C-X-C motif) ligand 1 [Mass/volume] in Serum or Plasma	Chemokine (C-X-C motif) ligand 1 [Mass/Vol]		Growth-regulated alpha protein
98237-1	Chemokine (C-X-C motif) ligand 1	CHEM		ACTIVE	CXCL1 SerPl-mCnc	Chemokine (C-X-C motif) ligand 1 [Mass/volume] in Serum or Plasma	Chemokine (C-X-C motif) ligand 1 [Mass/Vol]		Melanoma growth stimulatory activity
98237-1	Chemokine (C-X-C motif) ligand 1	CHEM		ACTIVE	CXCL1 SerPl-mCnc	Chemokine (C-X-C motif) ligand 1 [Mass/volume] in Serum or Plasma	Chemokine (C-X-C motif) ligand 1 [Mass/Vol]		Neutrophil-activating protein 3
98237-1	Chemokine (C-X-C motif) ligand 1	CHEM		ACTIVE	CXCL1 SerPl-mCnc	Chemokine (C-X-C motif) ligand 1 [Mass/volume] in Serum or Plasma	Chemokine (C-X-C motif) ligand 1 [Mass/Vol]		C-X-C motif chemokine 1
98237-1	Chemokine (C-X-C motif) ligand 1	CHEM		ACTIVE	CXCL1 SerPl-mCnc	Chemokine (C-X-C motif) ligand 1 [Mass/volume] in Serum or Plasma	Chemokine (C-X-C motif) ligand 1 [Mass/Vol]		CXCL1
98237-1	Chemokine (C-X-C motif) ligand 1	CHEM		ACTIVE	CXCL1 SerPl-mCnc	Chemokine (C-X-C motif) ligand 1 [Mass/volume] in Serum or Plasma	Chemokine (C-X-C motif) ligand 1 [Mass/Vol]		MGSA
98237-1	Chemokine (C-X-C motif) ligand 1	CHEM		ACTIVE	CXCL1 SerPl-mCnc	Chemokine (C-X-C motif) ligand 1 [Mass/volume] in Serum or Plasma	Chemokine (C-X-C motif) ligand 1 [Mass/Vol]		GRO-alpha
98237-1	Chemokine (C-X-C motif) ligand 1	CHEM		ACTIVE	CXCL1 SerPl-mCnc	Chemokine (C-X-C motif) ligand 1 [Mass/volume] in Serum or Plasma	Chemokine (C-X-C motif) ligand 1 [Mass/Vol]		NAP-3
98237-1	Chemokine (C-X-C motif) ligand 1	CHEM		ACTIVE	CXCL1 SerPl-mCnc	Chemokine (C-X-C motif) ligand 1 [Mass/volume] in Serum or Plasma	Chemokine (C-X-C motif) ligand 1 [Mass/Vol]		GRO-alpha(1-73)
98102-7	Chemokine (C-X-C motif) ligand 10	CHEM		ACTIVE	CXCL10 SerPlBld-mCnc	Chemokine (C-X-C motif) ligand 10 [Mass/volume] in Serum, Plasma or Blood	Chemokine (C-X-C motif) ligand 10 (S/P/Bld) [Mass/Vol]		IP-10
98102-7	Chemokine (C-X-C motif) ligand 10	CHEM		ACTIVE	CXCL10 SerPlBld-mCnc	Chemokine (C-X-C motif) ligand 10 [Mass/volume] in Serum, Plasma or Blood	Chemokine (C-X-C motif) ligand 10 (S/P/Bld) [Mass/Vol]		10 kDa interferon gamma-induced protein
98102-7	Chemokine (C-X-C motif) ligand 10	CHEM		ACTIVE	CXCL10 SerPlBld-mCnc	Chemokine (C-X-C motif) ligand 10 [Mass/volume] in Serum, Plasma or Blood	Chemokine (C-X-C motif) ligand 10 (S/P/Bld) [Mass/Vol]		C-X-C motif chemokine 10
98102-7	Chemokine (C-X-C motif) ligand 10	CHEM		ACTIVE	CXCL10 SerPlBld-mCnc	Chemokine (C-X-C motif) ligand 10 [Mass/volume] in Serum, Plasma or Blood	Chemokine (C-X-C motif) ligand 10 (S/P/Bld) [Mass/Vol]		CXCL10
98102-7	Chemokine (C-X-C motif) ligand 10	CHEM		ACTIVE	CXCL10 SerPlBld-mCnc	Chemokine (C-X-C motif) ligand 10 [Mass/volume] in Serum, Plasma or Blood	Chemokine (C-X-C motif) ligand 10 (S/P/Bld) [Mass/Vol]		Gamma-IP10
98102-7	Chemokine (C-X-C motif) ligand 10	CHEM		ACTIVE	CXCL10 SerPlBld-mCnc	Chemokine (C-X-C motif) ligand 10 [Mass/volume] in Serum, Plasma or Blood	Chemokine (C-X-C motif) ligand 10 (S/P/Bld) [Mass/Vol]		Small-inducible cytokine B10
98115-9	Chemokine (C-X-C motif) ligand 9	CHEM		ACTIVE	CXCL9 SerPl-mCnc	Chemokine (C-X-C motif) ligand 9 [Mass/volume] in Serum or Plasma	Chemokine (C-X-C motif) ligand 9 [Mass/Vol]		HuMIG
98115-9	Chemokine (C-X-C motif) ligand 9	CHEM		ACTIVE	CXCL9 SerPl-mCnc	Chemokine (C-X-C motif) ligand 9 [Mass/volume] in Serum or Plasma	Chemokine (C-X-C motif) ligand 9 [Mass/Vol]		MIG
98115-9	Chemokine (C-X-C motif) ligand 9	CHEM		ACTIVE	CXCL9 SerPl-mCnc	Chemokine (C-X-C motif) ligand 9 [Mass/volume] in Serum or Plasma	Chemokine (C-X-C motif) ligand 9 [Mass/Vol]		Monokine induced by interferon-gamma
98115-9	Chemokine (C-X-C motif) ligand 9	CHEM		ACTIVE	CXCL9 SerPl-mCnc	Chemokine (C-X-C motif) ligand 9 [Mass/volume] in Serum or Plasma	Chemokine (C-X-C motif) ligand 9 [Mass/Vol]		Small-inducible cytokine B9
98115-9	Chemokine (C-X-C motif) ligand 9	CHEM		ACTIVE	CXCL9 SerPl-mCnc	Chemokine (C-X-C motif) ligand 9 [Mass/volume] in Serum or Plasma	Chemokine (C-X-C motif) ligand 9 [Mass/Vol]		C-X-C motif chemokine 9
98115-9	Chemokine (C-X-C motif) ligand 9	CHEM		ACTIVE	CXCL9 SerPl-mCnc	Chemokine (C-X-C motif) ligand 9 [Mass/volume] in Serum or Plasma	Chemokine (C-X-C motif) ligand 9 [Mass/Vol]		CXCL9
98115-9	Chemokine (C-X-C motif) ligand 9	CHEM		ACTIVE	CXCL9 SerPl-mCnc	Chemokine (C-X-C motif) ligand 9 [Mass/volume] in Serum or Plasma	Chemokine (C-X-C motif) ligand 9 [Mass/Vol]		Gamma-interferon-induced monokine
103710-0	Chenodeoxycholate+Cholate/Bile acid.total	CHEM		ACTIVE	CDCA+CA SFr Stl	Chenodeoxycholate+Cholate/Bile acid.total in Stool	Chenodeoxycholate+Cholate/Total bile acid (Stl) [Molar fraction]		Chenodeoxycholic acid
103710-0	Chenodeoxycholate+Cholate/Bile acid.total	CHEM		ACTIVE	CDCA+CA SFr Stl	Chenodeoxycholate+Cholate/Bile acid.total in Stool	Chenodeoxycholate+Cholate/Total bile acid (Stl) [Molar fraction]		Substance Fraction
103710-0	Chenodeoxycholate+Cholate/Bile acid.total	CHEM		ACTIVE	CDCA+CA SFr Stl	Chenodeoxycholate+Cholate/Bile acid.total in Stool	Chenodeoxycholate+Cholate/Total bile acid (Stl) [Molar fraction]		Bile acid.total
103710-0	Chenodeoxycholate+Cholate/Bile acid.total	CHEM		ACTIVE	CDCA+CA SFr Stl	Chenodeoxycholate+Cholate/Bile acid.total in Stool	Chenodeoxycholate+Cholate/Total bile acid (Stl) [Molar fraction]		CDCAe
103710-0	Chenodeoxycholate+Cholate/Bile acid.total	CHEM		ACTIVE	CDCA+CA SFr Stl	Chenodeoxycholate+Cholate/Bile acid.total in Stool	Chenodeoxycholate+Cholate/Total bile acid (Stl) [Molar fraction]		Cholic acid
103710-0	Chenodeoxycholate+Cholate/Bile acid.total	CHEM		ACTIVE	CDCA+CA SFr Stl	Chenodeoxycholate+Cholate/Bile acid.total in Stool	Chenodeoxycholate+Cholate/Total bile acid (Stl) [Molar fraction]		Bile salt
103710-0	Chenodeoxycholate+Cholate/Bile acid.total	CHEM		ACTIVE	CDCA+CA SFr Stl	Chenodeoxycholate+Cholate/Bile acid.total in Stool	Chenodeoxycholate+Cholate/Total bile acid (Stl) [Molar fraction]		CDCA
103710-0	Chenodeoxycholate+Cholate/Bile acid.total	CHEM		ACTIVE	CDCA+CA SFr Stl	Chenodeoxycholate+Cholate/Bile acid.total in Stool	Chenodeoxycholate+Cholate/Total bile acid (Stl) [Molar fraction]		CDCA+CA
2066-9	Chenodeoxycholylglycine	CHEM		ACTIVE	CDCG Ser-mCnc	Chenodeoxycholylglycine [Mass/volume] in Serum	Chenodeoxycholylglycine (S) [Mass/Vol]		CDCG
2067-7	Chenodeoxycholylglycine.conjugated	CHEM		DEPRECATED	Deprecated CDCG Conj Ser-mCnc	Deprecated Chenodeoxycholylglycine.conjugated [Mass/volume] in Serum	Chenodeoxycholylglycine (S) [Mass/Vol]		CDCG Conj
100745-9	Chloride	CHEM		ACTIVE	Chloride BldMV-sCnc	Chloride [Moles/volume] in Mixed venous blood	Chloride (BldMV) [Moles/Vol]		Blood - mixed venous
100745-9	Chloride	CHEM		ACTIVE	Chloride BldMV-sCnc	Chloride [Moles/volume] in Mixed venous blood	Chloride (BldMV) [Moles/Vol]		Cl-
100745-9	Chloride	CHEM		ACTIVE	Chloride BldMV-sCnc	Chloride [Moles/volume] in Mixed venous blood	Chloride (BldMV) [Moles/Vol]		Cl
100745-9	Chloride	CHEM		ACTIVE	Chloride BldMV-sCnc	Chloride [Moles/volume] in Mixed venous blood	Chloride (BldMV) [Moles/Vol]		Bld mixed venous
105009-5	Chloride.reabsorbed by renal tubules/Chloride.total filtered	CHEM		ACTIVE	Cl.reab ren tub/Cl.tot fil MFr Ur+SerPl	Chloride.reabsorbed by renal tubules/Chloride.total filtered in Urine and Serum or Plasma	Chloride.reabsorbed by renal tubules/Chloride.total filtered (U+S/P) [Mass fraction]		Cl.tot fil
105009-5	Chloride.reabsorbed by renal tubules/Chloride.total filtered	CHEM		ACTIVE	Cl.reab ren tub/Cl.tot fil MFr Ur+SerPl	Chloride.reabsorbed by renal tubules/Chloride.total filtered in Urine and Serum or Plasma	Chloride.reabsorbed by renal tubules/Chloride.total filtered (U+S/P) [Mass fraction]		Cl reab/Cl. tot filt
105009-5	Chloride.reabsorbed by renal tubules/Chloride.total filtered	CHEM		ACTIVE	Cl.reab ren tub/Cl.tot fil MFr Ur+SerPl	Chloride.reabsorbed by renal tubules/Chloride.total filtered in Urine and Serum or Plasma	Chloride.reabsorbed by renal tubules/Chloride.total filtered (U+S/P) [Mass fraction]		Cl.reab ren tub
1990-1	Cholecalciferol	CHEM	Vitamin D	ACTIVE	Vitamin D3 SerPl-mCnc	Cholecalciferol (Vit D3) [Mass/volume] in Serum or Plasma	Vitamin D3 [Mass/Vol]		Vitamin D3
1990-1	Cholecalciferol	CHEM	Vitamin D	ACTIVE	Vitamin D3 SerPl-mCnc	Cholecalciferol (Vit D3) [Mass/volume] in Serum or Plasma	Vitamin D3 [Mass/Vol]		Vit D3
1990-1	Cholecalciferol	CHEM	Vitamin D	ACTIVE	Vitamin D3 SerPl-mCnc	Cholecalciferol (Vit D3) [Mass/volume] in Serum or Plasma	Vitamin D3 [Mass/Vol]		Colecalciferol
1990-1	Cholecalciferol	CHEM	Vitamin D	ACTIVE	Vitamin D3 SerPl-mCnc	Cholecalciferol (Vit D3) [Mass/volume] in Serum or Plasma	Vitamin D3 [Mass/Vol]		Calciol
1990-1	Cholecalciferol	CHEM	Vitamin D	ACTIVE	Vitamin D3 SerPl-mCnc	Cholecalciferol (Vit D3) [Mass/volume] in Serum or Plasma	Vitamin D3 [Mass/Vol]		C27H43OH
2081-8	Cholecystokinin	CHEM		ACTIVE	CCK Plas-mCnc	Cholecystokinin [Mass/volume] in Plasma	Cholecystokinin (P) [Mass/Vol]		CCK-PZ
2081-8	Cholecystokinin	CHEM		ACTIVE	CCK Plas-mCnc	Cholecystokinin [Mass/volume] in Plasma	Cholecystokinin (P) [Mass/Vol]		CCK
2081-8	Cholecystokinin	CHEM		ACTIVE	CCK Plas-mCnc	Cholecystokinin [Mass/volume] in Plasma	Cholecystokinin (P) [Mass/Vol]		Pancreozymin
2082-6	Cholestanol	CHEM		ACTIVE	Cholestanol SerPl-mCnc	Cholestanol [Mass/volume] in Serum or Plasma	Cholestanol [Mass/Vol]		Dihydrocholesterol
16613-2	Cholesterol crystals	CHEM		ACTIVE	Cholest Cry Stone Ql IR	Cholesterol crystals [Presence] in Stone by Infrared spectroscopy	Cholesterol crystals Infrared spectroscopy Ql (Stone)		Cholest Cry
2083-4	Cholesterol esterase	CHEM		ACTIVE	Cholest Est Ser-cCnc	Cholesterol esterase [Enzymatic activity/volume] in Serum	Cholesterol esterase (S) [Catalytic activity/Vol]		Wolman/cholesterol ester storage disease
2083-4	Cholesterol esterase	CHEM		ACTIVE	Cholest Est Ser-cCnc	Cholesterol esterase [Enzymatic activity/volume] in Serum	Cholesterol esterase (S) [Catalytic activity/Vol]		Acid lipase
2083-4	Cholesterol esterase	CHEM		ACTIVE	Cholest Est Ser-cCnc	Cholesterol esterase [Enzymatic activity/volume] in Serum	Cholesterol esterase (S) [Catalytic activity/Vol]		CE
2083-4	Cholesterol esterase	CHEM		ACTIVE	Cholest Est Ser-cCnc	Cholesterol esterase [Enzymatic activity/volume] in Serum	Cholesterol esterase (S) [Catalytic activity/Vol]		Cholest Est
2083-4	Cholesterol esterase	CHEM		ACTIVE	Cholest Est Ser-cCnc	Cholesterol esterase [Enzymatic activity/volume] in Serum	Cholesterol esterase (S) [Catalytic activity/Vol]		lysosomal acid lipase
99061-4	Cholesterol.esterified actual/normal	CHEM	The percent of the patients esterified cholesterol result to the normal control result in fibroblasts is part of a diagnostic test for Niemann-Pick type C.	ACTIVE	Esterified Cholest Act/Nor Fib	Cholesterol.esterified actual/normal in Fibroblast	Cholesterol.esterified actual/normal (Fibroblast) [Rel units/Vol]		Esterified Cholest
2084-2	Cholesterol esters	CHEM		ACTIVE	Cholest Ester SerPl-mCnc	Cholesterol esters [Mass/volume] in Serum or Plasma	Cholesterol esters [Mass/Vol]		Cholest Ester
55839-5	Cholesterol ester transfer protein	CHEM		ACTIVE	Cholest est trnsfr prot SerPl-aCnc	Cholesterol ester transfer protein [Units/volume] in Serum or Plasma	Cholesterol ester transfer protein Qn		Cholest est trnsfr prot
55839-5	Cholesterol ester transfer protein	CHEM		ACTIVE	Cholest est trnsfr prot SerPl-aCnc	Cholesterol ester transfer protein [Units/volume] in Serum or Plasma	Cholesterol ester transfer protein Qn		CETP
34467-1	Cholesterol.in chylomicrons	CHEM		ACTIVE	Cholest in Chylo SerPl-mCnc	Cholesterol.in chylomicrons [Mass/volume] in Serum or Plasma	Cholesterol.in chylomicrons [Mass/Vol]		Cholest in Chylo
47221-7	Cholesterol.in HDL 1+2	CHEM		ACTIVE	HDL1+2c SerPl-mCnc	Cholesterol in HDL 1+2 [Mass/volume] in Serum or Plasma	Cholesterol in HDL 1+2 [Mass/Vol]		HDL1+2c
26015-8	Cholesterol.in HDL 2	CHEM		ACTIVE	HDL2c SerPl-sCnc	Cholesterol in HDL 2 [Moles/volume] in Serum or Plasma	Cholesterol in HDL 2 [Moles/Vol]		HDL2c
50409-2	Cholesterol.in HDL 2+3	CHEM		ACTIVE	HDL2+3c SerPl-mCnc	Cholesterol in HDL 2+3 [Mass/volume] in Serum or Plasma	Cholesterol in HDL 2+3 [Mass/Vol]		HDL2+3c
54467-6	Cholesterol.in HDL 2a/Cholesterol.in HDL.total	CHEM		ACTIVE	HDLc 2a MFr SerPl Elph	Cholesterol in HDL 2a/Cholesterol in total HDL in Serum or Plasma by Electrophoresis	Cholesterol in HDL 2a/Cholesterol in total HDL Elph [Mass fraction]		HDLc 2a
54468-4	Cholesterol.in HDL 2b/Cholesterol.in HDL.total	CHEM		ACTIVE	HDLc 2b MFr SerPl Elph	Cholesterol in HDL 2b/Cholesterol in total HDL in Serum or Plasma by Electrophoresis	Cholesterol in HDL 2b/Cholesterol in total HDL Elph [Mass fraction]		HDLc 2b
26017-4	Cholesterol.in HDL 3	CHEM		ACTIVE	HDL3c SerPl-sCnc	Cholesterol in HDL 3 [Moles/volume] in Serum or Plasma	Cholesterol in HDL 3 [Moles/Vol]		HDL3c
54469-2	Cholesterol.in HDL 3a/Cholesterol.in HDL.total	CHEM		ACTIVE	HDLc 3a MFr SerPl Elph	Cholesterol in HDL 3a/Cholesterol in total HDL in Serum or Plasma by Electrophoresis	Cholesterol in HDL 3a/Cholesterol in total HDL Elph [Mass fraction]		HDLc 3a
54470-0	Cholesterol.in HDL 3b/Cholesterol.in HDL.total	CHEM		ACTIVE	HDLc 3b MFr SerPl Elph	Cholesterol in HDL 3b/Cholesterol in total HDL in Serum or Plasma by Electrophoresis	Cholesterol in HDL 3b/Cholesterol in total HDL Elph [Mass fraction]		HDLc 3b
54471-8	Cholesterol.in HDL 3c/Cholesterol.in HDL.total	CHEM		ACTIVE	HDLc 3c MFr SerPl Elph	Cholesterol in HDL 3c/Cholesterol in total HDL in Serum or Plasma by Electrophoresis	Cholesterol in HDL 3c/Cholesterol in total HDL Elph [Mass fraction]		HDLc 3c
47220-9	Cholesterol.in HDL 4+5	CHEM		ACTIVE	HDL4+5c SerPl-mCnc	Cholesterol in HDL 4+5 [Mass/volume] in Serum or Plasma	Cholesterol in HDL 4+5 [Mass/Vol]		HDL4+5c
48090-5	Cholesterol.in HDL/Cholesterol.in HDL+Cholesterol.in VLDL	CHEM		ACTIVE	HDLc/HDLc+VLDLc SerPl-sRto	Cholesterol in HDL/Cholesterol in HDL+VLDL [Molar ratio] in Serum or Plasma	Cholesterol in HDL/Cholesterol in HDL+VLDL [Molar ratio]		HDLc+VLDLc
2087-5	Cholesterol.in IDL	CHEM		ACTIVE	IDLc SerPl-mCnc	Cholesterol in IDL [Mass/volume] in Serum or Plasma	Cholesterol in IDL [Mass/Vol]		IDLc
2087-5	Cholesterol.in IDL	CHEM		ACTIVE	IDLc SerPl-mCnc	Cholesterol in IDL [Mass/volume] in Serum or Plasma	Cholesterol in IDL [Mass/Vol]		Intermediate density lipoprotein cholesterols
2087-5	Cholesterol.in IDL	CHEM		ACTIVE	IDLc SerPl-mCnc	Cholesterol in IDL [Mass/volume] in Serum or Plasma	Cholesterol in IDL [Mass/Vol]		Beta VLDL
56134-0	Cholesterol.in IDL 1	CHEM		ACTIVE	IDL1c SerPl-sCnc	Cholesterol in IDL 1 [Moles/volume] in Serum or Plasma	Cholesterol in IDL 1 [Moles/Vol]		IDL1c
56135-7	Cholesterol.in IDL 2	CHEM		ACTIVE	IDL2c SerPl-sCnc	Cholesterol in IDL 2 [Moles/volume] in Serum or Plasma	Cholesterol in IDL 2 [Moles/Vol]		IDL2c
50194-0	Cholesterol.in IDL+Cholesterol.in VLDL 3	CHEM		ACTIVE	IDLc+VLDL3c SerPl-mCnc	Cholesterol in IDL+Cholesterol in VLDL 3 [Mass/volume] in Serum or Plasma	Cholesterol in IDL+Cholesterol in VLDL 3 [Mass/Vol]		IDLc+VLDL3c
18261-8	Cholesterol.in LDL	CHEM	This method is used to calculate LDL in specimens that have a triglyceride value greater that 400 mL/dL	ACTIVE	LDLc SerPl.Ultracent-mCnc	Cholesterol in LDL [Mass/volume] in Serum or Plasma ultracentrifugate	Cholesterol in LDL (S/P ultracentrifugate) [Mass/Vol]		SerPl.Ultracent
18261-8	Cholesterol.in LDL	CHEM	This method is used to calculate LDL in specimens that have a triglyceride value greater that 400 mL/dL	ACTIVE	LDLc SerPl.Ultracent-mCnc	Cholesterol in LDL [Mass/volume] in Serum or Plasma ultracentrifugate	Cholesterol in LDL (S/P ultracentrifugate) [Mass/Vol]		Serum or plasma, ultracentrifugate
55440-2	Cholesterol.in LDL	CHEM	Unlike "direct LDL" kits, the VAP method directly measures real LDL separately from Lp(a), IDL and VLDL.	ACTIVE	LDLc-R SerPl VAP-mCnc	Cholesterol.in LDL (real) [Mass/volume] in Serum or Plasma by VAP	Cholesterol in LDL VAP [Mass/Vol]		Real LDL
55440-2	Cholesterol.in LDL	CHEM	Unlike "direct LDL" kits, the VAP method directly measures real LDL separately from Lp(a), IDL and VLDL.	ACTIVE	LDLc-R SerPl VAP-mCnc	Cholesterol.in LDL (real) [Mass/volume] in Serum or Plasma by VAP	Cholesterol in LDL VAP [Mass/Vol]		LDLc-R
55440-2	Cholesterol.in LDL	CHEM	Unlike "direct LDL" kits, the VAP method directly measures real LDL separately from Lp(a), IDL and VLDL.	ACTIVE	LDLc-R SerPl VAP-mCnc	Cholesterol.in LDL (real) [Mass/volume] in Serum or Plasma by VAP	Cholesterol in LDL VAP [Mass/Vol]		LDL-R
96258-9	Cholesterol.in LDL	CHEM	The Martin-Hopkins method for calculating LDL cholesterol uses a variable value for the triglyceride adjustment factor, where the adjustment factor depends on the measured triglyceride and non-HDL cholesterol levels. The calculation used since the 1970s, called the Friedewald formula, uses a fixed adjustment factor of 5, which results in an inaccurate calculated LDL result when triglycerides are high or LDL-C levels are low. [PMID: 24240933]	ACTIVE	LDLc SerPl Mart-Hopk-sCnc	Cholesterol in LDL [Moles/volume] in Serum or Plasma by Calculated by Martin-Hopkins	Cholesterol in LDL Calculated by Martin-Hopkins [Moles/Vol]		Mart-Hopk
91105-7	Cholesterol.in LDL 1	CHEM		ACTIVE	LDL1c SerPl-mCnc	Cholesterol in LDL 1 [Mass/volume] in Serum or Plasma	Cholesterol in LDL 1 [Mass/Vol]		LDL1c
91106-5	Cholesterol.in LDL 2	CHEM		ACTIVE	LDL2c SerPl-mCnc	Cholesterol in LDL 2 [Mass/volume] in Serum or Plasma	Cholesterol in LDL 2 [Mass/Vol]		LDL2c
91107-3	Cholesterol.in LDL 3	CHEM		ACTIVE	LDL3c SerPl-mCnc	Cholesterol in LDL 3 [Mass/volume] in Serum or Plasma	Cholesterol in LDL 3 [Mass/Vol]		LDL3c
91108-1	Cholesterol.in LDL 4	CHEM		ACTIVE	LDL4c SerPl-mCnc	Cholesterol in LDL 4 [Mass/volume] in Serum or Plasma	Cholesterol in LDL 4 [Mass/Vol]		LDL4c
91109-9	Cholesterol.in LDL 5	CHEM		ACTIVE	LDL5c SerPl-mCnc	Cholesterol in LDL 5 [Mass/volume] in Serum or Plasma	Cholesterol in LDL 5 [Mass/Vol]		LDL5c
91110-7	Cholesterol.in LDL 6	CHEM		ACTIVE	LDL6c SerPl-mCnc	Cholesterol in LDL 6 [Mass/volume] in Serum or Plasma	Cholesterol in LDL 6 [Mass/Vol]		LDL6c
91111-5	Cholesterol.in LDL 7	CHEM		ACTIVE	LDL7c SerPl-mCnc	Cholesterol in LDL 7 [Mass/volume] in Serum or Plasma	Cholesterol in LDL 7 [Mass/Vol]		LDL7c
43394-6	Cholesterol.in LDL.acetylated	CHEM		ACTIVE	LDLc-Ac SerPl-mCnc	Cholesterol in LDL acylated [Mass/volume] in Serum or Plasma	Cholesterol in LDL acylated [Mass/Vol]		Ac-LDLc
43394-6	Cholesterol.in LDL.acetylated	CHEM		ACTIVE	LDLc-Ac SerPl-mCnc	Cholesterol in LDL acylated [Mass/volume] in Serum or Plasma	Cholesterol in LDL acylated [Mass/Vol]		LDLc-Ac
11054-4	Cholesterol.in LDL/Cholesterol.in HDL	CHEM		ACTIVE	LDLc/HDLc SerPl	Cholesterol in LDL/Cholesterol in HDL [Mass Ratio] in Serum or Plasma	Cholesterol in LDL/Cholesterol in HDL [Mass ratio]		TCHHDL
11054-4	Cholesterol.in LDL/Cholesterol.in HDL	CHEM		ACTIVE	LDLc/HDLc SerPl	Cholesterol in LDL/Cholesterol in HDL [Mass Ratio] in Serum or Plasma	Cholesterol in LDL/Cholesterol in HDL [Mass ratio]		HDL-C
11054-4	Cholesterol.in LDL/Cholesterol.in HDL	CHEM		ACTIVE	LDLc/HDLc SerPl	Cholesterol in LDL/Cholesterol in HDL [Mass Ratio] in Serum or Plasma	Cholesterol in LDL/Cholesterol in HDL [Mass ratio]		High density lipoprotein cholesterols
11054-4	Cholesterol.in LDL/Cholesterol.in HDL	CHEM		ACTIVE	LDLc/HDLc SerPl	Cholesterol in LDL/Cholesterol in HDL [Mass Ratio] in Serum or Plasma	Cholesterol in LDL/Cholesterol in HDL [Mass ratio]		HDLc
100733-5	Cholesterol.in LDL^corrected for Cholesterol.in lipoprotein (little a)	CHEM		ACTIVE	LDLc cor Lpa Cholest	Cholesterol in LDL [Mass/volume] in Serum by calculation --corrected for Cholesterol.in lipoprotein (little a)	Cholesterol in LDL corrected for Cholesterol.in lipoprotein (little a) Calc (S) [Mass/Vol]		cor for Chol.in lipoprotein (a)
100733-5	Cholesterol.in LDL^corrected for Cholesterol.in lipoprotein (little a)	CHEM		ACTIVE	LDLc cor Lpa Cholest	Cholesterol in LDL [Mass/volume] in Serum by calculation --corrected for Cholesterol.in lipoprotein (little a)	Cholesterol in LDL corrected for Cholesterol.in lipoprotein (little a) Calc (S) [Mass/Vol]		Calc
100733-5	Cholesterol.in LDL^corrected for Cholesterol.in lipoprotein (little a)	CHEM		ACTIVE	LDLc cor Lpa Cholest	Cholesterol in LDL [Mass/volume] in Serum by calculation --corrected for Cholesterol.in lipoprotein (little a)	Cholesterol in LDL corrected for Cholesterol.in lipoprotein (little a) Calc (S) [Mass/Vol]		Calculation
100733-5	Cholesterol.in LDL^corrected for Cholesterol.in lipoprotein (little a)	CHEM		ACTIVE	LDLc cor Lpa Cholest	Cholesterol in LDL [Mass/volume] in Serum by calculation --corrected for Cholesterol.in lipoprotein (little a)	Cholesterol in LDL corrected for Cholesterol.in lipoprotein (little a) Calc (S) [Mass/Vol]		LDLc cor Lpa Cholest
50193-2	Cholesterol.in LDL.narrow density	CHEM		ACTIVE	LDLc ND SerPl-mCnc	Cholesterol in LDL.narrow density [Mass/volume] in Serum or Plasma	Cholesterol in LDL.narrow density [Mass/Vol]		LDLc ND
48635-7	Cholesterol.in LDL pattern A	CHEM		ACTIVE	LDLc A SerPl Ql	Cholesterol in LDL pattern A [Presence] in Serum or Plasma	Cholesterol in LDL pattern A Ql		LDLc A
48637-3	Cholesterol.in LDL pattern BI	CHEM		ACTIVE	LDLc BI SerPl Ql Elph	Cholesterol in LDL pattern BI [Presence] in Serum or Plasma by Electrophoresis	Cholesterol in LDL pattern BI Elph Ql		LDLc BI
48636-5	Cholesterol.in LDL pattern BII	CHEM		ACTIVE	LDLc BII SerPl Ql Elph	Cholesterol in LDL pattern BII [Presence] in Serum or Plasma by Electrophoresis	Cholesterol in LDL pattern BII Elph Ql		LDLc BII
47213-4	Cholesterol.in LDL real size pattern	CHEM		ACTIVE	LDLc real size Pat SerPl	Cholesterol in LDL real size pattern [Identifier] in Serum or Plasma	Cholesterol in LDL real size pattern Nom		LDLc real size Pat
90364-1	Cholesterol.in LDL.small dense	CHEM		ACTIVE	Chol.in LDL.small dense SerPl-mCnc	Cholesterol.in LDL.small dense [Mass/volume] in Serum or Plasma	Cholesterol.in LDL.small dense [Mass/Vol]		Chol.in LDL.small dense
90364-1	Cholesterol.in LDL.small dense	CHEM		ACTIVE	Chol.in LDL.small dense SerPl-mCnc	Cholesterol.in LDL.small dense [Mass/volume] in Serum or Plasma	Cholesterol.in LDL.small dense [Mass/Vol]		sdLDL
13458-5	Cholesterol.in VLDL	CHEM		ACTIVE	VLDLc SerPl Calc-mCnc	Cholesterol in VLDL [Mass/volume] in Serum or Plasma by calculation	Cholesterol in VLDL Calc [Mass/Vol]		VLDLc
13458-5	Cholesterol.in VLDL	CHEM		ACTIVE	VLDLc SerPl Calc-mCnc	Cholesterol in VLDL [Mass/volume] in Serum or Plasma by calculation	Cholesterol in VLDL Calc [Mass/Vol]		Very low density lipoprotein cholesterols
49624-0	Cholesterol.in VLDL 1+2	CHEM		ACTIVE	VLDL1+2c SerPl-mCnc	Cholesterol in VLDL 1+2 [Mass/volume] in Serum or Plasma	Cholesterol in VLDL 1+2 [Mass/Vol]		VLDL1+2c
50192-4	Cholesterol.in VLDL 1+2+3	CHEM		ACTIVE	VLDL1+2+3c SerPl-mCnc	Cholesterol in VLDL 1+2+3 [Mass/volume] in Serum or Plasma	Cholesterol in VLDL 1+2+3 [Mass/Vol]		VLDL1+2+3c
46986-6	Cholesterol.in VLDL 3	CHEM		ACTIVE	VLDL3c SerPl-mCnc	Cholesterol in VLDL 3 [Mass/volume] in Serum or Plasma	Cholesterol in VLDL 3 [Mass/Vol]		VLDL3c
47218-3	Cholesterol.in VLDL 3+4	CHEM		ACTIVE	VLDL3+4c SerPl-mCnc	Cholesterol in VLDL 3+4 [Mass/volume] in Serum or Plasma	Cholesterol in VLDL 3+4 [Mass/Vol]		VLDL3+4c
47219-1	Cholesterol.in VLDL 5+6	CHEM		ACTIVE	VLDL5+6c SerPl-mCnc	Cholesterol in VLDL 5+6 [Mass/volume] in Serum or Plasma	Cholesterol in VLDL 5+6 [Mass/Vol]		VLDL5+6c
43395-3	Cholesterol.in VLDL.acetylated	CHEM		ACTIVE	Ac-VLDLc SerPl-mCnc	Cholesterol in VLDL acylated [Mass/volume] in Serum or Plasma	Cholesterol in VLDL acylated [Mass/Vol]		Ac-VLDLc
66499-5	Cholesterol.in VLDL.beta	CHEM		ACTIVE	VLDLc beta SerPl-mCnc	Cholesterol in VLDL.beta [Mass/volume] in Serum or Plasma	Cholesterol in VLDL.beta [Mass/Vol]		VLDLc beta
2094-1	Cholesterol.non-esterified	CHEM		ACTIVE	NE Cholest SerPl-mCnc	Cholesterol.non-esterified [Mass/volume] in Serum or Plasma	Cholesterol.non-esterified [Mass/Vol]		F-CHO
2094-1	Cholesterol.non-esterified	CHEM		ACTIVE	NE Cholest SerPl-mCnc	Cholesterol.non-esterified [Mass/volume] in Serum or Plasma	Cholesterol.non-esterified [Mass/Vol]		Cholesterol free
2094-1	Cholesterol.non-esterified	CHEM		ACTIVE	NE Cholest SerPl-mCnc	Cholesterol.non-esterified [Mass/volume] in Serum or Plasma	Cholesterol.non-esterified [Mass/Vol]		NE Cholest
43396-1	Cholesterol.non HDL	CHEM		ACTIVE	NonHDLc SerPl-mCnc	Cholesterol non HDL [Mass/volume] in Serum or Plasma	Cholesterol non HDL [Mass/Vol]		LDL + IDL + VLDL
43396-1	Cholesterol.non HDL	CHEM		ACTIVE	NonHDLc SerPl-mCnc	Cholesterol non HDL [Mass/volume] in Serum or Plasma	Cholesterol non HDL [Mass/Vol]		NonHDLc
70263-9	Cholesterol.pericard fld/Cholesterol.serum	CHEM	Pericardial fluid to serum cholesterol ratio is determined to aide in the diagnosis of cholesterol pericarditis, which is associated with chronic pericardial effusions containing cholesterol crystals and/or an elevated concentration of cholesterol.	ACTIVE	Chol Pcar/Ser	Cholesterol in pericardial fluid/Cholesterol in serum	Cholesterol in pericardial fluid/Cholesterol in serum (Pericard fld+S/P) [Relative ratio]		Chol Pcar
70261-3	Cholesterol.periton fld/Cholesterol.serum	CHEM	Peritoneal fluid to serum cholesterol ratio is determined to distinguish cirrohotic (non-malignant) versus malignant ascites.	ACTIVE	Chol Prt/Ser	Cholesterol in peritoneal fluid/Cholesterol in serum	Cholesterol in peritoneal fluid/Cholesterol in serum (Periton fld+S/P) [Relative ratio]		Chol Prt
70268-8	Cholesterol.plr fld/Cholesterol.serum	CHEM	Pleural fluid to serum cholesterol ratio is determined to help diagnose the cause of pleuritis, pleural effusion, or possible malignancy (exudate vs. transudate conditions).	ACTIVE	Chol Plr/Ser	Cholesterol in pleural fluid/Cholesterol in serum	Cholesterol in pleural fluid/Cholesterol in serum (S/P+Pleur fld) [Relative ratio]		Chol Plr
14154-9	Cholesterol sulfate	CHEM		ACTIVE	Cholest Sulf Ser-mCnc	Cholesterol sulfate [Mass/volume] in Serum	Cholesterol sulfate (S) [Mass/Vol]		Cholest Sulf
2096-6	Cholesterol/Triglyceride	CHEM		ACTIVE	Cholest/Trigl SerPl	Cholesterol/Triglyceride [Mass Ratio] in Serum or Plasma	Cholesterol/Triglyceride [Mass ratio]		Triacylglycerol
2096-6	Cholesterol/Triglyceride	CHEM		ACTIVE	Cholest/Trigl SerPl	Cholesterol/Triglyceride [Mass Ratio] in Serum or Plasma	Cholesterol/Triglyceride [Mass ratio]		TAG
11154-2	Cholinesterase	CHEM		ACTIVE	Cholinesterase Bld-cCnc	Cholinesterase [Enzymatic activity/volume] in Blood	Cholinesterase (Bld) [Catalytic activity/Vol]		Che
11154-2	Cholinesterase	CHEM		ACTIVE	Cholinesterase Bld-cCnc	Cholinesterase [Enzymatic activity/volume] in Blood	Cholinesterase (Bld) [Catalytic activity/Vol]		Pseudocholinesterase
11154-2	Cholinesterase	CHEM		ACTIVE	Cholinesterase Bld-cCnc	Cholinesterase [Enzymatic activity/volume] in Blood	Cholinesterase (Bld) [Catalytic activity/Vol]		Acylcholine acylhydrolase
11154-2	Cholinesterase	CHEM		ACTIVE	Cholinesterase Bld-cCnc	Cholinesterase [Enzymatic activity/volume] in Blood	Cholinesterase (Bld) [Catalytic activity/Vol]		Butyrylcholine esterase
11154-2	Cholinesterase	CHEM		ACTIVE	Cholinesterase Bld-cCnc	Cholinesterase [Enzymatic activity/volume] in Blood	Cholinesterase (Bld) [Catalytic activity/Vol]		Benzoylcholinesterase
11154-2	Cholinesterase	CHEM		ACTIVE	Cholinesterase Bld-cCnc	Cholinesterase [Enzymatic activity/volume] in Blood	Cholinesterase (Bld) [Catalytic activity/Vol]		Benzoyl cholinesterase
11154-2	Cholinesterase	CHEM		ACTIVE	Cholinesterase Bld-cCnc	Cholinesterase [Enzymatic activity/volume] in Blood	Cholinesterase (Bld) [Catalytic activity/Vol]		Pseudocho
11154-2	Cholinesterase	CHEM		ACTIVE	Cholinesterase Bld-cCnc	Cholinesterase [Enzymatic activity/volume] in Blood	Cholinesterase (Bld) [Catalytic activity/Vol]		BChE
11154-2	Cholinesterase	CHEM		ACTIVE	Cholinesterase Bld-cCnc	Cholinesterase [Enzymatic activity/volume] in Blood	Cholinesterase (Bld) [Catalytic activity/Vol]		CHS
11154-2	Cholinesterase	CHEM		ACTIVE	Cholinesterase Bld-cCnc	Cholinesterase [Enzymatic activity/volume] in Blood	Cholinesterase (Bld) [Catalytic activity/Vol]		Choline esterase II
39357-9	Cholinesterase.chloride inhibited/Cholinesterase	CHEM		ACTIVE	Chloride Inhib/CHe CFr SerPl	Cholinesterase.chloride inhibited/Cholinesterase in Serum or Plasma	Cholinesterase.chloride inhibited/Cholinesterase [Catalytic fraction]		Chloride number
39354-6	Cholinesterase^dibucaine/Cholinesterase	CHEM		ACTIVE	Cholinesterase dibucaine/CHe CFr SerPl	Cholinesterase in Serum or Plasma --dibucaine/Cholinesterase	Cholinesterase dibucaine/Cholinesterase [Catalytic fraction]		dibucaine/CHe
39355-3	Cholinesterase.fluoride inhibited/Cholinesterase	CHEM		ACTIVE	Fluoride Inhib/CHe CFr SerPl	Cholinesterase.fluoride inhibited/Cholinesterase in Serum or Plasma	Cholinesterase.fluoride inhibited/Cholinesterase [Catalytic fraction]		CHe
39355-3	Cholinesterase.fluoride inhibited/Cholinesterase	CHEM		ACTIVE	Fluoride Inhib/CHe CFr SerPl	Cholinesterase.fluoride inhibited/Cholinesterase in Serum or Plasma	Cholinesterase.fluoride inhibited/Cholinesterase [Catalytic fraction]		Fluoride number
39358-7	Cholinesterase.RO 020683 inhibited/Cholinesterase	CHEM		ACTIVE	RO 020683 Inhib/CHe CFr SerPl	Cholinesterase.RO 020683 inhibited/Cholinesterase in Serum or Plasma	Cholinesterase.RO 020683 inhibited/Cholinesterase [Catalytic fraction]		RO 020683 number
39356-1	Cholinesterase.scoline inhibited/Cholinesterase	CHEM		ACTIVE	Scoline Inhib/CHe CFr SerPl	Cholinesterase.scoline inhibited/Cholinesterase in Serum or Plasma	Cholinesterase.scoline inhibited/Cholinesterase [Catalytic fraction]		Scoline number
2100-6	Cholylglycine	CHEM		ACTIVE	Cholylglycine Ser-mCnc	Cholylglycine [Mass/volume] in Serum	Cholylglycine (S) [Mass/Vol]		Glycocholic acid
2100-6	Cholylglycine	CHEM		ACTIVE	Cholylglycine Ser-mCnc	Cholylglycine [Mass/volume] in Serum	Cholylglycine (S) [Mass/Vol]		Glycocholate
2101-4	Cholylglycine.conjugated	CHEM		ACTIVE	Cholylglycine Conj Ser-mCnc	Cholylglycine.conjugated [Mass/volume] in Serum	Cholylglycine.conjugated (S) [Mass/Vol]		Cholylglycine Conj
94690-5	Chondroitin-6-sulfate/Creatinine	CHEM		ACTIVE	C6S/Creat Ur-Rto	Chondroitin-6-sulfate/Creatinine [Ratio] in Urine	Chondroitin-6-sulfate/Creatinine (U) [Ratio]		C6S
94690-5	Chondroitin-6-sulfate/Creatinine	CHEM		ACTIVE	C6S/Creat Ur-Rto	Chondroitin-6-sulfate/Creatinine [Ratio] in Urine	Chondroitin-6-sulfate/Creatinine (U) [Ratio]		Chondroitin sulfate C
18364-0	Chondroitin sulfate	CHEM		ACTIVE	Chondrotin Sulf Ser-mCnc	Chondroitin sulfate [Mass/volume] in Serum	Chondroitin sulfate (S) [Mass/Vol]		Chondrotin
18364-0	Chondroitin sulfate	CHEM		ACTIVE	Chondrotin Sulf Ser-mCnc	Chondroitin sulfate [Mass/volume] in Serum	Chondroitin sulfate (S) [Mass/Vol]		Chondrotin Sulf
30206-7	Choriogonadotropin.alpha subunit.free	CHEM		ACTIVE	A-HCG Free SerPl-aCnc	Choriogonadotropin.alpha subunit free [Units/volume] in Serum or Plasma	Free alpha HCG Qn		A-HCG Free
20415-6	Choriogonadotropin.beta subunit	CHEM		ACTIVE	B-HCG SerPl EIA 3rd IS-aCnc	Choriogonadotropin.beta subunit [Units/volume] in Serum or Plasma by Immunoassay (EIA) 3rd IS	HCG.beta subunit IA 3rd IS Qn		3rdIS
20415-6	Choriogonadotropin.beta subunit	CHEM		ACTIVE	B-HCG SerPl EIA 3rd IS-aCnc	Choriogonadotropin.beta subunit [Units/volume] in Serum or Plasma by Immunoassay (EIA) 3rd IS	HCG.beta subunit IA 3rd IS Qn		EIA 3rd IS
20415-6	Choriogonadotropin.beta subunit	CHEM		ACTIVE	B-HCG SerPl EIA 3rd IS-aCnc	Choriogonadotropin.beta subunit [Units/volume] in Serum or Plasma by Immunoassay (EIA) 3rd IS	HCG.beta subunit IA 3rd IS Qn		3rd International Standard
20415-6	Choriogonadotropin.beta subunit	CHEM		ACTIVE	B-HCG SerPl EIA 3rd IS-aCnc	Choriogonadotropin.beta subunit [Units/volume] in Serum or Plasma by Immunoassay (EIA) 3rd IS	HCG.beta subunit IA 3rd IS Qn		3IS
45293-8	Choriogonadotropin.beta subunit.free multiple of the median	CHEM		ACTIVE	B-HCG Free MoM Prctl SerPl	Choriogonadotropin.beta subunit.free multiple of the median [Percentile]	Free beta HCG MoM [%]		B-HCG Free MoM
106737-0	Choriogonadotropin.intact+Beta subunit	CHEM		ACTIVE	HCG Intact+B SerPlBld IA.rapid-mCnc	Choriogonadotropin.intact+Beta subunit [Mass/volume] in Serum, Plasma or Blood by Rapid immunoassay	HCG.intact+Beta subunit IA.rapid (S/P/Bld) [Mass/Vol]		HCG Intact+B
106737-0	Choriogonadotropin.intact+Beta subunit	CHEM		ACTIVE	HCG Intact+B SerPlBld IA.rapid-mCnc	Choriogonadotropin.intact+Beta subunit [Mass/volume] in Serum, Plasma or Blood by Rapid immunoassay	HCG.intact+Beta subunit IA.rapid (S/P/Bld) [Mass/Vol]		HCG Intact
106737-0	Choriogonadotropin.intact+Beta subunit	CHEM		ACTIVE	HCG Intact+B SerPlBld IA.rapid-mCnc	Choriogonadotropin.intact+Beta subunit [Mass/volume] in Serum, Plasma or Blood by Rapid immunoassay	HCG.intact+Beta subunit IA.rapid (S/P/Bld) [Mass/Vol]		Chorionic gonadotropin.intact
2103-0	Choriomammotropin	CHEM		ACTIVE	Choriomammotropin Amn-mCnc	Choriomammotropin [Mass/volume] in Amniotic fluid	Choriomammotropin (Amn fld) [Mass/Vol]		Placental lactogen
2103-0	Choriomammotropin	CHEM		ACTIVE	Choriomammotropin Amn-mCnc	Choriomammotropin [Mass/volume] in Amniotic fluid	Choriomammotropin (Amn fld) [Mass/Vol]		Chorionic somatomammotropin
2103-0	Choriomammotropin	CHEM		ACTIVE	Choriomammotropin Amn-mCnc	Choriomammotropin [Mass/volume] in Amniotic fluid	Choriomammotropin (Amn fld) [Mass/Vol]		Human placental lactogen
2103-0	Choriomammotropin	CHEM		ACTIVE	Choriomammotropin Amn-mCnc	Choriomammotropin [Mass/volume] in Amniotic fluid	Choriomammotropin (Amn fld) [Mass/Vol]		Choriosomatomammotropin
2103-0	Choriomammotropin	CHEM		ACTIVE	Choriomammotropin Amn-mCnc	Choriomammotropin [Mass/volume] in Amniotic fluid	Choriomammotropin (Amn fld) [Mass/Vol]		HPL
101968-6	Circulating tumor cells	CHEM		ACTIVE	Circ Tumor cells # PlasBld Seq	Circulating tumor cells [#/volume] in Plasma or Blood by Sequencing	Circulating tumor cells Sequencing (P/Bld) [#/Vol]		CTC
101968-6	Circulating tumor cells	CHEM		ACTIVE	Circ Tumor cells # PlasBld Seq	Circulating tumor cells [#/volume] in Plasma or Blood by Sequencing	Circulating tumor cells Sequencing (P/Bld) [#/Vol]		Circ tumor
101968-6	Circulating tumor cells	CHEM		ACTIVE	Circ Tumor cells # PlasBld Seq	Circulating tumor cells [#/volume] in Plasma or Blood by Sequencing	Circulating tumor cells Sequencing (P/Bld) [#/Vol]		Circ Tumor cells
101968-6	Circulating tumor cells	CHEM		ACTIVE	Circ Tumor cells # PlasBld Seq	Circulating tumor cells [#/volume] in Plasma or Blood by Sequencing	Circulating tumor cells Sequencing (P/Bld) [#/Vol]		EpCAM+Ck-PE+PAPI+CD45- cells
101968-6	Circulating tumor cells	CHEM		ACTIVE	Circ Tumor cells # PlasBld Seq	Circulating tumor cells [#/volume] in Plasma or Blood by Sequencing	Circulating tumor cells Sequencing (P/Bld) [#/Vol]		Circulating cancer cells
101968-6	Circulating tumor cells	CHEM		ACTIVE	Circ Tumor cells # PlasBld Seq	Circulating tumor cells [#/volume] in Plasma or Blood by Sequencing	Circulating tumor cells Sequencing (P/Bld) [#/Vol]		Circulating epithelial cells
101968-6	Circulating tumor cells	CHEM		ACTIVE	Circ Tumor cells # PlasBld Seq	Circulating tumor cells [#/volume] in Plasma or Blood by Sequencing	Circulating tumor cells Sequencing (P/Bld) [#/Vol]		Circ
67568-6	Circulating tumor cells.breast	CHEM		ACTIVE	CTC.breast # Bld	Circulating tumor cells.breast [#/volume] in Blood	Circulating tumor cells.breast (Bld) [#/Vol]		CTC.breast
68124-7	Circulating tumor cells.colon	CHEM		ACTIVE	CTC.colon # Bld	Circulating tumor cells.colon [#/volume] in Blood	Circulating tumor cells.colon (Bld) [#/Vol]		CTC.colon
68123-9	Circulating tumor cells.prostate	CHEM		ACTIVE	CTC.prostate # Bld	Circulating tumor cells.prostate [#/volume] in Blood	Circulating tumor cells.prostate (Bld) [#/Vol]		CTC.prostate
79696-1	cis-11-Eicosenoate	CHEM		ACTIVE	cis-11-Eicosenoate EntSub RBC	cis-11-Eicosenoate (cis 11 C20:1w9) [Entitic substance] in Red Blood Cells	cis-11-Eicosenoate (cis 11 C20:1w9) (RBC) [Entitic substance]		Gondoic acid
79702-7	cis-13-Eicosenoate	CHEM		ACTIVE	cis-13-Eicosenoate EntSub RBC	cis-13-Eicosenoate (cis 13 C20:1w7) [Entitic substance] in Red Blood Cells	cis-13-Eicosenoate (cis 13 C20:1w7) (RBC) [Entitic substance]		Paullinic acid
18451-5	Cis-4-decenoylcarnitine (Cis 4 C10:1)	CHEM		DISCOURAGED	Cis4Decenoylcarn SerPl-mCnc	cis-4-Decenoylcarnitine (Cis 4 C10:1) [Mass/volume] in Serum or Plasma	Cis 4 C10:1 [Mass/Vol]		Cis4Decenoylcarn
13392-6	Citrulline	CHEM		DISCOURAGED	Citrulline Amn-mCnc	Citrulline [Mass/volume] in Amniotic fluid	Citrulline (Amn fld) [Mass/Vol]		Citr
46734-0	Citrullinemias &or arginosuccinic aciduria	CHEM		DISCOURAGED	CIT/ASA DBS-Imp	Citrullinemias/Arginosuccinic aciduria newborn screen interpretation	Citrullinemias/Arginosuccinic aciduria (DBS) [Interp]		CIT/ASA
46734-0	Citrullinemias &or arginosuccinic aciduria	CHEM		DISCOURAGED	CIT/ASA DBS-Imp	Citrullinemias/Arginosuccinic aciduria newborn screen interpretation	Citrullinemias/Arginosuccinic aciduria (DBS) [Interp]		Citrullinemia
74518-2	Clara cell protein 16	CHEM		ACTIVE	CC16 Ser-mCnc	Clara cell protein 16 [Mass/volume] in Serum	Clara cell protein 16 (S) [Mass/Vol]		CC16
74518-2	Clara cell protein 16	CHEM		ACTIVE	CC16 Ser-mCnc	Clara cell protein 16 [Mass/volume] in Serum	Clara cell protein 16 (S) [Mass/Vol]		clara cell secretory protein
74518-2	Clara cell protein 16	CHEM		ACTIVE	CC16 Ser-mCnc	Clara cell protein 16 [Mass/volume] in Serum	Clara cell protein 16 (S) [Mass/Vol]		Uteroglobin
74518-2	Clara cell protein 16	CHEM		ACTIVE	CC16 Ser-mCnc	Clara cell protein 16 [Mass/volume] in Serum	Clara cell protein 16 (S) [Mass/Vol]		Secretoglobin Family 1A Member 1
74518-2	Clara cell protein 16	CHEM		ACTIVE	CC16 Ser-mCnc	Clara cell protein 16 [Mass/volume] in Serum	Clara cell protein 16 (S) [Mass/Vol]		SCGB1A1
74518-2	Clara cell protein 16	CHEM		ACTIVE	CC16 Ser-mCnc	Clara cell protein 16 [Mass/volume] in Serum	Clara cell protein 16 (S) [Mass/Vol]		CC10
15052-4	Cobalamins.unsaturated binding capacity	CHEM		ACTIVE	Vit B12 USB SerPl-sCnc	Cobalamin (Vitamin B12).unsaturated Binding Capacity [Moles/volume] in Serum or Plasma	Cobalamin (Vitamin B12).unsaturated Binding Capacity [Moles/Vol]		Cyanocobalamin ubc
15052-4	Cobalamins.unsaturated binding capacity	CHEM		ACTIVE	Vit B12 USB SerPl-sCnc	Cobalamin (Vitamin B12).unsaturated Binding Capacity [Moles/volume] in Serum or Plasma	Cobalamin (Vitamin B12).unsaturated Binding Capacity [Moles/Vol]		Vit B12 USB
74585-1	Coenzyme Q cytochrome C reductase/Citrate synthase	CHEM	Ranked ratio between the activity of complex III and citrate synthase. This ratio gives an idea about the amount of complex III activity with respect to the amount of mitochondria.	ACTIVE	CoQ CyC Reduct/Cit Syn Tiss-cRto	Coenzyme Q cytochrome C reductase (Complex III)/Citrate synthase [Enzymatic activity ratio] in Tissue	Coenzyme Q cytochrome C reductase (Complex III)/Citrate synthase (Tiss) [Catalytic ratio]		CoQ CyC Reduct
74585-1	Coenzyme Q cytochrome C reductase/Citrate synthase	CHEM	Ranked ratio between the activity of complex III and citrate synthase. This ratio gives an idea about the amount of complex III activity with respect to the amount of mitochondria.	ACTIVE	CoQ CyC Reduct/Cit Syn Tiss-cRto	Coenzyme Q cytochrome C reductase (Complex III)/Citrate synthase [Enzymatic activity ratio] in Tissue	Coenzyme Q cytochrome C reductase (Complex III)/Citrate synthase (Tiss) [Catalytic ratio]		Cytochrome C reductase
74585-1	Coenzyme Q cytochrome C reductase/Citrate synthase	CHEM	Ranked ratio between the activity of complex III and citrate synthase. This ratio gives an idea about the amount of complex III activity with respect to the amount of mitochondria.	ACTIVE	CoQ CyC Reduct/Cit Syn Tiss-cRto	Coenzyme Q cytochrome C reductase (Complex III)/Citrate synthase [Enzymatic activity ratio] in Tissue	Coenzyme Q cytochrome C reductase (Complex III)/Citrate synthase (Tiss) [Catalytic ratio]		Cytochrome bc1 complex
74585-1	Coenzyme Q cytochrome C reductase/Citrate synthase	CHEM	Ranked ratio between the activity of complex III and citrate synthase. This ratio gives an idea about the amount of complex III activity with respect to the amount of mitochondria.	ACTIVE	CoQ CyC Reduct/Cit Syn Tiss-cRto	Coenzyme Q cytochrome C reductase (Complex III)/Citrate synthase [Enzymatic activity ratio] in Tissue	Coenzyme Q cytochrome C reductase (Complex III)/Citrate synthase (Tiss) [Catalytic ratio]		Q-cytochrome c oxidoreductase
74585-1	Coenzyme Q cytochrome C reductase/Citrate synthase	CHEM	Ranked ratio between the activity of complex III and citrate synthase. This ratio gives an idea about the amount of complex III activity with respect to the amount of mitochondria.	ACTIVE	CoQ CyC Reduct/Cit Syn Tiss-cRto	Coenzyme Q cytochrome C reductase (Complex III)/Citrate synthase [Enzymatic activity ratio] in Tissue	Coenzyme Q cytochrome C reductase (Complex III)/Citrate synthase (Tiss) [Catalytic ratio]		Complex III
48587-0	Collagen crosslinked C-telopeptide/Creatinine	CHEM		ACTIVE	Collagen CTx/Creat Ur-Rto	Collagen crosslinked C-telopeptide/Creatinine [Ratio] in Urine	Collagen crosslinked C-telopeptide/Creatinine (U) [Ratio]		Corrected CrossLaps Value
12186-3	Colloid oncotic pressure	CHEM		ACTIVE	COP Plas	Colloid oncotic pressure [Partial pressure] in Plasma	Colloid oncotic pressure (P) [Partial pressure]		COP
57719-7	Conditions tested for in this newborn screening study	CHEM		ACTIVE	Conditions tested for in NBS study DBS	Conditions tested for in this newborn screening study [Identifier] in DBS	Conditions tested for in this NBS study Nom (DBS) [ID]		Conditions tested for in NBS study
46758-9	Congenital adrenal hyperplasia	CHEM		ACTIVE	CAH DBS-Imp	Congenital adrenal hyperplasia newborn screen interpretation	Congenital adrenal hyperplasia (DBS) [Interp]		21-hydroxylase deficiency
46758-9	Congenital adrenal hyperplasia	CHEM		ACTIVE	CAH DBS-Imp	Congenital adrenal hyperplasia newborn screen interpretation	Congenital adrenal hyperplasia (DBS) [Interp]		CAH
57706-4	Congenital adrenal hyperplasia newborn screening comment-discussion	CHEM		ACTIVE	CAH NBS comment	Congenital adrenal hyperplasia newborn screening comment-discussion	Congenital adrenal hyperplasia newborn screening comment-discussion Nar (DBS)		CAH NBS comment
46757-1	Congenital hypothyroidism	CHEM	Duplicate concept for 46762-1  Even though the scale is nom, the current answer list is closer to an Ord- though it may evolve to gather  more specific answers in its coded list.	DEPRECATED	Deprecated CH DBS-Imp	Deprecated Congenital hypothyroidism newborn screen interpretation	Congenital hypothyroidism Ql (DBS) [Interp]		CH
57705-6	Congenital hypothyroidism newborn screening comment-discussion	CHEM		ACTIVE	CH NBS comment	Congenital hypothyroidism newborn screening comment-discussion	Congenital hypothyroidism newborn screening comment-discussion Nar (DBS)		CH NBS comment
101926-4	Connective tissue growth factor	CHEM		ACTIVE	Connective tissue GF Ser IA-mCnc	Connective tissue growth factor [Mass/volume] in Serum by Immunoassay	Connective tissue growth factor IA (S) [Mass/Vol]		Connective tissue GF
101926-4	Connective tissue growth factor	CHEM		ACTIVE	Connective tissue GF Ser IA-mCnc	Connective tissue growth factor [Mass/volume] in Serum by Immunoassay	Connective tissue growth factor IA (S) [Mass/Vol]		Conn tiss
101926-4	Connective tissue growth factor	CHEM		ACTIVE	Connective tissue GF Ser IA-mCnc	Connective tissue growth factor [Mass/volume] in Serum by Immunoassay	Connective tissue growth factor IA (S) [Mass/Vol]		CTGF
107930-0	Continuous glucose monitoring summary report	CHEM		ACTIVE	Cont glu mon summary report Doc	Continuous glucose monitoring summary report Document	Continuous glucose monitoring summary report {Role} Doc ({Setting})		Glu mntr sum
107930-0	Continuous glucose monitoring summary report	CHEM		ACTIVE	Cont glu mon summary report Doc	Continuous glucose monitoring summary report Document	Continuous glucose monitoring summary report {Role} Doc ({Setting})		Cont glu mon summary report
56126-6	Copper	CHEM		ACTIVE	Copper Liver-mCnt	Copper [Mass/mass] in Liver	Copper (Liver) [Mass/Mass]		Hepatic liver concentration
96256-3	Copper.free	CHEM		ACTIVE	Copper free SerPl-sCnc	Copper free [Moles/volume] in Serum or Plasma	Copper free [Moles/Vol]		Copper free
11212-8	Coproporphyrin	CHEM		ACTIVE	Copro Ur-mCnc	Coproporphyrin [Mass/volume] in Urine	Coproporphyrin (U) [Mass/Vol]		Tetracarboxylporphyrins
11212-8	Coproporphyrin	CHEM		ACTIVE	Copro Ur-mCnc	Coproporphyrin [Mass/volume] in Urine	Coproporphyrin (U) [Mass/Vol]		Tetracarboxyporphyrin
11212-8	Coproporphyrin	CHEM		ACTIVE	Copro Ur-mCnc	Coproporphyrin [Mass/volume] in Urine	Coproporphyrin (U) [Mass/Vol]		Coproporphyrins
11212-8	Coproporphyrin	CHEM		ACTIVE	Copro Ur-mCnc	Coproporphyrin [Mass/volume] in Urine	Coproporphyrin (U) [Mass/Vol]		Coproporph
11212-8	Coproporphyrin	CHEM		ACTIVE	Copro Ur-mCnc	Coproporphyrin [Mass/volume] in Urine	Coproporphyrin (U) [Mass/Vol]		Copro
11212-8	Coproporphyrin	CHEM		ACTIVE	Copro Ur-mCnc	Coproporphyrin [Mass/volume] in Urine	Coproporphyrin (U) [Mass/Vol]		Tetracarboxylporphyrin
11212-8	Coproporphyrin	CHEM		ACTIVE	Copro Ur-mCnc	Coproporphyrin [Mass/volume] in Urine	Coproporphyrin (U) [Mass/Vol]		Tetracarboxyl porphyrin
14667-0	Coproporphyrin 1	CHEM		ACTIVE	Copro1 SerPl-sCnc	Coproporphyrin 1 [Moles/volume] in Serum or Plasma	Coproporphyrin 1 [Moles/Vol]		Copro1
14667-0	Coproporphyrin 1	CHEM		ACTIVE	Copro1 SerPl-sCnc	Coproporphyrin 1 [Moles/volume] in Serum or Plasma	Coproporphyrin 1 [Moles/Vol]		Coproporphyrin I
14670-4	Coproporphyrin 1/Porphyrins.total	CHEM		ACTIVE	Copro1 SFr Ur	Coproporphyrin 1/Porphyrins.total in Urine	Coproporphyrin 1/Total porphyrins (U) [Molar fraction]		Substance fraction
14671-2	Coproporphyrin 3	CHEM		ACTIVE	Copro3 SerPl-sCnc	Coproporphyrin 3 [Moles/volume] in Serum or Plasma	Coproporphyrin 3 [Moles/Vol]		Coproporphyrin III
14671-2	Coproporphyrin 3	CHEM		ACTIVE	Copro3 SerPl-sCnc	Coproporphyrin 3 [Moles/volume] in Serum or Plasma	Coproporphyrin 3 [Moles/Vol]		Copro3
75000-0	Coproporphyrin 3/Coproporphyrin.total	CHEM		ACTIVE	Copro3/Copro total 24h SFr Ur	Coproporphyrin 3/Coproporphyrin.total in 24 hour Urine	Coproporphyrin 3 (24H U) [Molar fraction]		Copro total
16649-6	Coproporphyrinogen oxidase	CHEM		ACTIVE	COPROgen-oxidase RBC-cCnc	Coproporphyrinogen oxidase [Enzymatic activity/volume] in Red Blood Cells	Coproporphyrinogen oxidase (RBC) [Catalytic activity/Vol]		Cpg O
16649-6	Coproporphyrinogen oxidase	CHEM		ACTIVE	COPROgen-oxidase RBC-cCnc	Coproporphyrinogen oxidase [Enzymatic activity/volume] in Red Blood Cells	Coproporphyrinogen oxidase (RBC) [Catalytic activity/Vol]		COPROgen-oxidase
14149-9	Corticotropin.big fragment	CHEM	High molecular wt fragment of ACTH; high levels found in ectopic tumor syndrome and certain malignancies; low levels in Addisons disease.	ACTIVE	ACTH Big Frg SerPl-mCnc	Corticotropin Big Fragment [Mass/volume] in Serum or Plasma	Corticotropin Big Fragment [Mass/Vol]		Fragments
14149-9	Corticotropin.big fragment	CHEM	High molecular wt fragment of ACTH; high levels found in ectopic tumor syndrome and certain malignancies; low levels in Addisons disease.	ACTIVE	ACTH Big Frg SerPl-mCnc	Corticotropin Big Fragment [Mass/volume] in Serum or Plasma	Corticotropin Big Fragment [Mass/Vol]		ACTH Big Frg
16653-8	Corticotropin.canine	CHEM		ACTIVE	ACTH Canine Plas-mCnc	Corticotropin Canine [Mass/volume] in Plasma	Corticotropin Canine (P) [Mass/Vol]		ACTH Canine
14679-5	Cortisol^AM peak specimen	CHEM	Identifies a morning specimen when cortisol is at its highest point in a circadian cycle - often considered to be 8AM. Some laboratories will call this "8AM" specimen, but specimens in the range of 7AM to 9AM are acceptable. The peak time may have to be adjusted for patients on night or evening shifts because their circadian rhythms can shift with their sleeping time.	ACTIVE	Cortis AM peak SerPl-sCnc	Cortisol [Moles/volume] in Serum or Plasma --AM peak specimen	Cortisol AM peak specimen [Moles/Vol]		circadian high
14679-5	Cortisol^AM peak specimen	CHEM	Identifies a morning specimen when cortisol is at its highest point in a circadian cycle - often considered to be 8AM. Some laboratories will call this "8AM" specimen, but specimens in the range of 7AM to 9AM are acceptable. The peak time may have to be adjusted for patients on night or evening shifts because their circadian rhythms can shift with their sleeping time.	ACTIVE	Cortis AM peak SerPl-sCnc	Cortisol [Moles/volume] in Serum or Plasma --AM peak specimen	Cortisol AM peak specimen [Moles/Vol]		8 AM
14679-5	Cortisol^AM peak specimen	CHEM	Identifies a morning specimen when cortisol is at its highest point in a circadian cycle - often considered to be 8AM. Some laboratories will call this "8AM" specimen, but specimens in the range of 7AM to 9AM are acceptable. The peak time may have to be adjusted for patients on night or evening shifts because their circadian rhythms can shift with their sleeping time.	ACTIVE	Cortis AM peak SerPl-sCnc	Cortisol [Moles/volume] in Serum or Plasma --AM peak specimen	Cortisol AM peak specimen [Moles/Vol]		8AM
14679-5	Cortisol^AM peak specimen	CHEM	Identifies a morning specimen when cortisol is at its highest point in a circadian cycle - often considered to be 8AM. Some laboratories will call this "8AM" specimen, but specimens in the range of 7AM to 9AM are acceptable. The peak time may have to be adjusted for patients on night or evening shifts because their circadian rhythms can shift with their sleeping time.	ACTIVE	Cortis AM peak SerPl-sCnc	Cortisol [Moles/volume] in Serum or Plasma --AM peak specimen	Cortisol AM peak specimen [Moles/Vol]		AM diurnal peak
14679-5	Cortisol^AM peak specimen	CHEM	Identifies a morning specimen when cortisol is at its highest point in a circadian cycle - often considered to be 8AM. Some laboratories will call this "8AM" specimen, but specimens in the range of 7AM to 9AM are acceptable. The peak time may have to be adjusted for patients on night or evening shifts because their circadian rhythms can shift with their sleeping time.	ACTIVE	Cortis AM peak SerPl-sCnc	Cortisol [Moles/volume] in Serum or Plasma --AM peak specimen	Cortisol AM peak specimen [Moles/Vol]		Morning
16667-8	Cortisol.free	CHEM		ACTIVE	Cortis F 48h Ur-mRate	Cortisol Free [Mass/time] in 48 hour Urine	Cortisol Free (48 hour U) [Mass/Time]		2D
16667-8	Cortisol.free	CHEM		ACTIVE	Cortis F 48h Ur-mRate	Cortisol Free [Mass/time] in 48 hour Urine	Cortisol Free (48 hour U) [Mass/Time]		48 hours
16667-8	Cortisol.free	CHEM		ACTIVE	Cortis F 48h Ur-mRate	Cortisol Free [Mass/time] in 48 hour Urine	Cortisol Free (48 hour U) [Mass/Time]		48HR
16667-8	Cortisol.free	CHEM		ACTIVE	Cortis F 48h Ur-mRate	Cortisol Free [Mass/time] in 48 hour Urine	Cortisol Free (48 hour U) [Mass/Time]		2 days
14678-7	Cortisol^PM trough specimen	CHEM	Identifies an evening specimen when cortisol is at its lowest point in a circadian cycle -often considered to be midnight. Some laboratories will call this "12AM (midnight)" specimen, but specimens in the range of 11PM to 1AM are acceptable. The trough time may have to be adjusted for patients on different work shifts because their circadian rhythms can shift with their sleeping time.	ACTIVE	Cortis PM SerPl-sCnc	Cortisol [Moles/volume] in Serum or Plasma --PM trough specimen	Cortisol PM trough specimen [Moles/Vol]		PM diurnal trough
14678-7	Cortisol^PM trough specimen	CHEM	Identifies an evening specimen when cortisol is at its lowest point in a circadian cycle -often considered to be midnight. Some laboratories will call this "12AM (midnight)" specimen, but specimens in the range of 11PM to 1AM are acceptable. The trough time may have to be adjusted for patients on different work shifts because their circadian rhythms can shift with their sleeping time.	ACTIVE	Cortis PM SerPl-sCnc	Cortisol [Moles/volume] in Serum or Plasma --PM trough specimen	Cortisol PM trough specimen [Moles/Vol]		12 AM
14678-7	Cortisol^PM trough specimen	CHEM	Identifies an evening specimen when cortisol is at its lowest point in a circadian cycle -often considered to be midnight. Some laboratories will call this "12AM (midnight)" specimen, but specimens in the range of 11PM to 1AM are acceptable. The trough time may have to be adjusted for patients on different work shifts because their circadian rhythms can shift with their sleeping time.	ACTIVE	Cortis PM SerPl-sCnc	Cortisol [Moles/volume] in Serum or Plasma --PM trough specimen	Cortisol PM trough specimen [Moles/Vol]		12AM
14678-7	Cortisol^PM trough specimen	CHEM	Identifies an evening specimen when cortisol is at its lowest point in a circadian cycle -often considered to be midnight. Some laboratories will call this "12AM (midnight)" specimen, but specimens in the range of 11PM to 1AM are acceptable. The trough time may have to be adjusted for patients on different work shifts because their circadian rhythms can shift with their sleeping time.	ACTIVE	Cortis PM SerPl-sCnc	Cortisol [Moles/volume] in Serum or Plasma --PM trough specimen	Cortisol PM trough specimen [Moles/Vol]		circadian low
14678-7	Cortisol^PM trough specimen	CHEM	Identifies an evening specimen when cortisol is at its lowest point in a circadian cycle -often considered to be midnight. Some laboratories will call this "12AM (midnight)" specimen, but specimens in the range of 11PM to 1AM are acceptable. The trough time may have to be adjusted for patients on different work shifts because their circadian rhythms can shift with their sleeping time.	ACTIVE	Cortis PM SerPl-sCnc	Cortisol [Moles/volume] in Serum or Plasma --PM trough specimen	Cortisol PM trough specimen [Moles/Vol]		late night specimen
14678-7	Cortisol^PM trough specimen	CHEM	Identifies an evening specimen when cortisol is at its lowest point in a circadian cycle -often considered to be midnight. Some laboratories will call this "12AM (midnight)" specimen, but specimens in the range of 11PM to 1AM are acceptable. The trough time may have to be adjusted for patients on different work shifts because their circadian rhythms can shift with their sleeping time.	ACTIVE	Cortis PM SerPl-sCnc	Cortisol [Moles/volume] in Serum or Plasma --PM trough specimen	Cortisol PM trough specimen [Moles/Vol]		Midnight
46776-1	CPT2 &or CACT	CHEM		DISCOURAGED	CPT2/CACT DBS-Imp	CPT2/CACT newborn screen interpretation	CPT2/CACT (DBS) [Interp]		Carnitine:acylcarnitine translocase deficiency
46776-1	CPT2 &or CACT	CHEM		DISCOURAGED	CPT2/CACT DBS-Imp	CPT2/CACT newborn screen interpretation	CPT2/CACT (DBS) [Interp]		Carnitine palmitoyltransferase (CPT2) deficiency Carnitine/acylcarnitine translocase (CACT) deficiency
46776-1	CPT2 &or CACT	CHEM		DISCOURAGED	CPT2/CACT DBS-Imp	CPT2/CACT newborn screen interpretation	CPT2/CACT (DBS) [Interp]		CPT2/CACT
105126-7	C reactive protein	CHEM		ACTIVE	CRP SerPlBld-mCnc	C reactive protein [Mass/volume] in Serum, Plasma or Blood	CRP (S/P/Bld) [Mass/Vol]		CRP
105126-7	C reactive protein	CHEM		ACTIVE	CRP SerPlBld-mCnc	C reactive protein [Mass/volume] in Serum, Plasma or Blood	CRP (S/P/Bld) [Mass/Vol]		Reac
30522-7	C reactive protein	CHEM		ACTIVE	CRP SerPl HS-mCnc	C reactive protein [Mass/volume] in Serum or Plasma by High sensitivity method	CRP High sensitivity method [Mass/Vol]		Cardiac CRP
30522-7	C reactive protein	CHEM		ACTIVE	CRP SerPl HS-mCnc	C reactive protein [Mass/volume] in Serum or Plasma by High sensitivity method	CRP High sensitivity method [Mass/Vol]		hs-CRP
30522-7	C reactive protein	CHEM		ACTIVE	CRP SerPl HS-mCnc	C reactive protein [Mass/volume] in Serum or Plasma by High sensitivity method	CRP High sensitivity method [Mass/Vol]		hsCRP
15047-4	Creatine	CHEM		ACTIVE	Creatine 24h Ur-sRate	Creatine [Moles/time] in 24 hour Urine	Creatine (24H U) [Moles/Time]		Substance rate
104538-4	Creatine, guanidinoacetate & creatinine pattern	CHEM		ACTIVE	Cr, GAA and Creat pattern SerPl-Imp	Creatine, guanidinoacetate and creatinine pattern [Interpretation] in Serum or Plasma Narrative	Creatine, guanidinoacetate and creatinine pattern Nar [Interp]		Cr, GAA and Creat pattern
79291-1	Creatine & guanidinoacetate pattern	CHEM	Increased guanidinoacetate (GAA) is a marker for the diagnosis of guanidinoacetate methyltransferase (GAMT) deficiency. Almeidaa et al (2004) found the GAA levels in plasma to be 4-22 times higher in patients with GAMT deficiency compared to controls.[PMID: 15234334]	ACTIVE	Cr and GAA pattern SerPl-Imp	Creatine and guanidinoacetate pattern [Interpretation] in Serum or Plasma Narrative	Creatine and guanidinoacetate pattern Nar [Interp]		Cr and GAA pattern
33547-1	Creatine kinase.aberrant band/Creatine kinase.total	CHEM		ACTIVE	CK-AB CFr SerPl Elph	Creatine Kinase aberrant band/Creatine kinase.total in Serum or Plasma by Electrophoresis	CK aberrant band Elph [Catalytic fraction]		CK-AB
33547-1	Creatine kinase.aberrant band/Creatine kinase.total	CHEM		ACTIVE	CK-AB CFr SerPl Elph	Creatine Kinase aberrant band/Creatine kinase.total in Serum or Plasma by Electrophoresis	CK aberrant band Elph [Catalytic fraction]		Split CKMM bands
33547-1	Creatine kinase.aberrant band/Creatine kinase.total	CHEM		ACTIVE	CK-AB CFr SerPl Elph	Creatine Kinase aberrant band/Creatine kinase.total in Serum or Plasma by Electrophoresis	CK aberrant band Elph [Catalytic fraction]		Aberrant CK band
15048-2	Creatine kinase.BB/Creatine kinase.total	CHEM		ACTIVE	CK BB CFr SerPl Elph	Creatine kinase.BB/Creatine kinase.total in Serum or Plasma by Electrophoresis	CK.BB Elph [Catalytic fraction]		CK BB
15048-2	Creatine kinase.BB/Creatine kinase.total	CHEM		ACTIVE	CK BB CFr SerPl Elph	Creatine kinase.BB/Creatine kinase.total in Serum or Plasma by Electrophoresis	CK.BB Elph [Catalytic fraction]		CK-BB
15048-2	Creatine kinase.BB/Creatine kinase.total	CHEM		ACTIVE	CK BB CFr SerPl Elph	Creatine kinase.BB/Creatine kinase.total in Serum or Plasma by Electrophoresis	CK.BB Elph [Catalytic fraction]		CK 1
14680-3	Creatine kinase isoenzymes	CHEM		ACTIVE	CK Isos SerPl Elph-Imp	Creatine kinase isoenzymes [Interpretation] in Serum or Plasma by Electrophoresis	CK isoenzymes Elph [Interp]		CK Isos
2153-5	Creatine kinase.macromolecular	CHEM		ACTIVE	CK Macro SerPl-cCnc	Creatine kinase.macromolecular [Enzymatic activity/volume] in Serum or Plasma	CK.macromolecular [Catalytic activity/Vol]		CK macro
26019-0	Creatine kinase.macromolecular.type 1/Creatine kinase.total	CHEM		ACTIVE	CK Macro1 CFr SerPl	Creatine Kinase.macromolecular type 1/Creatine kinase.total in Serum or Plasma	CK.macromolecular type 1 [Catalytic fraction]		CK Macro1
26020-8	Creatine kinase.macromolecular.type 2/Creatine kinase.total	CHEM		ACTIVE	CK Macro2 CFr SerPl	Creatine Kinase.macromolecular type 2/Creatine kinase.total in Serum or Plasma	CK.macromolecular type 2 [Catalytic fraction]		CK Macro2
101446-3	Creatine Kinase.MB	CHEM		ACTIVE	CK MB SerPl IA-sCnc	Creatine kinase.MB [Moles/volume] in Serum or Plasma by Immunoassay	CK.MB IA [Moles/Vol]		CK-MB
101446-3	Creatine Kinase.MB	CHEM		ACTIVE	CK MB SerPl IA-sCnc	Creatine kinase.MB [Moles/volume] in Serum or Plasma by Immunoassay	CK.MB IA [Moles/Vol]		CKMB
101446-3	Creatine Kinase.MB	CHEM		ACTIVE	CK MB SerPl IA-sCnc	Creatine kinase.MB [Moles/volume] in Serum or Plasma by Immunoassay	CK.MB IA [Moles/Vol]		CPK
101446-3	Creatine Kinase.MB	CHEM		ACTIVE	CK MB SerPl IA-sCnc	Creatine kinase.MB [Moles/volume] in Serum or Plasma by Immunoassay	CK.MB IA [Moles/Vol]		Creatine phosphokinase
101446-3	Creatine Kinase.MB	CHEM		ACTIVE	CK MB SerPl IA-sCnc	Creatine kinase.MB [Moles/volume] in Serum or Plasma by Immunoassay	CK.MB IA [Moles/Vol]		CK 2
101446-3	Creatine Kinase.MB	CHEM		ACTIVE	CK MB SerPl IA-sCnc	Creatine kinase.MB [Moles/volume] in Serum or Plasma by Immunoassay	CK.MB IA [Moles/Vol]		CK-2
101446-3	Creatine Kinase.MB	CHEM		ACTIVE	CK MB SerPl IA-sCnc	Creatine kinase.MB [Moles/volume] in Serum or Plasma by Immunoassay	CK.MB IA [Moles/Vol]		CK MB
101446-3	Creatine Kinase.MB	CHEM		ACTIVE	CK MB SerPl IA-sCnc	Creatine kinase.MB [Moles/volume] in Serum or Plasma by Immunoassay	CK.MB IA [Moles/Vol]		CK
49129-0	Creatine kinase.MiMi/Creatine kinase.total	CHEM		ACTIVE	CK MiMi CFr SerPl	Creatine kinase.MiMi/Creatine kinase.total in Serum or Plasma	CK.MiMi [Catalytic fraction]		CK MiMi
49129-0	Creatine kinase.MiMi/Creatine kinase.total	CHEM		ACTIVE	CK MiMi CFr SerPl	Creatine kinase.MiMi/Creatine kinase.total in Serum or Plasma	CK.MiMi [Catalytic fraction]		Mitochondrial Creatine Kinase
49129-0	Creatine kinase.MiMi/Creatine kinase.total	CHEM		ACTIVE	CK MiMi CFr SerPl	Creatine kinase.MiMi/Creatine kinase.total in Serum or Plasma	CK.MiMi [Catalytic fraction]		Ckmit
107446-7	Creatine kinase.MM	CHEM		ACTIVE	CK MM DBS-cCnc	Creatine kinase.MM [Enzymatic activity/volume] in DBS	CK.MM (DBS) [Catalytic activity/Vol]		CK-MM
107446-7	Creatine kinase.MM	CHEM		ACTIVE	CK MM DBS-cCnc	Creatine kinase.MM [Enzymatic activity/volume] in DBS	CK.MM (DBS) [Catalytic activity/Vol]		CK MM
107446-7	Creatine kinase.MM	CHEM		ACTIVE	CK MM DBS-cCnc	Creatine kinase.MM [Enzymatic activity/volume] in DBS	CK.MM (DBS) [Catalytic activity/Vol]		CK 3
79411-5	Creatine transport protein	CHEM	Creatine uptake via the creatine transport protein is determined by measuring the incorporation of creatine into fibroblasts. Decreased levels are associated with mutations in the SLC6A8 gene, which encodes the creatine transporter protein. The defect is clinically manifest in muscles cells, leading to muscle weakness. Creatine uptake is effected in many cell types, including fibroblasts, which are easy to collect. Therefore fibroblasts can be used as indicators cells for the creatine uptake defect.	ACTIVE	CrT protein Fib Creat uptake-cCnt	Creatine transport protein [Enzymatic activity/mass] in Fibroblast by Creatine uptake assay	Creatine transport protein Creatine uptake assay (Fibroblast) [Catalytic activity/Mass]		CrT protein
79411-5	Creatine transport protein	CHEM	Creatine uptake via the creatine transport protein is determined by measuring the incorporation of creatine into fibroblasts. Decreased levels are associated with mutations in the SLC6A8 gene, which encodes the creatine transporter protein. The defect is clinically manifest in muscles cells, leading to muscle weakness. Creatine uptake is effected in many cell types, including fibroblasts, which are easy to collect. Therefore fibroblasts can be used as indicators cells for the creatine uptake defect.	ACTIVE	CrT protein Fib Creat uptake-cCnt	Creatine transport protein [Enzymatic activity/mass] in Fibroblast by Creatine uptake assay	Creatine transport protein Creatine uptake assay (Fibroblast) [Catalytic activity/Mass]		Creat uptake
12584-9	Creatinine	CHEM		ACTIVE	Creat Vitf-mCnc	Creatinine [Mass/volume] in Vitreous fluid	Creatinine (Vitr fld) [Mass/Vol]		Ophthalmology
12584-9	Creatinine	CHEM		ACTIVE	Creat Vitf-mCnc	Creatinine [Mass/volume] in Vitreous fluid	Creatinine (Vitr fld) [Mass/Vol]		Ophtho
12584-9	Creatinine	CHEM		ACTIVE	Creat Vitf-mCnc	Creatinine [Mass/volume] in Vitreous fluid	Creatinine (Vitr fld) [Mass/Vol]		Ophthy
12584-9	Creatinine	CHEM		ACTIVE	Creat Vitf-mCnc	Creatinine [Mass/volume] in Vitreous fluid	Creatinine (Vitr fld) [Mass/Vol]		Eye
12588-0	Creatinine	CHEM		ACTIVE	Creat 8h Ur-mRate	Creatinine [Mass/time] in 8 hour Urine	Creatinine (8H U) [Mass/Time]		8 hours
12588-0	Creatinine	CHEM		ACTIVE	Creat 8h Ur-mRate	Creatinine [Mass/time] in 8 hour Urine	Creatinine (8H U) [Mass/Time]		1/3 day
12588-0	Creatinine	CHEM		ACTIVE	Creat 8h Ur-mRate	Creatinine [Mass/time] in 8 hour Urine	Creatinine (8H U) [Mass/Time]		8HR
12589-8	Creatinine	CHEM		ACTIVE	Creat 12h Ur-mRate	Creatinine [Mass/time] in 12 hour Urine	Creatinine (12H U) [Mass/Time]		12HR
12589-8	Creatinine	CHEM		ACTIVE	Creat 12h Ur-mRate	Creatinine [Mass/time] in 12 hour Urine	Creatinine (12H U) [Mass/Time]		12 hours
35262-5	Creatinine	CHEM		ACTIVE	Creat 24h Ur-msRate	Creatinine [Mass or Moles] in 24 hour Urine	Creatinine (24H U) [Mass or moles/Time]		msRate
12194-7	Creatinine^12H post peritoneal dialysis	CHEM		ACTIVE	Creat 12h p PD Prt-mCnc	Creatinine [Mass/volume] in Peritoneal fluid --12 hours post peritoneal dialysis	Creatinine 12 Hr post PD (Periton fld) [Mass/Vol]		12h p PD
12192-1	Creatinine^2H post peritoneal dialysis	CHEM		ACTIVE	Creat 2h p PD Prt-mCnc	Creatinine [Mass/volume] in Peritoneal fluid --2 hours post peritoneal dialysis	Creatinine 2 Hr post PD (Periton fld) [Mass/Vol]		2h p PD
12193-9	Creatinine^4H post peritoneal dialysis	CHEM		ACTIVE	Creat 4h p PD Prt-mCnc	Creatinine [Mass/volume] in Peritoneal fluid --4 hours post peritoneal dialysis	Creatinine 4 Hr post PD (Periton fld) [Mass/Vol]		4h p PD
39802-4	Creatinine dial fld/Creatinine ser_plas	CHEM		ACTIVE	Creat diaf/SerPl	Creatinine in dialysis fluid/Creatinine in serum or plasma	Creatinine in dialysis fluid/Creatinine in serum or plasma (Dialysis fluid+S/P) [Relative ratio]		Creat diaf
13451-0	Creatinine dialysis fluid clearance	CHEM		ACTIVE	Creat Cl Dial fld+SerPl-vRate	Creatinine dialysis fluid clearance	Creatinine dialysis fluid clearance (Dialysis fluid+S/P) [Vol/Time]		Dial fld+SerPl
13451-0	Creatinine dialysis fluid clearance	CHEM		ACTIVE	Creat Cl Dial fld+SerPl-vRate	Creatinine dialysis fluid clearance	Creatinine dialysis fluid clearance (Dialysis fluid+S/P) [Vol/Time]		Cr DF Cl
48788-4	Creatinine peritoneal dialysis clearance	CHEM		ACTIVE	Creat Cl DiafP+SerPl-vRate	Creatinine peritoneal dialysis clearance	Creatinine PD clearance (PD fluid+S/P) [Vol/Time]		CrCl
48788-4	Creatinine peritoneal dialysis clearance	CHEM		ACTIVE	Creat Cl DiafP+SerPl-vRate	Creatinine peritoneal dialysis clearance	Creatinine PD clearance (PD fluid+S/P) [Vol/Time]		DiafP+SerPl
70266-2	Creatinine.periton fld/Creatinine.serum	CHEM	The ratio of peritoneal fluid to serum creatinine is determined to help diagnose the cause of impaired renal functioning.	ACTIVE	Creat Prt/Ser	Creatinine in peritoneal fluid/Creatinine in serum	Creatinine in peritoneal fluid/Creatinine in serum (Periton fld+S/P) [Relative ratio]		Creat Prt
70264-7	Creatinine.plr fld/Creatinine.serum	CHEM	Pleural fluid to serum creatinine ratio is determined to help diagnose the cause of pleural effusion.	ACTIVE	Creat Plr/Ser	Creatinine in pleural fluid/Creatinine in serum	Creatinine in pleural fluid/Creatinine in serum (S/P+Pleur fld) [Relative ratio]		Creat Plr
11041-1	Creatinine^post dialysis	CHEM		ACTIVE	Creat p dialysis SerPl-mCnc	Creatinine [Mass/volume] in Serum or Plasma --post dialysis	Creatinine post dialysis [Mass/Vol]		p dialysis
59834-2	Creatinine reduction ratio	CHEM		ACTIVE	Creatinine reduction ratio MFr SerPl	Creatinine reduction ratio in Serum or Plasma	Creatinine reduction ratio [Mass fraction]		CRR
35592-5	Creatinine renal clearance/1.73 sq M.predicted	CHEM		ACTIVE	Creat Cl/BSA.pred SerPl C-G-ArVRat	Creatinine renal clearance/1.73 sq M.predicted by Cockcroft-Gault formula, BSA formula	Creatinine renal clearance/1.73 sq M.predicted Cockcroft-Gault formula, BSA formula [Vol rate/Area]		CrCl/BSA pred
35592-5	Creatinine renal clearance/1.73 sq M.predicted	CHEM		ACTIVE	Creat Cl/BSA.pred SerPl C-G-ArVRat	Creatinine renal clearance/1.73 sq M.predicted by Cockcroft-Gault formula, BSA formula	Creatinine renal clearance/1.73 sq M.predicted Cockcroft-Gault formula, BSA formula [Vol rate/Area]		BSA.pred
50380-5	Creatinine renal clearance/1.73 sq M.predicted.female	CHEM		ACTIVE	Creat Cl/BSA pred.fem SerPl C-G-ArVRat	Creatinine renal clearance/1.73 sq M.predicted among females by Cockcroft-Gault formula, BSA formula	Creatinine renal clearance/1.73 sq M.predicted among females Cockcroft-Gault formula, BSA formula [Vol rate/Area]		BSA pred.fem
50380-5	Creatinine renal clearance/1.73 sq M.predicted.female	CHEM		ACTIVE	Creat Cl/BSA pred.fem SerPl C-G-ArVRat	Creatinine renal clearance/1.73 sq M.predicted among females by Cockcroft-Gault formula, BSA formula	Creatinine renal clearance/1.73 sq M.predicted among females Cockcroft-Gault formula, BSA formula [Vol rate/Area]		CrCl/BSA pred.female
50381-3	Creatinine renal clearance/1.73 sq M.predicted.male	CHEM		ACTIVE	Creat Cl/BSA pred.male SerPl C-G-ArVRat	Creatinine renal clearance/1.73 sq M.predicted among males by Cockcroft-Gault formula, BSA formula	Creatinine renal clearance/1.73 sq M.predicted among males Cockcroft-Gault formula, BSA formula [Vol rate/Area]		CrCl/BSA pred.male
50381-3	Creatinine renal clearance/1.73 sq M.predicted.male	CHEM		ACTIVE	Creat Cl/BSA pred.male SerPl C-G-ArVRat	Creatinine renal clearance/1.73 sq M.predicted among males by Cockcroft-Gault formula, BSA formula	Creatinine renal clearance/1.73 sq M.predicted among males Cockcroft-Gault formula, BSA formula [Vol rate/Area]		BSA pred.male
104805-7	Creatinine renal clearance.predicted	CHEM	A test for Creatinine renal clearance. predicted in serum or plasma via any method.   A parent code for those with pre-coordinated methods.	ACTIVE	Creat Cl predicted SerPl-vRate	Creatinine renal clearance predicted	Creatinine renal clearance predicted [Vol/Time]		Cl predicted
35591-7	Creatinine renal clearance.predicted	CHEM		ACTIVE	Creat Cl predicted SerPl C-G-vRate	Creatinine renal clearance predicted by Cockcroft-Gault formula	Creatinine renal clearance predicted Cockcroft-Gault formula [Vol/Time]		Cockroft-Gault formula
35591-7	Creatinine renal clearance.predicted	CHEM		ACTIVE	Creat Cl predicted SerPl C-G-vRate	Creatinine renal clearance predicted by Cockcroft-Gault formula	Creatinine renal clearance predicted Cockcroft-Gault formula [Vol/Time]		C-G
18440-8	Crotonylcarnitine (C4:1)	CHEM		DISCOURAGED	Crotonylcarn SerPl-mCnc	Crotonylcarnitine (C4:1) [Mass/volume] in Serum or Plasma	C4:1 [Mass/Vol]		C4:1
94145-0	Crotonylglycine/Creatinine	CHEM		ACTIVE	Crotonylglycine/Creat Ur-sRto	Crotonylglycine/Creatinine [Molar ratio] in Urine	Crotonylglycine/Creatinine (U) [Molar ratio]		N-crotonylglycine
12197-0	Cryofibrinogen	CHEM		ACTIVE	Cryofib Plas Ql 1D Cold Inc	Cryofibrinogen [Presence] in Plasma by 1 day cold incubation	Cryofibrinogen 1 day cold incubation Ql (P)		24h cold incubation
29744-0	Cryofibrinogen	CHEM		ACTIVE	Cryofib Plas Ql 3D Inc	Cryofibrinogen [Presence] in Plasma by 3 day 37 degree C incubation	Cryofibrinogen 3 day 37 degree C incubation Ql (P)		3D Inc
43401-9	Cryofibrinogen	CHEM		ACTIVE	Cryofib Plas Ql 1W Inc	Cryofibrinogen [Presence] in Plasma by 1 week 37 degree C incubation	Cryofibrinogen 1 week 37 degree C incubation Ql (P)		1W Inc
43401-9	Cryofibrinogen	CHEM		ACTIVE	Cryofib Plas Ql 1W Inc	Cryofibrinogen [Presence] in Plasma by 1 week 37 degree C incubation	Cryofibrinogen 1 week 37 degree C incubation Ql (P)		7d 37 deg incubation
12207-7	Cryoglobulin	CHEM		ACTIVE	Cryoglob Ser Ql 1W Cold Inc	Cryoglobulin [Presence] in Serum by 1 week cold incubation	Cryoglobulin 1 week cold incubation Ql (S)		7d cold incubation
81313-9	Cryoglobulin.complement C3	CHEM		ACTIVE	Cryoglobulin C3 Ser Ql	Cryoglobulin.complement C3 [Presence] in Serum	Cryoglobulin.complement C3 Ql (S)		Cryoglobulin C3
44082-6	Cryoglobulin IgA & IgG & IgM	CHEM		ACTIVE	Cryoglob IgA & IgG & IgM Ser-Imp	Cryoglobulin IgA and IgG and IgM [Interpretation] in Serum	Cryoglobulin IgA and IgG and IgM (S) [Interp]		Cryoglob IgA & IgG & IgM
15174-6	Cryoglobulin/Serum.total	CHEM		ACTIVE	Cryocrit Ser Spun Westergren	Cryocrit of Serum by Spun Westergren	Cryoglobulin/Serum.total Spun Westergren (S) [Volume fraction]		Westrgrn
15174-6	Cryoglobulin/Serum.total	CHEM		ACTIVE	Cryocrit Ser Spun Westergren	Cryocrit of Serum by Spun Westergren	Cryoglobulin/Serum.total Spun Westergren (S) [Volume fraction]		Westerg
24038-2	Cryoglobulin type	CHEM		ACTIVE	Cryoglob Typ Ser Elph	Cryoglobulin type [Identifier] in Serum by Electrophoresis	Cryoglobulin type Elph Nom (S)		Cryoglob Typ
15175-3	Cryoproteins	CHEM		ACTIVE	Cryoproteins SerPl AG Elph-Imp	Cryoproteins [Interpretation] in Serum or Plasma by Electrophoresis agarose gel	Cryoproteins Elph agarose gel [Interp]		Cryoprotein
15175-3	Cryoproteins	CHEM		ACTIVE	Cryoproteins SerPl AG Elph-Imp	Cryoproteins [Interpretation] in Serum or Plasma by Electrophoresis agarose gel	Cryoproteins Elph agarose gel [Interp]		AG Elph
106796-6	CXCL13 Ag	CHEM		ACTIVE	CXCL13 Ag Ser-mCnc	CXCL13 Ag [Mass/volume] in Serum	CXCL13 Ag (S) [Mass/Vol]		BCA1
106796-6	CXCL13 Ag	CHEM		ACTIVE	CXCL13 Ag Ser-mCnc	CXCL13 Ag [Mass/volume] in Serum	CXCL13 Ag (S) [Mass/Vol]		B-lymphocyte chemoattractant
106796-6	CXCL13 Ag	CHEM		ACTIVE	CXCL13 Ag Ser-mCnc	CXCL13 Ag [Mass/volume] in Serum	CXCL13 Ag (S) [Mass/Vol]		Chemokine (C-X-C motif) ligand 13 (B-cell chemoattractant)
106796-6	CXCL13 Ag	CHEM		ACTIVE	CXCL13 Ag Ser-mCnc	CXCL13 Ag [Mass/volume] in Serum	CXCL13 Ag (S) [Mass/Vol]		BCA-1
13370-2	Cystathionine	CHEM		DISCOURAGED	Cystathionin CSF-mCnc	Cystathionine [Mass/volume] in Cerebrospinal Fluid	Cystathionine (CSF) [Mass/Vol]		Cystathioninie
13370-2	Cystathionine	CHEM		DISCOURAGED	Cystathionin CSF-mCnc	Cystathionine [Mass/volume] in Cerebrospinal Fluid	Cystathionine (CSF) [Mass/Vol]		Cysthanthionine
82223-9	Cystathionine beta synthase	CHEM		ACTIVE	CBS Fib-cCnt	Cystathionine beta synthase [Enzymatic activity/mass] in Fibroblast	Cystathionine beta synthase (Fibroblast) [Catalytic activity/Mass]		CBS
25820-2	Cysteate	CHEM		ACTIVE	Cysteate 24h Ur-sRate	Cysteate [Moles/time] in 24 hour Urine	Cysteate (24H U) [Moles/Time]		beta sulfoalanine
25820-2	Cysteate	CHEM		ACTIVE	Cysteate 24h Ur-sRate	Cysteate [Moles/time] in 24 hour Urine	Cysteate (24H U) [Moles/Time]		Cysteic acid
46769-6	Cystic fibrosis	CHEM		ACTIVE	CF DBS-Imp	Cystic fibrosis newborn screen interpretation	Cystic fibrosis (DBS) [Interp]		Cystic fibr
57707-2	Cystic fibrosis newborn screening comment-discussion	CHEM		ACTIVE	CF NBS comment	Cystic fibrosis newborn screening comment-discussion	Cystic fibrosis newborn screening comment-discussion Nar (DBS)		CF NBS comment
12469-3	Cystine crystals	CHEM		ACTIVE	Cystine Cry Stone Micro	Cystine crystals [type] in Stone by Light microscopy	Cystine crystals LM Nom (Stone)		Calculi
12469-3	Cystine crystals	CHEM		ACTIVE	Cystine Cry Stone Micro	Cystine crystals [type] in Stone by Light microscopy	Cystine crystals LM Nom (Stone)		Stones
12469-3	Cystine crystals	CHEM		ACTIVE	Cystine Cry Stone Micro	Cystine crystals [type] in Stone by Light microscopy	Cystine crystals LM Nom (Stone)		Stone
2180-8	Cystine+Cysteine	CHEM		ACTIVE	Cys+Cysteine SerPl-mCnc	Cystine+Cysteine [Mass/volume] in Serum or Plasma	Cystine+Cysteine [Mass/Vol]		Cys+Cysteine
34624-7	Cystine.free	CHEM		ACTIVE	Cystine Free SerPl-sCnc	Cystine Free [Moles/volume] in Serum or Plasma	Cystine Free [Moles/Vol]		Cystine Free
10969-4	Cystine+Homocysteine	CHEM		ACTIVE	Cys+HCys Ur Ql	Cystine+Homocysteine [Presence] in Urine	Cystine+Homocysteine Ql (U)		Dicysteine
10969-4	Cystine+Homocysteine	CHEM		ACTIVE	Cys+HCys Ur Ql	Cystine+Homocysteine [Presence] in Urine	Cystine+Homocysteine Ql (U)		Cys-Cys
10969-4	Cystine+Homocysteine	CHEM		ACTIVE	Cys+HCys Ur Ql	Cystine+Homocysteine [Presence] in Urine	Cystine+Homocysteine Ql (U)		Cys+HCys
16711-4	Cystine+Homocystine	CHEM		ACTIVE	Cys+(Hcys)2 Ur Ql	Cystine+Homocystine [Presence] in Urine	Cystine+Homocystine Ql (U)		Cys+(Hcys)2
2181-6	Cystinyl aminopeptidase	CHEM		ACTIVE	Cystinyl AP Ser-cCnc	Cystinyl aminopeptidase [Enzymatic activity/volume] in Serum	Cystinyl aminopeptidase (S) [Catalytic activity/Vol]		Cystinyl AP
2181-6	Cystinyl aminopeptidase	CHEM		ACTIVE	Cystinyl AP Ser-cCnc	Cystinyl aminopeptidase [Enzymatic activity/volume] in Serum	Cystinyl aminopeptidase (S) [Catalytic activity/Vol]		Cystine arylamidase
2181-6	Cystinyl aminopeptidase	CHEM		ACTIVE	Cystinyl AP Ser-cCnc	Cystinyl aminopeptidase [Enzymatic activity/volume] in Serum	Cystinyl aminopeptidase (S) [Catalytic activity/Vol]		Oxytocinase
79671-4	Cytidine	CHEM		ACTIVE	Cytidine CSF-sCnc	Cytidine [Moles/volume] in Cerebrospinal Fluid	Cytidine (CSF) [Moles/Vol]		4-amino-1-[(2R,3R,4S,5R)-3,4-dihydroxy-5-(hydroxymethyl)oxolan-2-yl]pyrimidin-2-one
79671-4	Cytidine	CHEM		ACTIVE	Cytidine CSF-sCnc	Cytidine [Moles/volume] in Cerebrospinal Fluid	Cytidine (CSF) [Moles/Vol]		Cytosine Riboside
79671-4	Cytidine	CHEM		ACTIVE	Cytidine CSF-sCnc	Cytidine [Moles/volume] in Cerebrospinal Fluid	Cytidine (CSF) [Moles/Vol]		1-beta-D-Ribofuranosylcytosine
2182-4	Cytochrome B reductase	CHEM		ACTIVE	CyB Reduct Amn-cCnc	Cytochrome B reductase [Enzymatic activity/volume] in Amniotic fluid	Cytochrome B reductase (Amn fld) [Catalytic activity/Vol]		CyB Reduct
2182-4	Cytochrome B reductase	CHEM		ACTIVE	CyB Reduct Amn-cCnc	Cytochrome B reductase [Enzymatic activity/volume] in Amniotic fluid	Cytochrome B reductase (Amn fld) [Catalytic activity/Vol]		Methemoglobin diaphorase
18366-5	Cytochrome C oxidase	CHEM		ACTIVE	CyC Oxidase Tiss-cCnt	Cytochrome C oxidase [Enzymatic activity/mass] in Tissue	Cytochrome C oxidase (Tiss) [Catalytic activity/Mass]		CyC Oxidase
18366-5	Cytochrome C oxidase	CHEM		ACTIVE	CyC Oxidase Tiss-cCnt	Cytochrome C oxidase [Enzymatic activity/mass] in Tissue	Cytochrome C oxidase (Tiss) [Catalytic activity/Mass]		COX
79304-2	D-2-hydroxyglutarate	CHEM		ACTIVE	D2HG CSF-sCnc	D-2-hydroxyglutarate [Moles/volume] in Cerebrospinal Fluid	D-2-hydroxyglutarate (CSF) [Moles/Vol]		D-2-HG
79304-2	D-2-hydroxyglutarate	CHEM		ACTIVE	D2HG CSF-sCnc	D-2-hydroxyglutarate [Moles/volume] in Cerebrospinal Fluid	D-2-hydroxyglutarate (CSF) [Moles/Vol]		D2HGA
79304-2	D-2-hydroxyglutarate	CHEM		ACTIVE	D2HG CSF-sCnc	D-2-hydroxyglutarate [Moles/volume] in Cerebrospinal Fluid	D-2-hydroxyglutarate (CSF) [Moles/Vol]		D-2-HGA
79304-2	D-2-hydroxyglutarate	CHEM		ACTIVE	D2HG CSF-sCnc	D-2-hydroxyglutarate [Moles/volume] in Cerebrospinal Fluid	D-2-hydroxyglutarate (CSF) [Moles/Vol]		D2HG
78982-6	D-3-phosphoglycerate dehydrogenase	CHEM		ACTIVE	3-PGDH Fib-cCnt	D-3-phosphoglycerate dehydrogenase [Enzymatic activity/mass] in Fibroblast	D-3-phosphoglycerate dehydrogenase (Fibroblast) [Catalytic activity/Mass]		3-PDGH
78982-6	D-3-phosphoglycerate dehydrogenase	CHEM		ACTIVE	3-PGDH Fib-cCnt	D-3-phosphoglycerate dehydrogenase [Enzymatic activity/mass] in Fibroblast	D-3-phosphoglycerate dehydrogenase (Fibroblast) [Catalytic activity/Mass]		3-PGDH
78982-6	D-3-phosphoglycerate dehydrogenase	CHEM		ACTIVE	3-PGDH Fib-cCnt	D-3-phosphoglycerate dehydrogenase [Enzymatic activity/mass] in Fibroblast	D-3-phosphoglycerate dehydrogenase (Fibroblast) [Catalytic activity/Mass]		3-PHGDH
78982-6	D-3-phosphoglycerate dehydrogenase	CHEM		ACTIVE	3-PGDH Fib-cCnt	D-3-phosphoglycerate dehydrogenase [Enzymatic activity/mass] in Fibroblast	D-3-phosphoglycerate dehydrogenase (Fibroblast) [Catalytic activity/Mass]		PGDH
78982-6	D-3-phosphoglycerate dehydrogenase	CHEM		ACTIVE	3-PGDH Fib-cCnt	D-3-phosphoglycerate dehydrogenase [Enzymatic activity/mass] in Fibroblast	D-3-phosphoglycerate dehydrogenase (Fibroblast) [Catalytic activity/Mass]		3-Phosphoglycerate Dehydrogenase
78982-6	D-3-phosphoglycerate dehydrogenase	CHEM		ACTIVE	3-PGDH Fib-cCnt	D-3-phosphoglycerate dehydrogenase [Enzymatic activity/mass] in Fibroblast	D-3-phosphoglycerate dehydrogenase (Fibroblast) [Catalytic activity/Mass]		PHGDH
96420-5	Daratumumab	CHEM	Daratumumab is a monoclonal antibody used to treat multiple myeloma, which is, itself, a disease that results in antibody overproduction, shown as M protein band in immunoelectrophoresis. Daratumumab, the treatment, can show up as part of the M spike and interfere with the assay for the M-protein in multiple myeloma. An antibody against Daratumumab can be added to the assay, which shifts the Daratumumab band, allowing the Daratumumab band to be distinguished from the M-protein band and reported separately.	ACTIVE	Daratumumab Ser Ql IFE	Daratumumab [Presence] in Serum by Immunofixation	Daratumumab Immunofixation Ql (S)		DARZALEX
13726-5	Decadienediate/Creatinine	CHEM		DISCOURAGED	Decadienediate/Creat Ur	Decadienediate/Creatinine [Mass Ratio] in Urine	Decadienediate/Creatinine (U) [Mass ratio]		Decadienedioic acid
53180-6	Decadienoylcarnitine (C10:2)	CHEM		ACTIVE	Decadienoylcarn DBS-sCnc	Decadienoylcarnitine (C10:2) [Moles/volume] in DBS	C10:2 (DBS) [Moles/Vol]		C10:2
35146-0	Decanoate	CHEM		ACTIVE	Decanoate SerPl-sCnc	Decanoate (C10:0) [Moles/volume] in Serum or Plasma	Decanoate (C10:0) [Moles/Vol]		C10:0
35146-0	Decanoate	CHEM		ACTIVE	Decanoate SerPl-sCnc	Decanoate (C10:0) [Moles/volume] in Serum or Plasma	Decanoate (C10:0) [Moles/Vol]		Capric acid
35146-0	Decanoate	CHEM		ACTIVE	Decanoate SerPl-sCnc	Decanoate (C10:0) [Moles/volume] in Serum or Plasma	Decanoate (C10:0) [Moles/Vol]		Decanoic acid
35146-0	Decanoate	CHEM		ACTIVE	Decanoate SerPl-sCnc	Decanoate (C10:0) [Moles/volume] in Serum or Plasma	Decanoate (C10:0) [Moles/Vol]		Caprate
18452-3	Decanoylcarnitine (C10)	CHEM		DISCOURAGED	Decanoylcarn SerPl-mCnc	Decanoylcarnitine (C10) [Mass/volume] in Serum or Plasma	C10 [Mass/Vol]		C10
53208-5	Decatrienoylcarnitine (C10:3)	CHEM	The tentative opinion of the HTSP review (5/13/08) committee was that this marker has no clinical utility based on todays knowledge.	ACTIVE	Decatrienoylcarn DBS-sCnc	Decatrienoylcarnitine (C10:3) [Moles/volume] in DBS	C10:3 (DBS) [Moles/Vol]		C10:3
13727-3	Decenedioate/Creatinine	CHEM		DISCOURAGED	Decenedioate/Creat Ur	Decenedioate/Creatinine [Mass Ratio] in Urine	Decenedioate/Creatinine (U) [Mass ratio]		Decenedioic acid
13727-3	Decenedioate/Creatinine	CHEM		DISCOURAGED	Decenedioate/Creat Ur	Decenedioate/Creatinine [Mass Ratio] in Urine	Decenedioate/Creatinine (U) [Mass ratio]		Medium chain acyl-CoA dehydrogenase deficiency
35147-8	Decenoate	CHEM		ACTIVE	Decenoate SerPl-sCnc	Decenoate (C10:1) [Moles/volume] in Serum or Plasma	Decenoate (C10:1) [Moles/Vol]		Decenoic acid
30328-9	Decenoylcarnitine (C10:1)	CHEM		ACTIVE	Decenoylcarn SerPl-sCnc	Decenoylcarnitine (C10:1) [Moles/volume] in Serum or Plasma	C10:1 [Moles/Vol]		C10:1
107494-7	Dehydroepiandrosterone sulfate	CHEM		ACTIVE	DHEA-S SerPl LC/MS/MS-mCnc	Dehydroepiandrosterone sulfate (DHEA-S) [Mass/volume] in Serum or Plasma by LC/MS/MS	DHEA-S LC/MS/MS [Mass/Vol]		DHEAS
107494-7	Dehydroepiandrosterone sulfate	CHEM		ACTIVE	DHEA-S SerPl LC/MS/MS-mCnc	Dehydroepiandrosterone sulfate (DHEA-S) [Mass/volume] in Serum or Plasma by LC/MS/MS	DHEA-S LC/MS/MS [Mass/Vol]		SO4-2
107494-7	Dehydroepiandrosterone sulfate	CHEM		ACTIVE	DHEA-S SerPl LC/MS/MS-mCnc	Dehydroepiandrosterone sulfate (DHEA-S) [Mass/volume] in Serum or Plasma by LC/MS/MS	DHEA-S LC/MS/MS [Mass/Vol]		SO4
107494-7	Dehydroepiandrosterone sulfate	CHEM		ACTIVE	DHEA-S SerPl LC/MS/MS-mCnc	Dehydroepiandrosterone sulfate (DHEA-S) [Mass/volume] in Serum or Plasma by LC/MS/MS	DHEA-S LC/MS/MS [Mass/Vol]		Prasterone
107494-7	Dehydroepiandrosterone sulfate	CHEM		ACTIVE	DHEA-S SerPl LC/MS/MS-mCnc	Dehydroepiandrosterone sulfate (DHEA-S) [Mass/volume] in Serum or Plasma by LC/MS/MS	DHEA-S LC/MS/MS [Mass/Vol]		adrenal dysfunction
107494-7	Dehydroepiandrosterone sulfate	CHEM		ACTIVE	DHEA-S SerPl LC/MS/MS-mCnc	Dehydroepiandrosterone sulfate (DHEA-S) [Mass/volume] in Serum or Plasma by LC/MS/MS	DHEA-S LC/MS/MS [Mass/Vol]		DHEA-SO4
107494-7	Dehydroepiandrosterone sulfate	CHEM		ACTIVE	DHEA-S SerPl LC/MS/MS-mCnc	Dehydroepiandrosterone sulfate (DHEA-S) [Mass/volume] in Serum or Plasma by LC/MS/MS	DHEA-S LC/MS/MS [Mass/Vol]		DHEA-S
107494-7	Dehydroepiandrosterone sulfate	CHEM		ACTIVE	DHEA-S SerPl LC/MS/MS-mCnc	Dehydroepiandrosterone sulfate (DHEA-S) [Mass/volume] in Serum or Plasma by LC/MS/MS	DHEA-S LC/MS/MS [Mass/Vol]		DHEA
16731-2	Dehydroepiandrosterone.unconjugated	CHEM		DEPRECATED	Deprecated u DHEA SerPl-mCnc	Deprecated Dehydroepiandrosterone.unconjugated [Mass/volume] in Serum or Plasma	Unconjugated DHEA [Mass/Vol]		Free dehydroepiandrosterone
16731-2	Dehydroepiandrosterone.unconjugated	CHEM		DEPRECATED	Deprecated u DHEA SerPl-mCnc	Deprecated Dehydroepiandrosterone.unconjugated [Mass/volume] in Serum or Plasma	Unconjugated DHEA [Mass/Vol]		u DHEA
53211-9	Dehydrosebacylcarnitine (C10:1-DC)	CHEM	The tentative opinion of the HTSP review (5/13/08) committee was that this marker has no clinical utility based on todays knowledge.	ACTIVE	Dehydrosebacylcarn DBS-sCnc	Dehydrosebacylcarnitine (C10:1-DC) [Moles/volume] in DBS	C10:1-DC (DBS) [Moles/Vol]		C10:1-DC
53211-9	Dehydrosebacylcarnitine (C10:1-DC)	CHEM	The tentative opinion of the HTSP review (5/13/08) committee was that this marker has no clinical utility based on todays knowledge.	ACTIVE	Dehydrosebacylcarn DBS-sCnc	Dehydrosebacylcarnitine (C10:1-DC) [Moles/volume] in DBS	C10:1-DC (DBS) [Moles/Vol]		C10:1DC
53209-3	Dehydrosuberylcarnitine (C8:1-DC)	CHEM	The tentative opinion of the HTSP review (5/13/08) committee was that this marker has no clinical utility based on todays knowledge.	ACTIVE	Dehydrosuberylcarn DBS-sCnc	Dehydrosuberylcarnitine (C8:1-DC) [Moles/volume] in DBS	C8:1-DC (DBS) [Moles/Vol]		C8:1DC
53209-3	Dehydrosuberylcarnitine (C8:1-DC)	CHEM	The tentative opinion of the HTSP review (5/13/08) committee was that this marker has no clinical utility based on todays knowledge.	ACTIVE	Dehydrosuberylcarn DBS-sCnc	Dehydrosuberylcarnitine (C8:1-DC) [Moles/volume] in DBS	C8:1-DC (DBS) [Moles/Vol]		C8:1-DC
18214-7	Delta 5-Pregnanetriol	CHEM		ACTIVE	D5Pregnanetriol Ur-mCnc	Delta 5-Pregnanetriol [Mass/volume] in Urine	Delta 5-Pregnanetriol (U) [Mass/Vol]		D5Pregnanetriol
18215-4	Delta alanine	CHEM		DISCOURAGED	D-Alanine Ur-mCnc	Delta alanine [Mass/volume] in Urine	Delta alanine (U) [Mass/Vol]		D-Alanine
13970-9	Delta tocopherol	CHEM		ACTIVE	D-Tocopherol SerPl-mCnc	Delta tocopherol [Mass/volume] in Serum or Plasma	Delta tocopherol [Mass/Vol]		D-Tocopherol
2201-2	Deoxycholate	CHEM		DISCOURAGED	DO-cholate Ser-mCnc	Deoxycholate [Mass/volume] in Serum	Deoxycholate (S) [Mass/Vol]		DO-cholate
2201-2	Deoxycholate	CHEM		DISCOURAGED	DO-cholate Ser-mCnc	Deoxycholate [Mass/volume] in Serum	Deoxycholate (S) [Mass/Vol]		Deoxycholic acid
2202-0	Deoxycholylglycine	CHEM		ACTIVE	DO-cholylgly Ser-mCnc	Deoxycholylglycine [Mass/volume] in Serum	Deoxycholylglycine (S) [Mass/Vol]		DO-cholylgly
13881-8	Deoxypyridinoline.free/Creatinine	CHEM		ACTIVE	DPD Free/Creat Ur-sRto	Deoxypyridinoline Free/Creatinine [Molar ratio] in Urine	Deoxypyridinoline Free/Creatinine (U) [Molar ratio]		Pyrilinks D
13881-8	Deoxypyridinoline.free/Creatinine	CHEM		ACTIVE	DPD Free/Creat Ur-sRto	Deoxypyridinoline Free/Creatinine [Molar ratio] in Urine	Deoxypyridinoline Free/Creatinine (U) [Molar ratio]		DPD Free
47957-6	Deoxyuridine	CHEM		ACTIVE	Deoxyuridine SerPl-sCnc	Deoxyuridine [Moles/volume] in Serum or Plasma	Deoxyuridine [Moles/Vol]		dU
2203-8	Dermatan sulfate	CHEM		ACTIVE	Dermatan Sulfate SerPl-mCnc	Dermatan sulfate [Mass/volume] in Serum or Plasma	Dermatan sulfate [Mass/Vol]		Chondroitin B sulfate
2203-8	Dermatan sulfate	CHEM		ACTIVE	Dermatan Sulfate SerPl-mCnc	Dermatan sulfate [Mass/volume] in Serum or Plasma	Dermatan sulfate [Mass/Vol]		Dermatin
79506-2	Desaminotyrosine	CHEM		ACTIVE	Desaminotyrosine SerPl-sCnc	Desaminotyrosine [Moles/volume] in Serum or Plasma	Desaminotyrosine [Moles/Vol]		Phloretic acid
79506-2	Desaminotyrosine	CHEM		ACTIVE	Desaminotyrosine SerPl-sCnc	Desaminotyrosine [Moles/volume] in Serum or Plasma	Desaminotyrosine [Moles/Vol]		3-(para-Hydroxyphenyl)propionate
79506-2	Desaminotyrosine	CHEM		ACTIVE	Desaminotyrosine SerPl-sCnc	Desaminotyrosine [Moles/volume] in Serum or Plasma	Desaminotyrosine [Moles/Vol]		4-Hydroxy-(9CI)benzenepropanoate
79506-2	Desaminotyrosine	CHEM		ACTIVE	Desaminotyrosine SerPl-sCnc	Desaminotyrosine [Moles/volume] in Serum or Plasma	Desaminotyrosine [Moles/Vol]		Phloretate
33619-8	Deuteroporphyrin.semi-proto	CHEM		ACTIVE	S P Deuteropor 24h Stl-mRate	Deuteroporphyrin.semi-proto [Mass/time] in 24 hour Stool	Deuteroporphyrin.semi-proto (24H Stl) [Mass/Time]		S P Deuteropor
60438-9	Diamine oxidase	CHEM	This is an enzyme but its concentration is measured immunologically. Therfore the property is ACnc and not CCnc	ACTIVE	Diamine oxidase SerPl-aCnc	Diamine oxidase [Units/volume] in Serum or Plasma	Diamine oxidase Qn		Diaminobenzidine Oxidase
60438-9	Diamine oxidase	CHEM	This is an enzyme but its concentration is measured immunologically. Therfore the property is ACnc and not CCnc	ACTIVE	Diamine oxidase SerPl-aCnc	Diamine oxidase [Units/volume] in Serum or Plasma	Diamine oxidase Qn		DAO
60438-9	Diamine oxidase	CHEM	This is an enzyme but its concentration is measured immunologically. Therfore the property is ACnc and not CCnc	ACTIVE	Diamine oxidase SerPl-aCnc	Diamine oxidase [Units/volume] in Serum or Plasma	Diamine oxidase Qn		Histaminase
60438-9	Diamine oxidase	CHEM	This is an enzyme but its concentration is measured immunologically. Therfore the property is ACnc and not CCnc	ACTIVE	Diamine oxidase SerPl-aCnc	Diamine oxidase [Units/volume] in Serum or Plasma	Diamine oxidase Qn		Amine oxidase
22754-6	Dibucaine number	CHEM	Cholinesterase inhibition -- marker for inability to tolerate succinylcholine anesthesia	DEPRECATED	Deprecated Dibucaine Number Ser-aCnc	Deprecated Dibucaine number in Serum or Plasma	Dibucaine number Qn (S)		Nupercainal
22754-6	Dibucaine number	CHEM	Cholinesterase inhibition -- marker for inability to tolerate succinylcholine anesthesia	DEPRECATED	Deprecated Dibucaine Number Ser-aCnc	Deprecated Dibucaine number in Serum or Plasma	Dibucaine number Qn (S)		Chincocaine
53214-3	Dicarboxydodecanoylcarnitine (C12-DC)	CHEM	The tentative opinion of the HTSP review (5/13/08) committee was that this marker has no clinical utility based on todays knowledge.	ACTIVE	Dicarboxydodecanoylcarn DBS-sCnc	Dicarboxydodecanoylcarnitine (C12-DC) [Moles/volume] in DBS	C12-DC (DBS) [Moles/Vol]		C12-DC
53214-3	Dicarboxydodecanoylcarnitine (C12-DC)	CHEM	The tentative opinion of the HTSP review (5/13/08) committee was that this marker has no clinical utility based on todays knowledge.	ACTIVE	Dicarboxydodecanoylcarn DBS-sCnc	Dicarboxydodecanoylcarnitine (C12-DC) [Moles/volume] in DBS	C12-DC (DBS) [Moles/Vol]		C12DC
53213-5	Dicarboxydodecenoylcarnitine (C12:1-DC)	CHEM	The tentative opinion of the HTSP review (5/13/08) committee was that this marker has no clinical utility based on todays knowledge.	ACTIVE	Dicarboxydodecenoylcarn DBS-sCnc	Dicarboxydodecenoylcarnitine (C12:1-DC) [Moles/volume] in DBS	C12:1-DC (DBS) [Moles/Vol]		C12:1-DC
53213-5	Dicarboxydodecenoylcarnitine (C12:1-DC)	CHEM	The tentative opinion of the HTSP review (5/13/08) committee was that this marker has no clinical utility based on todays knowledge.	ACTIVE	Dicarboxydodecenoylcarn DBS-sCnc	Dicarboxydodecenoylcarnitine (C12:1-DC) [Moles/volume] in DBS	C12:1-DC (DBS) [Moles/Vol]		C12-2DC
74529-9	Dicarboxyhexenoylcarnitine (C6:1-DC)	CHEM		ACTIVE	Dicarboxyhexenoylcarn SerPl-sCnc	Dicarboxyhexenoylcarnitine (C6:1-DC) [Moles/volume] in Serum or Plasma	C6:1-DC [Moles/Vol]		3-methylglutarylcarnitine
74529-9	Dicarboxyhexenoylcarnitine (C6:1-DC)	CHEM		ACTIVE	Dicarboxyhexenoylcarn SerPl-sCnc	Dicarboxyhexenoylcarnitine (C6:1-DC) [Moles/volume] in Serum or Plasma	C6:1-DC [Moles/Vol]		3-hydroxy-3-methylglutaryl-coenzyme A lyase deficiency
2206-1	Dicarboxylate C6-C8-C10	CHEM		ACTIVE	Dicarboxy C6-C8-C10 Ser-mCnc	Dicarboxylate, C6-C8-C10 [Mass/volume] in Serum	Dicarboxylate, C6-C8-C10 (S) [Mass/Vol]		Dicarboxy C6-C8-C10
2206-1	Dicarboxylate C6-C8-C10	CHEM		ACTIVE	Dicarboxy C6-C8-C10 Ser-mCnc	Dicarboxylate, C6-C8-C10 [Mass/volume] in Serum	Dicarboxylate, C6-C8-C10 (S) [Mass/Vol]		Dicarboxylic acid C6-C8-C10
18466-3	Dicarboxyoleylcarnitine (C18:1-DC)	CHEM		DISCOURAGED	Dicarboxyoleylcarn SerPl-mCnc	Dicarboxyoleylcarnitine (C18:1-DC) [Mass/volume] in Serum or Plasma	C18:1-DC [Mass/Vol]		Dicarboxyoleoylcarnitine
18466-3	Dicarboxyoleylcarnitine (C18:1-DC)	CHEM		DISCOURAGED	Dicarboxyoleylcarn SerPl-mCnc	Dicarboxyoleylcarnitine (C18:1-DC) [Mass/volume] in Serum or Plasma	C18:1-DC [Mass/Vol]		C18:1-DC
18466-3	Dicarboxyoleylcarnitine (C18:1-DC)	CHEM		DISCOURAGED	Dicarboxyoleylcarn SerPl-mCnc	Dicarboxyoleylcarnitine (C18:1-DC) [Mass/volume] in Serum or Plasma	C18:1-DC [Mass/Vol]		C18:1DC
18466-3	Dicarboxyoleylcarnitine (C18:1-DC)	CHEM		DISCOURAGED	Dicarboxyoleylcarn SerPl-mCnc	Dicarboxyoleylcarnitine (C18:1-DC) [Mass/volume] in Serum or Plasma	C18:1-DC [Mass/Vol]		Octadecenediolcarnitine
53217-6	Dicarboxypalmitoleylcarnitine (C16:1-DC)	CHEM	The tentative opinion of the HTSP review (5/13/08) committee was that this marker has no clinical utility based on todays knowledge.	ACTIVE	Dicarboxypalmitoleylcarn DBS-sCnc	Dicarboxypalmitoleylcarnitine (C16:1-DC) [Moles/volume] in DBS	C16:1-DC (DBS) [Moles/Vol]		C16:1DC
53217-6	Dicarboxypalmitoleylcarnitine (C16:1-DC)	CHEM	The tentative opinion of the HTSP review (5/13/08) committee was that this marker has no clinical utility based on todays knowledge.	ACTIVE	Dicarboxypalmitoleylcarn DBS-sCnc	Dicarboxypalmitoleylcarnitine (C16:1-DC) [Moles/volume] in DBS	C16:1-DC (DBS) [Moles/Vol]		C16:1-DC
53218-4	Dicarboxypalmitoylcarnitine (C16-DC)	CHEM	The tentative opinion of the HTSP review (5/13/08) committee was that this marker has no clinical utility based on todays knowledge.	ACTIVE	Dicarboxypalmitoylcarn DBS-sCnc	Dicarboxypalmitoylcarnitine (C16-DC) [Moles/volume] in DBS	C16-DC (DBS) [Moles/Vol]		C16-DC
53218-4	Dicarboxypalmitoylcarnitine (C16-DC)	CHEM	The tentative opinion of the HTSP review (5/13/08) committee was that this marker has no clinical utility based on todays knowledge.	ACTIVE	Dicarboxypalmitoylcarn DBS-sCnc	Dicarboxypalmitoylcarnitine (C16-DC) [Moles/volume] in DBS	C16-DC (DBS) [Moles/Vol]		thapsoyl carnitine
53218-4	Dicarboxypalmitoylcarnitine (C16-DC)	CHEM	The tentative opinion of the HTSP review (5/13/08) committee was that this marker has no clinical utility based on todays knowledge.	ACTIVE	Dicarboxypalmitoylcarn DBS-sCnc	Dicarboxypalmitoylcarnitine (C16-DC) [Moles/volume] in DBS	C16-DC (DBS) [Moles/Vol]		Hexadecanediolycarnitine
53218-4	Dicarboxypalmitoylcarnitine (C16-DC)	CHEM	The tentative opinion of the HTSP review (5/13/08) committee was that this marker has no clinical utility based on todays knowledge.	ACTIVE	Dicarboxypalmitoylcarn DBS-sCnc	Dicarboxypalmitoylcarnitine (C16-DC) [Moles/volume] in DBS	C16-DC (DBS) [Moles/Vol]		C16DC
53220-0	Dicarboxystearoylcarnitine (C18-DC)	CHEM	The tentative opinion of the HTSP review (5/13/08) committee was that this marker has no clinical utility based on todays knowledge.	ACTIVE	Dicarboxystearoylcarn DBS-sCnc	Dicarboxystearoylcarnitine (C18-DC) [Moles/volume] in DBS	Dicarboxystearoylcarnitine (C18-DC) (DBS) [Moles/Vol]		octadecanedioyl carnitine
53220-0	Dicarboxystearoylcarnitine (C18-DC)	CHEM	The tentative opinion of the HTSP review (5/13/08) committee was that this marker has no clinical utility based on todays knowledge.	ACTIVE	Dicarboxystearoylcarn DBS-sCnc	Dicarboxystearoylcarnitine (C18-DC) [Moles/volume] in DBS	Dicarboxystearoylcarnitine (C18-DC) (DBS) [Moles/Vol]		C18-DC
53220-0	Dicarboxystearoylcarnitine (C18-DC)	CHEM	The tentative opinion of the HTSP review (5/13/08) committee was that this marker has no clinical utility based on todays knowledge.	ACTIVE	Dicarboxystearoylcarn DBS-sCnc	Dicarboxystearoylcarnitine (C18-DC) [Moles/volume] in DBS	Dicarboxystearoylcarnitine (C18-DC) (DBS) [Moles/Vol]		Dicarboxy stearoyl carnitine
53220-0	Dicarboxystearoylcarnitine (C18-DC)	CHEM	The tentative opinion of the HTSP review (5/13/08) committee was that this marker has no clinical utility based on todays knowledge.	ACTIVE	Dicarboxystearoylcarn DBS-sCnc	Dicarboxystearoylcarnitine (C18-DC) [Moles/volume] in DBS	Dicarboxystearoylcarnitine (C18-DC) (DBS) [Moles/Vol]		Dicarboxy stearoylcarnitine
53220-0	Dicarboxystearoylcarnitine (C18-DC)	CHEM	The tentative opinion of the HTSP review (5/13/08) committee was that this marker has no clinical utility based on todays knowledge.	ACTIVE	Dicarboxystearoylcarn DBS-sCnc	Dicarboxystearoylcarnitine (C18-DC) [Moles/volume] in DBS	Dicarboxystearoylcarnitine (C18-DC) (DBS) [Moles/Vol]		octadecanedioylcarnitine
53220-0	Dicarboxystearoylcarnitine (C18-DC)	CHEM	The tentative opinion of the HTSP review (5/13/08) committee was that this marker has no clinical utility based on todays knowledge.	ACTIVE	Dicarboxystearoylcarn DBS-sCnc	Dicarboxystearoylcarnitine (C18-DC) [Moles/volume] in DBS	Dicarboxystearoylcarnitine (C18-DC) (DBS) [Moles/Vol]		C18DC
53216-8	Dicarboxytetradecanoylcarnitine (C14-DC)	CHEM	The tentative opinion of the HTSP review (5/13/08) committee was that this marker has no clinical utility based on todays knowledge.	ACTIVE	Dicarboxytetradecanoylcarn DBS-sCnc	Dicarboxytetradecanoylcarnitine (C14-DC) [Moles/volume] in DBS	C14-DC (DBS) [Moles/Vol]		C14-DC
53216-8	Dicarboxytetradecanoylcarnitine (C14-DC)	CHEM	The tentative opinion of the HTSP review (5/13/08) committee was that this marker has no clinical utility based on todays knowledge.	ACTIVE	Dicarboxytetradecanoylcarn DBS-sCnc	Dicarboxytetradecanoylcarnitine (C14-DC) [Moles/volume] in DBS	C14-DC (DBS) [Moles/Vol]		C14DC
53215-0	Dicarboxytetradecenoylcarnitine (C14:1-DC)	CHEM	The tentative opinion of the HTSP review (5/13/08) committee was that this marker has no clinical utility based on todays knowledge.	ACTIVE	Dicarboxytetradecenoylcarn DBS-sCnc	Dicarboxytetradecenoylcarnitine (C14:1-DC) [Moles/volume] in DBS	C14:1-DC (DBS) [Moles/Vol]		Very long-chain acyl-CoA dehydrogenase
53215-0	Dicarboxytetradecenoylcarnitine (C14:1-DC)	CHEM	The tentative opinion of the HTSP review (5/13/08) committee was that this marker has no clinical utility based on todays knowledge.	ACTIVE	Dicarboxytetradecenoylcarn DBS-sCnc	Dicarboxytetradecenoylcarnitine (C14:1-DC) [Moles/volume] in DBS	C14:1-DC (DBS) [Moles/Vol]		C14:1DC
2210-3	Dihydrolipoamide acetyl transferase	CHEM		ACTIVE	DL AcT Tiss-cCnt	Dihydrolipoamide acetyl transferase [Enzymatic activity/mass] in Tissue	Dihydrolipoamide acetyl transferase (Tiss) [Catalytic activity/Mass]		Dihydrolipoamide methyltransferase
2210-3	Dihydrolipoamide acetyl transferase	CHEM		ACTIVE	DL AcT Tiss-cCnt	Dihydrolipoamide acetyl transferase [Enzymatic activity/mass] in Tissue	Dihydrolipoamide acetyl transferase (Tiss) [Catalytic activity/Mass]		DL AcT
2211-1	Dihydrolipoamide dehydrogenase	CHEM		ACTIVE	DL Dehydrog Tiss-cCnt	Dihydrolipoamide dehydrogenase [Enzymatic activity/mass] in Tissue	Dihydrolipoamide dehydrogenase (Tiss) [Catalytic activity/Mass]		DL Dehydrog
78694-7	Dihydroorotate/Creatinine	CHEM		ACTIVE	Dihydroorotate/Creat Ur-sRto	Dihydroorotate/Creatinine [Molar ratio] in Urine	Dihydroorotate/Creatinine (U) [Molar ratio]		2,6-dioxo-1,3-diazinane-4-carboxylate
78694-7	Dihydroorotate/Creatinine	CHEM		ACTIVE	Dihydroorotate/Creat Ur-sRto	Dihydroorotate/Creatinine [Molar ratio] in Urine	Dihydroorotate/Creatinine (U) [Molar ratio]		4,5-dihydroorotate
78694-7	Dihydroorotate/Creatinine	CHEM		ACTIVE	Dihydroorotate/Creat Ur-sRto	Dihydroorotate/Creatinine [Molar ratio] in Urine	Dihydroorotate/Creatinine (U) [Molar ratio]		Hydroorotic acid
78694-7	Dihydroorotate/Creatinine	CHEM		ACTIVE	Dihydroorotate/Creat Ur-sRto	Dihydroorotate/Creatinine [Molar ratio] in Urine	Dihydroorotate/Creatinine (U) [Molar ratio]		5,6-dihydroorotate
2212-9	Dihydropteridine reductase	CHEM		ACTIVE	DHP Reduct Ser-cCnc	Dihydropteridine reductase [Enzymatic activity/volume] in Serum	Dihydropteridine reductase (S) [Catalytic activity/Vol]		DHPR
2212-9	Dihydropteridine reductase	CHEM		ACTIVE	DHP Reduct Ser-cCnc	Dihydropteridine reductase [Enzymatic activity/volume] in Serum	Dihydropteridine reductase (S) [Catalytic activity/Vol]		DHP Reduct
78693-9	Dihydrothymine/Creatinine	CHEM		ACTIVE	Dihydrothymine/Creat Ur-sRto	Dihydrothymine/Creatinine [Molar ratio] in Urine	Dihydrothymine/Creatinine (U) [Molar ratio]		5,6-dihydrothymine
78693-9	Dihydrothymine/Creatinine	CHEM		ACTIVE	Dihydrothymine/Creat Ur-sRto	Dihydrothymine/Creatinine [Molar ratio] in Urine	Dihydrothymine/Creatinine (U) [Molar ratio]		Dihydropyrimidinase deficiency
78693-9	Dihydrothymine/Creatinine	CHEM		ACTIVE	Dihydrothymine/Creat Ur-sRto	Dihydrothymine/Creatinine [Molar ratio] in Urine	Dihydrothymine/Creatinine (U) [Molar ratio]		5-methyl-1,3-diazinane-2,4-dione
100425-8	DiHydro T-Mas	CHEM		ACTIVE	SerPl-mCnc	DiHydro T-Mas [Mass/volume] in Serum or Plasma	DiHydro T-Mas [Mass/Vol]		T prime
100425-8	DiHydro T-Mas	CHEM		ACTIVE	SerPl-mCnc	DiHydro T-Mas [Mass/volume] in Serum or Plasma	DiHydro T-Mas [Mass/Vol]		DiHydro testis meiosis activating sterol
100425-8	DiHydro T-Mas	CHEM		ACTIVE	SerPl-mCnc	DiHydro T-Mas [Mass/volume] in Serum or Plasma	DiHydro T-Mas [Mass/Vol]		4,4-dimethyl-cholest-8(9)-en-3β-ol
100425-8	DiHydro T-Mas	CHEM		ACTIVE	SerPl-mCnc	DiHydro T-Mas [Mass/volume] in Serum or Plasma	DiHydro T-Mas [Mass/Vol]		4,4-dimethyl-5α-cholest-8-en-3β-ol
24081-2	Dihydroxyacetone phosphate acylcoa acyl transferase	CHEM		ACTIVE	DHAP AcylCoA AT Fib-cCnt	Dihydroxyacetone phosphate acylcoa acyl transferase [Enzymatic activity/mass] in Fibroblast	Dihydroxyacetone phosphate acylcoa acyl transferase (Fibroblast) [Catalytic activity/Mass]		Peroxisome-deficient variants
24081-2	Dihydroxyacetone phosphate acylcoa acyl transferase	CHEM		ACTIVE	DHAP AcylCoA AT Fib-cCnt	Dihydroxyacetone phosphate acylcoa acyl transferase [Enzymatic activity/mass] in Fibroblast	Dihydroxyacetone phosphate acylcoa acyl transferase (Fibroblast) [Catalytic activity/Mass]		DHAP-acyltransferase
24081-2	Dihydroxyacetone phosphate acylcoa acyl transferase	CHEM		ACTIVE	DHAP AcylCoA AT Fib-cCnt	Dihydroxyacetone phosphate acylcoa acyl transferase [Enzymatic activity/mass] in Fibroblast	Dihydroxyacetone phosphate acylcoa acyl transferase (Fibroblast) [Catalytic activity/Mass]		DHAP AcylCoA AT
53479-2	Dihydroxycholestanoate	CHEM		ACTIVE	Di-OH-cholestanoate SerPl-sCnc	Dihydroxycholestanoate [Moles/volume] in Serum or Plasma	Dihydroxycholestanoate [Moles/Vol]		Di-OH-cholestanoate
53479-2	Dihydroxycholestanoate	CHEM		ACTIVE	Di-OH-cholestanoate SerPl-sCnc	Dihydroxycholestanoate [Moles/volume] in Serum or Plasma	Dihydroxycholestanoate [Moles/Vol]		DHCA
53479-2	Dihydroxycholestanoate	CHEM		ACTIVE	Di-OH-cholestanoate SerPl-sCnc	Dihydroxycholestanoate [Moles/volume] in Serum or Plasma	Dihydroxycholestanoate [Moles/Vol]		Dihydroxycholestanoic acid
79343-0	Dimethylacetals pattern	CHEM	The pattern of dimethylacetals (DMAs), including DMA 16:0 (1,1-Dimethoxyhexadecane), DMA 18:0 (1,1-Dimethoxyoctadecane), and DMA 18:1 (1,1-dimethoxy-(9Z)octadecene), in red blood cells is used to diagnosis plasmalogen synthesis disorders, including retinitis pigmentosa (RP), rhizomelic chondrodysplasia punctata and Zellweger disease spectrum. Schaefer et. al. (1995) found that dominant, recessive, and isolated forms of RP have higher ratios of DMA 16:0/C16:0, DMA 18:0/C18:0 and DMA 18:1n9/C18:1n9 compared to controls. For X-linked RP, only the DMA 18:1n9/C18:1n9 ratio was significantly higher than in controls.[PMID: 7595066] The ratio of DMA 18:0/C18:0 is reportedly lower in patients with In Zellweger syndrome.[PMID: 3760714]	ACTIVE	DMA pattern RBC-Imp	Dimethylacetals pattern [Interpretation] in Red Blood Cells Narrative	Dimethylacetals pattern Nar (RBC) [Interp]		DMA pattern
49837-8	Dimethylphosphatidyl ethanolamine/Surfactant.total	CHEM		ACTIVE	DMPE MFr Amn	Dimethylphosphatidyl ethanolamine/Surfactant.total in Amniotic fluid	Dimethylphosphatidyl ethanolamine/Total surfactant (Amn fld) [Mass fraction]		DMPE
2215-2	Dipalmitoylphosphatidylcholine	CHEM		ACTIVE	DPPC Ser-mCnc	Dipalmitoylphosphatidylcholine [Mass/volume] in Serum	Dipalmitoylphosphatidylcholine (S) [Mass/Vol]		DPPC
11044-5	Diphosphoglycerate mutase	CHEM		ACTIVE	DPGM RBC-cCnc	Diphosphoglycerate mutase [Enzymatic activity/volume] in Red Blood Cells	Diphosphoglycerate mutase (RBC) [Catalytic activity/Vol]		DPGM
47853-7	Diphosphoglycerate phosphatase	CHEM		ACTIVE	Diphosphoglycerate phosphatase RBC-cCnt	Diphosphoglycerate phosphatase [Enzymatic activity/mass] in Red Blood Cells	Diphosphoglycerate phosphatase (RBC) [Catalytic activity/Mass]		DPGP
47853-7	Diphosphoglycerate phosphatase	CHEM		ACTIVE	Diphosphoglycerate phosphatase RBC-cCnt	Diphosphoglycerate phosphatase [Enzymatic activity/mass] in Red Blood Cells	Diphosphoglycerate phosphatase (RBC) [Catalytic activity/Mass]		Bisphosphoglycerate phosphatase
79299-4	D- & L-2-hydroxyglutarate pattern	CHEM	Narrative interpretation of results for D-2-hydroxyglutarate (D-2-HG) and L-2-hydroxyglutarate (L-2-HG) in CSF, including whether the results are consistent with D-2-hydroxyglutaric aciduria, L-2-hydroxyglutaric aciduria or D,L-2-hydroxyglutaric aciduria.	ACTIVE	D2HG + L2HG pattern CSF-Imp	D- and L-2-hydroxyglutarate pattern [Interpretation] in Cerebrospinal Fluid Narrative	D- and L-2-hydroxyglutarate pattern Nar (CSF) [Interp]		D2HG + L2HG pattern
35174-2	Docosahexaenoate	CHEM		ACTIVE	DHA SerPl-sCnc	Docosahexaenoate (C22:6w3) [Moles/volume] in Serum or Plasma	DHA [Moles/Vol]		Cervonate
35174-2	Docosahexaenoate	CHEM		ACTIVE	DHA SerPl-sCnc	Docosahexaenoate (C22:6w3) [Moles/volume] in Serum or Plasma	DHA [Moles/Vol]		Cervonic acid
35174-2	Docosahexaenoate	CHEM		ACTIVE	DHA SerPl-sCnc	Docosahexaenoate (C22:6w3) [Moles/volume] in Serum or Plasma	DHA [Moles/Vol]		Docosahexaenoic acid
35174-2	Docosahexaenoate	CHEM		ACTIVE	DHA SerPl-sCnc	Docosahexaenoate (C22:6w3) [Moles/volume] in Serum or Plasma	DHA [Moles/Vol]		DHA
35174-2	Docosahexaenoate	CHEM		ACTIVE	DHA SerPl-sCnc	Docosahexaenoate (C22:6w3) [Moles/volume] in Serum or Plasma	DHA [Moles/Vol]		C22:6w3
35180-9	Docosapentaenate w3	CHEM		ACTIVE	DPA SerPl-sCnc	Docosapentaenate (C22:5w3) [Moles/volume] in Serum or Plasma	DPA [Moles/Vol]		C22:5w3
35180-9	Docosapentaenate w3	CHEM		ACTIVE	DPA SerPl-sCnc	Docosapentaenate (C22:5w3) [Moles/volume] in Serum or Plasma	DPA [Moles/Vol]		Docosapentaenic acid
35180-9	Docosapentaenate w3	CHEM		ACTIVE	DPA SerPl-sCnc	Docosapentaenate (C22:5w3) [Moles/volume] in Serum or Plasma	DPA [Moles/Vol]		DPA
35181-7	Docosapentaenate w6	CHEM		ACTIVE	Docosapentaenate w6 SerPl-sCnc	Docosapentaenate (C22:5w6) [Moles/volume] in Serum or Plasma	Docosapentaenate (C22:5w6) [Moles/Vol]		C22:5w6
35182-5	Docosatetraenoate	CHEM		ACTIVE	Docosatetraenoate SerPl-sCnc	Docosatetraenoate (C22:4w6) [Moles/volume] in Serum or Plasma	Docosatetraenoate (C22:4w6) [Moles/Vol]		Adrenate
35182-5	Docosatetraenoate	CHEM		ACTIVE	Docosatetraenoate SerPl-sCnc	Docosatetraenoate (C22:4w6) [Moles/volume] in Serum or Plasma	Docosatetraenoate (C22:4w6) [Moles/Vol]		Docosatetraenoic acid
35182-5	Docosatetraenoate	CHEM		ACTIVE	Docosatetraenoate SerPl-sCnc	Docosatetraenoate (C22:4w6) [Moles/volume] in Serum or Plasma	Docosatetraenoate (C22:4w6) [Moles/Vol]		C22:4w6
35182-5	Docosatetraenoate	CHEM		ACTIVE	Docosatetraenoate SerPl-sCnc	Docosatetraenoate (C22:4w6) [Moles/volume] in Serum or Plasma	Docosatetraenoate (C22:4w6) [Moles/Vol]		Adrenic acid
35160-1	Docosenoate	CHEM		ACTIVE	Docosenoate SerPl-sCnc	Docosenoate (C22:1) [Moles/volume] in Serum or Plasma	Docosenoate (C22:1) [Moles/Vol]		Docosenoic acid
35160-1	Docosenoate	CHEM		ACTIVE	Docosenoate SerPl-sCnc	Docosenoate (C22:1) [Moles/volume] in Serum or Plasma	Docosenoate (C22:1) [Moles/Vol]		C22:1
13732-3	Dodecanedioate/Creatinine	CHEM		ACTIVE	DDDA/Creat Ur	Dodecanedioate/Creatinine [Mass Ratio] in Urine	Dodecanedioate/Creatinine (U) [Mass ratio]		Dodecanedioic acid
13732-3	Dodecanedioate/Creatinine	CHEM		ACTIVE	DDDA/Creat Ur	Dodecanedioate/Creatinine [Mass Ratio] in Urine	Dodecanedioate/Creatinine (U) [Mass ratio]		DDDA
18455-6	Dodecanoylcarnitine (C12)	CHEM		DISCOURAGED	Dodecanoylcarn SerPl-mCnc	Dodecanoylcarnitine (C12) [Mass/volume] in Serum or Plasma	C12 [Mass/Vol]		C12
18454-9	Dodecenoylcarnitine (C12:1)	CHEM		DISCOURAGED	Dodecenoylcarn SerPl-mCnc	Dodecenoylcarnitine (C12:1) [Mass/volume] in Serum or Plasma	C12:1 [Mass/Vol]		C12:1
53542-7	Dodeicosanoylcarnitine (C22)	CHEM		ACTIVE	Dodeicosanoylcarn Amn-sCnc	Dodeicosanoylcarnitine (C22) [Moles/volume] in Amniotic fluid	C22 (Amn fld) [Moles/Vol]		Docasanlylcarnitine
2219-4	Dopamine beta-hydroxylase	CHEM		ACTIVE	Dopamine B-Hydroxylae SerPl-cCnc	Dopamine beta-hydroxylase [Enzymatic activity/volume] in Serum or Plasma	Dopamine beta-hydroxylase [Catalytic activity/Vol]		Dopamine B-Hydroxylae
2219-4	Dopamine beta-hydroxylase	CHEM		ACTIVE	Dopamine B-Hydroxylae SerPl-cCnc	Dopamine beta-hydroxylase [Enzymatic activity/volume] in Serum or Plasma	Dopamine beta-hydroxylase [Catalytic activity/Vol]		Dopamine beta-monooxygenase
2219-4	Dopamine beta-hydroxylase	CHEM		ACTIVE	Dopamine B-Hydroxylae SerPl-cCnc	Dopamine beta-hydroxylase [Enzymatic activity/volume] in Serum or Plasma	Dopamine beta-hydroxylase [Catalytic activity/Vol]		DBH
79596-3	D-serine/Creatinine	CHEM		ACTIVE	D-serine/Creat Ur-sRto	D-serine/Creatinine [Molar ratio] in Urine	D-serine/Creatinine (U) [Molar ratio]		Dextro-serine
107447-5	Duchenne muscular dystrophy comment	CHEM		ACTIVE	DMD comment DBS	Duchenne muscular dystrophy comment [Text] in DBS Narrative	Duchenne muscular dystrophy comment Nar (DBS)		DMD comment
107448-3	Duchenne muscular dystrophy newborn screen interpretation	CHEM		ACTIVE	DMD newborn scr inter DBS-Imp	Duchenne muscular dystrophy newborn screen interpretation newborn screen interpretation	Duchenne muscular dystrophy newborn screen interpretation (DBS) [Interp]		DMD newborn scr inter
35124-7	Dysferlin	CHEM		ACTIVE	Dysferlin WBC Ql	Dysferlin [Presence] in Leukocytes	Dysferlin Ql (WBC)		Dystrophy-associated fer-1-like protein
53461-0	Eicosanoylcarnitine (C20)	CHEM		ACTIVE	Eicosanoylcarn Amn-sCnc	Eicosanoylcarnitine (C20) [Moles/volume] in Amniotic fluid	C20 (Amn fld) [Moles/Vol]		C20
35173-4	Eicosapentaenoate	CHEM		ACTIVE	EPA SerPl-sCnc	Eicosapentaenoate (C20:5w3) [Moles/volume] in Serum or Plasma	EPA [Moles/Vol]		Eicosapentaenoic acid
35173-4	Eicosapentaenoate	CHEM		ACTIVE	EPA SerPl-sCnc	Eicosapentaenoate (C20:5w3) [Moles/volume] in Serum or Plasma	EPA [Moles/Vol]		Timnodonic Acid
35173-4	Eicosapentaenoate	CHEM		ACTIVE	EPA SerPl-sCnc	Eicosapentaenoate (C20:5w3) [Moles/volume] in Serum or Plasma	EPA [Moles/Vol]		Timnodonate
35173-4	Eicosapentaenoate	CHEM		ACTIVE	EPA SerPl-sCnc	Eicosapentaenoate (C20:5w3) [Moles/volume] in Serum or Plasma	EPA [Moles/Vol]		Icosapentaenoate
35173-4	Eicosapentaenoate	CHEM		ACTIVE	EPA SerPl-sCnc	Eicosapentaenoate (C20:5w3) [Moles/volume] in Serum or Plasma	EPA [Moles/Vol]		EPA
35173-4	Eicosapentaenoate	CHEM		ACTIVE	EPA SerPl-sCnc	Eicosapentaenoate (C20:5w3) [Moles/volume] in Serum or Plasma	EPA [Moles/Vol]		C20:5w3
88998-0	Eicosapentaenoate+Docosahexaenoate/Fatty acids.C14-C24	CHEM	The omega-3 index, defined as eicosapentaenoate (EPA)+ docosahexaenoate (DHA)/Fatty acids.C14-C24, is a clinically useful measurement for evaluating blood levels of EPA and DHA. There are many health benefits from maintaining a good level of omega-3 fatty acids including reduced inflammation, risk of heart disease, cancer, arthritis, and many more. Deficiency in omega-3 fatty acids can result in fatigue, poor memory, dry skin, heart problems, mood swings, and poor circulation.[https://www.umm.edu/health/medical/altmed/supplement/omega3-fatty-acids] There have been a number of clinical trials to determine the effect of omega-3 supplementation based on a 1g/day dose of EPA, which successfully increased the total omega-3 level to >5% for 84% of the study participants. The remaining 16% had levels below 5%, which is the threshold at which significant reduction in sudden coronary death reduction is evident. The variability in the blood levels of omega-3 in patients who received the same supplemental dose of omega-3 has been attributed to genetic differences in fatty acid metabolism, body weight, baseline omega-3 level, age, gender, and physical activity.[PMID: 25285179]	ACTIVE	Omega-3 index SFr SerPl	Omega-3 (EPA+DHA) index in Serum or Plasma	EPA+DHA/Fatty acids.C14-C24 [Molar fraction]		EPA+DHA
90908-5	Eicosapentaenoate+Docosapentaenate w3+Docosahexaenoate/Fatty acids.C14-C22 risk	CHEM	Risk of sudden death due to cardiovascular disease based on the % of EPA+DPA+DHA out of total fatty acids C14-C22. This term was created for, but is not limited in use to, the submitters OmegaCheck test performed at the Cleveland Heart Lab. Note that a similar LOINC exists for the risk of cardiovascular disease based on % of EPA+DHA out of total fatty acids C14-C24 [LOINC: 88999-8].	ACTIVE	EPA+DPA+DHA/FA.C14-C22 risk Bld Imp	Eicosapentaenoate (C20:5w3)+Docosapentaenate (C22:5w3)+Docosahexaenoate (C22:6w3)/Fatty acids.C14-C22 risk [Interpretation] in Blood Qualitative	EPA+DPA+DHA/Fatty acids.C14-C22 risk Ql (Bld) [Interp]		EPA+DPA+DHA
2223-6	Elastase.leukocyte	CHEM		ACTIVE	Elastase Leukocyte Plas-cCnc	Elastase.leukocyte [Enzymatic activity/volume] in Plasma	Elastase.leukocyte (P) [Catalytic activity/Vol]		Leukocyte elastase
2223-6	Elastase.leukocyte	CHEM		ACTIVE	Elastase Leukocyte Plas-cCnc	Elastase.leukocyte [Enzymatic activity/volume] in Plasma	Elastase.leukocyte (P) [Catalytic activity/Vol]		Lysosomal elastase
2223-6	Elastase.leukocyte	CHEM		ACTIVE	Elastase Leukocyte Plas-cCnc	Elastase.leukocyte [Enzymatic activity/volume] in Plasma	Elastase.leukocyte (P) [Catalytic activity/Vol]		Neutrophil elastase
2223-6	Elastase.leukocyte	CHEM		ACTIVE	Elastase Leukocyte Plas-cCnc	Elastase.leukocyte [Enzymatic activity/volume] in Plasma	Elastase.leukocyte (P) [Catalytic activity/Vol]		PMN Elastase
2223-6	Elastase.leukocyte	CHEM		ACTIVE	Elastase Leukocyte Plas-cCnc	Elastase.leukocyte [Enzymatic activity/volume] in Plasma	Elastase.leukocyte (P) [Catalytic activity/Vol]		Elastase Leukocyte
14048-3	Elastase.pancreatic	CHEM		ACTIVE	Elastase Panc Ser-mCnc	Elastase.pancreatic [Mass/volume] in Serum	Elastase.pancreatic (S) [Mass/Vol]		Pancreatopeptidase E
14048-3	Elastase.pancreatic	CHEM		ACTIVE	Elastase Panc Ser-mCnc	Elastase.pancreatic [Mass/volume] in Serum	Elastase.pancreatic (S) [Mass/Vol]		Pancreatic elastase I
14048-3	Elastase.pancreatic	CHEM		ACTIVE	Elastase Panc Ser-mCnc	Elastase.pancreatic [Mass/volume] in Serum	Elastase.pancreatic (S) [Mass/Vol]		Pancreatic elastase 1
14048-3	Elastase.pancreatic	CHEM		ACTIVE	Elastase Panc Ser-mCnc	Elastase.pancreatic [Mass/volume] in Serum	Elastase.pancreatic (S) [Mass/Vol]		ELA
14048-3	Elastase.pancreatic	CHEM		ACTIVE	Elastase Panc Ser-mCnc	Elastase.pancreatic [Mass/volume] in Serum	Elastase.pancreatic (S) [Mass/Vol]		Elastase Panc
2222-8	Elastase.pancreatic 2	CHEM		ACTIVE	Elastase Panc2 Ser-cCnc	Elastase.pancreatic 2 [Enzymatic activity/volume] in Serum	Elastase.pancreatic 2 (S) [Catalytic activity/Vol]		Elastase Panc2
2220-2	Elastase.pancreatic.free	CHEM		ACTIVE	Elastase Panc Free Ser-cCnc	Elastase.pancreatic Free [Enzymatic activity/volume] in Serum	Elastase.pancreatic Free (S) [Catalytic activity/Vol]		Elastase Panc Free
2227-7	Enteropeptidase	CHEM		ACTIVE	Enteropeptidase Plas-cCnc	Enteropeptidase [Enzymatic activity/volume] in Plasma	Enteropeptidase (P) [Catalytic activity/Vol]		Enterokinase
100976-0	Eosinophil derived neurotoxin	CHEM		ACTIVE	EDN SerPl-mCnc	Eosinophil derived neurotoxin [Mass/volume] in Serum or Plasma	Eosinophil derived neurotoxin [Mass/Vol]		Eosin
100976-0	Eosinophil derived neurotoxin	CHEM		ACTIVE	EDN SerPl-mCnc	Eosinophil derived neurotoxin [Mass/volume] in Serum or Plasma	Eosinophil derived neurotoxin [Mass/Vol]		EDN
100976-0	Eosinophil derived neurotoxin	CHEM		ACTIVE	EDN SerPl-mCnc	Eosinophil derived neurotoxin [Mass/volume] in Serum or Plasma	Eosinophil derived neurotoxin [Mass/Vol]		Eosinophils
100976-0	Eosinophil derived neurotoxin	CHEM		ACTIVE	EDN SerPl-mCnc	Eosinophil derived neurotoxin [Mass/volume] in Serum or Plasma	Eosinophil derived neurotoxin [Mass/Vol]		Eos
100976-0	Eosinophil derived neurotoxin	CHEM		ACTIVE	EDN SerPl-mCnc	Eosinophil derived neurotoxin [Mass/volume] in Serum or Plasma	Eosinophil derived neurotoxin [Mass/Vol]		Eosino
2229-3	Epiandrosterone	CHEM		ACTIVE	Epiandrosterone SerPl-mCnc	Epiandrosterone [Mass/volume] in Serum or Plasma	Epiandrosterone [Mass/Vol]		3-beta-epiandrosterone
2229-3	Epiandrosterone	CHEM		ACTIVE	Epiandrosterone SerPl-mCnc	Epiandrosterone [Mass/volume] in Serum or Plasma	Epiandrosterone [Mass/Vol]		3-epiandrosterone
101925-6	Epidermal growth factor	CHEM		ACTIVE	EGF Ur IA-mCnc	Epidermal growth factor [Mass/volume] in Urine by Immunoassay	Epidermal growth factor IA (U) [Mass/Vol]		EGF
48139-0	Erythro-4,5-Dihydroxyhexanoate/Creatinine	CHEM		ACTIVE	Erythro-4,5-DHA/Creat Ur-sRto	Erythro-4,5-Dihydroxyhexanoate/Creatinine [Molar ratio] in Urine	Erythro-4,5-Dihydroxyhexanoate/Creatinine (U) [Molar ratio]		Erythro-4,5-DHA
48139-0	Erythro-4,5-Dihydroxyhexanoate/Creatinine	CHEM		ACTIVE	Erythro-4,5-DHA/Creat Ur-sRto	Erythro-4,5-Dihydroxyhexanoate/Creatinine [Molar ratio] in Urine	Erythro-4,5-Dihydroxyhexanoate/Creatinine (U) [Molar ratio]		Erythro-4,5-dihydroxyhexanoic acid
48140-8	Erythro-4-Deoxytetronate/Creatinine	CHEM		ACTIVE	Erythro-4-deoxytetronate/Creat Ur-sRto	Erythro-4-Deoxytetronate/Creatinine [Molar ratio] in Urine	Erythro-4-Deoxytetronate/Creatinine (U) [Molar ratio]		Erythro-4-deoxytetronic acid
77350-7	Erythropoietin Ab	CHEM	The test in performed in patients who do not have a clinical response to recombinant erythropoietin (EPO) therapy in order to determine whether they have antibodies to the drug. EPO is used for patients with a variety of disorders, including advanced kidney disease, to raise their hemoglobin level. For patients with EPO antibodies, other therapeutic options are available.	ACTIVE	EPO Ab Ser Ql	Erythropoietin (EPO) Ab [Presence] in Serum	Erythropoietin (EPO) Ab Ql (S)		EPO ab
28071-9	E selectin	CHEM		ACTIVE	E Selectin Bld-mCnc	E selectin [Mass/volume] in Blood	E selectin (Bld) [Mass/Vol]		sE-Selectin
28071-9	E selectin	CHEM		ACTIVE	E Selectin Bld-mCnc	E selectin [Mass/volume] in Blood	E selectin (Bld) [Mass/Vol]		CD62E
28071-9	E selectin	CHEM		ACTIVE	E Selectin Bld-mCnc	E selectin [Mass/volume] in Blood	E selectin (Bld) [Mass/Vol]		Endothelial leukocyte adhesion molecule-1
104708-3	Estimated average glucose	CHEM		DEPRECATED	Deprecated Est. average glucose Bld-sCnc	Deprecated Estimated average glucose [Moles/volume] in Blood	Average glucose (Bld) [Moles/Vol]		Est. average glucose
104708-3	Estimated average glucose	CHEM		DEPRECATED	Deprecated Est. average glucose Bld-sCnc	Deprecated Estimated average glucose [Moles/volume] in Blood	Average glucose (Bld) [Moles/Vol]		eAG
104708-3	Estimated average glucose	CHEM		DEPRECATED	Deprecated Est. average glucose Bld-sCnc	Deprecated Estimated average glucose [Moles/volume] in Blood	Average glucose (Bld) [Moles/Vol]		eAVG
104708-3	Estimated average glucose	CHEM		DEPRECATED	Deprecated Est. average glucose Bld-sCnc	Deprecated Estimated average glucose [Moles/volume] in Blood	Average glucose (Bld) [Moles/Vol]		Glucose mean value
12213-5	Estradiol	CHEM		DEPRECATED	Deprecated Estradiol Ser RIA-mCnc	Deprecated Estradiol [Mass/volume] in Serum or Plasma by RIA	E2 RIA (S) [Mass/Vol]		RADIOIMMUNOASSAY
17844-2	Estradiol.albumin bound	CHEM		ACTIVE	Estradiol Albumin Bnd SerPl-mCnc	Estradiol (E2).albumin bound [Mass/volume] in Serum or Plasma	E2.albumin bound [Mass/Vol]		Estradiol Albumin Bnd
13883-4	Estradiol.bioavailable/Estradiol.total	CHEM		ACTIVE	Estradiol Bioavail MFr SerPl	Estradiol (E2).bioavailable/Estradiol (E2).total in Serum or Plasma	E2.bioavailable [Mass fraction]		Estradiol Bioavail
14960-9	Estradiol.free/Estradiol.total	CHEM		ACTIVE	Estradiol Free MFr SerPl	Estradiol (E2) Free/Estradiol (E2).total in Serum or Plasma	Free E2 [Mass fraction]		Estradiol Free
14960-9	Estradiol.free/Estradiol.total	CHEM		ACTIVE	Estradiol Free MFr SerPl	Estradiol (E2) Free/Estradiol (E2).total in Serum or Plasma	Free E2 [Mass fraction]		Estradiol.non-protein bound
15063-1	Estriol.conjugated	CHEM		ACTIVE	Estriol Conj SerPl-sCnc	Estriol (E3).conjugated [Moles/volume] in Serum or Plasma	E3.conjugated [Moles/Vol]		Estriol Conj
14051-7	Estrogen binding protein	CHEM		ACTIVE	Estrogen BP SerPl-mCnc	Estrogen binding protein [Mass/volume] in Serum or Plasma	Estrogen binding protein [Mass/Vol]		Estrogen BP
14051-7	Estrogen binding protein	CHEM		ACTIVE	Estrogen BP SerPl-mCnc	Estrogen binding protein [Mass/volume] in Serum or Plasma	Estrogen binding protein [Mass/Vol]		Estrogen binding globulin
14970-8	Estrone.bioavailable	CHEM		ACTIVE	Estrone Bioavail SerPl-mCnc	Estrone (E1).bioavailable [Mass/volume] in Serum or Plasma	E1.bioavailable [Mass/Vol]		Estrone Bioavail
15355-1	Estrone sulfate	CHEM		ACTIVE	Estrone Sulfate SerPl-mCnc	Estrone sulfate [Mass/volume] in Serum or Plasma	Estrone sulfate [Mass/Vol]		E1S
14160-6	Estrone.unconjugated/Estrone.total	CHEM		ACTIVE	u Estrone MFr SerPl	Estrone (E1).unconjugated/Estrone (E1).total in Serum or Plasma	E1.unconjugated [Mass fraction]		u Estrone
14160-6	Estrone.unconjugated/Estrone.total	CHEM		ACTIVE	u Estrone MFr SerPl	Estrone (E1).unconjugated/Estrone (E1).total in Serum or Plasma	E1.unconjugated [Mass fraction]		Estrone free
13613-5	Ethanolamine	CHEM		ACTIVE	Ethanolamine CSF-mCnc	Ethanolamine [Mass/volume] in Cerebrospinal Fluid	Ethanolamine (CSF) [Mass/Vol]		Etn
95559-1	Evidence of adrenal cortical hormone excess	CHEM	Whether there is evidence of adrenal cortical hormone overproduction based on the levels of one or more hormones tested in a 24 hour urine specimen.	ACTIVE	Adrenal hormone excess 24h Ur Ql	Evidence of adrenal cortical hormone excess [Presence] in 24 hour Urine	Evidence of adrenal cortical hormone excess Ql (24H U)		Adrenal hormone excess
106984-8	Extracellular Matrix Protein 1	CHEM		ACTIVE	ECM1 Smn IA-mCnc	Extracellular Matrix Protein 1) [Mass/volume] in Semen by Immunoassay	Extracellular Matrix Protein 1) IA (Sem) [Mass/Vol]		ECM1
106984-8	Extracellular Matrix Protein 1	CHEM		ACTIVE	ECM1 Smn IA-mCnc	Extracellular Matrix Protein 1) [Mass/volume] in Semen by Immunoassay	Extracellular Matrix Protein 1) IA (Sem) [Mass/Vol]		URBWD
90782-4	F2-Isoprostanes	CHEM		ACTIVE	F2-IsoPs Ur-mCnc	F2-Isoprostanes [Mass/volume] in Urine	F2-IsoPs (U) [Mass/Vol]		8-iso-prostaglandin F2alpha
90782-4	F2-Isoprostanes	CHEM		ACTIVE	F2-IsoPs Ur-mCnc	F2-Isoprostanes [Mass/volume] in Urine	F2-IsoPs (U) [Mass/Vol]		F2-IsoPs
62306-6	Fabry disease newborn screening comment-discussion	CHEM		ACTIVE	Fabry disease NBS comment	Fabry disease newborn screening comment-discussion	Fabry disease newborn screening comment-discussion Nar (DBS)		Fabry disease NBS comment
12598-9	Fat.neutral	CHEM		ACTIVE	Neutral Fat Stl Ql	Fat.neutral [Presence] in Stool	Fat.neutral Ql (Stl)		Neutral Fat
12598-9	Fat.neutral	CHEM		ACTIVE	Neutral Fat Stl Ql	Fat.neutral [Presence] in Stool	Fat.neutral Ql (Stl)		Acylglycerol
103845-4	Fat/Solids.total	CHEM		ACTIVE	Fat/total solids 72h Stl	Fat/Total solids [Mass Ratio] in 72 hour Stool	Fat/Total solids (72 hour Stl) [Mass ratio]		3 days
103845-4	Fat/Solids.total	CHEM		ACTIVE	Fat/total solids 72h Stl	Fat/Total solids [Mass Ratio] in 72 hour Stool	Fat/Total solids (72 hour Stl) [Mass ratio]		total solids
103845-4	Fat/Solids.total	CHEM		ACTIVE	Fat/total solids 72h Stl	Fat/Total solids [Mass Ratio] in 72 hour Stool	Fat/Total solids (72 hour Stl) [Mass ratio]		Steatorrhea
103845-4	Fat/Solids.total	CHEM		ACTIVE	Fat/total solids 72h Stl	Fat/Total solids [Mass Ratio] in 72 hour Stool	Fat/Total solids (72 hour Stl) [Mass ratio]		steatocrit
103845-4	Fat/Solids.total	CHEM		ACTIVE	Fat/total solids 72h Stl	Fat/Total solids [Mass Ratio] in 72 hour Stool	Fat/Total solids (72 hour Stl) [Mass ratio]		72HR
103845-4	Fat/Solids.total	CHEM		ACTIVE	Fat/total solids 72h Stl	Fat/Total solids [Mass Ratio] in 72 hour Stool	Fat/Total solids (72 hour Stl) [Mass ratio]		72 hours
57792-4	Fatty acid oxidation conditions suspected	CHEM		ACTIVE	FA oxidation conditions suspected DBS	Fatty acid oxidation conditions suspected [Identifier] in DBS	Fatty acid oxidation conditions suspected Nom (DBS)		FA oxidation conditions suspected
46736-5	Fatty acid oxidation defects	CHEM		ACTIVE	FOD DBS-Imp	Fatty acid oxidation defects newborn screen interpretation	Fatty acid oxidation defects (DBS) [Interp]		FAODS
46736-5	Fatty acid oxidation defects	CHEM		ACTIVE	FOD DBS-Imp	Fatty acid oxidation defects newborn screen interpretation	Fatty acid oxidation defects (DBS) [Interp]		FOD
57709-8	Fatty acid oxidation defects newborn screening comment-discussion	CHEM		ACTIVE	FOD NBS comment	Fatty acid oxidation defects newborn screening comment-discussion	Fatty acid oxidation defects newborn screening comment-discussion Nar (DBS)		FA oxidation defects NBS comment
96734-9	Fatty acid salts	CHEM		ACTIVE	FA salts Stl Ql Micro	Fatty acid salts [Presence] in Stool by Light microscopy	Fatty acid salts LM Ql (Stl)		Soap
96734-9	Fatty acid salts	CHEM		ACTIVE	FA salts Stl Ql Micro	Fatty acid salts [Presence] in Stool by Light microscopy	Fatty acid salts LM Ql (Stl)		FA salts
96734-9	Fatty acid salts	CHEM		ACTIVE	FA salts Stl Ql Micro	Fatty acid salts [Presence] in Stool by Light microscopy	Fatty acid salts LM Ql (Stl)		Soaps
17078-7	Fatty acids.esterified	CHEM		ACTIVE	EFA SerPl-mCnc	Fatty acids.esterified [Mass/volume] in Serum or Plasma	Fatty acids.esterified [Mass/Vol]		EFA
17078-7	Fatty acids.esterified	CHEM		ACTIVE	EFA SerPl-mCnc	Fatty acids.esterified [Mass/volume] in Serum or Plasma	Fatty acids.esterified [Mass/Vol]		Esterif
60519-6	Fatty acids.ethyl esters	CHEM		ACTIVE	Fatty acids.ethyl esters Mec-sCnt	Fatty acids.ethyl esters [Moles/mass] in Meconium	Fatty acids.ethyl esters (Mec) [Moles/Mass]		FAEE
17079-5	Fatty acids.long chain	CHEM		ACTIVE	LCFA SerPl	Fatty acids.long chain [Identifier] in Serum or Plasma	Fatty acids.long chain Nom		LCFA
35176-7	Fatty acids.monounsaturated	CHEM		ACTIVE	Monounsat FA SerPl-sCnc	Monounsaturated fatty acids [Moles/volume] in Serum or Plasma	Monounsaturated fatty acids [Moles/Vol]		Monounsat FA
15066-4	Fatty acids.nonesterified	CHEM		ACTIVE	NEFA SerPl-sCnc	Fatty acids.nonesterified [Moles/volume] in Serum or Plasma	Fatty acids.nonesterified [Moles/Vol]		FFA
15066-4	Fatty acids.nonesterified	CHEM		ACTIVE	NEFA SerPl-sCnc	Fatty acids.nonesterified [Moles/volume] in Serum or Plasma	Fatty acids.nonesterified [Moles/Vol]		Aliphatic carboxylate C10-C26
15066-4	Fatty acids.nonesterified	CHEM		ACTIVE	NEFA SerPl-sCnc	Fatty acids.nonesterified [Moles/volume] in Serum or Plasma	Fatty acids.nonesterified [Moles/Vol]		NEFA
15066-4	Fatty acids.nonesterified	CHEM		ACTIVE	NEFA SerPl-sCnc	Fatty acids.nonesterified [Moles/volume] in Serum or Plasma	Fatty acids.nonesterified [Moles/Vol]		Free Fatty Acids
35178-3	Fatty acids.omega 3	CHEM		ACTIVE	w3 FA SerPl-sCnc	Omega 3 fatty acids (w3) [Moles/volume] in Serum or Plasma	Omega 3 fatty acids (w3) [Moles/Vol]		w3 FA
35179-1	Fatty acids.omega 6	CHEM		ACTIVE	w6 FA SerPl-sCnc	Omega 6 fatty acids (w6) [Moles/volume] in Serum or Plasma	Omega 6 fatty acids (w6) [Moles/Vol]		w6 FA
35177-5	Fatty acids.polyunsaturated	CHEM		ACTIVE	Polyunsat FA SerPl-sCnc	Polyunsaturated fatty acids [Moles/volume] in Serum or Plasma	Polyunsaturated fatty acids [Moles/Vol]		Polyunsat FA
35177-5	Fatty acids.polyunsaturated	CHEM		ACTIVE	Polyunsat FA SerPl-sCnc	Polyunsaturated fatty acids [Moles/volume] in Serum or Plasma	Polyunsaturated fatty acids [Moles/Vol]		PUFA
35175-9	Fatty acids.saturated	CHEM		ACTIVE	Sat FA SerPl-sCnc	Saturated fatty acids [Moles/volume] in Serum or Plasma	Saturated fatty acids [Moles/Vol]		Sat FA
12215-0	Fatty acids.very long chain	CHEM		ACTIVE	VLCFA SerPl-sCnc	Fatty acids.very long chain [Moles/volume] in Serum or Plasma	Fatty acids.very long chain [Moles/Vol]		VLC
12215-0	Fatty acids.very long chain	CHEM		ACTIVE	VLCFA SerPl-sCnc	Fatty acids.very long chain [Moles/volume] in Serum or Plasma	Fatty acids.very long chain [Moles/Vol]		Aliphatic carboxylate
12215-0	Fatty acids.very long chain	CHEM		ACTIVE	VLCFA SerPl-sCnc	Fatty acids.very long chain [Moles/volume] in Serum or Plasma	Fatty acids.very long chain [Moles/Vol]		VLCFA
12215-0	Fatty acids.very long chain	CHEM		ACTIVE	VLCFA SerPl-sCnc	Fatty acids.very long chain [Moles/volume] in Serum or Plasma	Fatty acids.very long chain [Moles/Vol]		VLCF
30194-5	Fatty acids.very long chain.C22:0	CHEM		ACTIVE	VLCFA C22:0 SerPl-sCnc	Fatty acids.very long chain C22:0 (Docosanoate) [Moles/volume] in Serum or Plasma	Fatty acids.very long chain C22:0 (Docosanoate) [Moles/Vol]		C22:0
30194-5	Fatty acids.very long chain.C22:0	CHEM		ACTIVE	VLCFA C22:0 SerPl-sCnc	Fatty acids.very long chain C22:0 (Docosanoate) [Moles/volume] in Serum or Plasma	Fatty acids.very long chain C22:0 (Docosanoate) [Moles/Vol]		Docosanoate
30194-5	Fatty acids.very long chain.C22:0	CHEM		ACTIVE	VLCFA C22:0 SerPl-sCnc	Fatty acids.very long chain C22:0 (Docosanoate) [Moles/volume] in Serum or Plasma	Fatty acids.very long chain C22:0 (Docosanoate) [Moles/Vol]		Docosanoic acid
30194-5	Fatty acids.very long chain.C22:0	CHEM		ACTIVE	VLCFA C22:0 SerPl-sCnc	Fatty acids.very long chain C22:0 (Docosanoate) [Moles/volume] in Serum or Plasma	Fatty acids.very long chain C22:0 (Docosanoate) [Moles/Vol]		VLCFA C22:0
30194-5	Fatty acids.very long chain.C22:0	CHEM		ACTIVE	VLCFA C22:0 SerPl-sCnc	Fatty acids.very long chain C22:0 (Docosanoate) [Moles/volume] in Serum or Plasma	Fatty acids.very long chain C22:0 (Docosanoate) [Moles/Vol]		Behenate
30194-5	Fatty acids.very long chain.C22:0	CHEM		ACTIVE	VLCFA C22:0 SerPl-sCnc	Fatty acids.very long chain C22:0 (Docosanoate) [Moles/volume] in Serum or Plasma	Fatty acids.very long chain C22:0 (Docosanoate) [Moles/Vol]		Behenic acid
54445-2	Fatty acids.very long chain.C22:1n9	CHEM		ACTIVE	VLCFA.C22:1n9 SerPl-mCnc	Fatty acids.very long chain.C22:1n9 (Erucate) [Mass/volume] in Serum or Plasma	Fatty acids.very long chain.C22:1n9 (Erucate) [Mass/Vol]		Erucate
54445-2	Fatty acids.very long chain.C22:1n9	CHEM		ACTIVE	VLCFA.C22:1n9 SerPl-mCnc	Fatty acids.very long chain.C22:1n9 (Erucate) [Mass/volume] in Serum or Plasma	Fatty acids.very long chain.C22:1n9 (Erucate) [Mass/Vol]		VLCFA.C22:1n9
54445-2	Fatty acids.very long chain.C22:1n9	CHEM		ACTIVE	VLCFA.C22:1n9 SerPl-mCnc	Fatty acids.very long chain.C22:1n9 (Erucate) [Mass/volume] in Serum or Plasma	Fatty acids.very long chain.C22:1n9 (Erucate) [Mass/Vol]		Erucic acid
1773-1	Fatty acids.very long chain.C24:0/C22:0	CHEM		ACTIVE	VLCFA C24:0/C22:0 SerPl	Fatty acids.very long chain C24:0 (Tetracosanoate)/C22:0 (Docosanoate) [Mass Ratio] in Serum or Plasma	Fatty acids.very long chain C24:0 (Tetracosanoate)/C22:0 (Docosanoate) [Mass ratio]		Lignoceric acid
1773-1	Fatty acids.very long chain.C24:0/C22:0	CHEM		ACTIVE	VLCFA C24:0/C22:0 SerPl	Fatty acids.very long chain C24:0 (Tetracosanoate)/C22:0 (Docosanoate) [Mass Ratio] in Serum or Plasma	Fatty acids.very long chain C24:0 (Tetracosanoate)/C22:0 (Docosanoate) [Mass ratio]		Lignocerate
1773-1	Fatty acids.very long chain.C24:0/C22:0	CHEM		ACTIVE	VLCFA C24:0/C22:0 SerPl	Fatty acids.very long chain C24:0 (Tetracosanoate)/C22:0 (Docosanoate) [Mass Ratio] in Serum or Plasma	Fatty acids.very long chain C24:0 (Tetracosanoate)/C22:0 (Docosanoate) [Mass ratio]		C24:0
1773-1	Fatty acids.very long chain.C24:0/C22:0	CHEM		ACTIVE	VLCFA C24:0/C22:0 SerPl	Fatty acids.very long chain C24:0 (Tetracosanoate)/C22:0 (Docosanoate) [Mass Ratio] in Serum or Plasma	Fatty acids.very long chain C24:0 (Tetracosanoate)/C22:0 (Docosanoate) [Mass ratio]		Tetracosanoic acid
1773-1	Fatty acids.very long chain.C24:0/C22:0	CHEM		ACTIVE	VLCFA C24:0/C22:0 SerPl	Fatty acids.very long chain C24:0 (Tetracosanoate)/C22:0 (Docosanoate) [Mass Ratio] in Serum or Plasma	Fatty acids.very long chain C24:0 (Tetracosanoate)/C22:0 (Docosanoate) [Mass ratio]		Tetracosanoate
1773-1	Fatty acids.very long chain.C24:0/C22:0	CHEM		ACTIVE	VLCFA C24:0/C22:0 SerPl	Fatty acids.very long chain C24:0 (Tetracosanoate)/C22:0 (Docosanoate) [Mass Ratio] in Serum or Plasma	Fatty acids.very long chain C24:0 (Tetracosanoate)/C22:0 (Docosanoate) [Mass ratio]		VLCFA C24:0/C22:0
1773-1	Fatty acids.very long chain.C24:0/C22:0	CHEM		ACTIVE	VLCFA C24:0/C22:0 SerPl	Fatty acids.very long chain C24:0 (Tetracosanoate)/C22:0 (Docosanoate) [Mass Ratio] in Serum or Plasma	Fatty acids.very long chain C24:0 (Tetracosanoate)/C22:0 (Docosanoate) [Mass ratio]		VLCFA C24:0
1774-9	Fatty acids.very long chain.C26:0/C22:0	CHEM		ACTIVE	VLCFA C26:0/C22:0 SerPl	Fatty acids.very long chain C26:0 (Hexacosanoate)/C22:0 (Docosanoate) [Mass Ratio] in Serum or Plasma	Fatty acids.very long chain C26:0 (Hexacosanoate)/C22:0 (Docosanoate) [Mass ratio]		VLCFA C26:0
1774-9	Fatty acids.very long chain.C26:0/C22:0	CHEM		ACTIVE	VLCFA C26:0/C22:0 SerPl	Fatty acids.very long chain C26:0 (Hexacosanoate)/C22:0 (Docosanoate) [Mass Ratio] in Serum or Plasma	Fatty acids.very long chain C26:0 (Hexacosanoate)/C22:0 (Docosanoate) [Mass ratio]		Hexacosanoic acid
1774-9	Fatty acids.very long chain.C26:0/C22:0	CHEM		ACTIVE	VLCFA C26:0/C22:0 SerPl	Fatty acids.very long chain C26:0 (Hexacosanoate)/C22:0 (Docosanoate) [Mass Ratio] in Serum or Plasma	Fatty acids.very long chain C26:0 (Hexacosanoate)/C22:0 (Docosanoate) [Mass ratio]		Hexacosanoate
1774-9	Fatty acids.very long chain.C26:0/C22:0	CHEM		ACTIVE	VLCFA C26:0/C22:0 SerPl	Fatty acids.very long chain C26:0 (Hexacosanoate)/C22:0 (Docosanoate) [Mass Ratio] in Serum or Plasma	Fatty acids.very long chain C26:0 (Hexacosanoate)/C22:0 (Docosanoate) [Mass ratio]		Cerotic acid
1774-9	Fatty acids.very long chain.C26:0/C22:0	CHEM		ACTIVE	VLCFA C26:0/C22:0 SerPl	Fatty acids.very long chain C26:0 (Hexacosanoate)/C22:0 (Docosanoate) [Mass Ratio] in Serum or Plasma	Fatty acids.very long chain C26:0 (Hexacosanoate)/C22:0 (Docosanoate) [Mass ratio]		Cerotiate
1774-9	Fatty acids.very long chain.C26:0/C22:0	CHEM		ACTIVE	VLCFA C26:0/C22:0 SerPl	Fatty acids.very long chain C26:0 (Hexacosanoate)/C22:0 (Docosanoate) [Mass Ratio] in Serum or Plasma	Fatty acids.very long chain C26:0 (Hexacosanoate)/C22:0 (Docosanoate) [Mass ratio]		C26:0
1774-9	Fatty acids.very long chain.C26:0/C22:0	CHEM		ACTIVE	VLCFA C26:0/C22:0 SerPl	Fatty acids.very long chain C26:0 (Hexacosanoate)/C22:0 (Docosanoate) [Mass Ratio] in Serum or Plasma	Fatty acids.very long chain C26:0 (Hexacosanoate)/C22:0 (Docosanoate) [Mass ratio]		VLCFA C26:0/C22:0
33036-5	Fatty acids.very long chain.C26:1	CHEM		ACTIVE	VLCFA C26:1 SerPl-sCnc	Fatty acids.very long chain C26:1 (Hexacosenoate) [Moles/volume] in Serum or Plasma	Fatty acids.very long chain C26:1 (Hexacosenoate) [Moles/Vol]		VLCFA C26:1
33036-5	Fatty acids.very long chain.C26:1	CHEM		ACTIVE	VLCFA C26:1 SerPl-sCnc	Fatty acids.very long chain C26:1 (Hexacosenoate) [Moles/volume] in Serum or Plasma	Fatty acids.very long chain C26:1 (Hexacosenoate) [Moles/Vol]		C26:1
33036-5	Fatty acids.very long chain.C26:1	CHEM		ACTIVE	VLCFA C26:1 SerPl-sCnc	Fatty acids.very long chain C26:1 (Hexacosenoate) [Moles/volume] in Serum or Plasma	Fatty acids.very long chain C26:1 (Hexacosenoate) [Moles/Vol]		Hexacosenoate
33036-5	Fatty acids.very long chain.C26:1	CHEM		ACTIVE	VLCFA C26:1 SerPl-sCnc	Fatty acids.very long chain C26:1 (Hexacosenoate) [Moles/volume] in Serum or Plasma	Fatty acids.very long chain C26:1 (Hexacosenoate) [Moles/Vol]		Hexacosenoic acid
38538-5	Fatty acids.very long chain.C26:1/C22:0	CHEM		ACTIVE	VLCFA C26:1/C22:0 SerPl	Fatty acids.very long chain C26:1 (Hexacosenoate)/C22:0 (Docosanoate) [Mass Ratio] in Serum or Plasma	Fatty acids.very long chain C26:1 (Hexacosenoate)/C22:0 (Docosanoate) [Mass ratio]		VLCFA C26:1/C22:0
33478-9	Fatty acids.very long chain pattern	CHEM		ACTIVE	VLCFA Pattern SerPl-Imp	Fatty acids.very long chain pattern [Interpretation] in Serum or Plasma	Fatty acids.very long chain pattern [Interp]		VLCFA Pattern
2277-2	Ferrochelatase	CHEM		ACTIVE	Ferrochelatase Ser-cCnc	Ferrochelatase [Enzymatic activity/volume] in Serum	Ferrochelatase (S) [Catalytic activity/Vol]		FECH
58769-1	Fetal trisomy 13 risk	CHEM		ACTIVE	Ts 13 risk Fetus	Trisomy 13 risk [Likelihood] in Fetus	Trisomy 13 risk Qn (fetus)		Ts 13 risk
58769-1	Fetal trisomy 13 risk	CHEM		ACTIVE	Ts 13 risk Fetus	Trisomy 13 risk [Likelihood] in Fetus	Trisomy 13 risk Qn (fetus)		Patau syndrome
43994-3	Fetal trisomy 18 risk	CHEM		ACTIVE	Ts 18 risk Fetus	Trisomy 18 risk [Likelihood] in Fetus	Trisomy 18 risk Qn (fetus)		T18 risk
43994-3	Fetal trisomy 18 risk	CHEM		ACTIVE	Ts 18 risk Fetus	Trisomy 18 risk [Likelihood] in Fetus	Trisomy 18 risk Qn (fetus)		Edward syndrome
43994-3	Fetal trisomy 18 risk	CHEM		ACTIVE	Ts 18 risk Fetus	Trisomy 18 risk [Likelihood] in Fetus	Trisomy 18 risk Qn (fetus)		Ts 18 risk
47223-3	Fetal trisomy 18 risk	CHEM		ACTIVE	Fet Ts 18 risk from Mat age	Fetal Trisomy 18 risk [Likelihood] Based on maternal age	Trisomy 18 risk Based on maternal age Qn (fetus)		from Mat age
43995-0	Fetal trisomy 21 risk	CHEM		ACTIVE	Ts 21 risk Fetus	Trisomy 21 risk [Likelihood] in Fetus	Trisomy 21 risk Qn (fetus)		Downs syndrome
43995-0	Fetal trisomy 21 risk	CHEM		ACTIVE	Ts 21 risk Fetus	Trisomy 21 risk [Likelihood] in Fetus	Trisomy 21 risk Qn (fetus)		Ts 21 risk
97107-7	Fibroblast growth factor 19	CHEM		ACTIVE	FGF-19 SerPl IA-mCnc	Fibroblast growth factor 19 [Mass/volume] in Serum or Plasma by Immunoassay	Fibroblast growth factor 19 IA [Mass/Vol]		FGF-19
98117-5	Fibroblast growth factor 2	CHEM		ACTIVE	FGF2 SerPl-mCnc	Fibroblast growth factor 2 [Mass/volume] in Serum or Plasma	Fibroblast growth factor 2 [Mass/Vol]		bFGF
98117-5	Fibroblast growth factor 2	CHEM		ACTIVE	FGF2 SerPl-mCnc	Fibroblast growth factor 2 [Mass/volume] in Serum or Plasma	Fibroblast growth factor 2 [Mass/Vol]		Basic fibroblast growth factor
98117-5	Fibroblast growth factor 2	CHEM		ACTIVE	FGF2 SerPl-mCnc	Fibroblast growth factor 2 [Mass/volume] in Serum or Plasma	Fibroblast growth factor 2 [Mass/Vol]		FGF2
98117-5	Fibroblast growth factor 2	CHEM		ACTIVE	FGF2 SerPl-mCnc	Fibroblast growth factor 2 [Mass/volume] in Serum or Plasma	Fibroblast growth factor 2 [Mass/Vol]		HBGF-2
98117-5	Fibroblast growth factor 2	CHEM		ACTIVE	FGF2 SerPl-mCnc	Fibroblast growth factor 2 [Mass/volume] in Serum or Plasma	Fibroblast growth factor 2 [Mass/Vol]		Heparin-binding growth factor 2
87832-2	Fibroblast growth factor 21.intact	CHEM		ACTIVE	FGF-21.intact SerPl-mCnc	Fibroblast growth factor 21.intact [Mass/volume] in Serum or Plasma	Fibroblast growth factor 21.intact [Mass/Vol]		iFGF21
87832-2	Fibroblast growth factor 21.intact	CHEM		ACTIVE	FGF-21.intact SerPl-mCnc	Fibroblast growth factor 21.intact [Mass/volume] in Serum or Plasma	Fibroblast growth factor 21.intact [Mass/Vol]		FGF21
87832-2	Fibroblast growth factor 21.intact	CHEM		ACTIVE	FGF-21.intact SerPl-mCnc	Fibroblast growth factor 21.intact [Mass/volume] in Serum or Plasma	Fibroblast growth factor 21.intact [Mass/Vol]		FGF-21.intact
104259-7	Fibroblast growth factor 23	CHEM		ACTIVE	FGF-23 tiss Ql FISH	Fibroblast growth factor 23 [Presence] in Tissue by FISH	Fibroblast growth factor 23 FISH Ql (Tiss)		FGF 23
104259-7	Fibroblast growth factor 23	CHEM		ACTIVE	FGF-23 tiss Ql FISH	Fibroblast growth factor 23 [Presence] in Tissue by FISH	Fibroblast growth factor 23 FISH Ql (Tiss)		Familial tumoral calcinosis with hyperphosphatemia
104259-7	Fibroblast growth factor 23	CHEM		ACTIVE	FGF-23 tiss Ql FISH	Fibroblast growth factor 23 [Presence] in Tissue by FISH	Fibroblast growth factor 23 FISH Ql (Tiss)		Autosomal dominant hypophosphatemic rickets
104259-7	Fibroblast growth factor 23	CHEM		ACTIVE	FGF-23 tiss Ql FISH	Fibroblast growth factor 23 [Presence] in Tissue by FISH	Fibroblast growth factor 23 FISH Ql (Tiss)		FGF-23
104259-7	Fibroblast growth factor 23	CHEM		ACTIVE	FGF-23 tiss Ql FISH	Fibroblast growth factor 23 [Presence] in Tissue by FISH	Fibroblast growth factor 23 FISH Ql (Tiss)		FGF23
47855-2	Fibroblast growth factor 23.C-terminal	CHEM		ACTIVE	FGF-23 c-term Plas-aCnc	Fibroblast growth factor 23.C-terminal [Units/volume] in Plasma	Fibroblast growth factor 23.C-terminal Qn (P)		FGF-23 c-term
47855-2	Fibroblast growth factor 23.C-terminal	CHEM		ACTIVE	FGF-23 c-term Plas-aCnc	Fibroblast growth factor 23.C-terminal [Units/volume] in Plasma	Fibroblast growth factor 23.C-terminal Qn (P)		cFGF23
47854-5	Fibroblast growth factor 23.intact	CHEM		ACTIVE	FGF-23.intact Plas-aCnc	Fibroblast growth factor 23.intact [Units/volume] in Plasma	Fibroblast growth factor 23.intact Qn (P)		iFGF23
47854-5	Fibroblast growth factor 23.intact	CHEM		ACTIVE	FGF-23.intact Plas-aCnc	Fibroblast growth factor 23.intact [Units/volume] in Plasma	Fibroblast growth factor 23.intact Qn (P)		FGF-23.intact
20403-2	Fibronectin.fetal	CHEM	Fetal isoform of fibronectin found in amniotic fluid and placenta. Found in cervical and vaginal fluid in early first trimester. Third trimester levels > 50 ng/mL predictive of premature labor.	ACTIVE	Fibronectin Fetal Vag-mCnc	Fibronectin.fetal [Mass/volume] in Vaginal fluid	Fibronectin.fetal (Vag fld) [Mass/Vol]		fFN
20403-2	Fibronectin.fetal	CHEM	Fetal isoform of fibronectin found in amniotic fluid and placenta. Found in cervical and vaginal fluid in early first trimester. Third trimester levels > 50 ng/mL predictive of premature labor.	ACTIVE	Fibronectin Fetal Vag-mCnc	Fibronectin.fetal [Mass/volume] in Vaginal fluid	Fibronectin.fetal (Vag fld) [Mass/Vol]		Fibronectin Fetal
48794-2	Fibrosis stage	CHEM		ACTIVE	Fibrosis stage SerPl Ql	Fibrosis stage	Fibrosis stage Ql		Fibrosis stage
48794-2	Fibrosis stage	CHEM		ACTIVE	Fibrosis stage SerPl Ql	Fibrosis stage	Fibrosis stage Ql		Fibro test
53648-2	Flavin mononucleotide	CHEM		ACTIVE	Flavin mononucleotide Bld-mCnc	Flavin mononucleotide [Mass/volume] in Blood	Flavin mononucleotide (Bld) [Mass/Vol]		FMN
33059-7	Fluorescence polarization	CHEM	Fluorescence polarization reflects the distribution of the dye between the albumin and surfactant	ACTIVE	FP Amn Ql	Fluorescence polarization [Presence] in Amniotic fluid	Fluorescence polarization Ql (Amn fld)		FLM
14733-0	Folate+Cyanocobalamin	CHEM		ACTIVE	Folate+Vit B12 SerBld-Imp	Folate+Cyanocobalamin [Interpretation] in Serum or Blood	Folate+Cyanocobalamin (S/Bld) [Interp]		Folate+Vit B12
79574-0	Folate & tryptophan & metabolites pattern	CHEM	Testing for folate and its metabolites as well as tryptophan and its metabolites in CSF can be useful in distinguishing among various central nervous system disorders associated with folate deficiency. Low folate levels are associated with inborn errors of metabolism, including cerebral folate deficiency (CFD), a neurological syndrome that occurs around 2-4 months of age and is primarily associated with associated with low levels of 5-methyltetrahydrofolate (5-MTHF) in the CSF with normal folate levels in the plasma and red blood cells.[PMID: 19260931] Low folate levels are also associated with depression and dementia in elderly patients.[PMID: 11183038] Serotonin, which is formed from tryptophan, may be the link between folate and depression or dementia. Many patients with neuropsychiatric disorders and folate deficiency have also been found to have low levels of 5-hydroxyindoleacetic acid (5-HIAA, a serotonin metabolite), and patients with 5,10-methylenetetrahydrofolate reductase (MTHFR) deficiency also have decreased serotonin synthesis. [PMCID: 1810582]	ACTIVE	Folate + Tryp + Metabs Pattern CSF-Imp	Folate and tryptophan and metabolites pattern [Interpretation] in Cerebrospinal Fluid Narrative	Folate and tryptophan and metabolites pattern Nar (CSF) [Interp]		Folate + Tryp + Metabs Pattern
100794-7	Follitropin	CHEM		ACTIVE	FSH Fld-aCnc	Follitropin [Units/volume] in Body fluid	Follitropin Qn (Body fld)		FSH
100794-7	Follitropin	CHEM		ACTIVE	FSH Fld-aCnc	Follitropin [Units/volume] in Body fluid	Follitropin Qn (Body fld)		Follicle stimulating hormone
20433-9	Follitropin	CHEM		ACTIVE	FSH SerPl IRP2-aCnc	Follitropin [Units/volume] in Serum or Plasma by 2nd IRP	Follitropin 2nd IRP Qn		IRP2
20433-9	Follitropin	CHEM		ACTIVE	FSH SerPl IRP2-aCnc	Follitropin [Units/volume] in Serum or Plasma by 2nd IRP	Follitropin 2nd IRP Qn		2nd International Reference Preparation
48570-6	Follitropin^on cycle day 10	CHEM		ACTIVE	FSH D10 SerPl-aCnc	Follitropin [Units/volume] in Serum or Plasma --on cycle day 10	Follitropin on cycle day 10 Qn		D10
48571-4	Follitropin^on cycle day 11	CHEM		ACTIVE	FSH D11 SerPl-aCnc	Follitropin [Units/volume] in Serum or Plasma --on cycle day 11	Follitropin on cycle day 11 Qn		D11
48572-2	Follitropin^on cycle day 21	CHEM		ACTIVE	FSH D21 SerPl-aCnc	Follitropin [Units/volume] in Serum or Plasma --on cycle day 21	Follitropin on cycle day 21 Qn		D21
48573-0	Follitropin^on cycle day 3	CHEM		ACTIVE	FSH D3 SerPl-aCnc	Follitropin [Units/volume] in Serum or Plasma --on cycle day 3	Follitropin on cycle day 3 Qn		D3
53165-7	Formiminoglutamate	CHEM		ACTIVE	Formiminoglutamate DBS-sCnc	Formiminoglutamate [Moles/volume] in DBS	Formiminoglutamate (DBS) [Moles/Vol]		FIGLU
101994-2	Foundation pain index	CHEM	Foundation Pain Index (FPI) is a multi-analyte assay with algorithmic analysis (MAAA) that improves patient outcomes by identifying underlying, treatable causes of pain. FPI assists providers in identifying underlying determinants of pain while simultaneously indicating personalized, non-opioid pain therapies. The pain index is reported as a singular numerical score on a scale of 1-100 which is further classified into categories representing the likelihood that detected biochemical abnormalities are indeed a determinant or cause of pain.	ACTIVE	FPI Patient Doc from lab data	Foundation pain index Document by based on lab data	Foundation pain index based on lab data Doc		FPI
101995-9	Foundation Pain Index Score	CHEM		ACTIVE	FPI Score Patient	Foundation Pain Index Score	Foundation Pain Index Score [Score]		FPI Score
105269-5	Fractional excretion of calcium	CHEM		ACTIVE	Fracti excret of Ca ?Tm Ur+SerPl-Rto	Fractional excretion of calcium [Ratio] in Urine and Serum or Plasma collected for unspecified duration	Fractional excretion of calcium Unsp time (U+S/P) [Ratio]		Fracti excret of Ca
80958-2	Fractional excretion of magnesium	CHEM		ACTIVE	Fracti excret of Mg Ur+SerPl-Rto	Fractional excretion of magnesium [Ratio] in Urine and Serum or Plasma	Fractional excretion of magnesium (U+S/P) [Ratio]		Fracti excret of Mg
50057-9	Fractional excretion of phosphate	CHEM	(Ph U x Creat Ser) / (Ph Ser x Creat U) x 100	ACTIVE	Fract excret PO4 ?Tm Ur+SerPl-Rto	Fractional excretion of phosphate [Ratio] in Urine and Serum or Plasma collected for unspecified duration	Fractional excretion of phosphate Unsp time (U+S/P) [Ratio]		Fract excret PO4
50057-9	Fractional excretion of phosphate	CHEM	(Ph U x Creat Ser) / (Ph Ser x Creat U) x 100	ACTIVE	Fract excret PO4 ?Tm Ur+SerPl-Rto	Fractional excretion of phosphate [Ratio] in Urine and Serum or Plasma collected for unspecified duration	Fractional excretion of phosphate Unsp time (U+S/P) [Ratio]		Phosphate reabsorption
59010-9	Fractional excretion of potassium	CHEM	(K U x Creat Ser) / (K Ser x Creat U) x 100	ACTIVE	Fract excret K ?Tm Ur+SerPl-Rto	Fractional excretion of potassium [Ratio] in Urine and Serum or Plasma collected for unspecified duration	Fractional excretion of potassium Unsp time (U+S/P) [Ratio]		Fract excret K
49135-7	Fractional excretion of sodium	CHEM	The fractional excretion of sodium is calculated as follows, where the asterisk is being used to indicate multiplication: 100 * (urine Na * plasma creatinine)/(plasma Na * urine creatinine). Fractional excretion of sodium is used to try to distinguish pre-renal azotemia (FE Na <1% ) from m actute tubular necrosis (FE Na > 1%) and post renal azotemia (FE Na > 4%).	ACTIVE	Fract excret Na Ur+SerPl-Rto	Fractional excretion of sodium [Ratio] in Urine and Serum or Plasma	Fractional excretion of sodium (U+S/P) [Ratio]		FE Na
49135-7	Fractional excretion of sodium	CHEM	The fractional excretion of sodium is calculated as follows, where the asterisk is being used to indicate multiplication: 100 * (urine Na * plasma creatinine)/(plasma Na * urine creatinine). Fractional excretion of sodium is used to try to distinguish pre-renal azotemia (FE Na <1% ) from m actute tubular necrosis (FE Na > 1%) and post renal azotemia (FE Na > 4%).	ACTIVE	Fract excret Na Ur+SerPl-Rto	Fractional excretion of sodium [Ratio] in Urine and Serum or Plasma	Fractional excretion of sodium (U+S/P) [Ratio]		Fract excret Na
49135-7	Fractional excretion of sodium	CHEM	The fractional excretion of sodium is calculated as follows, where the asterisk is being used to indicate multiplication: 100 * (urine Na * plasma creatinine)/(plasma Na * urine creatinine). Fractional excretion of sodium is used to try to distinguish pre-renal azotemia (FE Na <1% ) from m actute tubular necrosis (FE Na > 1%) and post renal azotemia (FE Na > 4%).	ACTIVE	Fract excret Na Ur+SerPl-Rto	Fractional excretion of sodium [Ratio] in Urine and Serum or Plasma	Fractional excretion of sodium (U+S/P) [Ratio]		FENa
59009-1	Fractional excretion of urea	CHEM	(Urea U x Creat Ser) / (Urea Ser x Creat U) x 100	ACTIVE	Fract excret urea ?Tm Ur+SerPl-Rto	Fractional excretion of urea [Ratio] in Urine and Serum or Plasma collected for unspecified duration	Fractional excretion of urea Unsp time (U+S/P) [Ratio]		Fract excret urea
80979-8	Frataxin	CHEM		ACTIVE	Frataxin Bld-mCnc	Frataxin [Mass/volume] in Blood	Frataxin (Bld) [Mass/Vol]		Friedreich ataxia
99063-0	Free water clearance	CHEM		ACTIVE	Free H2O Ur+SerPl-vRate	Free water Clearance in Urine and Serum or Plasma	Free water Clearance (U+S/P) [Vol/Time]		Free H2O clearance
99063-0	Free water clearance	CHEM		ACTIVE	Free H2O Ur+SerPl-vRate	Free water Clearance in Urine and Serum or Plasma	Free water Clearance (U+S/P) [Vol/Time]		Free H2O
2293-9	Fructokinase	CHEM		ACTIVE	Fructokinase Ser-cCnc	Fructokinase [Enzymatic activity/volume] in Serum	Fructokinase (S) [Catalytic activity/Vol]		D-fructose (D-mannose) kinase
2293-9	Fructokinase	CHEM		ACTIVE	Fructokinase Ser-cCnc	Fructokinase [Enzymatic activity/volume] in Serum	Fructokinase (S) [Catalytic activity/Vol]		FK
15069-8	Fructosamine	CHEM		ACTIVE	Fructosamine SerPl-sCnc	Fructosamine [Moles/volume] in Serum or Plasma	Fructosamine [Moles/Vol]		Glycated serum protein
15069-8	Fructosamine	CHEM		ACTIVE	Fructosamine SerPl-sCnc	Fructosamine [Moles/volume] in Serum or Plasma	Fructosamine [Moles/Vol]		GSP
15069-8	Fructosamine	CHEM		ACTIVE	Fructosamine SerPl-sCnc	Fructosamine [Moles/volume] in Serum or Plasma	Fructosamine [Moles/Vol]		Glucosamine
10574-2	Fructose	CHEM		ACTIVE	Fructose Smn-sCnc	Fructose [Moles/volume] in Semen	Fructose (Sem) [Moles/Vol]		Levulose
10574-2	Fructose	CHEM		ACTIVE	Fructose Smn-sCnc	Fructose [Moles/volume] in Semen	Fructose (Sem) [Moles/Vol]		Revulose
74792-3	Fructose.PO	CHEM		ACTIVE	Fructose PO Dose Qn	Fructose.PO [Mass] in Dose	Fructose.PO (Dose) [Mass]		Fructose PO
57129-9	Full newborn screening summary report for display or printing	CHEM	This code indicates that the OBX-5 carries a summary new born screen report as formatted text. Use HL7 type FT  or if you want to see as PDF use HL7 encoded data type (ED) and send as binary data in the OBX-5. It is an option entry that provides a convenient way for laboratories to send reports for display and/or printing to clinicians with whatever format they now deliver. If sent as a PDF it could include letter head, water marks etc.	ACTIVE	Full NBS summary for display/printing	Full newborn screening summary report for display or printing	Full NBS summary report for display or printing Doc		Full NBS summary for display & print
13743-0	Fumarate/Creatinine	CHEM		DISCOURAGED	Fumarate/Creat Ur	Fumarate/Creatinine [Mass Ratio] in Urine	Fumarate/Creatinine (U) [Mass ratio]		Fumaric acid
2304-4	Fumarylacetoacetate	CHEM		ACTIVE	Fumarylacetoacetate Ser-mCnc	Fumarylacetoacetate [Mass/volume] in Serum	Fumarylacetoacetate (S) [Mass/Vol]		FAA
79492-5	Furoylglycine	CHEM		ACTIVE	Furoylglycine SerPl-sCnc	Furoylglycine [Moles/volume] in Serum or Plasma	Furoylglycine [Moles/Vol]		Furfuroylglycine
79492-5	Furoylglycine	CHEM		ACTIVE	Furoylglycine SerPl-sCnc	Furoylglycine [Moles/volume] in Serum or Plasma	Furoylglycine [Moles/Vol]		2-Furoylglycine
79492-5	Furoylglycine	CHEM		ACTIVE	Furoylglycine SerPl-sCnc	Furoylglycine [Moles/volume] in Serum or Plasma	Furoylglycine [Moles/Vol]		Pyromucuric acid
79492-5	Furoylglycine	CHEM		ACTIVE	Furoylglycine SerPl-sCnc	Furoylglycine [Moles/volume] in Serum or Plasma	Furoylglycine [Moles/Vol]		Pyromucurate
74950-7	Galactocerebrosidase	CHEM		DEPRECATED	Deprecated Galactocerebrosidase WBC-cCnt	Deprecated Galactocerebrosidase [Enzymatic activity/mass] in Leukocytes	Galactocerebrosidase (WBC) [Catalytic activity/Mass]		Galactosylceramidase
46772-0	Galactokinase deficiency	CHEM		DISCOURAGED	GALK DBS-Imp	Galactokinase deficiency newborn screen interpretation	Galactokinase deficiency Ql (DBS) [Interp]		GALK
80095-3	Galactosamine/Creatinine	CHEM		ACTIVE	Galactosamine/Creat Ur-sRto	Galactosamine/Creatinine [Molar ratio] in Urine	Galactosamine/Creatinine (U) [Molar ratio]		2-Amino-2-Deoxy-Galactose
80095-3	Galactosamine/Creatinine	CHEM		ACTIVE	Galactosamine/Creat Ur-sRto	Galactosamine/Creatinine [Molar ratio] in Urine	Galactosamine/Creatinine (U) [Molar ratio]		2-Amino-2-Deoxy-Galactopyranose
80095-3	Galactosamine/Creatinine	CHEM		ACTIVE	Galactosamine/Creat Ur-sRto	Galactosamine/Creatinine [Molar ratio] in Urine	Galactosamine/Creatinine (U) [Molar ratio]		D-GalN
80095-3	Galactosamine/Creatinine	CHEM		ACTIVE	Galactosamine/Creat Ur-sRto	Galactosamine/Creatinine [Molar ratio] in Urine	Galactosamine/Creatinine (U) [Molar ratio]		Chondrosamine
80095-3	Galactosamine/Creatinine	CHEM		ACTIVE	Galactosamine/Creat Ur-sRto	Galactosamine/Creatinine [Molar ratio] in Urine	Galactosamine/Creatinine (U) [Molar ratio]		D-galactosamine
80095-3	Galactosamine/Creatinine	CHEM		ACTIVE	Galactosamine/Creat Ur-sRto	Galactosamine/Creatinine [Molar ratio] in Urine	Galactosamine/Creatinine (U) [Molar ratio]		2-Amino-2-Deoxy-Galactopyranoside
80095-3	Galactosamine/Creatinine	CHEM		ACTIVE	Galactosamine/Creat Ur-sRto	Galactosamine/Creatinine [Molar ratio] in Urine	Galactosamine/Creatinine (U) [Molar ratio]		(3R,4R,5R,6R)-3-amino-6-(hydroxymethyl)oxane-2,4,5-triol
80095-3	Galactosamine/Creatinine	CHEM		ACTIVE	Galactosamine/Creat Ur-sRto	Galactosamine/Creatinine [Molar ratio] in Urine	Galactosamine/Creatinine (U) [Molar ratio]		GalN
10970-2	Galactose 1 phosphate uridyl transferase	CHEM		ACTIVE	Gal1PUT Bld-cCnc	Galactose 1 phosphate uridyl transferase [Enzymatic activity/volume] in Blood	Galactose 1 phosphate uridyl transferase (Bld) [Catalytic activity/Vol]		Hexose-1-phosphate uridyltransferase
10970-2	Galactose 1 phosphate uridyl transferase	CHEM		ACTIVE	Gal1PUT Bld-cCnc	Galactose 1 phosphate uridyl transferase [Enzymatic activity/volume] in Blood	Galactose 1 phosphate uridyl transferase (Bld) [Catalytic activity/Vol]		GPUT
10970-2	Galactose 1 phosphate uridyl transferase	CHEM		ACTIVE	Gal1PUT Bld-cCnc	Galactose 1 phosphate uridyl transferase [Enzymatic activity/volume] in Blood	Galactose 1 phosphate uridyl transferase (Bld) [Catalytic activity/Vol]		Gal1PUT
10970-2	Galactose 1 phosphate uridyl transferase	CHEM		ACTIVE	Gal1PUT Bld-cCnc	Galactose 1 phosphate uridyl transferase [Enzymatic activity/volume] in Blood	Galactose 1 phosphate uridyl transferase (Bld) [Catalytic activity/Vol]		Galactose 1 Phosphate Uridyltransferase
10970-2	Galactose 1 phosphate uridyl transferase	CHEM		ACTIVE	Gal1PUT Bld-cCnc	Galactose 1 phosphate uridyl transferase [Enzymatic activity/volume] in Blood	Galactose 1 phosphate uridyl transferase (Bld) [Catalytic activity/Vol]		GAL-1-PUT
10970-2	Galactose 1 phosphate uridyl transferase	CHEM		ACTIVE	Gal1PUT Bld-cCnc	Galactose 1 phosphate uridyl transferase [Enzymatic activity/volume] in Blood	Galactose 1 phosphate uridyl transferase (Bld) [Catalytic activity/Vol]		GALT
10970-2	Galactose 1 phosphate uridyl transferase	CHEM		ACTIVE	Gal1PUT Bld-cCnc	Galactose 1 phosphate uridyl transferase [Enzymatic activity/volume] in Blood	Galactose 1 phosphate uridyl transferase (Bld) [Catalytic activity/Vol]		Galactosemia
10970-2	Galactose 1 phosphate uridyl transferase	CHEM		ACTIVE	Gal1PUT Bld-cCnc	Galactose 1 phosphate uridyl transferase [Enzymatic activity/volume] in Blood	Galactose 1 phosphate uridyl transferase (Bld) [Catalytic activity/Vol]		GAL1PTS
33780-8	Galactose 1 phosphate uridyl transferase phenotype	CHEM		ACTIVE	Gal1PUT Phenotyp Bld	Galactose 1 phosphate uridyl transferase phenotype [Type] in Blood	Galactose 1 phosphate uridyl transferase phenotype (Bld)		Gal1PUT Phenotyp
57704-9	Galactosemias newborn screening comment-discussion	CHEM		ACTIVE	Galactosemias NBS comment	Galactosemias newborn screening comment-discussion	Galactosemias newborn screening comment-discussion Nar (DBS)		Galactosemias NBS comment
104263-9	Galactosylceramidase	CHEM		ACTIVE	GALC Ser LC/MS/MS-cCnc	Galactosylceramidase [Enzymatic activity/volume] in Serum by LC/MS/MS	Galactosylceramidase LC/MS/MS (S) [Catalytic activity/Vol]		Krabbe Leukodystrophy
104263-9	Galactosylceramidase	CHEM		ACTIVE	GALC Ser LC/MS/MS-cCnc	Galactosylceramidase [Enzymatic activity/volume] in Serum by LC/MS/MS	Galactosylceramidase LC/MS/MS (S) [Catalytic activity/Vol]		Galactocerebrosidase
104263-9	Galactosylceramidase	CHEM		ACTIVE	GALC Ser LC/MS/MS-cCnc	Galactosylceramidase [Enzymatic activity/volume] in Serum by LC/MS/MS	Galactosylceramidase LC/MS/MS (S) [Catalytic activity/Vol]		GALC
2316-8	Galactosylgalactosylglucosylceramidase	CHEM		ACTIVE	GalGalGlucCeramidase Tiss-cCnt	Galactosylgalactosylglucosylceramidase [Enzymatic activity/mass] in Tissue	Galactosylgalactosylglucosylceramidase (Tiss) [Catalytic activity/Mass]		UDP-GalNAc:beta-1,3-N-acetylgalactosaminyltransferase 1
2316-8	Galactosylgalactosylglucosylceramidase	CHEM		ACTIVE	GalGalGlucCeramidase Tiss-cCnt	Galactosylgalactosylglucosylceramidase [Enzymatic activity/mass] in Tissue	Galactosylgalactosylglucosylceramidase (Tiss) [Catalytic activity/Mass]		GalGalGlucCeramidase
80158-9	Galactosylhydroxylysine/Creatinine	CHEM		ACTIVE	Gal-Hyl/Creat Ur-sRto	Galactosylhydroxylysine/Creatinine [Molar ratio] in Urine	Galactosylhydroxylysine/Creatinine (U) [Molar ratio]		Gal-Hyl
80158-9	Galactosylhydroxylysine/Creatinine	CHEM		ACTIVE	Gal-Hyl/Creat Ur-sRto	Galactosylhydroxylysine/Creatinine [Molar ratio] in Urine	Galactosylhydroxylysine/Creatinine (U) [Molar ratio]		Galactosyl-hydroxylysine
53592-2	Gamma 2 globulin.abnormal band	CHEM		ACTIVE	Gamma 2 glob abnormal SerPl Elph-mCnc	Gamma 2 globulin.abnormal band [Mass/volume] in Serum or Plasma by Electrophoresis	Gamma 2 globulin.abnormal band Elph [Mass/Vol]		Gamma 2 glob abnormal
53452-9	Gamma 3 globulin.abnormal band	CHEM		ACTIVE	Gamma 3 glob abnormal SerPl Elph-mCnc	Gamma 3 globulin.abnormal band [Mass/volume] in Serum or Plasma by Electrophoresis	Gamma 3 globulin.abnormal band Elph [Mass/Vol]		Gamma 3 glob abnormal
72420-3	Gamma aminobutyrate.free	CHEM		ACTIVE	GABA. free CSF-sCnc	Gamma aminobutyrate.free [Moles/volume] in Cerebrospinal Fluid	Gamma aminobutyrate.free (CSF) [Moles/Vol]		GABA. free
79308-3	Gamma butyrobetaine	CHEM		ACTIVE	G-butyrobetaine SerPl-sCnc	Gamma butyrobetaine [Moles/volume] in Serum or Plasma	Gamma butyrobetaine [Moles/Vol]		TMLHE
79308-3	Gamma butyrobetaine	CHEM		ACTIVE	G-butyrobetaine SerPl-sCnc	Gamma butyrobetaine [Moles/volume] in Serum or Plasma	Gamma butyrobetaine [Moles/Vol]		G-butyrobetaine
79308-3	Gamma butyrobetaine	CHEM		ACTIVE	G-butyrobetaine SerPl-sCnc	Gamma butyrobetaine [Moles/volume] in Serum or Plasma	Gamma butyrobetaine [Moles/Vol]		Trimethyllysine hydroxylase epsilon deficiency
104813-1	Gamma globulin	CHEM	A test for Gamma globulin in serum or plasma via any method.  A parent code for those with pre-coordinated methods.	ACTIVE	Gamma glob SerPl-mCnc	Gamma globulin [Mass/volume] in Serum or Plasma	Gamma globulin [Mass/Vol]		Protein gamma globulin
2320-0	Gamma glutamyl cysteine synthetase	CHEM		ACTIVE	GGCS RBC-cCnc	Gamma glutamyl cysteine synthetase [Enzymatic activity/volume] in Red Blood Cells	Gamma glutamyl cysteine synthetase (RBC) [Catalytic activity/Vol]		Gamma glutamylcysteine synthetase
2320-0	Gamma glutamyl cysteine synthetase	CHEM		ACTIVE	GGCS RBC-cCnc	Gamma glutamyl cysteine synthetase [Enzymatic activity/volume] in Red Blood Cells	Gamma glutamyl cysteine synthetase (RBC) [Catalytic activity/Vol]		GGCS
100741-8	Gamma glutamyl transferase.macromolecular	CHEM		ACTIVE	GGT Macro SerPl Ql	Gamma glutamyl transferase.macromolecular [Presence] in Serum or Plasma	Gamma glutamyl transferase.macromolecular Ql		GGT Macro
100741-8	Gamma glutamyl transferase.macromolecular	CHEM		ACTIVE	GGT Macro SerPl Ql	Gamma glutamyl transferase.macromolecular [Presence] in Serum or Plasma	Gamma glutamyl transferase.macromolecular Ql		GGT
100741-8	Gamma glutamyl transferase.macromolecular	CHEM		ACTIVE	GGT Macro SerPl Ql	Gamma glutamyl transferase.macromolecular [Presence] in Serum or Plasma	Gamma glutamyl transferase.macromolecular Ql		Gamma glutamyl transpeptidase
100741-8	Gamma glutamyl transferase.macromolecular	CHEM		ACTIVE	GGT Macro SerPl Ql	Gamma glutamyl transferase.macromolecular [Presence] in Serum or Plasma	Gamma glutamyl transferase.macromolecular Ql		Gamma-GTP
100741-8	Gamma glutamyl transferase.macromolecular	CHEM		ACTIVE	GGT Macro SerPl Ql	Gamma glutamyl transferase.macromolecular [Presence] in Serum or Plasma	Gamma glutamyl transferase.macromolecular Ql		GT
100741-8	Gamma glutamyl transferase.macromolecular	CHEM		ACTIVE	GGT Macro SerPl Ql	Gamma glutamyl transferase.macromolecular [Presence] in Serum or Plasma	Gamma glutamyl transferase.macromolecular Ql		GGTP
35163-5	Gamma linolenate	CHEM		ACTIVE	G-Linolenate SerPl-sCnc	Gamma Linolenate (C18:3w6) [Moles/volume] in Serum or Plasma	Gamma Linolenate (C18:3w6) [Moles/Vol]		Gamoleic acid
35163-5	Gamma linolenate	CHEM		ACTIVE	G-Linolenate SerPl-sCnc	Gamma Linolenate (C18:3w6) [Moles/volume] in Serum or Plasma	Gamma Linolenate (C18:3w6) [Moles/Vol]		G-Linolenate
35163-5	Gamma linolenate	CHEM		ACTIVE	G-Linolenate SerPl-sCnc	Gamma Linolenate (C18:3w6) [Moles/volume] in Serum or Plasma	Gamma Linolenate (C18:3w6) [Moles/Vol]		Gamma linolenic acid
35163-5	Gamma linolenate	CHEM		ACTIVE	G-Linolenate SerPl-sCnc	Gamma Linolenate (C18:3w6) [Moles/volume] in Serum or Plasma	Gamma Linolenate (C18:3w6) [Moles/Vol]		C18:3w6
14162-2	Gamma melanocyte stimulating hormone	CHEM		ACTIVE	G-MSH SerPl-mCnc	Gamma melanocyte stimulating hormone [Mass/volume] in Serum or Plasma	Gamma melanocyte stimulating hormone [Mass/Vol]		MSH
14162-2	Gamma melanocyte stimulating hormone	CHEM		ACTIVE	G-MSH SerPl-mCnc	Gamma melanocyte stimulating hormone [Mass/volume] in Serum or Plasma	Gamma melanocyte stimulating hormone [Mass/Vol]		Intermedins
14162-2	Gamma melanocyte stimulating hormone	CHEM		ACTIVE	G-MSH SerPl-mCnc	Gamma melanocyte stimulating hormone [Mass/volume] in Serum or Plasma	Gamma melanocyte stimulating hormone [Mass/Vol]		Gamma MSH
14162-2	Gamma melanocyte stimulating hormone	CHEM		ACTIVE	G-MSH SerPl-mCnc	Gamma melanocyte stimulating hormone [Mass/volume] in Serum or Plasma	Gamma melanocyte stimulating hormone [Mass/Vol]		G-MSH
5923-8	Gastric acid.free	CHEM		ACTIVE	Gastric Ac free Gast-sCnc	Gastric acid free [Moles/volume] in Gastric fluid	Gastric acid free (Gast fld) [Moles/Vol]		Gastric Ac free
2326-7	Gastric inhibitory polypeptide	CHEM		ACTIVE	GIP Plas-mCnc	Gastric inhibitory polypeptide [Mass/volume] in Plasma	Gastric inhibitory polypeptide (P) [Mass/Vol]		GIP
2332-5	Gastrin.14 residue fragment	CHEM		ACTIVE	Gastrin14 Residu Frg SerPl-mCnc	Gastrin.14 residue fragment [Mass/volume] in Serum or Plasma	Gastrin.14 residue fragment [Mass/Vol]		G-14
2332-5	Gastrin.14 residue fragment	CHEM		ACTIVE	Gastrin14 Residu Frg SerPl-mCnc	Gastrin.14 residue fragment [Mass/volume] in Serum or Plasma	Gastrin.14 residue fragment [Mass/Vol]		Gastrin14 Residu Frg
2332-5	Gastrin.14 residue fragment	CHEM		ACTIVE	Gastrin14 Residu Frg SerPl-mCnc	Gastrin.14 residue fragment [Mass/volume] in Serum or Plasma	Gastrin.14 residue fragment [Mass/Vol]		Minigastrin
2331-7	Gastrin.17 residue fragment	CHEM		ACTIVE	Gastrin17 Residu Frg SerPl-mCnc	Gastrin.17 residue fragment [Mass/volume] in Serum or Plasma	Gastrin.17 residue fragment [Mass/Vol]		Little gastrin I
2331-7	Gastrin.17 residue fragment	CHEM		ACTIVE	Gastrin17 Residu Frg SerPl-mCnc	Gastrin.17 residue fragment [Mass/volume] in Serum or Plasma	Gastrin.17 residue fragment [Mass/Vol]		Gastrin17 Residu Frg
2331-7	Gastrin.17 residue fragment	CHEM		ACTIVE	Gastrin17 Residu Frg SerPl-mCnc	Gastrin.17 residue fragment [Mass/volume] in Serum or Plasma	Gastrin.17 residue fragment [Mass/Vol]		Gastrin-17
2331-7	Gastrin.17 residue fragment	CHEM		ACTIVE	Gastrin17 Residu Frg SerPl-mCnc	Gastrin.17 residue fragment [Mass/volume] in Serum or Plasma	Gastrin.17 residue fragment [Mass/Vol]		Gastrin little
2331-7	Gastrin.17 residue fragment	CHEM		ACTIVE	Gastrin17 Residu Frg SerPl-mCnc	Gastrin.17 residue fragment [Mass/volume] in Serum or Plasma	Gastrin.17 residue fragment [Mass/Vol]		Gastrin I human
2331-7	Gastrin.17 residue fragment	CHEM		ACTIVE	Gastrin17 Residu Frg SerPl-mCnc	Gastrin.17 residue fragment [Mass/volume] in Serum or Plasma	Gastrin.17 residue fragment [Mass/Vol]		G-17
102111-2	Gastrin-34	CHEM		ACTIVE	G-34 SerPl LC/MS/MS-sCnc	Gastrin 34 [Moles/volume] in Serum or Plasma by LC/MS/MS	Gastrin 34 LC/MS/MS [Moles/Vol]		Big Gastrin
102111-2	Gastrin-34	CHEM		ACTIVE	G-34 SerPl LC/MS/MS-sCnc	Gastrin 34 [Moles/volume] in Serum or Plasma by LC/MS/MS	Gastrin 34 LC/MS/MS [Moles/Vol]		Gastrin-34
102111-2	Gastrin-34	CHEM		ACTIVE	G-34 SerPl LC/MS/MS-sCnc	Gastrin 34 [Moles/volume] in Serum or Plasma by LC/MS/MS	Gastrin 34 LC/MS/MS [Moles/Vol]		Gastrin 71
102111-2	Gastrin-34	CHEM		ACTIVE	G-34 SerPl LC/MS/MS-sCnc	Gastrin 34 [Moles/volume] in Serum or Plasma by LC/MS/MS	Gastrin 34 LC/MS/MS [Moles/Vol]		Gastrin 52
102111-2	Gastrin-34	CHEM		ACTIVE	G-34 SerPl LC/MS/MS-sCnc	Gastrin 34 [Moles/volume] in Serum or Plasma by LC/MS/MS	Gastrin 34 LC/MS/MS [Moles/Vol]		G-34
102111-2	Gastrin-34	CHEM		ACTIVE	G-34 SerPl LC/MS/MS-sCnc	Gastrin 34 [Moles/volume] in Serum or Plasma by LC/MS/MS	Gastrin 34 LC/MS/MS [Moles/Vol]		Pro-gastrin
2330-9	Gastrin.34 residue fragment	CHEM		ACTIVE	Gastrin34 Residu Frg SerPl-mCnc	Gastrin.34 residue fragment [Mass/volume] in Serum or Plasma	Gastrin.34 residue fragment [Mass/Vol]		Gastrin big
2330-9	Gastrin.34 residue fragment	CHEM		ACTIVE	Gastrin34 Residu Frg SerPl-mCnc	Gastrin.34 residue fragment [Mass/volume] in Serum or Plasma	Gastrin.34 residue fragment [Mass/Vol]		Gastrin34 Residu Frg
2327-5	Gastrin releasing polypeptide	CHEM		ACTIVE	GRP CSF-mCnc	Gastrin releasing polypeptide [Mass/volume] in Cerebrospinal Fluid	Gastrin releasing polypeptide (CSF) [Mass/Vol]		Gastrin releasing peptide
2327-5	Gastrin releasing polypeptide	CHEM		ACTIVE	GRP CSF-mCnc	Gastrin releasing polypeptide [Mass/volume] in Cerebrospinal Fluid	Gastrin releasing polypeptide (CSF) [Mass/Vol]		Mammalian bombesin
2327-5	Gastrin releasing polypeptide	CHEM		ACTIVE	GRP CSF-mCnc	Gastrin releasing polypeptide [Mass/volume] in Cerebrospinal Fluid	Gastrin releasing polypeptide (CSF) [Mass/Vol]		GRP
96461-9	Gastrin releasing polypeptide prohormone	CHEM		ACTIVE	ProGRP SerPl IA-mCnc	Gastrin releasing polypeptide prohormone [Mass/volume] in Serum or Plasma by Immunoassay	Gastrin releasing polypeptide prohormone IA [Mass/Vol]		Progastrin releasing peptide
96461-9	Gastrin releasing polypeptide prohormone	CHEM		ACTIVE	ProGRP SerPl IA-mCnc	Gastrin releasing polypeptide prohormone [Mass/volume] in Serum or Plasma by Immunoassay	Gastrin releasing polypeptide prohormone IA [Mass/Vol]		Pro-GRP
96461-9	Gastrin releasing polypeptide prohormone	CHEM		ACTIVE	ProGRP SerPl IA-mCnc	Gastrin releasing polypeptide prohormone [Mass/volume] in Serum or Plasma by Immunoassay	Gastrin releasing polypeptide prohormone IA [Mass/Vol]		ProGRP
62313-2	Gaucher disease newborn screening comment-discussion	CHEM		ACTIVE	Gaucher disease NBS comment	Gaucher disease newborn screening comment-discussion	Gaucher disease newborn screening comment-discussion Nar (DBS)		Gaucher disease NBS comment
46738-1	Genetic disorders	CHEM		DISCOURAGED	Genetic.Disorders DBS-Imp	Genetic.Disorders newborn screen interpretation	Genetic.Disorders Ql (DBS) [Interp]		Genetic.Disorders
100359-9	Gliadin 33 mer peptide	CHEM		ACTIVE	Gliadin 33 mer Stl IA-mCnc	Gliadin 33 mer peptide [Mass/volume] in Stool by Immunoassay	Gliadin 33 mer peptide IA (Stl) [Mass/Vol]		Pept
100359-9	Gliadin 33 mer peptide	CHEM		ACTIVE	Gliadin 33 mer Stl IA-mCnc	Gliadin 33 mer peptide [Mass/volume] in Stool by Immunoassay	Gliadin 33 mer peptide IA (Stl) [Mass/Vol]		Stl
100359-9	Gliadin 33 mer peptide	CHEM		ACTIVE	Gliadin 33 mer Stl IA-mCnc	Gliadin 33 mer peptide [Mass/volume] in Stool by Immunoassay	Gliadin 33 mer peptide IA (Stl) [Mass/Vol]		Stool = Fecal
100359-9	Gliadin 33 mer peptide	CHEM		ACTIVE	Gliadin 33 mer Stl IA-mCnc	Gliadin 33 mer peptide [Mass/volume] in Stool by Immunoassay	Gliadin 33 mer peptide IA (Stl) [Mass/Vol]		Gliadine
100359-9	Gliadin 33 mer peptide	CHEM		ACTIVE	Gliadin 33 mer Stl IA-mCnc	Gliadin 33 mer peptide [Mass/volume] in Stool by Immunoassay	Gliadin 33 mer peptide IA (Stl) [Mass/Vol]		Bowel movement
100359-9	Gliadin 33 mer peptide	CHEM		ACTIVE	Gliadin 33 mer Stl IA-mCnc	Gliadin 33 mer peptide [Mass/volume] in Stool by Immunoassay	Gliadin 33 mer peptide IA (Stl) [Mass/Vol]		Celiac disease
100359-9	Gliadin 33 mer peptide	CHEM		ACTIVE	Gliadin 33 mer Stl IA-mCnc	Gliadin 33 mer peptide [Mass/volume] in Stool by Immunoassay	Gliadin 33 mer peptide IA (Stl) [Mass/Vol]		F98
100359-9	Gliadin 33 mer peptide	CHEM		ACTIVE	Gliadin 33 mer Stl IA-mCnc	Gliadin 33 mer peptide [Mass/volume] in Stool by Immunoassay	Gliadin 33 mer peptide IA (Stl) [Mass/Vol]		Faecal
100359-9	Gliadin 33 mer peptide	CHEM		ACTIVE	Gliadin 33 mer Stl IA-mCnc	Gliadin 33 mer peptide [Mass/volume] in Stool by Immunoassay	Gliadin 33 mer peptide IA (Stl) [Mass/Vol]		Faeces
100359-9	Gliadin 33 mer peptide	CHEM		ACTIVE	Gliadin 33 mer Stl IA-mCnc	Gliadin 33 mer peptide [Mass/volume] in Stool by Immunoassay	Gliadin 33 mer peptide IA (Stl) [Mass/Vol]		Fecal
100359-9	Gliadin 33 mer peptide	CHEM		ACTIVE	Gliadin 33 mer Stl IA-mCnc	Gliadin 33 mer peptide [Mass/volume] in Stool by Immunoassay	Gliadin 33 mer peptide IA (Stl) [Mass/Vol]		Feces
90234-6	Globotriaosylsphingosine	CHEM		ACTIVE	Globotriaosylsphingosine SerPl-mCnc	Globotriaosylsphingosine [Mass/volume] in Serum or Plasma	Globotriaosylsphingosine [Mass/Vol]		LGb3
90234-6	Globotriaosylsphingosine	CHEM		ACTIVE	Globotriaosylsphingosine SerPl-mCnc	Globotriaosylsphingosine [Mass/volume] in Serum or Plasma	Globotriaosylsphingosine [Mass/Vol]		Globotriaosyl lysosphingolipid
90234-6	Globotriaosylsphingosine	CHEM		ACTIVE	Globotriaosylsphingosine SerPl-mCnc	Globotriaosylsphingosine [Mass/volume] in Serum or Plasma	Globotriaosylsphingosine [Mass/Vol]		Lysogb3
90234-6	Globotriaosylsphingosine	CHEM		ACTIVE	Globotriaosylsphingosine SerPl-mCnc	Globotriaosylsphingosine [Mass/volume] in Serum or Plasma	Globotriaosylsphingosine [Mass/Vol]		Lyso-Gb3
102097-3	Glomerular filtration rate	CHEM		ACTIVE	GFR/BSA.pred S/P/B Cr+Cyst+Ur CKD-ArVRat	Glomerular filtration rate [Volume Rate/Area] in Serum, Plasma or Blood by Creatinine, Cystatin C and Urea-based formula (CKiD)/1.73 sq M	GFR Creatinine, Cystatin C and Urea-based formula (CKiD)/1.73 sq M (S/P/Bld) [Vol rate/Area]		Square Meter
102097-3	Glomerular filtration rate	CHEM		ACTIVE	GFR/BSA.pred S/P/B Cr+Cyst+Ur CKD-ArVRat	Glomerular filtration rate [Volume Rate/Area] in Serum, Plasma or Blood by Creatinine, Cystatin C and Urea-based formula (CKiD)/1.73 sq M	GFR Creatinine, Cystatin C and Urea-based formula (CKiD)/1.73 sq M (S/P/Bld) [Vol rate/Area]		Creat+Cyst+Urea CKiD
102097-3	Glomerular filtration rate	CHEM		ACTIVE	GFR/BSA.pred S/P/B Cr+Cyst+Ur CKD-ArVRat	Glomerular filtration rate [Volume Rate/Area] in Serum, Plasma or Blood by Creatinine, Cystatin C and Urea-based formula (CKiD)/1.73 sq M	GFR Creatinine, Cystatin C and Urea-based formula (CKiD)/1.73 sq M (S/P/Bld) [Vol rate/Area]		GFR
102097-3	Glomerular filtration rate	CHEM		ACTIVE	GFR/BSA.pred S/P/B Cr+Cyst+Ur CKD-ArVRat	Glomerular filtration rate [Volume Rate/Area] in Serum, Plasma or Blood by Creatinine, Cystatin C and Urea-based formula (CKiD)/1.73 sq M	GFR Creatinine, Cystatin C and Urea-based formula (CKiD)/1.73 sq M (S/P/Bld) [Vol rate/Area]		Glom
33914-3	Glomerular filtration rate	CHEM		DISCOURAGED	GFR SerPl Creatinine-bsd frml MDRD	Glomerular filtration rate [Volume Rate/Area] in Serum or Plasma by Creatinine-based formula (MDRD)/1.73 sq M	GFR Creatinine-based formula (MDRD)/1.73 sq M [Vol rate/Area]		Modification of Diet in Renal Disease
94677-2	Glomerular filtration rate	CHEM		ACTIVE	GFR/BSA.pred SerPlBld Creat+Cyst CKD-EPI	Glomerular filtration rate [Volume Rate/Area] in Serum, Plasma or Blood by Creatinine and Cystatin C-based formula (CKD-EPI)/1.73 sq M	GFR Creatinine and Cystatin C-based formula (CKD-EPI)/1.73 sq M (S/P/Bld) [Vol rate/Area]		Creat+Cyst CKD-EPI
98980-6	Glomerular filtration rate	CHEM	Glomerular filtration rate (GFR) is considered the best overall index of kidney function; however measured GFR is not practical in the routine clinical setting.  Estimated glomerular filtration rate (eGFR) is a suitable alternative and can be calculated for adults >= 18 years using an equation incorporating the patients age, gender, and measured serum/plasma/blood creatinine only (eGFRcr) [LOINC: 98979-8] or both serum/plasma/blood creatinine and serum/plasma cystatin C (eGFRcr-cys) (this term). The serum/plasma/blood creatinine value is based on a measurement procedure that is traceable to the isotope dilution mass spectrometry (IDMS) reference measurement procedure for creatinine, and the serum/plasma/blood cystatin C value is based on a measurement procedure that is traceable to the certified reference material ERM-DA471/IFCC from the Joint Research Center of the European Commission. The 2021 CKD-EPI equations used for eGFRcr and eGFRcr-cys do not have a race term as does the older estimating equations that they replace.[https://www.nejm.org/doi/pdf/10.1056/NEJMoa2102953]	ACTIVE	eGFRcr-cys SerPlBld CKD-EPI 2021	Glomerular filtration rate [Volume Rate/Area] in Serum, Plasma or Blood by Creatinine and Cystatin C-based formula (CKD-EPI 2021)/1.73 sq M	GFR Creatinine and Cystatin C-based formula (CKD-EPI 2021)/1.73 sq M (S/P/Bld) [Vol rate/Area]		Creat+Cyst CKD-EPI 2021
81322-0	Glucan 1,4 alpha glucosidase	CHEM		ACTIVE	Glucan 1,4-alpha-glucosidase TSMI-cCnt	Glucan 1,4 alpha glucosidase [Enzymatic activity/mass] in Small intestine Tissue	Glucan 1,4 alpha glucosidase (Small intestine Tissue) [Catalytic activity/Mass]		Amyloglucosidase
81322-0	Glucan 1,4 alpha glucosidase	CHEM		ACTIVE	Glucan 1,4-alpha-glucosidase TSMI-cCnt	Glucan 1,4 alpha glucosidase [Enzymatic activity/mass] in Small intestine Tissue	Glucan 1,4 alpha glucosidase (Small intestine Tissue) [Catalytic activity/Mass]		Glucoamylase
81322-0	Glucan 1,4 alpha glucosidase	CHEM		ACTIVE	Glucan 1,4-alpha-glucosidase TSMI-cCnt	Glucan 1,4 alpha glucosidase [Enzymatic activity/mass] in Small intestine Tissue	Glucan 1,4 alpha glucosidase (Small intestine Tissue) [Catalytic activity/Mass]		Glucan 1,4-A glucosidase
92750-9	Glucopsychosine	CHEM		ACTIVE	Glucopsychosine SerPl-sCnc	Glucopsychosine [Moles/volume] in Serum or Plasma	Glucopsychosine [Moles/Vol]		glucosyl sphingosine
92750-9	Glucopsychosine	CHEM		ACTIVE	Glucopsychosine SerPl-sCnc	Glucopsychosine [Moles/volume] in Serum or Plasma	Glucopsychosine [Moles/Vol]		glucosylsphingosine
92750-9	Glucopsychosine	CHEM		ACTIVE	Glucopsychosine SerPl-sCnc	Glucopsychosine [Moles/volume] in Serum or Plasma	Glucopsychosine [Moles/Vol]		glucosyl psychosine
92750-9	Glucopsychosine	CHEM		ACTIVE	Glucopsychosine SerPl-sCnc	Glucopsychosine [Moles/volume] in Serum or Plasma	Glucopsychosine [Moles/Vol]		2-[(E)-2-Amino-3-hydroxyoctadec-4-enoxy]-6-(hydroxymethyl)oxane-3,4,5-triol
100746-7	Glucose	CHEM		ACTIVE	Glucose BldMV-sCnc	Glucose [Moles/volume] in Mixed venous blood	Glucose (BldMV) [Moles/Vol]		Glucoseur
100746-7	Glucose	CHEM		ACTIVE	Glucose BldMV-sCnc	Glucose [Moles/volume] in Mixed venous blood	Glucose (BldMV) [Moles/Vol]		Glu
100746-7	Glucose	CHEM		ACTIVE	Glucose BldMV-sCnc	Glucose [Moles/volume] in Mixed venous blood	Glucose (BldMV) [Moles/Vol]		Gluc
104597-0	Glucose	CHEM		ACTIVE	Glucose BldV Glucomtr-mCnc	Glucose [Mass/volume] in Venous blood by Glucometer	Glucose Glucometer (BldV) [Mass/Vol]		Glucomtr
21307-4	Glucose	CHEM		ACTIVE	Glucose 10h Ur-mRate	Glucose [Mass/time] in 10 hour Urine	Glucose (10H U) [Mass/Time]		10 hours
21307-4	Glucose	CHEM		ACTIVE	Glucose 10h Ur-mRate	Glucose [Mass/time] in 10 hour Urine	Glucose (10H U) [Mass/Time]		10HR
2341-6	Glucose	CHEM		ACTIVE	Glucose Bld Manual Strip-mCnc	Glucose [Mass/volume] in Blood by Test strip manual	Glucose Test strip manual (Bld) [Mass/Vol]		Manual Strip
2354-9	Glucose-6-Phosphatase	CHEM		ACTIVE	G6Pas Ser-cCnc	Glucose-6-Phosphatase [Enzymatic activity/volume] in Serum	Glucose-6-Phosphatase (S) [Catalytic activity/Vol]		G6Pas
2354-9	Glucose-6-Phosphatase	CHEM		ACTIVE	G6Pas Ser-cCnc	Glucose-6-Phosphatase [Enzymatic activity/volume] in Serum	Glucose-6-Phosphatase (S) [Catalytic activity/Vol]		G6P
58090-2	Glucose-6-Phosphate dehydrogenase newborn screening comment-discussion	CHEM		ACTIVE	G6PD NBS comment	Glucose-6-Phosphate dehydrogenase newborn screening comment-discussion	G6PD newborn screening comment-discussion Nar (DBS)		G6PD NBS comment
42319-4	Glucose-6-Phosphate dehydrogenase phenotype	CHEM		ACTIVE	G6PD Phenotyp RBC-Imp	Glucose-6-Phosphate dehydrogenase phenotype [Interpretation] in Red Blood Cells	G6PD phenotype (RBC) [Interp]		G6PD Phenotyp
2352-3	Glucose CSF/Glucose plas	CHEM		ACTIVE	Glucose CSF/SerPl	Glucose in CSF/Glucose plas	Glucose in CSF/Glucose plas (P+CSF) [Relative mass conc]		Glucose CSF:SerPl
2352-3	Glucose CSF/Glucose plas	CHEM		ACTIVE	Glucose CSF/SerPl	Glucose in CSF/Glucose plas	Glucose in CSF/Glucose plas (P+CSF) [Relative mass conc]		RLMCNC
2352-3	Glucose CSF/Glucose plas	CHEM		ACTIVE	Glucose CSF/SerPl	Glucose in CSF/Glucose plas	Glucose in CSF/Glucose plas (P+CSF) [Relative mass conc]		Relative mass concentration
43740-0	Glucose/Insulin	CHEM		ACTIVE	Glucose/Insulin SerPl	Glucose/Insulin [Mass Ratio] in Serum or Plasma	Glucose/Insulin [Mass ratio]		G/I
97506-0	Glucose management indicator	CHEM	The glucose management indicator (GMI) approximates the laboratory A1C level expected based on average glucose measured using continuous glucose monitoring (CGM) values.	ACTIVE	Glucose management indicator	Glucose management indicator	Glucose management indicator Calc (Reporting Period Interstitial fluid)		GMI
13453-6	Glucose mean value	CHEM		DEPRECATED	Deprecated Mean Glucose Bld gHb Est-aCnc	Deprecated Glucose mean value	Glucose mean value Estimated from glycated hemoglobin Qn (Bld)		gHb Est
97510-2	Glucose measurements in range/Total glucose measurements	CHEM	The percentage of blood glucose levels that are in a target range for patients using continuous glucose monitoring (CGM) devices. The International Consensus in Time in Range (IC-TIR) defines the target range between 70 and 180 mg/dL (3.9-10.0 mmol/L).[PMID: 31177185] The goal is to reduce the time spent in hypoglycemia (glucose levels < 70 mg/dL).	ACTIVE	% Glucose measurements in range	Glucose measurements in range out of Total glucose measurements during reporting period	Glucose measurements in range/Total glucose measurements Calc (Reporting Period Interstitial fluid)		Glucose levels in range
97510-2	Glucose measurements in range/Total glucose measurements	CHEM	The percentage of blood glucose levels that are in a target range for patients using continuous glucose monitoring (CGM) devices. The International Consensus in Time in Range (IC-TIR) defines the target range between 70 and 180 mg/dL (3.9-10.0 mmol/L).[PMID: 31177185] The goal is to reduce the time spent in hypoglycemia (glucose levels < 70 mg/dL).	ACTIVE	% Glucose measurements in range	Glucose measurements in range out of Total glucose measurements during reporting period	Glucose measurements in range/Total glucose measurements Calc (Reporting Period Interstitial fluid)		TIR
97510-2	Glucose measurements in range/Total glucose measurements	CHEM	The percentage of blood glucose levels that are in a target range for patients using continuous glucose monitoring (CGM) devices. The International Consensus in Time in Range (IC-TIR) defines the target range between 70 and 180 mg/dL (3.9-10.0 mmol/L).[PMID: 31177185] The goal is to reduce the time spent in hypoglycemia (glucose levels < 70 mg/dL).	ACTIVE	% Glucose measurements in range	Glucose measurements in range out of Total glucose measurements during reporting period	Glucose measurements in range/Total glucose measurements Calc (Reporting Period Interstitial fluid)		Glucose time in range
81637-1	Glucose meter to reference method correlation	CHEM	The glucose correlation is a charted value used to monitor the accuracy of glucose meter results as compared to reference method results for quality assurance purposes. According to draft guidance from the Food and Drug Administration in 2014, for point-of-care blood glucose meter devices used by healthcare providers, 99% of all values should be within 10% of the reference method for glucose concentrations > 70 mg/dL and within 7 mg/dL for glucose concentrations < 70 mg/dL.[http://www.fda.gov/downloads/medicaldevices/deviceregulationandguidance/guidancedocuments/ucm380325.pdf] For self-monitoring blood glucose meters used by patients, 95% of all results should be within 15% of the reference method result and 99% of all results should be within 20% of the reference method result across the entire claimed measuring range of the instrument. [http://www.fda.gov/downloads/medicaldevices/deviceregulationandguidance/guidancedocuments/ucm380327.pdf]	ACTIVE	Glucose correlation SerPlBld Calc-Rto	Glucose meter to reference method correlation [Ratio] in Serum, Plasma or Blood by calculation	Glucose meter to reference method correlation Calc (S/P/Bld) [Ratio]		Glucose correlation
11047-8	Glucose phosphate isomerase	CHEM		ACTIVE	GPI RBC-cCnc	Glucose phosphate isomerase [Enzymatic activity/volume] in Red Blood Cells	Glucose phosphate isomerase (RBC) [Catalytic activity/Vol]		Glucose-6-phosphate isomerase
11047-8	Glucose phosphate isomerase	CHEM		ACTIVE	GPI RBC-cCnc	Glucose phosphate isomerase [Enzymatic activity/volume] in Red Blood Cells	Glucose phosphate isomerase (RBC) [Catalytic activity/Vol]		GPI
11047-8	Glucose phosphate isomerase	CHEM		ACTIVE	GPI RBC-cCnc	Glucose phosphate isomerase [Enzymatic activity/volume] in Red Blood Cells	Glucose phosphate isomerase (RBC) [Catalytic activity/Vol]		PHI
11047-8	Glucose phosphate isomerase	CHEM		ACTIVE	GPI RBC-cCnc	Glucose phosphate isomerase [Enzymatic activity/volume] in Red Blood Cells	Glucose phosphate isomerase (RBC) [Catalytic activity/Vol]		Phosphohexoisomerase
11047-8	Glucose phosphate isomerase	CHEM		ACTIVE	GPI RBC-cCnc	Glucose phosphate isomerase [Enzymatic activity/volume] in Red Blood Cells	Glucose phosphate isomerase (RBC) [Catalytic activity/Vol]		Phosphohexose isomerase
11047-8	Glucose phosphate isomerase	CHEM		ACTIVE	GPI RBC-cCnc	Glucose phosphate isomerase [Enzymatic activity/volume] in Red Blood Cells	Glucose phosphate isomerase (RBC) [Catalytic activity/Vol]		Glucosephosphate isomerase
6883-3	Glucose.protein bound	CHEM		ACTIVE	PB Glucose SerPl-mCnc	Glucose.protein bound [Mass/volume] in Serum or Plasma	Glucose.protein bound [Mass/Vol]		PB Glucose
6883-3	Glucose.protein bound	CHEM		ACTIVE	PB Glucose SerPl-mCnc	Glucose.protein bound [Mass/volume] in Serum or Plasma	Glucose.protein bound [Mass/Vol]		Glucose & Protein
72650-5	Glucose.serum-glucose.pericard fld	CHEM		ACTIVE	Glucose ser - peric fld-SCDiff	Glucose in serum - glucose in pericard fld [Molar concentration difference]	Glucose in serum - glucose in pericard fld (Pericard fld+S/P) [Molar conc diff]		Glucose ser - peric fld
72649-7	Glucose.serum-glucose.perition fld	CHEM		ACTIVE	Glucose ser - prt fld-SCDiff	Glucose in serum - glucose in peritoneal fluid [Molar concentration difference]	Glucose in serum - glucose in peritoneal fluid (Periton fld+S/P) [Molar conc diff]		Glucose ser - prt fld
72651-3	Glucose.serum-glucose.plr fld	CHEM		ACTIVE	Glucose ser - plr fld-SCDiff	Glucose in serum - glucose in pleural fluid [Molar concentration difference]	Glucose in serum - glucose in pleural fluid (S/P+Pleur fld) [Molar conc diff]		Glucose ser - plr fld
72648-9	Glucose.serum-glucose.synv fld	CHEM		ACTIVE	Glucose ser - synv fld-SCDiff	Glucose in serum - glucose in synovial fluid [Molar concentration difference]	Glucose in serum - glucose in synovial fluid (S/P+Syn fld) [Molar conc diff]		Glucose ser - synv fld
72648-9	Glucose.serum-glucose.synv fld	CHEM		ACTIVE	Glucose ser - synv fld-SCDiff	Glucose in serum - glucose in synovial fluid [Molar concentration difference]	Glucose in serum - glucose in synovial fluid (S/P+Syn fld) [Molar conc diff]		Gluc.synv fld
72648-9	Glucose.serum-glucose.synv fld	CHEM		ACTIVE	Glucose ser - synv fld-SCDiff	Glucose in serum - glucose in synovial fluid [Molar concentration difference]	Glucose in serum - glucose in synovial fluid (S/P+Syn fld) [Molar conc diff]		glucose gradient
72648-9	Glucose.serum-glucose.synv fld	CHEM		ACTIVE	Glucose ser - synv fld-SCDiff	Glucose in serum - glucose in synovial fluid [Molar concentration difference]	Glucose in serum - glucose in synovial fluid (S/P+Syn fld) [Molar conc diff]		SerPl+Synv
104638-2	Glucose standard deviation/Glucose mean	CHEM		ACTIVE	Gluc SD/Gluc mean RptPrd NFr In fld calc	Glucose standard deviation/Glucose mean in Reporting Period Interstitial fluid by calculation	Glucose standard deviation/ Glucose mean Calc (Reporting Period Interstitial fluid)		Interstitial fld
104638-2	Glucose standard deviation/Glucose mean	CHEM		ACTIVE	Gluc SD/Gluc mean RptPrd NFr In fld calc	Glucose standard deviation/Glucose mean in Reporting Period Interstitial fluid by calculation	Glucose standard deviation/ Glucose mean Calc (Reporting Period Interstitial fluid)		Glucose SD
104638-2	Glucose standard deviation/Glucose mean	CHEM		ACTIVE	Gluc SD/Gluc mean RptPrd NFr In fld calc	Glucose standard deviation/Glucose mean in Reporting Period Interstitial fluid by calculation	Glucose standard deviation/ Glucose mean Calc (Reporting Period Interstitial fluid)		Gly var
104638-2	Glucose standard deviation/Glucose mean	CHEM		ACTIVE	Gluc SD/Gluc mean RptPrd NFr In fld calc	Glucose standard deviation/Glucose mean in Reporting Period Interstitial fluid by calculation	Glucose standard deviation/ Glucose mean Calc (Reporting Period Interstitial fluid)		Glycemic variability
53868-6	Glucose tetrasaccharide/Creatinine	CHEM		ACTIVE	Glucose tetrasaccharide/Creat Ur-sRto	Glucose tetrasaccharide/Creatinine [Molar ratio] in Urine	Glucose tetrasaccharide/Creatinine (U) [Molar ratio]		Hex4
53868-6	Glucose tetrasaccharide/Creatinine	CHEM		ACTIVE	Glucose tetrasaccharide/Creat Ur-sRto	Glucose tetrasaccharide/Creatinine [Molar ratio] in Urine	Glucose tetrasaccharide/Creatinine (U) [Molar ratio]		Glc(4)
53868-6	Glucose tetrasaccharide/Creatinine	CHEM		ACTIVE	Glucose tetrasaccharide/Creat Ur-sRto	Glucose tetrasaccharide/Creatinine [Molar ratio] in Urine	Glucose tetrasaccharide/Creatinine (U) [Molar ratio]		Glcα1-6Glcα1-4Glcα1-4Glc (Glc(4)
10577-5	Glucosidase	CHEM		ACTIVE	Glucosidase Semin plas-cCnc	Glucosidase [Enzymatic activity/volume] in Seminal plasma	Glucosidase (Seminal plasma) [Catalytic activity/Vol]		Maltase-glucoamylase
10577-5	Glucosidase	CHEM		ACTIVE	Glucosidase Semin plas-cCnc	Glucosidase [Enzymatic activity/volume] in Seminal plasma	Glucosidase (Seminal plasma) [Catalytic activity/Vol]		Seminal plasma
10577-5	Glucosidase	CHEM		ACTIVE	Glucosidase Semin plas-cCnc	Glucosidase [Enzymatic activity/volume] in Seminal plasma	Glucosidase (Seminal plasma) [Catalytic activity/Vol]		Glucoinvertase
10577-5	Glucosidase	CHEM		ACTIVE	Glucosidase Semin plas-cCnc	Glucosidase [Enzymatic activity/volume] in Seminal plasma	Glucosidase (Seminal plasma) [Catalytic activity/Vol]		Glucosidosucrase
10577-5	Glucosidase	CHEM		ACTIVE	Glucosidase Semin plas-cCnc	Glucosidase [Enzymatic activity/volume] in Seminal plasma	Glucosidase (Seminal plasma) [Catalytic activity/Vol]		Maltase
18195-8	Glucosylceramidase	CHEM		ACTIVE	Glucosylceramidase Tiss Ql	Glucosylceramidase [Presence] in Tissue	Glucosylceramidase Ql (Tiss)		Acid beta Glucosidase
18195-8	Glucosylceramidase	CHEM		ACTIVE	Glucosylceramidase Tiss Ql	Glucosylceramidase [Presence] in Tissue	Glucosylceramidase Ql (Tiss)		Beta glucocerebrosidase
104645-7	Glucosylceramide	CHEM	This term is for the assay of Glucosylceramide (GL-1) biomarker level for Gaucher and Fabry patients.. A high sensitivity plasma GL-1 assay with LLOQ at 0.1 μg/mL was developed and validated using delipidized plasma so that patient plasma concentrations that are below normal reference range can be measured accurately. [PMID:27547732}	ACTIVE	GL-1 Plas LC/MS/MS-mCnc	Glucosylceramide [Mass/volume] in Plasma by LC/MS/MS	Glucosylceramide LC/MS/MS (P) [Mass/Vol]		C46H89NO8
104645-7	Glucosylceramide	CHEM	This term is for the assay of Glucosylceramide (GL-1) biomarker level for Gaucher and Fabry patients.. A high sensitivity plasma GL-1 assay with LLOQ at 0.1 μg/mL was developed and validated using delipidized plasma so that patient plasma concentrations that are below normal reference range can be measured accurately. [PMID:27547732}	ACTIVE	GL-1 Plas LC/MS/MS-mCnc	Glucosylceramide [Mass/volume] in Plasma by LC/MS/MS	Glucosylceramide LC/MS/MS (P) [Mass/Vol]		GL-1
13745-5	Glutaconate/Creatinine	CHEM		DISCOURAGED	Glutaconate/Creat Ur	Glutaconate/Creatinine [Mass Ratio] in Urine	Glutaconate/Creatinine (U) [Mass ratio]		Glutaconic acid
13745-5	Glutaconate/Creatinine	CHEM		DISCOURAGED	Glutaconate/Creat Ur	Glutaconate/Creatinine [Mass Ratio] in Urine	Glutaconate/Creatinine (U) [Mass ratio]		1,5-Pentenedioic acid
2367-1	Glutamate dehydrogenase	CHEM		ACTIVE	GLDH SerPl-cCnc	Glutamate dehydrogenase [Enzymatic activity/volume] in Serum or Plasma	Glutamate dehydrogenase [Catalytic activity/Vol]		Glutamate oxidase
2367-1	Glutamate dehydrogenase	CHEM		ACTIVE	GLDH SerPl-cCnc	Glutamate dehydrogenase [Enzymatic activity/volume] in Serum or Plasma	Glutamate dehydrogenase [Catalytic activity/Vol]		GLDH
2367-1	Glutamate dehydrogenase	CHEM		ACTIVE	GLDH SerPl-cCnc	Glutamate dehydrogenase [Enzymatic activity/volume] in Serum or Plasma	Glutamate dehydrogenase [Catalytic activity/Vol]		GLD
2367-1	Glutamate dehydrogenase	CHEM		ACTIVE	GLDH SerPl-cCnc	Glutamate dehydrogenase [Enzymatic activity/volume] in Serum or Plasma	Glutamate dehydrogenase [Catalytic activity/Vol]		GDH
2367-1	Glutamate dehydrogenase	CHEM		ACTIVE	GLDH SerPl-cCnc	Glutamate dehydrogenase [Enzymatic activity/volume] in Serum or Plasma	Glutamate dehydrogenase [Catalytic activity/Vol]		GMD
2368-9	Glutamate dehydrogenase.NAD	CHEM		ACTIVE	NAD GluDH SerPl-cCnc	Glutamate dehydrogenase.NAD [Enzymatic activity/volume] in Serum or Plasma	Glutamate dehydrogenase.NAD [Catalytic activity/Vol]		NAD GluDH
2369-7	Glutamate dehydrogenase.NADP	CHEM		ACTIVE	NADP GluDH SerPl-cCnc	Glutamate dehydrogenase.NADP [Enzymatic activity/volume] in Serum or Plasma	Glutamate dehydrogenase.NADP [Catalytic activity/Vol]		NADP GluDH
15134-0	Glutamate+Glutamine+Threonine	CHEM		ACTIVE	Glu+Gln+Thr SerPl Ql	Glutamate+Glutamine+Threonine [Presence] in Serum or Plasma	Glutamate+Glutamine+Threonine Ql		Glu+Gln+Thr
15134-0	Glutamate+Glutamine+Threonine	CHEM		ACTIVE	Glu+Gln+Thr SerPl Ql	Glutamate+Glutamine+Threonine [Presence] in Serum or Plasma	Glutamate+Glutamine+Threonine Ql		Glu+Gln
13396-7	Glutamine	CHEM		ACTIVE	Glutamine Amn-mCnc	Glutamine [Mass/volume] in Amniotic fluid	Glutamine (Amn fld) [Mass/Vol]		Gln
80094-6	Glutamylphenylalanine/Creatinine	CHEM		ACTIVE	Glutamyl-phe/Creat Ur-sRto	Glutamylphenylalanine/Creatinine [Molar ratio] in Urine	Glutamylphenylalanine/Creatinine (U) [Molar ratio]		N-L-gamma-Glutamyl-3-phenyl-L-alanine
80094-6	Glutamylphenylalanine/Creatinine	CHEM		ACTIVE	Glutamyl-phe/Creat Ur-sRto	Glutamylphenylalanine/Creatinine [Molar ratio] in Urine	Glutamylphenylalanine/Creatinine (U) [Molar ratio]		Gamma-Glu-Phe
80094-6	Glutamylphenylalanine/Creatinine	CHEM		ACTIVE	Glutamyl-phe/Creat Ur-sRto	Glutamylphenylalanine/Creatinine [Molar ratio] in Urine	Glutamylphenylalanine/Creatinine (U) [Molar ratio]		N-L-gamma-Glutamyl-L-phenylalanine
80094-6	Glutamylphenylalanine/Creatinine	CHEM		ACTIVE	Glutamyl-phe/Creat Ur-sRto	Glutamylphenylalanine/Creatinine [Molar ratio] in Urine	Glutamylphenylalanine/Creatinine (U) [Molar ratio]		Gamma-glutamylphenylalanine
80094-6	Glutamylphenylalanine/Creatinine	CHEM		ACTIVE	Glutamyl-phe/Creat Ur-sRto	Glutamylphenylalanine/Creatinine [Molar ratio] in Urine	Glutamylphenylalanine/Creatinine (U) [Molar ratio]		Glutamyl-phe
80094-6	Glutamylphenylalanine/Creatinine	CHEM		ACTIVE	Glutamyl-phe/Creat Ur-sRto	Glutamylphenylalanine/Creatinine [Molar ratio] in Urine	Glutamylphenylalanine/Creatinine (U) [Molar ratio]		H-gamma-glu-phe-oh
46777-9	Glutaric acidemia 2 &or ethylmalonic encephalopathy	CHEM		DISCOURAGED	GA 2/EMA DBS-Imp	Glutaric acidemia 2/Ethylmalonic Encephalopathy newborn screen interpretation	Glutaric acidemia 2/Ethylmalonic Encephalopathy (DBS) [Interp]		GA 2/EMA
46739-9	Glutaric acidemia type 1	CHEM		DISCOURAGED	GA 1 DBS-Imp	Glutaric acidemia type 1 newborn screen interpretation	Glutaric acidemia type 1 (DBS) [Interp]		GA-I
46739-9	Glutaric acidemia type 1	CHEM		DISCOURAGED	GA 1 DBS-Imp	Glutaric acidemia type 1 newborn screen interpretation	Glutaric acidemia type 1 (DBS) [Interp]		GA 1
18449-9	Glutarylcarnitine (C5-DC)	CHEM		DISCOURAGED	Glutarylcarn SerPl-mCnc	Glutarylcarnitine (C5-DC) [Mass/volume] in Serum or Plasma	C5-DC [Mass/Vol]		C5DC
18449-9	Glutarylcarnitine (C5-DC)	CHEM		DISCOURAGED	Glutarylcarn SerPl-mCnc	Glutarylcarnitine (C5-DC) [Mass/volume] in Serum or Plasma	C5-DC [Mass/Vol]		C5-DC
51414-1	Glutarylcarnitine (C5-DC)+3-Hydroxydecanoylcarnitine (C10-OH)	CHEM		ACTIVE	Glut+3OHdecanoylcarn SerPl-sCnc	Glutarylcarnitine (C5-DC)+3-Hydroxydecanoylcarnitine (C10-OH) [Moles/volume] in Serum or Plasma	C5-DC+C10-OH [Moles/Vol]		3-OH-decanoylcarn
51414-1	Glutarylcarnitine (C5-DC)+3-Hydroxydecanoylcarnitine (C10-OH)	CHEM		ACTIVE	Glut+3OHdecanoylcarn SerPl-sCnc	Glutarylcarnitine (C5-DC)+3-Hydroxydecanoylcarnitine (C10-OH) [Moles/volume] in Serum or Plasma	C5-DC+C10-OH [Moles/Vol]		Glut+3OHdecanoylcarn
51414-1	Glutarylcarnitine (C5-DC)+3-Hydroxydecanoylcarnitine (C10-OH)	CHEM		ACTIVE	Glut+3OHdecanoylcarn SerPl-sCnc	Glutarylcarnitine (C5-DC)+3-Hydroxydecanoylcarnitine (C10-OH) [Moles/volume] in Serum or Plasma	C5-DC+C10-OH [Moles/Vol]		C10-OH
51414-1	Glutarylcarnitine (C5-DC)+3-Hydroxydecanoylcarnitine (C10-OH)	CHEM		ACTIVE	Glut+3OHdecanoylcarn SerPl-sCnc	Glutarylcarnitine (C5-DC)+3-Hydroxydecanoylcarnitine (C10-OH) [Moles/volume] in Serum or Plasma	C5-DC+C10-OH [Moles/Vol]		C10OH
67701-3	Glutarylcarnitine (C5-DC)+3-Hydroxyhexanoylcarnitine (C6-OH)/Palmitoylcarnitine (C16)	CHEM	This ratio may be computed only when using the non-derivatized tandem mass spectrometry (MS/MS) method reagents which measure the numerator, C5-DC+C6-OH, as a single isobaric analyte.	ACTIVE	Glut+3OHhexanoylcarn/C16 DBS-sRto	Glutarylcarnitine (C5-DC)+3-Hydroxyhexanoylcarnitine (C6-OH)/Palmitoylcarnitine (C16) [Molar ratio] in DBS	C5-DC+C6-OH/Palmitoylcarnitine (C16) (DBS) [Molar ratio]		C5DC+C6OH
67701-3	Glutarylcarnitine (C5-DC)+3-Hydroxyhexanoylcarnitine (C6-OH)/Palmitoylcarnitine (C16)	CHEM	This ratio may be computed only when using the non-derivatized tandem mass spectrometry (MS/MS) method reagents which measure the numerator, C5-DC+C6-OH, as a single isobaric analyte.	ACTIVE	Glut+3OHhexanoylcarn/C16 DBS-sRto	Glutarylcarnitine (C5-DC)+3-Hydroxyhexanoylcarnitine (C6-OH)/Palmitoylcarnitine (C16) [Molar ratio] in DBS	C5-DC+C6-OH/Palmitoylcarnitine (C16) (DBS) [Molar ratio]		C5-DC+C6-OH
67701-3	Glutarylcarnitine (C5-DC)+3-Hydroxyhexanoylcarnitine (C6-OH)/Palmitoylcarnitine (C16)	CHEM	This ratio may be computed only when using the non-derivatized tandem mass spectrometry (MS/MS) method reagents which measure the numerator, C5-DC+C6-OH, as a single isobaric analyte.	ACTIVE	Glut+3OHhexanoylcarn/C16 DBS-sRto	Glutarylcarnitine (C5-DC)+3-Hydroxyhexanoylcarnitine (C6-OH)/Palmitoylcarnitine (C16) [Molar ratio] in DBS	C5-DC+C6-OH/Palmitoylcarnitine (C16) (DBS) [Molar ratio]		Glut+3OHhexanoylcarn
2375-4	Glutaryl CoA dehydrogenase	CHEM		ACTIVE	GCDH Tiss-cCnt	Glutaryl CoA dehydrogenase [Enzymatic activity/mass] in Tissue	Glutaryl CoA dehydrogenase (Tiss) [Catalytic activity/Mass]		GCDH
2381-2	Glutathione.oxidized	CHEM		ACTIVE	GSS RBC-mCnc	Glutathione.oxidized [Mass/volume] in Red Blood Cells	Glutathione.oxidized (RBC) [Mass/Vol]		GSSG
2381-2	Glutathione.oxidized	CHEM		ACTIVE	GSS RBC-mCnc	Glutathione.oxidized [Mass/volume] in Red Blood Cells	Glutathione.oxidized (RBC) [Mass/Vol]		GSS
2376-2	Glutathione peroxidase	CHEM		ACTIVE	Glutathione Px SerPl-cCnc	Glutathione peroxidase [Enzymatic activity/volume] in Serum or Plasma	Glutathione peroxidase [Catalytic activity/Vol]		GSH-PX
2376-2	Glutathione peroxidase	CHEM		ACTIVE	Glutathione Px SerPl-cCnc	Glutathione peroxidase [Enzymatic activity/volume] in Serum or Plasma	Glutathione peroxidase [Catalytic activity/Vol]		Glutathione Px
2376-2	Glutathione peroxidase	CHEM		ACTIVE	Glutathione Px SerPl-cCnc	Glutathione peroxidase [Enzymatic activity/volume] in Serum or Plasma	Glutathione peroxidase [Catalytic activity/Vol]		GPX
2382-0	Glutathione.reduced	CHEM		ACTIVE	GSH RBC-mCnc	Glutathione.reduced [Mass/volume] in Red Blood Cells	Glutathione.reduced (RBC) [Mass/Vol]		GSH
42320-2	Glutathione reductase phenotype	CHEM		ACTIVE	GR Phenotyp RBC-Imp	Glutathione reductase phenotype [Interpretation] in Red Blood Cells	Glutathione reductase phenotype (RBC) [Interp]		GR Phenotyp
2379-6	Glutathione S-transferase	CHEM		ACTIVE	GST RBC-cCnc	Glutathione S-transferase [Enzymatic activity/volume] in Red Blood Cells	Glutathione S-transferase (RBC) [Catalytic activity/Vol]		GST
2380-4	Glutathione synthase	CHEM		ACTIVE	Glutathione Synthase RBC-cCnc	Glutathione synthase [Enzymatic activity/volume] in Red Blood Cells	Glutathione synthase (RBC) [Catalytic activity/Vol]		Glutathione synthetase
82730-3	GlycA	CHEM		ACTIVE	GlycA SerPl-sCnc	GlycA [Moles/volume] in Serum or Plasma	GlycA [Moles/Vol]		glycosylated acute phase proteins
82730-3	GlycA	CHEM		ACTIVE	GlycA SerPl-sCnc	GlycA [Moles/volume] in Serum or Plasma	GlycA [Moles/Vol]		enzymatic glycosylation
11048-6	Glyceraldehyde 3 phosphate dehydrogenase	CHEM		ACTIVE	GAPD RBC-cCnc	Glyceraldehyde 3 phosphate dehydrogenase [Enzymatic activity/volume] in Red Blood Cells	Glyceraldehyde 3 phosphate dehydrogenase (RBC) [Catalytic activity/Vol]		GAPD
11048-6	Glyceraldehyde 3 phosphate dehydrogenase	CHEM		ACTIVE	GAPD RBC-cCnc	Glyceraldehyde 3 phosphate dehydrogenase [Enzymatic activity/volume] in Red Blood Cells	Glyceraldehyde 3 phosphate dehydrogenase (RBC) [Catalytic activity/Vol]		GAPDH
10578-3	Glycerophosphocholine	CHEM		ACTIVE	GPC Semin plas-sCnc	Glycerophosphocholine [Moles/volume] in Seminal plasma	Glycerophosphocholine (Seminal plasma) [Moles/Vol]		GPC
73913-6	Glycine CSF/Glycine plas	CHEM	Relative substance concentration of glycine in CSF-to-plasma is measured for the diagnosis of glycine encephalopathy.	ACTIVE	Glycine CSF/Glycine plas	Glycine in CSF/Glycine in plasma	Glycine in CSF/Glycine in plasma (P+CSF) [Relative moles/Vol]		Glycine CSF:Pl
73913-6	Glycine CSF/Glycine plas	CHEM	Relative substance concentration of glycine in CSF-to-plasma is measured for the diagnosis of glycine encephalopathy.	ACTIVE	Glycine CSF/Glycine plas	Glycine in CSF/Glycine in plasma	Glycine in CSF/Glycine in plasma (P+CSF) [Relative moles/Vol]		NKH
73913-6	Glycine CSF/Glycine plas	CHEM	Relative substance concentration of glycine in CSF-to-plasma is measured for the diagnosis of glycine encephalopathy.	ACTIVE	Glycine CSF/Glycine plas	Glycine in CSF/Glycine in plasma	Glycine in CSF/Glycine in plasma (P+CSF) [Relative moles/Vol]		Glycine encephalopathy
73913-6	Glycine CSF/Glycine plas	CHEM	Relative substance concentration of glycine in CSF-to-plasma is measured for the diagnosis of glycine encephalopathy.	ACTIVE	Glycine CSF/Glycine plas	Glycine in CSF/Glycine in plasma	Glycine in CSF/Glycine in plasma (P+CSF) [Relative moles/Vol]		non-ketotic hyperglycinemia
33213-0	Glycine plas/Glycine CSF	CHEM	Requester confirmed this is plasma"CSF ratio.	ACTIVE	Glycine Plas/CSF	Glycine in plasma/Glycine in CSF	Glycine in plasma/Glycine in CSF (P+CSF) [Relative moles/Vol]		RlSCnc
33213-0	Glycine plas/Glycine CSF	CHEM	Requester confirmed this is plasma"CSF ratio.	ACTIVE	Glycine Plas/CSF	Glycine in plasma/Glycine in CSF	Glycine in plasma/Glycine in CSF (P+CSF) [Relative moles/Vol]		Glycine Pl:CSF
93335-8	Glycochenodeoxycholate	CHEM		ACTIVE	GCDCA SerPl-sCnc	Glycochenodeoxycholate [Moles/volume] in Serum or Plasma	Glycochenodeoxycholate [Moles/Vol]		GCDCA
93334-1	Glycocholate	CHEM		ACTIVE	GCA SerPl-sCnc	Glycocholate [Moles/volume] in Serum or Plasma	Glycocholate [Moles/Vol]		GCA
93333-3	Glycodeoxycholate	CHEM		ACTIVE	GDCA SerPl-sCnc	Glycodeoxycholate [Moles/volume] in Serum or Plasma	Glycodeoxycholate [Moles/Vol]		GDCA
102106-2	Glycolate	CHEM		ACTIVE	Glycolate SerPl GC-MS-sCnc	Glycolate [Moles/volume] in Serum or Plasma by Gas chromatography-mass spectrometry	Glycolate Gas chromatography-mass spectrometry [Moles/Vol]		Glycolic acid
93331-7	Glycolithocholate	CHEM		ACTIVE	GLCA SerPl-sCnc	Glycolithocholate [Moles/volume] in Serum or Plasma	Glycolithocholate [Moles/Vol]		GLCA
16920-1	Glycoproteins	CHEM		ACTIVE	Glycoprots SerPl Ql	Glycoproteins [Presence] in Serum or Plasma	Glycoproteins Ql		Glycoprotein
16920-1	Glycoproteins	CHEM		ACTIVE	Glycoprots SerPl Ql	Glycoproteins [Presence] in Serum or Plasma	Glycoproteins Ql		Glycoprots
33474-8	Glycosaminoglycans pattern	CHEM		ACTIVE	GAG Pattern Ur-Imp	Glycosaminoglycans pattern [Interpretation] in Urine	Glycosaminoglycans pattern (U) [Interp]		GAG Pattern
93330-9	Glycoursodeoxycholate	CHEM		ACTIVE	GUDCA SerPl-sCnc	Glycoursodeoxycholate [Moles/volume] in Serum or Plasma	Glycoursodeoxycholate [Moles/Vol]		GUDCA
80092-0	Glycyl-4-hydroxyproline/Creatinine	CHEM		ACTIVE	Glycyl-4-OH-proline/Creat Ur-sRto	Glycyl-4-hydroxyproline/Creatinine [Molar ratio] in Urine	Glycyl-4-hydroxyproline/Creatinine (U) [Molar ratio]		Glycylhydroxyproline
80092-0	Glycyl-4-hydroxyproline/Creatinine	CHEM		ACTIVE	Glycyl-4-OH-proline/Creat Ur-sRto	Glycyl-4-hydroxyproline/Creatinine [Molar ratio] in Urine	Glycyl-4-hydroxyproline/Creatinine (U) [Molar ratio]		Glycyl-4-OH-proline
80092-0	Glycyl-4-hydroxyproline/Creatinine	CHEM		ACTIVE	Glycyl-4-OH-proline/Creat Ur-sRto	Glycyl-4-hydroxyproline/Creatinine [Molar ratio] in Urine	Glycyl-4-hydroxyproline/Creatinine (U) [Molar ratio]		Glycine Hydroxyproline dipeptide
80092-0	Glycyl-4-hydroxyproline/Creatinine	CHEM		ACTIVE	Glycyl-4-OH-proline/Creat Ur-sRto	Glycyl-4-hydroxyproline/Creatinine [Molar ratio] in Urine	Glycyl-4-hydroxyproline/Creatinine (U) [Molar ratio]		Gly-Hyp
79594-8	Glycylproline/Creatinine	CHEM		ACTIVE	Gly-pro/Creat Ur-sRto	Glycylproline/Creatinine [Molar ratio] in Urine	Glycylproline/Creatinine (U) [Molar ratio]		1-Glycylproline
79594-8	Glycylproline/Creatinine	CHEM		ACTIVE	Gly-pro/Creat Ur-sRto	Glycylproline/Creatinine [Molar ratio] in Urine	Glycylproline/Creatinine (U) [Molar ratio]		N-glycylproline
79594-8	Glycylproline/Creatinine	CHEM		ACTIVE	Gly-pro/Creat Ur-sRto	Glycylproline/Creatinine [Molar ratio] in Urine	Glycylproline/Creatinine (U) [Molar ratio]		1-Glycyl-L-proline
79594-8	Glycylproline/Creatinine	CHEM		ACTIVE	Gly-pro/Creat Ur-sRto	Glycylproline/Creatinine [Molar ratio] in Urine	Glycylproline/Creatinine (U) [Molar ratio]		1-(Aminoacetyl)proline
79594-8	Glycylproline/Creatinine	CHEM		ACTIVE	Gly-pro/Creat Ur-sRto	Glycylproline/Creatinine [Molar ratio] in Urine	Glycylproline/Creatinine (U) [Molar ratio]		1-(2-aminoacetyl)pyrrolidine-2-carboxylic acid
79594-8	Glycylproline/Creatinine	CHEM		ACTIVE	Gly-pro/Creat Ur-sRto	Glycylproline/Creatinine [Molar ratio] in Urine	Glycylproline/Creatinine (U) [Molar ratio]		Gly-pro
79594-8	Glycylproline/Creatinine	CHEM		ACTIVE	Gly-pro/Creat Ur-sRto	Glycylproline/Creatinine [Molar ratio] in Urine	Glycylproline/Creatinine (U) [Molar ratio]		Glycyl-L-proline
10336-6	Gonadotropin peptide	CHEM		ACTIVE	GP Ur-mCnc	Gonadotropin peptide [Mass/volume] in Urine	Gonadotropin peptide (U) [Mass/Vol]		Urinary gonadotropin fragment
10336-6	Gonadotropin peptide	CHEM		ACTIVE	GP Ur-mCnc	Gonadotropin peptide [Mass/volume] in Urine	Gonadotropin peptide (U) [Mass/Vol]		Urinary gonadotropin peptide
10336-6	Gonadotropin peptide	CHEM		ACTIVE	GP Ur-mCnc	Gonadotropin peptide [Mass/volume] in Urine	Gonadotropin peptide (U) [Mass/Vol]		UGP
54458-5	Granulocyte colony stimulating factor	CHEM		ACTIVE	G-CSF SerPl-mCnc	Granulocyte colony stimulating factor [Mass/volume] in Serum or Plasma	Granulocyte colony stimulating factor [Mass/Vol]		CSF
54458-5	Granulocyte colony stimulating factor	CHEM		ACTIVE	G-CSF SerPl-mCnc	Granulocyte colony stimulating factor [Mass/volume] in Serum or Plasma	Granulocyte colony stimulating factor [Mass/Vol]		G-CSF
97054-1	Granulocyte macrophage colony stimulating factor	CHEM		ACTIVE	GM-CSF SerPl-mCnc	Granulocyte macrophage colony stimulating factor [Mass/volume] in Serum or Plasma	GM-CSF [Mass/Vol]		Lanimostim
97054-1	Granulocyte macrophage colony stimulating factor	CHEM		ACTIVE	GM-CSF SerPl-mCnc	Granulocyte macrophage colony stimulating factor [Mass/volume] in Serum or Plasma	GM-CSF [Mass/Vol]		MCSF
97054-1	Granulocyte macrophage colony stimulating factor	CHEM		ACTIVE	GM-CSF SerPl-mCnc	Granulocyte macrophage colony stimulating factor [Mass/volume] in Serum or Plasma	GM-CSF [Mass/Vol]		M-CSF
97054-1	Granulocyte macrophage colony stimulating factor	CHEM		ACTIVE	GM-CSF SerPl-mCnc	Granulocyte macrophage colony stimulating factor [Mass/volume] in Serum or Plasma	GM-CSF [Mass/Vol]		CSF-1
97054-1	Granulocyte macrophage colony stimulating factor	CHEM		ACTIVE	GM-CSF SerPl-mCnc	Granulocyte macrophage colony stimulating factor [Mass/volume] in Serum or Plasma	GM-CSF [Mass/Vol]		GM-CSF
92665-9	Growth and differentiation factor 15	CHEM		ACTIVE	GDF-15 SerPl IA-mCnc	Growth and differentiation factor 15 [Mass/volume] in Serum or Plasma by Immunoassay	Growth and differentiation factor 15 IA [Mass/Vol]		GDF-15
12284-6	Growth hormone-releasing hormone	CHEM		DISCOURAGED	GHRH SerPl-aCnc	Growth hormone-releasing hormone [Units/volume] in Serum or Plasma	Growth hormone-releasing hormone Qn		Somatropin releasing hormone
12284-6	Growth hormone-releasing hormone	CHEM		DISCOURAGED	GHRH SerPl-aCnc	Growth hormone-releasing hormone [Units/volume] in Serum or Plasma	Growth hormone-releasing hormone Qn		Somatoliberin
12284-6	Growth hormone-releasing hormone	CHEM		DISCOURAGED	GHRH SerPl-aCnc	Growth hormone-releasing hormone [Units/volume] in Serum or Plasma	Growth hormone-releasing hormone Qn		Somatocrinin
12284-6	Growth hormone-releasing hormone	CHEM		DISCOURAGED	GHRH SerPl-aCnc	Growth hormone-releasing hormone [Units/volume] in Serum or Plasma	Growth hormone-releasing hormone Qn		GHRF
12284-6	Growth hormone-releasing hormone	CHEM		DISCOURAGED	GHRH SerPl-aCnc	Growth hormone-releasing hormone [Units/volume] in Serum or Plasma	Growth hormone-releasing hormone Qn		SRH
12284-6	Growth hormone-releasing hormone	CHEM		DISCOURAGED	GHRH SerPl-aCnc	Growth hormone-releasing hormone [Units/volume] in Serum or Plasma	Growth hormone-releasing hormone Qn		GHRH
12284-6	Growth hormone-releasing hormone	CHEM		DISCOURAGED	GHRH SerPl-aCnc	Growth hormone-releasing hormone [Units/volume] in Serum or Plasma	Growth hormone-releasing hormone Qn		Growth hormone-releasing factor
104192-0	Guanidinoacetate methyltransferase deficiency	CHEM		ACTIVE	GAMT DBS-Imp	Guanidinoacetate methyltransferase deficiency newborn screen interpretation	Guanidinoacetate methyltransferase deficiency (DBS) [Interp]		GAMT
104193-8	Guanidinoacetate methyltransferase deficiency comment	CHEM		ACTIVE	GAMT comment DBS	Guanidinoacetate methyltransferase deficiency comment [Text] in DBS Narrative	Guanidinoacetate methyltransferase deficiency comment Nar (DBS)		GAMT comment
2400-0	Guanine deaminase	CHEM		ACTIVE	Guanine Deaminase Bld-cCnc	Guanine deaminase [Enzymatic activity/volume] in Blood	Guanine deaminase (Bld) [Catalytic activity/Vol]		2-amino-3,7-dihydropurin-6-one
2400-0	Guanine deaminase	CHEM		ACTIVE	Guanine Deaminase Bld-cCnc	Guanine deaminase [Enzymatic activity/volume] in Blood	Guanine deaminase (Bld) [Catalytic activity/Vol]		C5H5N5O
2400-0	Guanine deaminase	CHEM		ACTIVE	Guanine Deaminase Bld-cCnc	Guanine deaminase [Enzymatic activity/volume] in Blood	Guanine deaminase (Bld) [Catalytic activity/Vol]		Guanase
2402-6	Guanosine monophosphate.cyclic	CHEM		ACTIVE	cGMP SerPl-mCnc	Guanosine monophosphate.cyclic [Mass/volume] in Serum or Plasma	Guanosine monophosphate.cyclic [Mass/Vol]		2-Amino-9-Beta-D-Ribofuranosyl-9H-Purine-6(1H)-One
2402-6	Guanosine monophosphate.cyclic	CHEM		ACTIVE	cGMP SerPl-mCnc	Guanosine monophosphate.cyclic [Mass/volume] in Serum or Plasma	Guanosine monophosphate.cyclic [Mass/Vol]		Cyclic GMP
2402-6	Guanosine monophosphate.cyclic	CHEM		ACTIVE	cGMP SerPl-mCnc	Guanosine monophosphate.cyclic [Mass/volume] in Serum or Plasma	Guanosine monophosphate.cyclic [Mass/Vol]		cGMP
79125-1	Hawkinsin	CHEM		ACTIVE	Hawkinsin SerPl-sCnc	Hawkinsin [Moles/volume] in Serum or Plasma	Hawkinsin [Moles/Vol]		(2-L-cystein-S-yl-1,4-dihydroxycyclohex-5-en-1-yl)-acetic acid
46759-7	Hb SS, Hb SC, Hb SB thal	CHEM		ACTIVE	Hb Ss, Hb S/C, Hb S/bTh DBS-Imp	Hb SS, Hb SC, Hb SB thal newborn screen interpretation	Hb SS, Hb SC, Hb SB thal Ql (DBS) [Interp]		Hb Ss, Hb S/C, Hb S/bTh
50045-4	Hemicystine	CHEM		ACTIVE	Hemicystine Amn-sCnc	Hemicystine [Moles/volume] in Amniotic fluid	Hemicystine (Amn fld) [Moles/Vol]		Half Cystine
2334-1	Hemoglobin	CHEM		ACTIVE	Hgb Gast gastro Ql	Hemoglobin [Presence] in Gastric fluid from gastrointestinal	Hemoglobin Ql (Gast fld gastrointestinal)		gast fld pat
48047-5	Hemoglobin	CHEM		ACTIVE	Hgb Vom gastro Ql	Hemoglobin [Presence] in Vomitus from gastrointestinal	Hemoglobin Ql (Vomitus gastrointestinal)		Vomitus pat
50017-3	Hemoglobin	CHEM		ACTIVE	Hgb Sput/Gast gastro Ql	Hemoglobin [Presence] in Sputum or Gastric fluid from gastrointestinal	Hemoglobin Ql (Sputum/Gastric fld gastrointestinal)		Sput/Gast
50017-3	Hemoglobin	CHEM		ACTIVE	Hgb Sput/Gast gastro Ql	Hemoglobin [Presence] in Sputum or Gastric fluid from gastrointestinal	Hemoglobin Ql (Sputum/Gastric fld gastrointestinal)		sputum/gast pat
42912-6	Hemoglobin^2nd specimen	CHEM		ACTIVE	Hgb sp2 Spec gastro Ql	Hemoglobin [Presence] in Specimen from gastrointestinal --2nd specimen	Hemoglobin spec 2 Ql (Specimen gastrointestinal)		xxx pat gastro
12503-9	Hemoglobin^4th specimen	CHEM		ACTIVE	Hgb sp4 Stl gastro Ql	Hemoglobin [Presence] in Stool from gastrointestinal --4th specimen	Hemoglobin spec 4 Ql (Stl gastrointestinal)		Hemoglobin 4
12504-7	Hemoglobin^5th specimen	CHEM		ACTIVE	Hgb sp5 Stl gastro Ql	Hemoglobin [Presence] in Stool from gastrointestinal --5th specimen	Hemoglobin 5th specimen Ql (Stl gastrointestinal)		Hemoglobin 5
27401-9	Hemoglobin^6th specimen	CHEM		ACTIVE	Hgb sp6 Stl gastro Ql	Hemoglobin [Presence] in Stool from gastrointestinal --6th specimen	Hemoglobin 6th specimen Ql (Stl gastrointestinal)		Hemoglobin 6
27925-7	Hemoglobin^7th specimen	CHEM		ACTIVE	Hgb sp7 Stl gastro Ql	Hemoglobin [Presence] in Stool from gastrointestinal --7th specimen	Hemoglobin 7th specimen Ql (Stl gastrointestinal)		Hemoglobin 7
27926-5	Hemoglobin^8th specimen	CHEM		ACTIVE	Hgb sp8 Stl gastro Ql	Hemoglobin [Presence] in Stool from gastrointestinal --8th specimen	Hemoglobin 8th specimen Ql (Stl gastrointestinal)		Hemoglobin 8
106634-9	Hemoglobin A1c/Hemoglobin.total	CHEM		DEPRECATED	Deprecated HbA1c Bld IFCC-sRto	Deprecated Hemoglobin A1c/Hemoglobin.total [Molar ratio] in Blood by IFCC protocol	HbA1c IFCC protocol (Bld) [Molar fraction]		Glycohemogolobin
106634-9	Hemoglobin A1c/Hemoglobin.total	CHEM		DEPRECATED	Deprecated HbA1c Bld IFCC-sRto	Deprecated Hemoglobin A1c/Hemoglobin.total [Molar ratio] in Blood by IFCC protocol	HbA1c IFCC protocol (Bld) [Molar fraction]		GHb
106634-9	Hemoglobin A1c/Hemoglobin.total	CHEM		DEPRECATED	Deprecated HbA1c Bld IFCC-sRto	Deprecated Hemoglobin A1c/Hemoglobin.total [Molar ratio] in Blood by IFCC protocol	HbA1c IFCC protocol (Bld) [Molar fraction]		Glycosylated hemoglobin
106634-9	Hemoglobin A1c/Hemoglobin.total	CHEM		DEPRECATED	Deprecated HbA1c Bld IFCC-sRto	Deprecated Hemoglobin A1c/Hemoglobin.total [Molar ratio] in Blood by IFCC protocol	HbA1c IFCC protocol (Bld) [Molar fraction]		HbA1c
106634-9	Hemoglobin A1c/Hemoglobin.total	CHEM		DEPRECATED	Deprecated HbA1c Bld IFCC-sRto	Deprecated Hemoglobin A1c/Hemoglobin.total [Molar ratio] in Blood by IFCC protocol	HbA1c IFCC protocol (Bld) [Molar fraction]		Hgb A1c
106634-9	Hemoglobin A1c/Hemoglobin.total	CHEM		DEPRECATED	Deprecated HbA1c Bld IFCC-sRto	Deprecated Hemoglobin A1c/Hemoglobin.total [Molar ratio] in Blood by IFCC protocol	HbA1c IFCC protocol (Bld) [Molar fraction]		Glycohaemogolobin
106634-9	Hemoglobin A1c/Hemoglobin.total	CHEM		DEPRECATED	Deprecated HbA1c Bld IFCC-sRto	Deprecated Hemoglobin A1c/Hemoglobin.total [Molar ratio] in Blood by IFCC protocol	HbA1c IFCC protocol (Bld) [Molar fraction]		HA1c
106634-9	Hemoglobin A1c/Hemoglobin.total	CHEM		DEPRECATED	Deprecated HbA1c Bld IFCC-sRto	Deprecated Hemoglobin A1c/Hemoglobin.total [Molar ratio] in Blood by IFCC protocol	HbA1c IFCC protocol (Bld) [Molar fraction]		Glycated hemoglobin
106634-9	Hemoglobin A1c/Hemoglobin.total	CHEM		DEPRECATED	Deprecated HbA1c Bld IFCC-sRto	Deprecated Hemoglobin A1c/Hemoglobin.total [Molar ratio] in Blood by IFCC protocol	HbA1c IFCC protocol (Bld) [Molar fraction]		International Federation of Clinical Chemistry and Laboratory Medicine
17856-6	Hemoglobin A1c/Hemoglobin.total	CHEM	Changing from the property from Mass fraction to substance fraction has not effect on the meaning  when the  molecular weight of the numerator and the denominator are the same (for practical purposes).  These terms had had a property of MFR in the past and we changed to SFR because we thought the LOINC community preferred SFR for HbA1c. But we mis understood the preference is to use the MFR variant- so we have changed back.	ACTIVE	HbA1c MFr Bld HPLC	Hemoglobin A1c/Hemoglobin.total in Blood by HPLC	HbA1c HPLC (Bld) [Mass fraction]		High pressure liquid chromatography
17856-6	Hemoglobin A1c/Hemoglobin.total	CHEM	Changing from the property from Mass fraction to substance fraction has not effect on the meaning  when the  molecular weight of the numerator and the denominator are the same (for practical purposes).  These terms had had a property of MFR in the past and we changed to SFR because we thought the LOINC community preferred SFR for HbA1c. But we mis understood the preference is to use the MFR variant- so we have changed back.	ACTIVE	HbA1c MFr Bld HPLC	Hemoglobin A1c/Hemoglobin.total in Blood by HPLC	HbA1c HPLC (Bld) [Mass fraction]		High performance liquid chromatography
62388-4	Hemoglobin A1c/Hemoglobin.total	CHEM	Japan is the main country that uses this protocol, but not exclusively.	ACTIVE	HbA1c MFr Bld JDS/JSCC	Hemoglobin A1c/Hemoglobin.total in Blood by JDS/JSCC protocol	HbA1c JDS/JSCC protocol (Bld) [Mass fraction]		Japanese Diabetes Society/Japanese Society for Clinical Chemistry
59261-8	Hemoglobin A1c/Hemoglobin.total^^standardized per IFCC-RMP for CDT	CHEM	This term is not proposed for use in the United States, who will continue to use the NGSP protocol and report the Hgb A1c as %.	ACTIVE	HbA1c per IFCC-RMP for CDT SFr Bld	Hemoglobin A1c/Hemoglobin.total standardized per IFCC-RMP for CDT in Blood	HbA1c standardized per IFCC-RMP for CDT (Bld) [Molar fraction]		HbA1c /HbTotal per IFCC-RMP for CDT
46740-7	Hemoglobin disorders	CHEM		ACTIVE	Hemoglobin disorders DBS-Imp	Hemoglobin disorders newborn screen interpretation	Hemoglobin disorders (DBS) [Interp]		Hemoglobinopathies
57703-1	Hemoglobin disorders newborn screening comment-discussion	CHEM		ACTIVE	Hemoglobin disorders NBS comment	Hemoglobin disorders newborn screening comment-discussion	Hemoglobin disorders newborn screening comment-discussion Nar (DBS)		Hgb disorders NBS comment
71592-0	Hemoglobinopathies conditions suspected	CHEM		ACTIVE	Hemoglobinopathies suspected DBS	Hemoglobinopathies conditions suspected [Identifier] in DBS	Hemoglobinopathies conditions suspected Nom (DBS)		Hemoglobinopathies suspected
46767-0	Hemoglobin S beta thalassemia	CHEM		DISCOURAGED	Hb S/bTh DBS-Imp	Hemoglobin S/Beta Thalassemia newborn screen interpretation	Hemoglobin S/Beta Thalassemia Ql (DBS) [Interp]		HbSß+
46767-0	Hemoglobin S beta thalassemia	CHEM		DISCOURAGED	Hb S/bTh DBS-Imp	Hemoglobin S/Beta Thalassemia newborn screen interpretation	Hemoglobin S/Beta Thalassemia Ql (DBS) [Interp]		Hb S/A
46767-0	Hemoglobin S beta thalassemia	CHEM		DISCOURAGED	Hb S/bTh DBS-Imp	Hemoglobin S/Beta Thalassemia newborn screen interpretation	Hemoglobin S/Beta Thalassemia Ql (DBS) [Interp]		Hb S/bTh
46766-2	Hemoglobin SC disease	CHEM		DISCOURAGED	Hemoglobin SC Disease DBS-Imp	Hemoglobin SC disease newborn screen interpretation	Hemoglobin SC disease Ql (DBS) [Interp]		Hb S/C
46766-2	Hemoglobin SC disease	CHEM		DISCOURAGED	Hemoglobin SC Disease DBS-Imp	Hemoglobin SC disease newborn screen interpretation	Hemoglobin SC disease Ql (DBS) [Interp]		HbSC
2403-4	Hemopexin	CHEM		ACTIVE	Hemopexin Ser-mCnc	Hemopexin [Mass/volume] in Serum	Hemopexin (S) [Mass/Vol]		Haemopexin
104115-1	heparan-alpha-glucosaminide N-acetyltransferase	CHEM		ACTIVE	HGSNAT enzyme DBS-cCnc	heparan-alpha-glucosaminide N-acetyltransferase [Enzymatic activity/volume] in DBS	heparan-alpha-glucosaminide N-acetyltransferase (DBS) [Catalytic activity/Vol]		HGSNAT enzyme
104115-1	heparan-alpha-glucosaminide N-acetyltransferase	CHEM		ACTIVE	HGSNAT enzyme DBS-cCnc	heparan-alpha-glucosaminide N-acetyltransferase [Enzymatic activity/volume] in DBS	heparan-alpha-glucosaminide N-acetyltransferase (DBS) [Catalytic activity/Vol]		Acetyl-CoA:heparan-α-D-glucosaminide N-acetyltransferase
104115-1	heparan-alpha-glucosaminide N-acetyltransferase	CHEM		ACTIVE	HGSNAT enzyme DBS-cCnc	heparan-alpha-glucosaminide N-acetyltransferase [Enzymatic activity/volume] in DBS	heparan-alpha-glucosaminide N-acetyltransferase (DBS) [Catalytic activity/Vol]		acetyl-CoA:alpha-glucosaminide N-acetyltransferase
104113-6	Heparan-N-sulfatase	CHEM		ACTIVE	Heparan-N-Sulfatase DBS-cCnc	Heparan-N-sulfatase [Enzymatic activity/volume] in DBS	Heparan-N-sulfatase (DBS) [Catalytic activity/Vol]		Sulfamidase
104113-6	Heparan-N-sulfatase	CHEM		ACTIVE	Heparan-N-Sulfatase DBS-cCnc	Heparan-N-sulfatase [Enzymatic activity/volume] in DBS	Heparan-N-sulfatase (DBS) [Catalytic activity/Vol]		Sanfilippo disease, type A
104113-6	Heparan-N-sulfatase	CHEM		ACTIVE	Heparan-N-Sulfatase DBS-cCnc	Heparan-N-sulfatase [Enzymatic activity/volume] in DBS	Heparan-N-sulfatase (DBS) [Catalytic activity/Vol]		MPS III A
49061-5	Hepatic iron index	CHEM		ACTIVE	Hepatic iron index Liver-Rto	Hepatic iron index	Hepatic iron index (Liver) [Ratio]		HII
100709-5	Hepatocellular carcinoma risk	CHEM	The GAAD score is used to predict the probability of developing early-stage hepatocellular carcinoma (HCC). It is calculated based on gender, age, alpha-fetoprotein (AFP), and des-gamma-carboxy prothrombin (DCP, also called PIVKA-II). In contrast, the GALAD score [LOINC: 96450-2] includes AFP-L3. The risk-factor score ranges from 0-10 where a higher GAAD scores correlate with increased risk of HCC.	ACTIVE	Hep Ca Risk Scre Patient GAAD	Hepatocellular carcinoma risk [Score] by GAAD	Hepatocellular carcinoma risk GAAD [Score]		Hep Ca Risk
71386-7	Hepcidin 25 peptide	CHEM	This test is used in the work up and management of hemochromatosis.  Submitters laboratory uses the method of MALDI-TOF with reference values recalculated from an ELISA method (see www.hepcidinanalysis.com).	ACTIVE	Hepcidin-25 SerPl-sCnc	Hepcidin 25 amino acid peptide [Moles/volume] in Serum or Plasma	Hepcidin 25 amino acid peptide [Moles/Vol]		Hepcidin-25
14776-9	Heptacarboxylate	CHEM		ACTIVE	Heptacarboxylate Plas-sCnc	Heptacarboxylate [Moles/volume] in Plasma	Heptacarboxylate (P) [Moles/Vol]		Heptacarbox
16938-3	Heptacarboxylporphyrin	CHEM		ACTIVE	Hepta-CP Stl-mCnc	Heptacarboxylporphyrin [Mass/volume] in Stool	Heptacarboxylporphyrin (Stl) [Mass/Vol]		Heptacarboxylate porphyrin
16938-3	Heptacarboxylporphyrin	CHEM		ACTIVE	Hepta-CP Stl-mCnc	Heptacarboxylporphyrin [Mass/volume] in Stool	Heptacarboxylporphyrin (Stl) [Mass/Vol]		Hexacarboxyl porphyrin
16938-3	Heptacarboxylporphyrin	CHEM		ACTIVE	Hepta-CP Stl-mCnc	Heptacarboxylporphyrin [Mass/volume] in Stool	Heptacarboxylporphyrin (Stl) [Mass/Vol]		Hepacarboxyporph
16938-3	Heptacarboxylporphyrin	CHEM		ACTIVE	Hepta-CP Stl-mCnc	Heptacarboxylporphyrin [Mass/volume] in Stool	Heptacarboxylporphyrin (Stl) [Mass/Vol]		Heptacarboxyl porphyrin
16938-3	Heptacarboxylporphyrin	CHEM		ACTIVE	Hepta-CP Stl-mCnc	Heptacarboxylporphyrin [Mass/volume] in Stool	Heptacarboxylporphyrin (Stl) [Mass/Vol]		Heptaporphyrin
16938-3	Heptacarboxylporphyrin	CHEM		ACTIVE	Hepta-CP Stl-mCnc	Heptacarboxylporphyrin [Mass/volume] in Stool	Heptacarboxylporphyrin (Stl) [Mass/Vol]		Hepta-CP
16938-3	Heptacarboxylporphyrin	CHEM		ACTIVE	Hepta-CP Stl-mCnc	Heptacarboxylporphyrin [Mass/volume] in Stool	Heptacarboxylporphyrin (Stl) [Mass/Vol]		Heptacarboxyporphyrin
16938-3	Heptacarboxylporphyrin	CHEM		ACTIVE	Hepta-CP Stl-mCnc	Heptacarboxylporphyrin [Mass/volume] in Stool	Heptacarboxylporphyrin (Stl) [Mass/Vol]		Heptacarboxyporph
16938-3	Heptacarboxylporphyrin	CHEM		ACTIVE	Hepta-CP Stl-mCnc	Heptacarboxylporphyrin [Mass/volume] in Stool	Heptacarboxylporphyrin (Stl) [Mass/Vol]		Heptacarboxylporphyrins
23872-5	Heptacarboxylporphyrin I	CHEM	XXX can be 24, 48 or 72 hours	ACTIVE	Hepta-CP I ?Tm Stl-mRate	Heptacarboxylporphyrin I [Mass/time] in unspecified time Stool	Heptacarboxylporphyrin I Unsp time (Stl) [Mass/Time]		Hepta-CP I
23872-5	Heptacarboxylporphyrin I	CHEM	XXX can be 24, 48 or 72 hours	ACTIVE	Hepta-CP I ?Tm Stl-mRate	Heptacarboxylporphyrin I [Mass/time] in unspecified time Stool	Heptacarboxylporphyrin I Unsp time (Stl) [Mass/Time]		Heptaporphyrine I
49918-6	Heptacarboxylporphyrin II	CHEM		ACTIVE	Hepta-CP II ?Tm Stl-mRate	Heptacarboxylporphyrin II [Mass/time] in unspecified time Stool	Heptacarboxylporphyrin II Unsp time (Stl) [Mass/Time]		Hepta-CP II
23873-3	Heptacarboxylporphyrin III	CHEM	XXX can be 24, 48 or 72 hours	ACTIVE	Hepta-CP3 ?Tm Stl-mRate	Heptacarboxylporphyrin III [Mass/time] in unspecified time Stool	Heptacarboxylporphyrin III Unsp time (Stl) [Mass/Time]		Hepta-CP3
48113-5	Heptadecenoate/Creatinine	CHEM		ACTIVE	Heptadecenoate/Creat Ur-sRto	Heptadecenoate/Creatinine [Molar ratio] in Urine	Heptadecenoate/Creatinine (U) [Molar ratio]		Heptadecenoic acid
53204-4	Heptanoylcarnitine (C7)	CHEM	The tentative opinion of the HTSP review (5/13/08) committee was that this marker has no clinical utility based on todays knowledge.	ACTIVE	Heptanoylcarn DBS-sCnc	Heptanoylcarnitine (C7) [Moles/volume] in DBS	C7 (DBS) [Moles/Vol]		C7
14779-3	Hexacarboxylate	CHEM		ACTIVE	Hexacarboxylate Plas-sCnc	Hexacarboxylate [Moles/volume] in Plasma	Hexacarboxylate (P) [Moles/Vol]		Hexacarbox
16963-1	Hexacarboxylporphyrin	CHEM		ACTIVE	Hexa-CP Bld-mCnc	Hexacarboxylporphyrin [Mass/volume] in Blood	Hexacarboxylporphyrin (Bld) [Mass/Vol]		Hexa-CP
16963-1	Hexacarboxylporphyrin	CHEM		ACTIVE	Hexa-CP Bld-mCnc	Hexacarboxylporphyrin [Mass/volume] in Blood	Hexacarboxylporphyrin (Bld) [Mass/Vol]		Hexacarboxylporphyrins
16963-1	Hexacarboxylporphyrin	CHEM		ACTIVE	Hexa-CP Bld-mCnc	Hexacarboxylporphyrin [Mass/volume] in Blood	Hexacarboxylporphyrin (Bld) [Mass/Vol]		Hexacarboxyporphy
16963-1	Hexacarboxylporphyrin	CHEM		ACTIVE	Hexa-CP Bld-mCnc	Hexacarboxylporphyrin [Mass/volume] in Blood	Hexacarboxylporphyrin (Bld) [Mass/Vol]		Hexacarboxyporphyrin
16963-1	Hexacarboxylporphyrin	CHEM		ACTIVE	Hexa-CP Bld-mCnc	Hexacarboxylporphyrin [Mass/volume] in Blood	Hexacarboxylporphyrin (Bld) [Mass/Vol]		Hexaporphyrin
23874-1	Hexacarboxylporphyrin I	CHEM	XXX can be 24, 48 or 72 hours	ACTIVE	Hexa-CP I ?Tm Stl-mRate	Hexacarboxylporphyrin I [Mass/time] in unspecified time Stool	Hexacarboxylporphyrin I Unsp time (Stl) [Mass/Time]		Hexacarboxylic acid porphyrin I
23874-1	Hexacarboxylporphyrin I	CHEM	XXX can be 24, 48 or 72 hours	ACTIVE	Hexa-CP I ?Tm Stl-mRate	Hexacarboxylporphyrin I [Mass/time] in unspecified time Stool	Hexacarboxylporphyrin I Unsp time (Stl) [Mass/Time]		Hexa-CP I
23874-1	Hexacarboxylporphyrin I	CHEM	XXX can be 24, 48 or 72 hours	ACTIVE	Hexa-CP I ?Tm Stl-mRate	Hexacarboxylporphyrin I [Mass/time] in unspecified time Stool	Hexacarboxylporphyrin I Unsp time (Stl) [Mass/Time]		Hexacarboxyporphyrin I
23875-8	Hexacarboxylporphyrin III	CHEM	XXX can be 24, 48 or 72 hours	ACTIVE	Hexa-CPr3 ?Tm Stl-mRate	Hexacarboxylporphyrin III [Mass/time] in unspecified time Stool	Hexacarboxylporphyrin III Unsp time (Stl) [Mass/Time]		Hexa-CPr3
34315-2	Hexacarboxylporphyrins	CHEM		ACTIVE	Hexa-CPs Stl-mCnt	Hexacarboxylporphyrins [Mass/mass] in Stool	Hexacarboxylporphyrins (Stl) [Mass/Mass]		Hexa-CPs
35154-4	Hexadecadienoate	CHEM		ACTIVE	Hexadecadienoate SerPl-sCnc	Hexadecadienoate (C16:2) [Moles/volume] in Serum or Plasma	Hexadecadienoate (C16:2) [Moles/Vol]		C16:2
35154-4	Hexadecadienoate	CHEM		ACTIVE	Hexadecadienoate SerPl-sCnc	Hexadecadienoate (C16:2) [Moles/volume] in Serum or Plasma	Hexadecadienoate (C16:2) [Moles/Vol]		Hexadecadienoic acid
48114-3	Hexadecanedioate/Creatinine	CHEM		ACTIVE	Hexadecanedioate/Creat Ur-sRto	Hexadecanedioate/Creatinine [Molar ratio] in Urine	Hexadecanedioate/Creatinine (U) [Molar ratio]		Hexadecanedioic acid
35155-1	Hexadecenoate	CHEM		ACTIVE	Hexadecenoate SerPl-sCnc	Hexadecenoate (C16:1w9) [Moles/volume] in Serum or Plasma	Hexadecenoate (C16:1w9) [Moles/Vol]		Hexadecenoic acid
35155-1	Hexadecenoate	CHEM		ACTIVE	Hexadecenoate SerPl-sCnc	Hexadecenoate (C16:1w9) [Moles/volume] in Serum or Plasma	Hexadecenoate (C16:1w9) [Moles/Vol]		C16:1w9
18443-2	Hexanoylcarnitine (C6)	CHEM		DISCOURAGED	Hexanoylcarn SerPl-mCnc	Hexanoylcarnitine (C6) [Mass/volume] in Serum or Plasma	C6 [Mass/Vol]		C6
53203-6	Hexenoylcarnitine (C6:1)	CHEM	The tentative opinion of the HTSP review (5/13/08) committee was that this marker has no clinical utility based on todays knowledge.	ACTIVE	Hexenoylcarn DBS-sCnc	Hexenoylcarnitine (C6:1) [Moles/volume] in DBS	C6:1 (DBS) [Moles/Vol]		C6:1
16967-2	Hexokinase 1	CHEM		ACTIVE	Hexokinase1 RBC-cCnc	Hexokinase 1 [Enzymatic activity/volume] in Red Blood Cells	Hexokinase 1 (RBC) [Catalytic activity/Vol]		HK1
16967-2	Hexokinase 1	CHEM		ACTIVE	Hexokinase1 RBC-cCnc	Hexokinase 1 [Enzymatic activity/volume] in Red Blood Cells	Hexokinase 1 (RBC) [Catalytic activity/Vol]		Hexokinase1
16967-2	Hexokinase 1	CHEM		ACTIVE	Hexokinase1 RBC-cCnc	Hexokinase 1 [Enzymatic activity/volume] in Red Blood Cells	Hexokinase 1 (RBC) [Catalytic activity/Vol]		HK
16968-0	Hexokinase 3	CHEM		ACTIVE	Hexokinase3 RBC-cCnc	Hexokinase 3 [Enzymatic activity/volume] in Red Blood Cells	Hexokinase 3 (RBC) [Catalytic activity/Vol]		HK3
16968-0	Hexokinase 3	CHEM		ACTIVE	Hexokinase3 RBC-cCnc	Hexokinase 3 [Enzymatic activity/volume] in Red Blood Cells	Hexokinase 3 (RBC) [Catalytic activity/Vol]		Hexokinase3
13398-3	Histidine	CHEM		ACTIVE	Histidine Amn-mCnc	Histidine [Mass/volume] in Amniotic fluid	Histidine (Amn fld) [Mass/Vol]		His
13398-3	Histidine	CHEM		ACTIVE	Histidine Amn-mCnc	Histidine [Mass/volume] in Amniotic fluid	Histidine (Amn fld) [Mass/Vol]		Histidinemia
13398-3	Histidine	CHEM		ACTIVE	Histidine Amn-mCnc	Histidine [Mass/volume] in Amniotic fluid	Histidine (Amn fld) [Mass/Vol]		Formiminoglutamic Acidemia
2425-7	Histidine ammonia lyase	CHEM		ACTIVE	HAL Ser-cCnc	Histidine ammonia lyase [Enzymatic activity/volume] in Serum	Histidine ammonia lyase (S) [Catalytic activity/Vol]		HAL
2425-7	Histidine ammonia lyase	CHEM		ACTIVE	HAL Ser-cCnc	Histidine ammonia lyase [Enzymatic activity/volume] in Serum	Histidine ammonia lyase (S) [Catalytic activity/Vol]		Histadine ammonium lyase
2425-7	Histidine ammonia lyase	CHEM		ACTIVE	HAL Ser-cCnc	Histidine ammonia lyase [Enzymatic activity/volume] in Serum	Histidine ammonia lyase (S) [Catalytic activity/Vol]		Histidase
72160-5	Holo-transcobalamin II	CHEM	The fraction of vitamin B12 bound to transcobalamin II (TC-II), normally <30% of the total, is considered the "active" fraction available to cells.  There have been claims in the literature that measurement of specifically the "active" fraction is an earlier indicator of deficiency, although as of 2011 this claim is reported to be controversial (Am J Clin Nutr. 2011 Jul;94(1):348S-358S. Epub 2011 May 18).	ACTIVE	Holo-TC-II Ser-sCnc	Holo-transcobalamin II [Moles/volume] in Serum	Holo-transcobalamin II (S) [Moles/Vol]		Holo-TC-II
72160-5	Holo-transcobalamin II	CHEM	The fraction of vitamin B12 bound to transcobalamin II (TC-II), normally <30% of the total, is considered the "active" fraction available to cells.  There have been claims in the literature that measurement of specifically the "active" fraction is an earlier indicator of deficiency, although as of 2011 this claim is reported to be controversial (Am J Clin Nutr. 2011 Jul;94(1):348S-358S. Epub 2011 May 18).	ACTIVE	Holo-TC-II Ser-sCnc	Holo-transcobalamin II [Moles/volume] in Serum	Holo-transcobalamin II (S) [Moles/Vol]		Active B12
72160-5	Holo-transcobalamin II	CHEM	The fraction of vitamin B12 bound to transcobalamin II (TC-II), normally <30% of the total, is considered the "active" fraction available to cells.  There have been claims in the literature that measurement of specifically the "active" fraction is an earlier indicator of deficiency, although as of 2011 this claim is reported to be controversial (Am J Clin Nutr. 2011 Jul;94(1):348S-358S. Epub 2011 May 18).	ACTIVE	Holo-TC-II Ser-sCnc	Holo-transcobalamin II [Moles/volume] in Serum	Holo-transcobalamin II (S) [Moles/Vol]		holo-TC
72160-5	Holo-transcobalamin II	CHEM	The fraction of vitamin B12 bound to transcobalamin II (TC-II), normally <30% of the total, is considered the "active" fraction available to cells.  There have been claims in the literature that measurement of specifically the "active" fraction is an earlier indicator of deficiency, although as of 2011 this claim is reported to be controversial (Am J Clin Nutr. 2011 Jul;94(1):348S-358S. Epub 2011 May 18).	ACTIVE	Holo-TC-II Ser-sCnc	Holo-transcobalamin II [Moles/volume] in Serum	Holo-transcobalamin II (S) [Moles/Vol]		Active vitamin B12
72160-5	Holo-transcobalamin II	CHEM	The fraction of vitamin B12 bound to transcobalamin II (TC-II), normally <30% of the total, is considered the "active" fraction available to cells.  There have been claims in the literature that measurement of specifically the "active" fraction is an earlier indicator of deficiency, although as of 2011 this claim is reported to be controversial (Am J Clin Nutr. 2011 Jul;94(1):348S-358S. Epub 2011 May 18).	ACTIVE	Holo-TC-II Ser-sCnc	Holo-transcobalamin II [Moles/volume] in Serum	Holo-transcobalamin II (S) [Moles/Vol]		Holotranscobalamin
72160-5	Holo-transcobalamin II	CHEM	The fraction of vitamin B12 bound to transcobalamin II (TC-II), normally <30% of the total, is considered the "active" fraction available to cells.  There have been claims in the literature that measurement of specifically the "active" fraction is an earlier indicator of deficiency, although as of 2011 this claim is reported to be controversial (Am J Clin Nutr. 2011 Jul;94(1):348S-358S. Epub 2011 May 18).	ACTIVE	Holo-TC-II Ser-sCnc	Holo-transcobalamin II [Moles/volume] in Serum	Holo-transcobalamin II (S) [Moles/Vol]		holo-haptocorrin
47214-2	Homeostasis model assessment	CHEM	Used to quantify insulin resistance. Formulat is Glucose (mg/dL)) x Insulin (mU/mL) / 405 or Glucose (mmol/L)x Insulin (µU/mL) / 22.5	ACTIVE	HOMA SerPl-aCnc	Homeostasis model assessment	Homeostasis model assessment Qn		Homeostatis Model Assessment
47214-2	Homeostasis model assessment	CHEM	Used to quantify insulin resistance. Formulat is Glucose (mg/dL)) x Insulin (mU/mL) / 405 or Glucose (mmol/L)x Insulin (µU/mL) / 22.5	ACTIVE	HOMA SerPl-aCnc	Homeostasis model assessment	Homeostasis model assessment Qn		HOMA
2427-3	Homocitrulline	CHEM		DISCOURAGED	Homocitrulline Ur-mCnc	Homocitrulline [Mass/volume] in Urine	Homocitrulline (U) [Mass/Vol]		HOMCIT
2427-3	Homocitrulline	CHEM		DISCOURAGED	Homocitrulline Ur-mCnc	Homocitrulline [Mass/volume] in Urine	Homocitrulline (U) [Mass/Vol]		Homocit
2427-3	Homocitrulline	CHEM		DISCOURAGED	Homocitrulline Ur-mCnc	Homocitrulline [Mass/volume] in Urine	Homocitrulline (U) [Mass/Vol]		Hci
32615-7	Homocysteine cysteine disulfide	CHEM		ACTIVE	Hycs-Cys diS SerPl-sCnc	Homocysteine cysteine disulfide [Moles/volume] in Serum or Plasma	Homocysteine cysteine disulfide [Moles/Vol]		Hycs-Cys Disulfide
32615-7	Homocysteine cysteine disulfide	CHEM		ACTIVE	Hycs-Cys diS SerPl-sCnc	Homocysteine cysteine disulfide [Moles/volume] in Serum or Plasma	Homocysteine cysteine disulfide [Moles/Vol]		2-amino-4-[(2-amino-2-carboxyethyl)disulfanyl]butanoic acid
32615-7	Homocysteine cysteine disulfide	CHEM		ACTIVE	Hycs-Cys diS SerPl-sCnc	Homocysteine cysteine disulfide [Moles/volume] in Serum or Plasma	Homocysteine cysteine disulfide [Moles/Vol]		Cys-homo-Cys-mixed disulfide
32615-7	Homocysteine cysteine disulfide	CHEM		ACTIVE	Hycs-Cys diS SerPl-sCnc	Homocysteine cysteine disulfide [Moles/volume] in Serum or Plasma	Homocysteine cysteine disulfide [Moles/Vol]		Cysteine-homocysteine mixed disulfide
32615-7	Homocysteine cysteine disulfide	CHEM		ACTIVE	Hycs-Cys diS SerPl-sCnc	Homocysteine cysteine disulfide [Moles/volume] in Serum or Plasma	Homocysteine cysteine disulfide [Moles/Vol]		Cysteinylhomocysteine mixed disulfide
32615-7	Homocysteine cysteine disulfide	CHEM		ACTIVE	Hycs-Cys diS SerPl-sCnc	Homocysteine cysteine disulfide [Moles/volume] in Serum or Plasma	Homocysteine cysteine disulfide [Moles/Vol]		Homocysteine-cysteine mixed disulfide
32615-7	Homocysteine cysteine disulfide	CHEM		ACTIVE	Hycs-Cys diS SerPl-sCnc	Homocysteine cysteine disulfide [Moles/volume] in Serum or Plasma	Homocysteine cysteine disulfide [Moles/Vol]		Hycs-Cys diS
48115-0	Homocysteine.free/Creatinine	CHEM		ACTIVE	Hcys.free/Creat Ur-sRto	Homocysteine.free/Creatinine [Molar ratio] in Urine	Homocysteine.free/Creatinine (U) [Molar ratio]		Hcys.free
13372-8	Homocystine	CHEM		ACTIVE	(Hcys)2 CSF-mCnc	Homocystine [Mass/volume] in Cerebrospinal Fluid	Homocystine (CSF) [Mass/Vol]		Homocystin
13372-8	Homocystine	CHEM		ACTIVE	(Hcys)2 CSF-mCnc	Homocystine [Mass/volume] in Cerebrospinal Fluid	Homocystine (CSF) [Mass/Vol]		(Hcys)2
46741-5	Homocystinuria &or other hypermethioninemias	CHEM		DISCOURAGED	HCY/MET DBS-Imp	Homocystinuria and/or other hypermethioninemias newborn screen interpretation	Homocystinuria and/or other hypermethioninemias Ql (DBS) [Interp]		HCY/MET
35171-8	Homo-gamma linolenate	CHEM		ACTIVE	Homo-G Linolenate SerPl-sCnc	Homo-gamma Linolenate (C20:3w6) [Moles/volume] in Serum or Plasma	Homo-gamma Linolenate (C20:3w6) [Moles/Vol]		Homo-G Linolenate
35171-8	Homo-gamma linolenate	CHEM		ACTIVE	Homo-G Linolenate SerPl-sCnc	Homo-gamma Linolenate (C20:3w6) [Moles/volume] in Serum or Plasma	Homo-gamma Linolenate (C20:3w6) [Moles/Vol]		C20:3w6
35171-8	Homo-gamma linolenate	CHEM		ACTIVE	Homo-G Linolenate SerPl-sCnc	Homo-gamma Linolenate (C20:3w6) [Moles/volume] in Serum or Plasma	Homo-gamma Linolenate (C20:3w6) [Moles/Vol]		8,11,14 Eicosatrienoic acid
35171-8	Homo-gamma linolenate	CHEM		ACTIVE	Homo-G Linolenate SerPl-sCnc	Homo-gamma Linolenate (C20:3w6) [Moles/volume] in Serum or Plasma	Homo-gamma Linolenate (C20:3w6) [Moles/Vol]		Homo-gamma linolenic acid
35171-8	Homo-gamma linolenate	CHEM		ACTIVE	Homo-G Linolenate SerPl-sCnc	Homo-gamma Linolenate (C20:3w6) [Moles/volume] in Serum or Plasma	Homo-gamma Linolenate (C20:3w6) [Moles/Vol]		dihomo-g-linolenic acid
35171-8	Homo-gamma linolenate	CHEM		ACTIVE	Homo-G Linolenate SerPl-sCnc	Homo-gamma Linolenate (C20:3w6) [Moles/volume] in Serum or Plasma	Homo-gamma Linolenate (C20:3w6) [Moles/Vol]		DHGLA
35171-8	Homo-gamma linolenate	CHEM		ACTIVE	Homo-G Linolenate SerPl-sCnc	Homo-gamma Linolenate (C20:3w6) [Moles/volume] in Serum or Plasma	Homo-gamma Linolenate (C20:3w6) [Moles/Vol]		Eicosatrienoate
50982-8	Horowitz index	CHEM	A ratio with numerator = oxygen partial pressure (PaO2) in mmHg and denominator = fraction of inspired oxygen (FIO2) with no units. If the patient is breathing room air (20% O2) the fraction would be 0.20. It is reported in mmHg. It is a well established marker for lung function during mechanical ventilation and used in many acuity scores like SAPS II, SAPS III, and SOFA.	ACTIVE	Horowitz index Bld+IhG-Rto	Horowitz index in Blood	Horowitz index (Bld+Inhl gas) [Ratio]		PaO2/FiO2
50982-8	Horowitz index	CHEM	A ratio with numerator = oxygen partial pressure (PaO2) in mmHg and denominator = fraction of inspired oxygen (FIO2) with no units. If the patient is breathing room air (20% O2) the fraction would be 0.20. It is reported in mmHg. It is a well established marker for lung function during mechanical ventilation and used in many acuity scores like SAPS II, SAPS III, and SOFA.	ACTIVE	Horowitz index Bld+IhG-Rto	Horowitz index in Blood	Horowitz index (Bld+Inhl gas) [Ratio]		Bld+IhG
50983-6	Horowitz index	CHEM	A ratio with numerator = capillary oxygen partial pressure (PaO2) in mmHg and denominator = fraction of inspired oxygen (FIO2) with no units. If the patient is breathing room air (20% O2) the fraction would be 0.20. It is reported in mmHg. It is a well established marker for lung function during mechanical ventilation and used in many acuity scores like SAPS II, SAPS III, and SOFA.	ACTIVE	Horowitz index BldC+IhG-Rto	Horowitz index in Capillary blood	Horowitz index (BldCo+Inhl gas) [Ratio]		BldC+IhG
50985-1	Horowitz index	CHEM	A ratio with numerator = mixed venous oxygen partial pressure (PaO2) in mmHg and denominator = fraction of inspired oxygen (FIO2) with no units. If the patient is breathing room air (20% O2) the fraction would be 0.20. It is reported in mmHg. It is a well established marker for lung function during mechanical ventilation and used in many acuity scores like SAPS II, SAPS III, and SOFA.	ACTIVE	Horowitz index BldMV+IhG-Rto	Horowitz index in Mixed venous blood	Horowitz index (BldMV+Inhl gas) [Ratio]		BldMV+IhG
50985-1	Horowitz index	CHEM	A ratio with numerator = mixed venous oxygen partial pressure (PaO2) in mmHg and denominator = fraction of inspired oxygen (FIO2) with no units. If the patient is breathing room air (20% O2) the fraction would be 0.20. It is reported in mmHg. It is a well established marker for lung function during mechanical ventilation and used in many acuity scores like SAPS II, SAPS III, and SOFA.	ACTIVE	Horowitz index BldMV+IhG-Rto	Horowitz index in Mixed venous blood	Horowitz index (BldMV+Inhl gas) [Ratio]		Blood - Mixed Venous
50986-9	Horowitz index	CHEM	A ratio with numerator = venous oxygen partial pressure (PaO2) in mmHg and denominator = fraction of inspired oxygen (FIO2) with no units. If the patient is breathing room air (20% O2) the fraction would be 0.20. It is reported in mmHg. It is a well established marker for lung function during mechanical ventilation and used in many acuity scores like SAPS II, SAPS III, and SOFA.	ACTIVE	Horowitz index BldV+IhG-Rto	Horowitz index in Venous blood	Horowitz index (BldV+Inhl gas) [Ratio]		BldV+IhG
58353-4	Human antihuman Ab	CHEM		ACTIVE	HAHA Ab Plas-mCnc	Human antihuman Ab [Mass/volume] in Plasma	Human antihuman Ab (P) [Mass/Vol]		Human anti-human Ab protein
58353-4	Human antihuman Ab	CHEM		ACTIVE	HAHA Ab Plas-mCnc	Human antihuman Ab [Mass/volume] in Plasma	Human antihuman Ab (P) [Mass/Vol]		HAHA
58353-4	Human antihuman Ab	CHEM		ACTIVE	HAHA Ab Plas-mCnc	Human antihuman Ab [Mass/volume] in Plasma	Human antihuman Ab (P) [Mass/Vol]		Human anti-human Ab
55180-4	Human epididymis protein 4	CHEM		ACTIVE	HE4 SerPl-sCnc	Human epididymis protein 4 [Moles/volume] in Serum or Plasma	Human epididymis protein 4 [Moles/Vol]		Ovarian cancer
55180-4	Human epididymis protein 4	CHEM		ACTIVE	HE4 SerPl-sCnc	Human epididymis protein 4 [Moles/volume] in Serum or Plasma	Human epididymis protein 4 [Moles/Vol]		Endometrial cancer
55180-4	Human epididymis protein 4	CHEM		ACTIVE	HE4 SerPl-sCnc	Human epididymis protein 4 [Moles/volume] in Serum or Plasma	Human epididymis protein 4 [Moles/Vol]		HE4
55180-4	Human epididymis protein 4	CHEM		ACTIVE	HE4 SerPl-sCnc	Human epididymis protein 4 [Moles/volume] in Serum or Plasma	Human epididymis protein 4 [Moles/Vol]		WAP four-disulfide core domain protein 2
79481-8	Hydantoin-5-propionate/Creatinine	CHEM		ACTIVE	Hydantoin-5-propionate/Creat Ur-sRto	Hydantoin-5-propionate/Creatinine [Molar ratio] in Urine	Hydantoin-5-propionate/Creatinine (U) [Molar ratio]		3-(2,5-dioxoimidazolidin-4-yl)propanoic acid
79481-8	Hydantoin-5-propionate/Creatinine	CHEM		ACTIVE	Hydantoin-5-propionate/Creat Ur-sRto	Hydantoin-5-propionate/Creatinine [Molar ratio] in Urine	Hydantoin-5-propionate/Creatinine (U) [Molar ratio]		Formiminoglutamic aciduria
79481-8	Hydantoin-5-propionate/Creatinine	CHEM		ACTIVE	Hydantoin-5-propionate/Creat Ur-sRto	Hydantoin-5-propionate/Creatinine [Molar ratio] in Urine	Hydantoin-5-propionate/Creatinine (U) [Molar ratio]		Hydantoin-propionate
18232-9	Hydrocorticosterone	CHEM		ACTIVE	Hydrocorticostern Ur Ql	Hydrocorticosterone [Presence] in Urine	Hydrocorticosterone Ql (U)		Hydrocorticostern
35747-5	Hydrogen ion	CHEM		ACTIVE	H ion BldA-sCnc	Hydrogen ion [Moles/volume] in Arterial blood	Hydrogen ion (BldA) [Moles/Vol]		H ion
50858-0	Hydrogen ion	CHEM		ACTIVE	H ion BldCoMV-sCnc	Hydrogen ion [Moles/volume] in Mixed venous cord blood	Hydrogen ion (BldCoMV) [Moles/Vol]		Mixed venous cord blood
2438-0	Hydrogen sulfide	CHEM		DEPRECATED	Deprecated Hydrogen Sulfide Bld Ql	Deprecated Hydrogen sulfide	Hydrogen sulfide Ql (Bld)		H2S
2440-6	Hydroxocobalamin	CHEM		ACTIVE	Vit B12b SerPl-mCnc	Hydroxocobalamin [Mass/volume] in Serum or Plasma	Hydroxocobalamin [Mass/Vol]		Vitamin B12b
2440-6	Hydroxocobalamin	CHEM		ACTIVE	Vit B12b SerPl-mCnc	Hydroxocobalamin [Mass/volume] in Serum or Plasma	Hydroxocobalamin [Mass/Vol]		Hydroxycobalamin
2440-6	Hydroxocobalamin	CHEM		ACTIVE	Vit B12b SerPl-mCnc	Hydroxocobalamin [Mass/volume] in Serum or Plasma	Hydroxocobalamin [Mass/Vol]		Vit B12b
101933-0	Hydroxyapatite crystals	CHEM		ACTIVE	EngDiff Ur	Hydroxyapatite crystals [Energy Difference] in Urine	Hydroxyapatite crystals (U) [Energy diff]		Supersaturation
101933-0	Hydroxyapatite crystals	CHEM		ACTIVE	EngDiff Ur	Hydroxyapatite crystals [Energy Difference] in Urine	Hydroxyapatite crystals (U) [Energy diff]		Milwaukee shoulder syndrome
101933-0	Hydroxyapatite crystals	CHEM		ACTIVE	EngDiff Ur	Hydroxyapatite crystals [Energy Difference] in Urine	Hydroxyapatite crystals (U) [Energy diff]		Hydroxyapatite deposition disease
101933-0	Hydroxyapatite crystals	CHEM		ACTIVE	EngDiff Ur	Hydroxyapatite crystals [Energy Difference] in Urine	Hydroxyapatite crystals (U) [Energy diff]		Hydroxylapatite crystal
13761-2	Hydroxydecanedioate/Creatinine	CHEM		DISCOURAGED	OH-Decanedioate/Creat Ur	Hydroxydecanedioate/Creatinine [Mass Ratio] in Urine	Hydroxydecanedioate/Creatinine (U) [Mass ratio]		OH-Decanedioate
13761-2	Hydroxydecanedioate/Creatinine	CHEM		DISCOURAGED	OH-Decanedioate/Creat Ur	Hydroxydecanedioate/Creatinine [Mass Ratio] in Urine	Hydroxydecanedioate/Creatinine (U) [Mass ratio]		Hydroxy decanedioate
13761-2	Hydroxydecanedioate/Creatinine	CHEM		DISCOURAGED	OH-Decanedioate/Creat Ur	Hydroxydecanedioate/Creatinine [Mass Ratio] in Urine	Hydroxydecanedioate/Creatinine (U) [Mass ratio]		Hydroxydecanedioic acid
35581-8	Hydroxyethyl valine	CHEM		ACTIVE	OH-Ethyl valine Bld-mCnc	Hydroxyethyl valine [Mass/volume] in Blood	Hydroxyethyl valine (Bld) [Mass/Vol]		OH-Ethyl valine
35581-8	Hydroxyethyl valine	CHEM		ACTIVE	OH-Ethyl valine Bld-mCnc	Hydroxyethyl valine [Mass/volume] in Blood	Hydroxyethyl valine (Bld) [Mass/Vol]		2-hydroxyethylvaline
35581-8	Hydroxyethyl valine	CHEM		ACTIVE	OH-Ethyl valine Bld-mCnc	Hydroxyethyl valine [Mass/volume] in Blood	Hydroxyethyl valine (Bld) [Mass/Vol]		HOEtVal
35581-8	Hydroxyethyl valine	CHEM		ACTIVE	OH-Ethyl valine Bld-mCnc	Hydroxyethyl valine [Mass/volume] in Blood	Hydroxyethyl valine (Bld) [Mass/Vol]		N-(2-hydroxyethyl) valine
13373-6	Hydroxylysine	CHEM		DISCOURAGED	OH-Lysine CSF-mCnc	Hydroxylysine [Mass/volume] in Cerebrospinal Fluid	Hydroxylysine (CSF) [Mass/Vol]		Hydroxy lysine
13373-6	Hydroxylysine	CHEM		DISCOURAGED	OH-Lysine CSF-mCnc	Hydroxylysine [Mass/volume] in Cerebrospinal Fluid	Hydroxylysine (CSF) [Mass/Vol]		OH-Lysine
49849-3	Hydroxylysine.free/Creatinine	CHEM		ACTIVE	OH-Lysine Free/Creat 24h Ur-sRto	Hydroxylysine.free/Creatinine [Molar ratio] in 24 hour Urine	Hydroxylysine.free/Creatinine (24H U) [Molar ratio]		OH-Lysine Free
2444-8	Hydroxymethylglutaryl CoA lyase	CHEM		ACTIVE	HMG-CoA Lyase Ser-cCnc	Hydroxymethylglutaryl CoA lyase [Enzymatic activity/volume] in Serum	Hydroxymethylglutaryl CoA lyase (S) [Catalytic activity/Vol]		3-Hydroxy-3-methylglutaric aciduria
2444-8	Hydroxymethylglutaryl CoA lyase	CHEM		ACTIVE	HMG-CoA Lyase Ser-cCnc	Hydroxymethylglutaryl CoA lyase [Enzymatic activity/volume] in Serum	Hydroxymethylglutaryl CoA lyase (S) [Catalytic activity/Vol]		3-hydroxy-3-methylglutaryl-coenzyme A lyase
2444-8	Hydroxymethylglutaryl CoA lyase	CHEM		ACTIVE	HMG-CoA Lyase Ser-cCnc	Hydroxymethylglutaryl CoA lyase [Enzymatic activity/volume] in Serum	Hydroxymethylglutaryl CoA lyase (S) [Catalytic activity/Vol]		3-hydroxy-3-methylglutarate-coa lyase
2444-8	Hydroxymethylglutaryl CoA lyase	CHEM		ACTIVE	HMG-CoA Lyase Ser-cCnc	Hydroxymethylglutaryl CoA lyase [Enzymatic activity/volume] in Serum	Hydroxymethylglutaryl CoA lyase (S) [Catalytic activity/Vol]		HMG-CoA lyase
74295-7	Hydroxymethylglutaryl CoA lyase deficiency	CHEM	This observation indicates whether the newborn screen was in-range or out-of-range for the analytes related to Hydroxymethylglutaryl CoA lyase.	ACTIVE	HMG-CoA Lyase deficiency DBS-Imp	Hydroxymethylglutaryl CoA lyase deficiency newborn screen interpretation	Hydroxymethylglutaryl CoA lyase deficiency (DBS) [Interp]		HMG-CoA Lyase deficiency
93329-1	Hyodeoxycholate	CHEM		ACTIVE	HDCA SerPl-sCnc	Hyodeoxycholate [Moles/volume] in Serum or Plasma	Hyodeoxycholate [Moles/Vol]		HDCA
93329-1	Hyodeoxycholate	CHEM		ACTIVE	HDCA SerPl-sCnc	Hyodeoxycholate [Moles/volume] in Serum or Plasma	Hyodeoxycholate [Moles/Vol]		6alpha-Hydroxylithocholate
93329-1	Hyodeoxycholate	CHEM		ACTIVE	HDCA SerPl-sCnc	Hyodeoxycholate [Moles/volume] in Serum or Plasma	Hyodeoxycholate [Moles/Vol]		3-alpha,6-alpha-dihydroxy-5-beta-cholan-24-oate
2454-7	Hypoxanthine phosphoribosyltransferase	CHEM		ACTIVE	HPRT RBC-cCnc	Hypoxanthine phosphoribosyltransferase [Enzymatic activity/volume] in Red Blood Cells	Hypoxanthine phosphoribosyltransferase (RBC) [Catalytic activity/Vol]		hypoxanthine-guanine phosphoribosyltransferase
2454-7	Hypoxanthine phosphoribosyltransferase	CHEM		ACTIVE	HPRT RBC-cCnc	Hypoxanthine phosphoribosyltransferase [Enzymatic activity/volume] in Red Blood Cells	Hypoxanthine phosphoribosyltransferase (RBC) [Catalytic activity/Vol]		HPRT
2454-7	Hypoxanthine phosphoribosyltransferase	CHEM		ACTIVE	HPRT RBC-cCnc	Hypoxanthine phosphoribosyltransferase [Enzymatic activity/volume] in Red Blood Cells	Hypoxanthine phosphoribosyltransferase (RBC) [Catalytic activity/Vol]		HGPRT
24087-9	Iduronate-2-Sulfatase	CHEM		ACTIVE	Iduronate2Sulfatas SerPl-cCnc	Iduronate-2-Sulfatase [Enzymatic activity/volume] in Serum or Plasma	Iduronate-2-Sulfatase [Catalytic activity/Vol]		Iduronate2Sulfatas
24087-9	Iduronate-2-Sulfatase	CHEM		ACTIVE	Iduronate2Sulfatas SerPl-cCnc	Iduronate-2-Sulfatase [Enzymatic activity/volume] in Serum or Plasma	Iduronate-2-Sulfatase [Catalytic activity/Vol]		Hunter disease
42206-3	IgA.CSF/IgA.serum	CHEM		ACTIVE	IgA CSF/SerPl	IgA in CSF/IgA in serum	IgA in CSF/IgA in serum (S+CSF) [Relative ratio]		IgA CSF
48665-4	IgA.intrathecally synthesized	CHEM		ACTIVE	IgA.IT Ser+CSF-mCnc	IgA.intrathecally synthesized [Mass/volume] in Serum and CSF	IgA.intrathecally synthesized (S+CSF) [Mass/Vol]		IgA.IT
48665-4	IgA.intrathecally synthesized	CHEM		ACTIVE	IgA.IT Ser+CSF-mCnc	IgA.intrathecally synthesized [Mass/volume] in Serum and CSF	IgA.intrathecally synthesized (S+CSF) [Mass/Vol]		IgA intrathecally produced
105984-9	IgA.Kappa	CHEM		ACTIVE	IgA kappa Ser Ql IFE	IgA.kappa [Presence] in Serum by Immunofixation	IgA.kappa Immunofixation Ql (S)		IgA kappa
74869-9	IgA.kappa/IgA.lambda	CHEM	Measuring both the IgAκ and IgAλ, calculating the IgAκ/IgAλ ratio, and then comparing with normal subjects levels may provide a more sensitive indication of clonality. Usage of the IgAκ/IgAλ ratio may also compensate for any fluctuations in plasma volume and adjust for half-life variations. This term was based on, but not limited in use to, the Hevylite Human IgA Kappa and Lambda assays.	ACTIVE	IgA kappa/A lambda SerPl	IgA.kappa/IgA.lambda [Mass Ratio] in Serum or Plasma	IgA.kappa/IgA.lambda [Mass ratio]		A lambda
105985-6	IgA.Lambda	CHEM		ACTIVE	IgA lamba Ser Ql IFE	IgA.lambda [Presence] in Serum by Immunofixation	IgA.lambda Immunofixation Ql (S)		IgA lamba
12725-8	IgA.secretory	CHEM		ACTIVE	SIgA SerPl-aCnc	IgA.secretory [Units/volume] in Serum or Plasma	IgA.secretory Qn		SIgA
17005-0	IgA subclass 1	CHEM		ACTIVE	IgA1 CSF-mCnc	IgA subclass 1 [Mass/volume] in Cerebrospinal Fluid	IgA subclass 1 (CSF) [Mass/Vol]		IgA1
17006-8	IgA subclass 2	CHEM		ACTIVE	IgA2 CSF-mCnc	IgA subclass 2 [Mass/volume] in Cerebrospinal Fluid	IgA subclass 2 (CSF) [Mass/Vol]		IgA2
104672-1	IgD and IgE.monocloncal band observed	CHEM		ACTIVE	IgD&IgE.Monoclon Band Obs Ser IFE	IgD and IgE.monocloncal band observed [Identifier] in Serum by Immunofixation	IgD and IgE.monocloncal band observed Immunofixation Nom (S)		Ifix
104672-1	IgD and IgE.monocloncal band observed	CHEM		ACTIVE	IgD&IgE.Monoclon Band Obs Ser IFE	IgD and IgE.monocloncal band observed [Identifier] in Serum by Immunofixation	IgD and IgE.monocloncal band observed Immunofixation Nom (S)		IFE
104672-1	IgD and IgE.monocloncal band observed	CHEM		ACTIVE	IgD&IgE.Monoclon Band Obs Ser IFE	IgD and IgE.monocloncal band observed [Identifier] in Serum by Immunofixation	IgD and IgE.monocloncal band observed Immunofixation Nom (S)		Immunoglobulin D
104672-1	IgD and IgE.monocloncal band observed	CHEM		ACTIVE	IgD&IgE.Monoclon Band Obs Ser IFE	IgD and IgE.monocloncal band observed [Identifier] in Serum by Immunofixation	IgD and IgE.monocloncal band observed Immunofixation Nom (S)		Immunofixation electrophoresis
104672-1	IgD and IgE.monocloncal band observed	CHEM		ACTIVE	IgD&IgE.Monoclon Band Obs Ser IFE	IgD and IgE.monocloncal band observed [Identifier] in Serum by Immunofixation	IgD and IgE.monocloncal band observed Immunofixation Nom (S)		Immune globulin D
104672-1	IgD and IgE.monocloncal band observed	CHEM		ACTIVE	IgD&IgE.Monoclon Band Obs Ser IFE	IgD and IgE.monocloncal band observed [Identifier] in Serum by Immunofixation	IgD and IgE.monocloncal band observed Immunofixation Nom (S)		IgD&IgE.Monoclon Band Obs
2461-2	IgD.monoclonal	CHEM		ACTIVE	M-IgD Ser-mCnc	IgD.monoclonal [Mass/volume] in Serum	IgD.monoclonal (S) [Mass/Vol]		M-IgD
2463-8	IgE.monoclonal	CHEM		ACTIVE	M-IgE Ser-mCnc	IgE.monoclonal [Mass/volume] in Serum	IgE.monoclonal (S) [Mass/Vol]		M-IgE
20855-3	IgG.bovine	CHEM		ACTIVE	IgG Bovine Ser ID-mCnc	IgG.bovine [Mass/volume] in Serum by Immune diffusion (ID)	IgG.bovine Immune diff (S) [Mass/Vol]		IgG Bovine
14117-6	IgG clearance/Albumin clearance	CHEM	Ratio of a patients IgG and albumin in CSF to the IgG and albumin in serum is of diagnostic value in a number of neurological disorders. Normally CSF albumin and IgG are derived from the serum, whereas in patients with active multiple sclerosis, the increased CSF IgG is believed to be synthesized within the CSF. The CSF Index is a calculated value which expresses the ratio of IgG to albumin in CSF, to the ratio of IgG to albumin in serum. An elevated ratio suggests local CNS synthesis of IgG. An increased CSF/IgG Index is found in diseases such as MS, neurosyphilis, subacute sclerosing panencephalitis (SSPE), chronic CNS infections and CNS lupus erythematosus.	ACTIVE	IgG/Alb clear Ser+CSF-Rto	IgG clearance/Albumin clearance [Ratio] in Serum and CSF	IgG clearance/Albumin clearance (S+CSF) [Ratio]		Alb clear
78962-8	IgG clearance/Transferrin clearance	CHEM	The ratio of IgG to transferrin clearances, the selectivity index, is useful in the diagnosis and management of proteinuria. Both IgG and transferrin levels are measured in serum and urine and the selectivity index (SI) is calculated according to the formula of Cameron and Blandford where SI = (uIgG/sIgG)/(uTf/sTf) or (uIgG/sIgG * sTf/uTf).[PMID: 4161419] An index of below 0.1 is indicative of highly selective proteinuria.[PMID: 11012907]	ACTIVE	IgG/Transf clear Ur+SerPl-Rto	IgG clearance/Transferrin clearance [Ratio] in Urine and Serum or Plasma	IgG clearance/Transferrin clearance (U+S/P) [Ratio]		Transf clear
42207-1	IgG.CSF/IgG.serum	CHEM		ACTIVE	IgG CSF/SerPl	IgG in CSF/IgG in serum	IgG in CSF/IgG in serum (S+CSF) [Relative ratio]		IgG CSF
20856-1	IgG.equine	CHEM		ACTIVE	IgG Equine Fld Fetus ID-mCnc	IgG.equine [Mass/volume] in Body fluid from Fetus by Immune diffusion (ID)	IgG.equine Immune diff (Body fld fetus) [Mass/Vol]		IgG Equine
20857-9	IgG.equine	CHEM		ACTIVE	IgG Equine Col ID-mCnc	IgG.equine [Mass/volume] in Colostrum by Immune diffusion (ID)	IgG.equine Immune diff (Colostrum) [Mass/Vol]		Colostrum
48666-2	IgG.intrathecally synthesized	CHEM		ACTIVE	IgG.IT Ser+CSF-mCnc	IgG.intrathecally synthesized [Mass/volume] in Serum and CSF	IgG.intrathecally synthesized (S+CSF) [Mass/Vol]		IgG intrathecally produced
48666-2	IgG.intrathecally synthesized	CHEM		ACTIVE	IgG.IT Ser+CSF-mCnc	IgG.intrathecally synthesized [Mass/volume] in Serum and CSF	IgG.intrathecally synthesized (S+CSF) [Mass/Vol]		IgG.intrathecal
48666-2	IgG.intrathecally synthesized	CHEM		ACTIVE	IgG.IT Ser+CSF-mCnc	IgG.intrathecally synthesized [Mass/volume] in Serum and CSF	IgG.intrathecally synthesized (S+CSF) [Mass/Vol]		IgG.IT
105980-7	IgG.Kappa	CHEM		ACTIVE	IgG Kappa Ser Ql IFE	IgG.kappa [Presence] in Serum by Immunofixation	IgG.kappa Immunofixation Ql (S)		IgG Kappa
105980-7	IgG.Kappa	CHEM		ACTIVE	IgG Kappa Ser Ql IFE	IgG.kappa [Presence] in Serum by Immunofixation	IgG.kappa Immunofixation Ql (S)		heavy chain
74868-1	IgG.kappa/IgG.lambda	CHEM	Measuring both the IgGκ and IgGλ, calculating the IgGκ/IgGλ ratio, and then comparing with normal subjects levels may provide a more sensitive indication of clonality. Usage of the IgGκ/IgGλ ratio may also compensate for any fluctuations in plasma volume and adjust for half-life variations. This term was based on, but not limited in use to, the Hevylite Human IgG Kappa and Lambda assays.	ACTIVE	IgG Kappa/G lambda SerPl	IgG.kappa/IgG.lambda [Mass Ratio] in Serum or Plasma	IgG.kappa/IgG.lambda [Mass ratio]		G lambda
105981-5	IgG.Lambda	CHEM		ACTIVE	IgG lamba Ser Ql IFE	IgG.lambda [Presence] in Serum by Immunofixation	IgG.lambda Immunofixation Ql (S)		IgG lamba
106809-7	IgG subclass 1	CHEM		ACTIVE	IgG1 BldCo Neph-mCnc	IgG subclass 1 [Mass/volume] in Cord blood by Nephelometry	IgG subclass 1 Nephelometry (BldCo) [Mass/Vol]		Immunoglobulin G subclass 1
106809-7	IgG subclass 1	CHEM		ACTIVE	IgG1 BldCo Neph-mCnc	IgG subclass 1 [Mass/volume] in Cord blood by Nephelometry	IgG subclass 1 Nephelometry (BldCo) [Mass/Vol]		IgG1
106809-7	IgG subclass 1	CHEM		ACTIVE	IgG1 BldCo Neph-mCnc	IgG subclass 1 [Mass/volume] in Cord blood by Nephelometry	IgG subclass 1 Nephelometry (BldCo) [Mass/Vol]		IgG 1
106808-9	IgG subclass 2	CHEM		ACTIVE	IgG2 BldCo Neph-mCnc	IgG subclass 2 [Mass/volume] in Cord blood by Nephelometry	IgG subclass 2 Nephelometry (BldCo) [Mass/Vol]		Immunoglobulin G subclass 2
106808-9	IgG subclass 2	CHEM		ACTIVE	IgG2 BldCo Neph-mCnc	IgG subclass 2 [Mass/volume] in Cord blood by Nephelometry	IgG subclass 2 Nephelometry (BldCo) [Mass/Vol]		IgG2
106808-9	IgG subclass 2	CHEM		ACTIVE	IgG2 BldCo Neph-mCnc	IgG subclass 2 [Mass/volume] in Cord blood by Nephelometry	IgG subclass 2 Nephelometry (BldCo) [Mass/Vol]		IgG 2
106807-1	IgG subclass 3	CHEM		ACTIVE	IgG3 BldCo Neph-mCnc	IgG subclass 3 [Mass/volume] in Cord blood by Nephelometry	IgG subclass 3 Nephelometry (BldCo) [Mass/Vol]		Immunoglobulin G subclass 3
106807-1	IgG subclass 3	CHEM		ACTIVE	IgG3 BldCo Neph-mCnc	IgG subclass 3 [Mass/volume] in Cord blood by Nephelometry	IgG subclass 3 Nephelometry (BldCo) [Mass/Vol]		IgG 3
106807-1	IgG subclass 3	CHEM		ACTIVE	IgG3 BldCo Neph-mCnc	IgG subclass 3 [Mass/volume] in Cord blood by Nephelometry	IgG subclass 3 Nephelometry (BldCo) [Mass/Vol]		IgG3
106806-3	IgG subclass 4	CHEM		ACTIVE	IgG4 BldCo Neph-mCnc	IgG subclass 4 [Mass/volume] in Cord blood by Nephelometry	IgG subclass 4 Nephelometry (BldCo) [Mass/Vol]		Cord bld
106806-3	IgG subclass 4	CHEM		ACTIVE	IgG4 BldCo Neph-mCnc	IgG subclass 4 [Mass/volume] in Cord blood by Nephelometry	IgG subclass 4 Nephelometry (BldCo) [Mass/Vol]		IgG4
106806-3	IgG subclass 4	CHEM		ACTIVE	IgG4 BldCo Neph-mCnc	IgG subclass 4 [Mass/volume] in Cord blood by Nephelometry	IgG subclass 4 Nephelometry (BldCo) [Mass/Vol]		Blood - (umbilical) cord
106806-3	IgG subclass 4	CHEM		ACTIVE	IgG4 BldCo Neph-mCnc	IgG subclass 4 [Mass/volume] in Cord blood by Nephelometry	IgG subclass 4 Nephelometry (BldCo) [Mass/Vol]		Cord (umbilical) blood
106806-3	IgG subclass 4	CHEM		ACTIVE	IgG4 BldCo Neph-mCnc	IgG subclass 4 [Mass/volume] in Cord blood by Nephelometry	IgG subclass 4 Nephelometry (BldCo) [Mass/Vol]		Cord blood
106806-3	IgG subclass 4	CHEM		ACTIVE	IgG4 BldCo Neph-mCnc	IgG subclass 4 [Mass/volume] in Cord blood by Nephelometry	IgG subclass 4 Nephelometry (BldCo) [Mass/Vol]		IgG 4
106806-3	IgG subclass 4	CHEM		ACTIVE	IgG4 BldCo Neph-mCnc	IgG subclass 4 [Mass/volume] in Cord blood by Nephelometry	IgG subclass 4 Nephelometry (BldCo) [Mass/Vol]		Immunoglobulin G subclass 4
106806-3	IgG subclass 4	CHEM		ACTIVE	IgG4 BldCo Neph-mCnc	IgG subclass 4 [Mass/volume] in Cord blood by Nephelometry	IgG subclass 4 Nephelometry (BldCo) [Mass/Vol]		Subclasses
13456-9	IgG synthesis rate	CHEM		ACTIVE	IgG Synth Rate Ser+CSF-aCnc	IgG synthesis rate [Units/volume] in Serum and CSF	IgG synthesis rate Qn (S+CSF)		IgG Synth Rate
13456-9	IgG synthesis rate	CHEM		ACTIVE	IgG Synth Rate Ser+CSF-aCnc	IgG synthesis rate [Units/volume] in Serum and CSF	IgG synthesis rate Qn (S+CSF)		Systhesis
42208-9	IgM.CSF/IgM.serum	CHEM		ACTIVE	IgM CSF/SerPl	IgM in CSF/IgM in serum	IgM in CSF/IgM in serum (S+CSF) [Relative ratio]		IgM CSF
48667-0	IgM.intrathecally synthesized	CHEM		ACTIVE	IgM.IT Ser+CSF-mCnc	IgM.intrathecally synthesized [Mass/volume] in Serum and CSF	IgM.intrathecally synthesized (S+CSF) [Mass/Vol]		IgM intrathecally produced
48667-0	IgM.intrathecally synthesized	CHEM		ACTIVE	IgM.IT Ser+CSF-mCnc	IgM.intrathecally synthesized [Mass/volume] in Serum and CSF	IgM.intrathecally synthesized (S+CSF) [Mass/Vol]		IgM.IT
105982-3	IgM.Kappa	CHEM		ACTIVE	IgM kappa Ser Ql IFE	IgM.kappa [Presence] in Serum by Immunofixation	IgM.kappa Immunofixation Ql (S)		IgM kappa
74870-7	IgM.kappa/IgM.lambda	CHEM	Usage of the IgMκ/IgMλ ratio may compensate for any fluctuation in plasma volume and hematocrit. This term was based on, but not limited in use to, the Hevylite Human IgM Kappa and Lambda assays.	ACTIVE	IgM kappa/M lambda SerPl	IgM.kappa/IgM.lambda [Mass Ratio] in Serum or Plasma	IgM.kappa/IgM.lambda [Mass ratio]		M lambda
105983-1	IgM.Lambda	CHEM		ACTIVE	IgM lambda Ser Ql IFE	IgM.lambda [Presence] in Serum by Immunofixation	IgM.lambda Immunofixation Ql (S)		IgM lambda
2473-7	IgM.monoclonal	CHEM		ACTIVE	M-IgM Ser-mCnc	IgM.monoclonal [Mass/volume] in Serum	IgM.monoclonal (S) [Mass/Vol]		M-IgM
101179-0	Immunoglobulin light chains.free/Protein.total	CHEM		ACTIVE	BJ Protein Free 24h MFr Ur	Immunoglobulin light chains.free/Protein.total in 24 hour Urine	Immunoglobulin light chains.free (24H U) [Mass fraction]		Imunoglbon
101179-0	Immunoglobulin light chains.free/Protein.total	CHEM		ACTIVE	BJ Protein Free 24h MFr Ur	Immunoglobulin light chains.free/Protein.total in 24 hour Urine	Immunoglobulin light chains.free (24H U) [Mass fraction]		Bence Jones protein
101179-0	Immunoglobulin light chains.free/Protein.total	CHEM		ACTIVE	BJ Protein Free 24h MFr Ur	Immunoglobulin light chains.free/Protein.total in 24 hour Urine	Immunoglobulin light chains.free (24H U) [Mass fraction]		Immunoglob
101179-0	Immunoglobulin light chains.free/Protein.total	CHEM		ACTIVE	BJ Protein Free 24h MFr Ur	Immunoglobulin light chains.free/Protein.total in 24 hour Urine	Immunoglobulin light chains.free (24H U) [Mass fraction]		Mass fraction
101179-0	Immunoglobulin light chains.free/Protein.total	CHEM		ACTIVE	BJ Protein Free 24h MFr Ur	Immunoglobulin light chains.free/Protein.total in 24 hour Urine	Immunoglobulin light chains.free (24H U) [Mass fraction]		TP
101179-0	Immunoglobulin light chains.free/Protein.total	CHEM		ACTIVE	BJ Protein Free 24h MFr Ur	Immunoglobulin light chains.free/Protein.total in 24 hour Urine	Immunoglobulin light chains.free (24H U) [Mass fraction]		Immunoglobin
101179-0	Immunoglobulin light chains.free/Protein.total	CHEM		ACTIVE	BJ Protein Free 24h MFr Ur	Immunoglobulin light chains.free/Protein.total in 24 hour Urine	Immunoglobulin light chains.free (24H U) [Mass fraction]		Imunoglobn
101179-0	Immunoglobulin light chains.free/Protein.total	CHEM		ACTIVE	BJ Protein Free 24h MFr Ur	Immunoglobulin light chains.free/Protein.total in 24 hour Urine	Immunoglobulin light chains.free (24H U) [Mass fraction]		Immune globulin
101179-0	Immunoglobulin light chains.free/Protein.total	CHEM		ACTIVE	BJ Protein Free 24h MFr Ur	Immunoglobulin light chains.free/Protein.total in 24 hour Urine	Immunoglobulin light chains.free (24H U) [Mass fraction]		FLC
101179-0	Immunoglobulin light chains.free/Protein.total	CHEM		ACTIVE	BJ Protein Free 24h MFr Ur	Immunoglobulin light chains.free/Protein.total in 24 hour Urine	Immunoglobulin light chains.free (24H U) [Mass fraction]		Chain
101179-0	Immunoglobulin light chains.free/Protein.total	CHEM		ACTIVE	BJ Protein Free 24h MFr Ur	Immunoglobulin light chains.free/Protein.total in 24 hour Urine	Immunoglobulin light chains.free (24H U) [Mass fraction]		BJP
101179-0	Immunoglobulin light chains.free/Protein.total	CHEM		ACTIVE	BJ Protein Free 24h MFr Ur	Immunoglobulin light chains.free/Protein.total in 24 hour Urine	Immunoglobulin light chains.free (24H U) [Mass fraction]		BJ Protein Free
101179-0	Immunoglobulin light chains.free/Protein.total	CHEM		ACTIVE	BJ Protein Free 24h MFr Ur	Immunoglobulin light chains.free/Protein.total in 24 hour Urine	Immunoglobulin light chains.free (24H U) [Mass fraction]		BJ Protein
101179-0	Immunoglobulin light chains.free/Protein.total	CHEM		ACTIVE	BJ Protein Free 24h MFr Ur	Immunoglobulin light chains.free/Protein.total in 24 hour Urine	Immunoglobulin light chains.free (24H U) [Mass fraction]		Immuno
104544-2	Immunoglobulin light chains.kappa.free	CHEM		ACTIVE	Kappa LC Free SerPl-mCnc	Kappa light chains.free [Mass/volume] in Serum or Plasma	Immunoglobulin light chains.kappa.free [Mass/Vol]		Kappa LC Free
104544-2	Immunoglobulin light chains.kappa.free	CHEM		ACTIVE	Kappa LC Free SerPl-mCnc	Kappa light chains.free [Mass/volume] in Serum or Plasma	Immunoglobulin light chains.kappa.free [Mass/Vol]		Kappa LC
104546-7	Immunoglobulin light chains.kappa.free/Immunoglobulin light chains.lambda.free	CHEM		ACTIVE	Kappa LC Free/Lambda Free SerPl	Kappa light chains.free/Lambda light chains.free [Mass Ratio] in Serum or Plasma	Immunoglobulin light chains.kappa.free/Immunoglobulin light chains.lambda.free [Mass ratio]		Lambda LC
104546-7	Immunoglobulin light chains.kappa.free/Immunoglobulin light chains.lambda.free	CHEM		ACTIVE	Kappa LC Free/Lambda Free SerPl	Kappa light chains.free/Lambda light chains.free [Mass Ratio] in Serum or Plasma	Immunoglobulin light chains.kappa.free/Immunoglobulin light chains.lambda.free [Mass ratio]		Lambda LC Free
104546-7	Immunoglobulin light chains.kappa.free/Immunoglobulin light chains.lambda.free	CHEM		ACTIVE	Kappa LC Free/Lambda Free SerPl	Kappa light chains.free/Lambda light chains.free [Mass Ratio] in Serum or Plasma	Immunoglobulin light chains.kappa.free/Immunoglobulin light chains.lambda.free [Mass ratio]		Lambda Free
13128-4	Immunosuppressive acidic protein	CHEM		ACTIVE	IAP SerPl-aCnc	Immunosuppressive acidic protein [Units/volume] in Serum or Plasma	Immunosuppressive acidic protein Qn		IAP
48142-4	Indole-3-Acetate/Creatinine	CHEM		ACTIVE	Indole-3-acetate/Creat Ur-sRto	Indole-3-Acetate/Creatinine [Molar ratio] in Urine	Indole-3-Acetate/Creatinine (U) [Molar ratio]		Indoleacetic acid
48142-4	Indole-3-Acetate/Creatinine	CHEM		ACTIVE	Indole-3-acetate/Creat Ur-sRto	Indole-3-Acetate/Creatinine [Molar ratio] in Urine	Indole-3-Acetate/Creatinine (U) [Molar ratio]		Indoleacetate
48142-4	Indole-3-Acetate/Creatinine	CHEM		ACTIVE	Indole-3-acetate/Creat Ur-sRto	Indole-3-Acetate/Creatinine [Molar ratio] in Urine	Indole-3-Acetate/Creatinine (U) [Molar ratio]		Indole-3-acetic acid
48142-4	Indole-3-Acetate/Creatinine	CHEM		ACTIVE	Indole-3-acetate/Creat Ur-sRto	Indole-3-Acetate/Creatinine [Molar ratio] in Urine	Indole-3-Acetate/Creatinine (U) [Molar ratio]		IA
57701-5	Infectious diseases newborn screening comment-discussion	CHEM		ACTIVE	Infectious diseases NBS comment	Infectious diseases newborn screening comment-discussion	Infectious diseases newborn screening comment-discussion Nar (DBS)		ID NBS comment
23883-2	Inhibin A	CHEM		ACTIVE	Inhibin A SerPl-mCnc	Inhibin A [Mass/volume] in Serum or Plasma	Inhibin A [Mass/Vol]		Dimeric inhibin A
2479-4	Inosine	CHEM		DISCOURAGED	Inosine Ser-mCnc	Inosine [Mass/volume] in Serum	Inosine (S) [Mass/Vol]		Hypoxanthosine
80424-5	Inosine triphosphate pyrophosphatase	CHEM		ACTIVE	ITPase cSub RBC	Inosine triphosphate pyrophosphatase [Enzymatic activity/substance] in Red Blood Cells	Inosine triphosphate pyrophosphatase (RBC) [Catalytic activity/Moles]		Nucleoside-triphosphate diphosphatase
80424-5	Inosine triphosphate pyrophosphatase	CHEM		ACTIVE	ITPase cSub RBC	Inosine triphosphate pyrophosphatase [Enzymatic activity/substance] in Red Blood Cells	Inosine triphosphate pyrophosphatase (RBC) [Catalytic activity/Moles]		ITPA
80424-5	Inosine triphosphate pyrophosphatase	CHEM		ACTIVE	ITPase cSub RBC	Inosine triphosphate pyrophosphatase [Enzymatic activity/substance] in Red Blood Cells	Inosine triphosphate pyrophosphatase (RBC) [Catalytic activity/Moles]		ITPase
80424-5	Inosine triphosphate pyrophosphatase	CHEM		ACTIVE	ITPase cSub RBC	Inosine triphosphate pyrophosphatase [Enzymatic activity/substance] in Red Blood Cells	Inosine triphosphate pyrophosphatase (RBC) [Catalytic activity/Moles]		Nucleoside-triphosphate pyrophosphatase
80424-5	Inosine triphosphate pyrophosphatase	CHEM		ACTIVE	ITPase cSub RBC	Inosine triphosphate pyrophosphatase [Enzymatic activity/substance] in Red Blood Cells	Inosine triphosphate pyrophosphatase (RBC) [Catalytic activity/Moles]		NTPase
2480-2	Inositol.free	CHEM		ACTIVE	Inositol Free Ser-mCnc	Inositol Free [Mass/volume] in Serum	Inositol Free (S) [Mass/Vol]		myo-inositol
2480-2	Inositol.free	CHEM		ACTIVE	Inositol Free Ser-mCnc	Inositol Free [Mass/volume] in Serum	Inositol Free (S) [Mass/Vol]		Inositol Free
2480-2	Inositol.free	CHEM		ACTIVE	Inositol Free Ser-mCnc	Inositol Free [Mass/volume] in Serum	Inositol Free (S) [Mass/Vol]		Myoinositol
34156-0	Insulin.bound	CHEM		ACTIVE	Insulin Bnd SerPl-aCnc	Insulin.bound [Units/volume] in Serum or Plasma	Insulin.bound Qn		Insulin Bnd
44462-0	Insulin.free+Bound	CHEM		ACTIVE	Insulin Free+Bnd SerPl Ql	Insulin Free+Bound [Presence] in Serum or Plasma	Insulin Free+Bound Ql		Insulin Free+Bnd
89324-8	Insulin.intact	CHEM	Intact insulin in serum is primarily measured for the assessment of insulin resistant syndromes and diagnosis of glycemic disorders in patients with diabetes and pre-diabetes. This assay detects only intact insulin (not fragments of insulin). For the measure of total insulin (assays that may detect intact insulin as well as fragments of insulin and proinsulin), LOINC uses "Insulin" in the Component name.	ACTIVE	Insulin intact Ser LC/MS/MS-aCnc	Insulin intact [Units/volume] in Serum by LC/MS/MS	Insulin intact LC/MS/MS Qn (S)		Insulin intact
12722-5	Insulin-like growth factor binding protein 1	CHEM		ACTIVE	IGF BP1 SerPl-mCnc	Insulin-like growth factor binding protein 1 [Mass/volume] in Serum or Plasma	Insulin-like growth factor binding protein 1 [Mass/Vol]		IGFBP1
12722-5	Insulin-like growth factor binding protein 1	CHEM		ACTIVE	IGF BP1 SerPl-mCnc	Insulin-like growth factor binding protein 1 [Mass/volume] in Serum or Plasma	Insulin-like growth factor binding protein 1 [Mass/Vol]		IGF BP
12722-5	Insulin-like growth factor binding protein 1	CHEM		ACTIVE	IGF BP1 SerPl-mCnc	Insulin-like growth factor binding protein 1 [Mass/volume] in Serum or Plasma	Insulin-like growth factor binding protein 1 [Mass/Vol]		IGF BP1
12722-5	Insulin-like growth factor binding protein 1	CHEM		ACTIVE	IGF BP1 SerPl-mCnc	Insulin-like growth factor binding protein 1 [Mass/volume] in Serum or Plasma	Insulin-like growth factor binding protein 1 [Mass/Vol]		IGFBP
12722-5	Insulin-like growth factor binding protein 1	CHEM		ACTIVE	IGF BP1 SerPl-mCnc	Insulin-like growth factor binding protein 1 [Mass/volume] in Serum or Plasma	Insulin-like growth factor binding protein 1 [Mass/Vol]		IGFBP-1
12723-3	Insulin-like growth factor binding protein 2	CHEM		ACTIVE	IGF BP2 SerPl-mCnc	Insulin-like growth factor binding protein 2 [Mass/volume] in Serum or Plasma	Insulin-like growth factor binding protein 2 [Mass/Vol]		IGF BP2
2483-6	Insulin-like growth factor binding protein 3	CHEM		ACTIVE	IGF BP3 SerPl-mCnc	Insulin-like growth factor binding protein 3 [Mass/volume] in Serum or Plasma	Insulin-like growth factor binding protein 3 [Mass/Vol]		IGF BP3
38491-7	Insulin-like growth factor binding protein 3.acid labile	CHEM		ACTIVE	IGF BP3 AL SerPl-mCnc	Insulin-like growth factor binding protein 3.acid labile [Mass/volume] in Serum or Plasma	Insulin-like growth factor binding protein 3.acid labile [Mass/Vol]		IGF BP3 AL
2485-1	Insulin-like growth factor-II	CHEM		ACTIVE	IGF-II SerPl-mCnc	Insulin-like growth factor-II [Mass/volume] in Serum or Plasma	Insulin-like growth factor-II [Mass/Vol]		IGF-II
2485-1	Insulin-like growth factor-II	CHEM		ACTIVE	IGF-II SerPl-mCnc	Insulin-like growth factor-II [Mass/volume] in Serum or Plasma	Insulin-like growth factor-II [Mass/Vol]		IGF2
2485-1	Insulin-like growth factor-II	CHEM		ACTIVE	IGF-II SerPl-mCnc	Insulin-like growth factor-II [Mass/volume] in Serum or Plasma	Insulin-like growth factor-II [Mass/Vol]		Factor 2
2485-1	Insulin-like growth factor-II	CHEM		ACTIVE	IGF-II SerPl-mCnc	Insulin-like growth factor-II [Mass/volume] in Serum or Plasma	Insulin-like growth factor-II [Mass/Vol]		FII
72693-5	Insulin-like growth factor-II.high molecular weight	CHEM		ACTIVE	Big IGF-II SerPl-mCnc	Insulin-like growth factor-II.high molecular weight [Mass/volume] in Serum or Plasma	Insulin-like growth factor-II.high molecular weight [Mass/Vol]		Big big IGF2
72693-5	Insulin-like growth factor-II.high molecular weight	CHEM		ACTIVE	Big IGF-II SerPl-mCnc	Insulin-like growth factor-II.high molecular weight [Mass/volume] in Serum or Plasma	Insulin-like growth factor-II.high molecular weight [Mass/Vol]		Big big IGF-2
72693-5	Insulin-like growth factor-II.high molecular weight	CHEM		ACTIVE	Big IGF-II SerPl-mCnc	Insulin-like growth factor-II.high molecular weight [Mass/volume] in Serum or Plasma	Insulin-like growth factor-II.high molecular weight [Mass/Vol]		Big IGF2
72693-5	Insulin-like growth factor-II.high molecular weight	CHEM		ACTIVE	Big IGF-II SerPl-mCnc	Insulin-like growth factor-II.high molecular weight [Mass/volume] in Serum or Plasma	Insulin-like growth factor-II.high molecular weight [Mass/Vol]		Big IGF-2
72693-5	Insulin-like growth factor-II.high molecular weight	CHEM		ACTIVE	Big IGF-II SerPl-mCnc	Insulin-like growth factor-II.high molecular weight [Mass/volume] in Serum or Plasma	Insulin-like growth factor-II.high molecular weight [Mass/Vol]		Big IGF-II
72693-5	Insulin-like growth factor-II.high molecular weight	CHEM		ACTIVE	Big IGF-II SerPl-mCnc	Insulin-like growth factor-II.high molecular weight [Mass/volume] in Serum or Plasma	Insulin-like growth factor-II.high molecular weight [Mass/Vol]		pro-IGF2-(E1-21)
92845-7	Insulin resistance score	CHEM	This term was created for Quest Diagnostics CardioIQ insulin resistance score, which is part of the CardioIQ Insulin resistance panel. The insulin resistance score is calculated using a proprietary formula that is based on fasting insulin and C-peptide levels. The score can range from 0-100 and a score of less than 33 represents normal insulin sensitivity. Scores of 33-66 and greater than 66 are associated with a greater than 4-fold and greater than 15-fold increased risk, respectively, of having insulin resistance compared to patients with a score of less than 33.	ACTIVE	Insulin resist score Ser Calc.CardioIQ	Insulin resistance score in Serum by Calculated.CardioIQ	Insulin resistance score Calculated.CardioIQ (S) [Score]		Calc.CardioIQ
93792-0	Insulin sensitivity index	CHEM		ACTIVE	Ins Sens Index SerPl Calc-Rto	Insulin sensitivity index in Serum or Plasma by calculation	Insulin sensitivity index Calc [Ratio]		Ins Sens Index
2487-7	Inter alpha trypsin inhibitor	CHEM		ACTIVE	Inter A-Trypsin Inhib Ser-mCnc	Inter alpha trypsin inhibitor [Mass/volume] in Serum	Inter alpha trypsin inhibitor (S) [Mass/Vol]		I alpha TI
2487-7	Inter alpha trypsin inhibitor	CHEM		ACTIVE	Inter A-Trypsin Inhib Ser-mCnc	Inter alpha trypsin inhibitor [Mass/volume] in Serum	Inter alpha trypsin inhibitor (S) [Mass/Vol]		Inter A-Trypsin Inhib
2487-7	Inter alpha trypsin inhibitor	CHEM		ACTIVE	Inter A-Trypsin Inhib Ser-mCnc	Inter alpha trypsin inhibitor [Mass/volume] in Serum	Inter alpha trypsin inhibitor (S) [Mass/Vol]		IaTI
17022-5	Interleukin 1+2	CHEM		DISCOURAGED	Il1+2 SerPl-aCnc	Interleukin 1+2 [Units/volume] in Serum or Plasma	Interleukin 1+2 Qn		Il1+2
12732-4	Interleukin 12	CHEM		DISCOURAGED	Il12 SerPl-aCnc	Interleukin 12 [Units/volume] in Serum or Plasma	Interleukin 12 Qn		IL12
12732-4	Interleukin 12	CHEM		DISCOURAGED	Il12 SerPl-aCnc	Interleukin 12 [Units/volume] in Serum or Plasma	Interleukin 12 Qn		Natural Killer Cell Stimulatory Factor
12732-4	Interleukin 12	CHEM		DISCOURAGED	Il12 SerPl-aCnc	Interleukin 12 [Units/volume] in Serum or Plasma	Interleukin 12 Qn		IL-12
12732-4	Interleukin 12	CHEM		DISCOURAGED	Il12 SerPl-aCnc	Interleukin 12 [Units/volume] in Serum or Plasma	Interleukin 12 Qn		Edodekin Alfa
33822-8	Interleukin 13	CHEM		ACTIVE	Il13 SerPl-mCnc	Interleukin 13 [Mass/volume] in Serum or Plasma	Interleukin 13 [Mass/Vol]		IL-13
33822-8	Interleukin 13	CHEM		ACTIVE	Il13 SerPl-mCnc	Interleukin 13 [Mass/volume] in Serum or Plasma	Interleukin 13 [Mass/Vol]		IL13
98104-3	Interleukin 15	CHEM		ACTIVE	IL-15 SerPl-mCnc	Interleukin 15 [Mass/volume] in Serum or Plasma	Interleukin 15 [Mass/Vol]		IL-15
98105-0	Interleukin 16	CHEM		ACTIVE	IL-16 SerPl-mCnc	Interleukin 16 [Mass/volume] in Serum or Plasma	Interleukin 16 [Mass/Vol]		IL-16
82334-4	Interleukin 17A	CHEM		ACTIVE	Il17A SerPl-mCnc	Interleukin 17A [Mass/volume] in Serum or Plasma	Interleukin 17A [Mass/Vol]		IL-17
82334-4	Interleukin 17A	CHEM		ACTIVE	Il17A SerPl-mCnc	Interleukin 17A [Mass/volume] in Serum or Plasma	Interleukin 17A [Mass/Vol]		IL 17
82334-4	Interleukin 17A	CHEM		ACTIVE	Il17A SerPl-mCnc	Interleukin 17A [Mass/volume] in Serum or Plasma	Interleukin 17A [Mass/Vol]		IL-17A
82334-4	Interleukin 17A	CHEM		ACTIVE	Il17A SerPl-mCnc	Interleukin 17A [Mass/volume] in Serum or Plasma	Interleukin 17A [Mass/Vol]		Il17A
98098-7	Interleukin 17F	CHEM		ACTIVE	IL-17F SerPl-mCnc	Interleukin 17F [Mass/volume] in Serum or Plasma	Interleukin 17F [Mass/Vol]		IL-17F
33823-6	Interleukin 18	CHEM		ACTIVE	Il18 SerPl-mCnc	Interleukin 18 [Mass/volume] in Serum or Plasma	Interleukin 18 [Mass/Vol]		Interferon-gamma-Inducing Factor
33823-6	Interleukin 18	CHEM		ACTIVE	Il18 SerPl-mCnc	Interleukin 18 [Mass/volume] in Serum or Plasma	Interleukin 18 [Mass/Vol]		IL18
33823-6	Interleukin 18	CHEM		ACTIVE	Il18 SerPl-mCnc	Interleukin 18 [Mass/volume] in Serum or Plasma	Interleukin 18 [Mass/Vol]		IFN-gamma-Inducing Factor
33823-6	Interleukin 18	CHEM		ACTIVE	Il18 SerPl-mCnc	Interleukin 18 [Mass/volume] in Serum or Plasma	Interleukin 18 [Mass/Vol]		IL-18
33821-0	Interleukin 1 alpha	CHEM		ACTIVE	Il1Alpha SerPl-mCnc	Interleukin 1 alpha [Mass/volume] in Serum or Plasma	Interleukin 1 alpha [Mass/Vol]		Il1Alpha
33821-0	Interleukin 1 alpha	CHEM		ACTIVE	Il1Alpha SerPl-mCnc	Interleukin 1 alpha [Mass/volume] in Serum or Plasma	Interleukin 1 alpha [Mass/Vol]		IL-1a
33821-0	Interleukin 1 alpha	CHEM		ACTIVE	Il1Alpha SerPl-mCnc	Interleukin 1 alpha [Mass/volume] in Serum or Plasma	Interleukin 1 alpha [Mass/Vol]		IL-1α
13629-1	Interleukin 1 beta	CHEM		ACTIVE	Il1Beta SerPl-mCnc	Interleukin 1 beta [Mass/volume] in Serum or Plasma	Interleukin 1 beta [Mass/Vol]		IL-1
13629-1	Interleukin 1 beta	CHEM		ACTIVE	Il1Beta SerPl-mCnc	Interleukin 1 beta [Mass/volume] in Serum or Plasma	Interleukin 1 beta [Mass/Vol]		CG Antigen-Specific Helper Factor
13629-1	Interleukin 1 beta	CHEM		ACTIVE	Il1Beta SerPl-mCnc	Interleukin 1 beta [Mass/volume] in Serum or Plasma	Interleukin 1 beta [Mass/Vol]		Epidermal Cell Derived Thymocyte-Activating Factor
13629-1	Interleukin 1 beta	CHEM		ACTIVE	Il1Beta SerPl-mCnc	Interleukin 1 beta [Mass/volume] in Serum or Plasma	Interleukin 1 beta [Mass/Vol]		ETAF
13629-1	Interleukin 1 beta	CHEM		ACTIVE	Il1Beta SerPl-mCnc	Interleukin 1 beta [Mass/volume] in Serum or Plasma	Interleukin 1 beta [Mass/Vol]		IL1
13629-1	Interleukin 1 beta	CHEM		ACTIVE	Il1Beta SerPl-mCnc	Interleukin 1 beta [Mass/volume] in Serum or Plasma	Interleukin 1 beta [Mass/Vol]		IL-1B
13629-1	Interleukin 1 beta	CHEM		ACTIVE	Il1Beta SerPl-mCnc	Interleukin 1 beta [Mass/volume] in Serum or Plasma	Interleukin 1 beta [Mass/Vol]		Il1Beta
13629-1	Interleukin 1 beta	CHEM		ACTIVE	Il1Beta SerPl-mCnc	Interleukin 1 beta [Mass/volume] in Serum or Plasma	Interleukin 1 beta [Mass/Vol]		IL-1β
13629-1	Interleukin 1 beta	CHEM		ACTIVE	Il1Beta SerPl-mCnc	Interleukin 1 beta [Mass/volume] in Serum or Plasma	Interleukin 1 beta [Mass/Vol]		Lymphocyte-Activating Factor
13629-1	Interleukin 1 beta	CHEM		ACTIVE	Il1Beta SerPl-mCnc	Interleukin 1 beta [Mass/volume] in Serum or Plasma	Interleukin 1 beta [Mass/Vol]		Lymphocyte-Stimulating Hormone
13629-1	Interleukin 1 beta	CHEM		ACTIVE	Il1Beta SerPl-mCnc	Interleukin 1 beta [Mass/volume] in Serum or Plasma	Interleukin 1 beta [Mass/Vol]		Macrophage Cell Factor
13629-1	Interleukin 1 beta	CHEM		ACTIVE	Il1Beta SerPl-mCnc	Interleukin 1 beta [Mass/volume] in Serum or Plasma	Interleukin 1 beta [Mass/Vol]		T Helper Factor
55926-0	Interleukin 1 receptor alpha chain	CHEM		ACTIVE	Il2RecepA SerPl-mCnc	Interleukin 1 receptor alpha chain [Mass/volume] in Serum or Plasma	Interleukin 1 receptor alpha chain [Mass/Vol]		Il2RecepA
55927-8	Interleukin 1 receptor alpha chain.soluble	CHEM		ACTIVE	Sol IL1RA SerPl-mCnc	Interleukin 1 receptor alpha chain soluble [Mass/volume] in Serum or Plasma	Interleukin 1 receptor alpha chain soluble [Mass/Vol]		Sol IL1RA
98099-5	Interleukin 21	CHEM		ACTIVE	IL-21 SerPl-mCnc	Interleukin 21 [Mass/volume] in Serum or Plasma	Interleukin 21 [Mass/Vol]		IL-21
98100-1	Interleukin 22	CHEM		ACTIVE	IL-22 SerPl-mCnc	Interleukin 22 [Mass/volume] in Serum or Plasma	Interleukin 22 [Mass/Vol]		IL-22
98101-9	Interleukin 23	CHEM		ACTIVE	IL-23 SerPl-mCnc	Interleukin 23 [Mass/volume] in Serum or Plasma	Interleukin 23 [Mass/Vol]		IL-23
23884-0	Interleukin 2 receptor	CHEM		ACTIVE	Il2Recep Tiss Ql ICA	Interleukin 2 receptor [Presence] in Tissue by Immunocytochemical assay	Interleukin 2 receptor Immunocytochemical assay Ql (Tiss)		Immunocytochemical assay
44422-4	Interleukin 2 receptor alpha chain.soluble	CHEM		ACTIVE	Sol IL2RA SerPl-aCnc	Interleukin 2 receptor alpha chain soluble [Units/volume] in Serum or Plasma	Interleukin 2 receptor alpha chain soluble Qn		IL-2 sRα
44422-4	Interleukin 2 receptor alpha chain.soluble	CHEM		ACTIVE	Sol IL2RA SerPl-aCnc	Interleukin 2 receptor alpha chain soluble [Units/volume] in Serum or Plasma	Interleukin 2 receptor alpha chain soluble Qn		Sol IL2RA
4652-4	Interleukin 3	CHEM		DISCOURAGED	Il3 SerPl-aCnc	Interleukin 3 [Units/volume] in Serum or Plasma	Interleukin 3 Qn		Burst-Promoting Factor, Erythrocyte
4652-4	Interleukin 3	CHEM		DISCOURAGED	Il3 SerPl-aCnc	Interleukin 3 [Units/volume] in Serum or Plasma	Interleukin 3 Qn		IL-3
4652-4	Interleukin 3	CHEM		DISCOURAGED	Il3 SerPl-aCnc	Interleukin 3 [Units/volume] in Serum or Plasma	Interleukin 3 Qn		IL3
4652-4	Interleukin 3	CHEM		DISCOURAGED	Il3 SerPl-aCnc	Interleukin 3 [Units/volume] in Serum or Plasma	Interleukin 3 Qn		Eosinophil-Mast Cell Growth-Factor
4652-4	Interleukin 3	CHEM		DISCOURAGED	Il3 SerPl-aCnc	Interleukin 3 [Units/volume] in Serum or Plasma	Interleukin 3 Qn		Colony-Stimulating Factor, Multipotential
4652-4	Interleukin 3	CHEM		DISCOURAGED	Il3 SerPl-aCnc	Interleukin 3 [Units/volume] in Serum or Plasma	Interleukin 3 Qn		Colony-Stimulating Factor, Mast-Cell
4652-4	Interleukin 3	CHEM		DISCOURAGED	Il3 SerPl-aCnc	Interleukin 3 [Units/volume] in Serum or Plasma	Interleukin 3 Qn		Colony-Stimulating Factor 2 Alpha
4652-4	Interleukin 3	CHEM		DISCOURAGED	Il3 SerPl-aCnc	Interleukin 3 [Units/volume] in Serum or Plasma	Interleukin 3 Qn		P-Cell Stimulating Factor
98096-1	Interleukin 33	CHEM		ACTIVE	IL-33 SerPl-mCnc	Interleukin 33 [Mass/volume] in Serum or Plasma	Interleukin 33 [Mass/Vol]		IL-33
27161-9	Interleukin 4	CHEM		ACTIVE	Il4 SerPl-mCnc	Interleukin 4 [Mass/volume] in Serum or Plasma	Interleukin 4 [Mass/Vol]		B-Cell Proliferating Factor
27161-9	Interleukin 4	CHEM		ACTIVE	Il4 SerPl-mCnc	Interleukin 4 [Mass/volume] in Serum or Plasma	Interleukin 4 [Mass/Vol]		B-Cell Stimulatory Factor-1
27161-9	Interleukin 4	CHEM		ACTIVE	Il4 SerPl-mCnc	Interleukin 4 [Mass/volume] in Serum or Plasma	Interleukin 4 [Mass/Vol]		Mast Cell Growth Factor-2
27161-9	Interleukin 4	CHEM		ACTIVE	Il4 SerPl-mCnc	Interleukin 4 [Mass/volume] in Serum or Plasma	Interleukin 4 [Mass/Vol]		Binetrakin
27161-9	Interleukin 4	CHEM		ACTIVE	Il4 SerPl-mCnc	Interleukin 4 [Mass/volume] in Serum or Plasma	Interleukin 4 [Mass/Vol]		IL4
27161-9	Interleukin 4	CHEM		ACTIVE	Il4 SerPl-mCnc	Interleukin 4 [Mass/volume] in Serum or Plasma	Interleukin 4 [Mass/Vol]		B-Cell Growth Factor-I
27161-9	Interleukin 4	CHEM		ACTIVE	Il4 SerPl-mCnc	Interleukin 4 [Mass/volume] in Serum or Plasma	Interleukin 4 [Mass/Vol]		IL-4
27161-9	Interleukin 4	CHEM		ACTIVE	Il4 SerPl-mCnc	Interleukin 4 [Mass/volume] in Serum or Plasma	Interleukin 4 [Mass/Vol]		B-Cell Stimulating Factor-1
17023-3	Interleukin 7	CHEM		DEPRECATED	Deprecated Il7 Ser-aCnc	Deprecated Interleukin 7 [Units/volume] in Serum or Plasma	Interleukin 7 Qn (S)		Lymphopoietin-1
17023-3	Interleukin 7	CHEM		DEPRECATED	Deprecated Il7 Ser-aCnc	Deprecated Interleukin 7 [Units/volume] in Serum or Plasma	Interleukin 7 Qn (S)		IL-7
17023-3	Interleukin 7	CHEM		DEPRECATED	Deprecated Il7 Ser-aCnc	Deprecated Interleukin 7 [Units/volume] in Serum or Plasma	Interleukin 7 Qn (S)		IL7
33211-4	Interleukin 8	CHEM		ACTIVE	Il8 SerPl-mCnc	Interleukin 8 [Mass/volume] in Serum or Plasma	Interleukin 8 [Mass/Vol]		IL-8
33211-4	Interleukin 8	CHEM		ACTIVE	Il8 SerPl-mCnc	Interleukin 8 [Mass/volume] in Serum or Plasma	Interleukin 8 [Mass/Vol]		Il8
33211-4	Interleukin 8	CHEM		ACTIVE	Il8 SerPl-mCnc	Interleukin 8 [Mass/volume] in Serum or Plasma	Interleukin 8 [Mass/Vol]		Chemotactic Factor, Neutrophil, Monocyte-Derived
33211-4	Interleukin 8	CHEM		ACTIVE	Il8 SerPl-mCnc	Interleukin 8 [Mass/volume] in Serum or Plasma	Interleukin 8 [Mass/Vol]		Anionic Neutrophil-Activating Peptide
33211-4	Interleukin 8	CHEM		ACTIVE	Il8 SerPl-mCnc	Interleukin 8 [Mass/volume] in Serum or Plasma	Interleukin 8 [Mass/Vol]		Chemotactic Factor, Neutrophil
33211-4	Interleukin 8	CHEM		ACTIVE	Il8 SerPl-mCnc	Interleukin 8 [Mass/volume] in Serum or Plasma	Interleukin 8 [Mass/Vol]		Chemotactic Factor, Macrophage-Derived
33211-4	Interleukin 8	CHEM		ACTIVE	Il8 SerPl-mCnc	Interleukin 8 [Mass/volume] in Serum or Plasma	Interleukin 8 [Mass/Vol]		Neutrophil-Activating Peptides, Fibroblast-Derived
33211-4	Interleukin 8	CHEM		ACTIVE	Il8 SerPl-mCnc	Interleukin 8 [Mass/volume] in Serum or Plasma	Interleukin 8 [Mass/Vol]		Neutrophil-Activating Peptide, Monocyte-Derived
33211-4	Interleukin 8	CHEM		ACTIVE	Il8 SerPl-mCnc	Interleukin 8 [Mass/volume] in Serum or Plasma	Interleukin 8 [Mass/Vol]		Neutrophil-Activating Peptide, Lymphocyte-Derived
33211-4	Interleukin 8	CHEM		ACTIVE	Il8 SerPl-mCnc	Interleukin 8 [Mass/volume] in Serum or Plasma	Interleukin 8 [Mass/Vol]		Neutrophil Activation Factor
33211-4	Interleukin 8	CHEM		ACTIVE	Il8 SerPl-mCnc	Interleukin 8 [Mass/volume] in Serum or Plasma	Interleukin 8 [Mass/Vol]		Leukocyte Adhesion Inhibitor
98103-5	Interleukin 9	CHEM		ACTIVE	IL-9 SerPl-mCnc	Interleukin 9 [Mass/volume] in Serum or Plasma	Interleukin 9 [Mass/Vol]		IL-9
13169-8	Interpretation	CHEM		ACTIVE	Interpretation SerPl IEP-Imp	Immunoelectrophoresis for Serum or Plasma	Interpretation IEP [Interp]		IEP
13169-8	Interpretation	CHEM		ACTIVE	Interpretation SerPl IEP-Imp	Immunoelectrophoresis for Serum or Plasma	Interpretation IEP [Interp]		SIE
13169-8	Interpretation	CHEM		ACTIVE	Interpretation SerPl IEP-Imp	Immunoelectrophoresis for Serum or Plasma	Interpretation IEP [Interp]		Immunoelect
13169-8	Interpretation	CHEM		ACTIVE	Interpretation SerPl IEP-Imp	Immunoelectrophoresis for Serum or Plasma	Interpretation IEP [Interp]		Imm elect
13169-8	Interpretation	CHEM		ACTIVE	Interpretation SerPl IEP-Imp	Immunoelectrophoresis for Serum or Plasma	Interpretation IEP [Interp]		SIEP
75630-4	Interstitial collagenase	CHEM		ACTIVE	MMP-1 SerPl-mCnc	Interstitial collagenase [Mass/volume] in Serum or Plasma	Interstitial collagenase [Mass/Vol]		Matrix metalloproteinase 1
75630-4	Interstitial collagenase	CHEM		ACTIVE	MMP-1 SerPl-mCnc	Interstitial collagenase [Mass/volume] in Serum or Plasma	Interstitial collagenase [Mass/Vol]		MMP-1
75630-4	Interstitial collagenase	CHEM		ACTIVE	MMP-1 SerPl-mCnc	Interstitial collagenase [Mass/volume] in Serum or Plasma	Interstitial collagenase [Mass/Vol]		MMP1
75630-4	Interstitial collagenase	CHEM		ACTIVE	MMP-1 SerPl-mCnc	Interstitial collagenase [Mass/volume] in Serum or Plasma	Interstitial collagenase [Mass/Vol]		Fibroblast collagenase
105178-8	Invasive Trophoblast Ag	CHEM		ACTIVE	ITA tiss Ql ImStn	Invasive trophoblast Ag [Presence] in Tissue by Immune stain	Invasive trophoblast Ag Immune stain Ql (Tiss)		ITA
105178-8	Invasive Trophoblast Ag	CHEM		ACTIVE	ITA tiss Ql ImStn	Invasive trophoblast Ag [Presence] in Tissue by Immune stain	Invasive trophoblast Ag Immune stain Ql (Tiss)		Hyperglycosylated hCG
11220-1	Iodine.free	CHEM		ACTIVE	Iodine Free 24h Ur-mRate	Iodine Free [Mass/time] in 24 hour Urine	Iodine Free (24H U) [Mass/Time]		Iodine Free
17024-1	Iodine.inorganic	CHEM		ACTIVE	Inorg Iodine SerPl-mCnc	Iodine.inorganic [Mass/volume] in Serum or Plasma	Iodine.inorganic [Mass/Vol]		Inorg Iodine
10878-7	Iodine.protein bound	CHEM		ACTIVE	PB Iodine SerPl-mCnc	Iodine.protein bound [Mass/volume] in Serum or Plasma	Iodine.protein bound [Mass/Vol]		PB Iodine
2503-1	Iron.chelated	CHEM		ACTIVE	Iron Chelated Ur-mCnc	Iron.chelated [Mass/volume] in Urine	Iron.chelated (U) [Mass/Vol]		Iron Chelated
14801-5	Iron saturation	CHEM		ACTIVE	Iron Satn SFr SerPl	Iron saturation [Molar fraction] in Serum or Plasma	Iron saturation [Molar fraction]		Transferrin saturation
14801-5	Iron saturation	CHEM		ACTIVE	Iron Satn SFr SerPl	Iron saturation [Molar fraction] in Serum or Plasma	Iron saturation [Molar fraction]		Iron/Iron binding capacity.total
14801-5	Iron saturation	CHEM		ACTIVE	Iron Satn SFr SerPl	Iron saturation [Molar fraction] in Serum or Plasma	Iron saturation [Molar fraction]		Iron Satn
14801-5	Iron saturation	CHEM		ACTIVE	Iron Satn SFr SerPl	Iron saturation [Molar fraction] in Serum or Plasma	Iron saturation [Molar fraction]		FE/TIBC
2506-4	Isocitrate dehydrogenase	CHEM		ACTIVE	Isocitrate Dehydrog SerPl-cCnc	Isocitrate dehydrogenase [Enzymatic activity/volume] in Serum or Plasma	Isocitrate dehydrogenase [Catalytic activity/Vol]		ICD
23885-7	Isoheptacarboxylporphyrin	CHEM	XXX can be 24, 48 or 72 hours	ACTIVE	Isohepta-CP ?Tm Stl-mRate	Isoheptacarboxylporphyrin [Mass/time] in unspecified time Stool	Isoheptacarboxylporphyrin Unsp time (Stl) [Mass/Time]		Isohepta-CP
23886-5	Isohexacarboxylporphyrin	CHEM	XXX can be 24, 48 or 72 hours	ACTIVE	Isohexa-CP ?Tm Stl-mRate	Isohexacarboxylporphyrin [Mass/time] in unspecified time Stool	Isohexacarboxylporphyrin Unsp time (Stl) [Mass/Time]		Isohexa-CP
13402-3	Isoleucine	CHEM		ACTIVE	Isoleucine Amn-mCnc	Isoleucine [Mass/volume] in Amniotic fluid	Isoleucine (Amn fld) [Mass/Vol]		Ile
15131-6	Isoleucine+Leucine	CHEM		ACTIVE	Ile+Leu SerPl Ql	Isoleucine+Leucine [Presence] in Serum or Plasma	Isoleucine+Leucine Ql		Ile+Leu
29640-0	Isomaltase	CHEM		ACTIVE	Isomaltase Tiss-cCnt	Isomaltase [Enzymatic activity/mass] in Tissue	Isomaltase (Tiss) [Catalytic activity/Mass]		Alpha dextrinase
23887-3	Isopentacarboxylporphyrin	CHEM	XXX can be 24, 48 or 72 hours	ACTIVE	Isopenta-CP ?Tm Stl-mRate	Isopentacarboxylporphyrin [Mass/time] in unspecified time Stool	Isopentacarboxylporphyrin Unsp time (Stl) [Mass/Time]		Isopenta-CP
33622-2	Isotricarboxylporphyrin	CHEM		ACTIVE	Isotri-CP 24h Stl-mRate	Isotricarboxylporphyrin [Mass/time] in 24 hour Stool	Isotricarboxylporphyrin (24H Stl) [Mass/Time]		Isotri-CP
46742-3	Isovaleric acidemia &or 2-Methylbutyric acidemia	CHEM		DISCOURAGED	IVA/2-Me-butyr Acidemia DBS-Imp	Isovaleric Acidemia/2-Methylbutyric Acidemia newborn screen interpretation	Isovaleric Acidemia/2-Methylbutyric Acidemia (DBS) [Interp]		IVA
46742-3	Isovaleric acidemia &or 2-Methylbutyric acidemia	CHEM		DISCOURAGED	IVA/2-Me-butyr Acidemia DBS-Imp	Isovaleric Acidemia/2-Methylbutyric Acidemia newborn screen interpretation	Isovaleric Acidemia/2-Methylbutyric Acidemia (DBS) [Interp]		IVA/2-Me-butyr Acidemia
18441-6	Isovalerylcarnitine (C5)	CHEM		DISCOURAGED	Isovalerylcarn SerPl-mCnc	Isovalerylcarnitine (C5) [Mass/volume] in Serum or Plasma	C5 [Mass/Vol]		C5
30531-8	Isovalerylcarnitine+Methylbutyrylcarnitine (C5)	CHEM		ACTIVE	Isovaleryl+MeButyrylcarn SerPl-sCnc	Isovalerylcarnitine+Methylbutyrylcarnitine (C5) [Moles/volume] in Serum or Plasma	Isovalerylcarnitine+Methylbutyrylcarnitine (C5) [Moles/Vol]		Isovaleryl-2-Methylbutyrylcarnitine
30531-8	Isovalerylcarnitine+Methylbutyrylcarnitine (C5)	CHEM		ACTIVE	Isovaleryl+MeButyrylcarn SerPl-sCnc	Isovalerylcarnitine+Methylbutyrylcarnitine (C5) [Moles/volume] in Serum or Plasma	Isovalerylcarnitine+Methylbutyrylcarnitine (C5) [Moles/Vol]		Isovaleryl+MeButyrylcarn
24463-2	Keratan sulfate	CHEM		ACTIVE	Keratan Sulfate Ur Ql	Keratan sulfate [Presence] in Urine	Keratan sulfate Ql (U)		keratosulfate
24463-2	Keratan sulfate	CHEM		ACTIVE	Keratan Sulfate Ur Ql	Keratan sulfate [Presence] in Urine	Keratan sulfate Ql (U)		Chondroitin sulfate B
85624-5	Kidney failure 2Y risk	CHEM	The two-year "treated kidney failure" risk as calculated by the Kidney Failure Risk Equation (KFRE), for patients with chronic kidney disease stages 3 to 5. "Treated kidney failure" is defined as kidney failure that is treated with either dialysis or kidney transplant. The KFRE includes the following variables: patient age, sex, estimated glomerular filtration rate (eGFR), and urinary albumin-creatinine ratio (ACR). In this model, all variables are time-independent, in that the baseline measurement is used for all calculations. [PMID: 26757465]	ACTIVE	Kidney fail 2Y risk KFRE.dynamic	Kidney failure 2-year risk [Likelihood] by KFRE	Kidney failure 2-year risk KFRE Qn		Kidney Failure Risk Equation - dynamic
85624-5	Kidney failure 2Y risk	CHEM	The two-year "treated kidney failure" risk as calculated by the Kidney Failure Risk Equation (KFRE), for patients with chronic kidney disease stages 3 to 5. "Treated kidney failure" is defined as kidney failure that is treated with either dialysis or kidney transplant. The KFRE includes the following variables: patient age, sex, estimated glomerular filtration rate (eGFR), and urinary albumin-creatinine ratio (ACR). In this model, all variables are time-independent, in that the baseline measurement is used for all calculations. [PMID: 26757465]	ACTIVE	Kidney fail 2Y risk KFRE.dynamic	Kidney failure 2-year risk [Likelihood] by KFRE	Kidney failure 2-year risk KFRE Qn		Kidney fail 2Y risk
85625-2	Kidney failure 5Y risk	CHEM	The five-year "treated kidney failure" risk as calculated by the Kidney Failure Risk Equation (KFRE), for patients with chronic kidney disease stages 3 to 5. "Treated kidney failure" is defined as kidney failure that is treated with either dialysis or kidney transplant. The KFRE includes the following variables: patient age, sex, estimated glomerular filtration rate (eGFR), and urinary albumin-creatinine ratio (ACR). In this model, all variables are time-independent, in that the baseline measurement is used for all calculations. [PMID: 26757465]	ACTIVE	Kidney fail 5Y risk KFRE.dynamic	Kidney failure 5-year risk [Likelihood] by KFRE	Kidney failure 5-year risk KFRE Qn		Kidney fail 5Y risk
62309-0	Krabbe disease newborn screening comment-discussion	CHEM		ACTIVE	Krabbe disease NBS comment	Krabbe disease newborn screening comment-discussion	Krabbe disease newborn screening comment-discussion Nar (DBS)		Krabbe disease NBS comment-
93369-7	Krebs von den Lungen-6	CHEM		ACTIVE	KL-6 SerPl IA-aCnc	Krebs von den Lungen-6 [Units/volume] in Serum or Plasma by Immunoassay	KL-6 IA Qn		KL-6
93369-7	Krebs von den Lungen-6	CHEM		ACTIVE	KL-6 SerPl IA-aCnc	Krebs von den Lungen-6 [Units/volume] in Serum or Plasma by Immunoassay	KL-6 IA Qn		Mucin, Muc1
93369-7	Krebs von den Lungen-6	CHEM		ACTIVE	KL-6 SerPl IA-aCnc	Krebs von den Lungen-6 [Units/volume] in Serum or Plasma by Immunoassay	KL-6 IA Qn		Disease, Interstitial Lung
93369-7	Krebs von den Lungen-6	CHEM		ACTIVE	KL-6 SerPl IA-aCnc	Krebs von den Lungen-6 [Units/volume] in Serum or Plasma by Immunoassay	KL-6 IA Qn		Diseases, Interstitial Lung
101993-4	Kynurenate/Creatinine	CHEM		ACTIVE	KYN/Creat Ur	Kynurenate/Creatinine [Mass Ratio] in Urine	Kynurenate/Creatinine (U) [Mass ratio]		KYN
101993-4	Kynurenate/Creatinine	CHEM		ACTIVE	KYN/Creat Ur	Kynurenate/Creatinine [Mass Ratio] in Urine	Kynurenate/Creatinine (U) [Mass ratio]		Kynurenic acid
101993-4	Kynurenate/Creatinine	CHEM		ACTIVE	KYN/Creat Ur	Kynurenate/Creatinine [Mass Ratio] in Urine	Kynurenate/Creatinine (U) [Mass ratio]		KYNA
53470-1	Kynurenin	CHEM		ACTIVE	Kynurenin SerPl-sCnc	Kynurenin [Moles/volume] in Serum or Plasma	Kynurenin [Moles/Vol]		Kynurenine
14803-1	Lactate dehydrogenase	CHEM		ACTIVE	LDH Fld L to P-cCnc	Lactate dehydrogenase [Enzymatic activity/volume] in Body fluid by Lactate to pyruvate reaction	LDH Lactate to pyruvate reaction (Body fld) [Catalytic activity/Vol]		L to P
14805-6	Lactate dehydrogenase	CHEM	Ortho measures piruvate lactate which is three times higher than the reaction going the other direction.	ACTIVE	LDH SerPl P to L-cCnc	Lactate dehydrogenase [Enzymatic activity/volume] in Serum or Plasma by Pyruvate to lactate reaction	LDH Pyruvate to lactate reaction [Catalytic activity/Vol]		P to L
2535-3	Lactate dehydrogenase 1	CHEM	What is this methodology as chemical?	ACTIVE	LDH1 SerPl Chem Sepn-cCnc	Lactate dehydrogenase 1 [Enzymatic activity/volume] in Serum or Plasma by Chemical separation	LDH 1 Chemical separation [Catalytic activity/Vol]		Chem Sepn
14119-2	Lactate dehydrogenase 1/Lactate dehydrogenase 2	CHEM		ACTIVE	LDH1/LDH2 SerPl-cRto	Lactate dehydrogenase 1/Lactate dehydrogenase 2 [Enzymatic activity ratio] in Serum or Plasma	LDH 1/LDH2 [Catalytic ratio]		Catalytic Concentration Ratio
14119-2	Lactate dehydrogenase 1/Lactate dehydrogenase 2	CHEM		ACTIVE	LDH1/LDH2 SerPl-cRto	Lactate dehydrogenase 1/Lactate dehydrogenase 2 [Enzymatic activity ratio] in Serum or Plasma	LDH 1/LDH2 [Catalytic ratio]		CCrto
14119-2	Lactate dehydrogenase 1/Lactate dehydrogenase 2	CHEM		ACTIVE	LDH1/LDH2 SerPl-cRto	Lactate dehydrogenase 1/Lactate dehydrogenase 2 [Enzymatic activity ratio] in Serum or Plasma	LDH 1/LDH2 [Catalytic ratio]		Enzymatic activity ratio
14119-2	Lactate dehydrogenase 1/Lactate dehydrogenase 2	CHEM		ACTIVE	LDH1/LDH2 SerPl-cRto	Lactate dehydrogenase 1/Lactate dehydrogenase 2 [Enzymatic activity ratio] in Serum or Plasma	LDH 1/LDH2 [Catalytic ratio]		Catalytic Ratio
104814-9	Lactate dehydrogenase 1/Lactate dehydrogenase.total	CHEM		ACTIVE	LDH1 CFr Ur	Lactate dehydrogenase 1/Lactate dehydrogenase.total in Urine	LDH 1 (U) [Catalytic fraction]		LD-1
104814-9	Lactate dehydrogenase 1/Lactate dehydrogenase.total	CHEM		ACTIVE	LDH1 CFr Ur	Lactate dehydrogenase 1/Lactate dehydrogenase.total in Urine	LDH 1 (U) [Catalytic fraction]		LD1
104814-9	Lactate dehydrogenase 1/Lactate dehydrogenase.total	CHEM		ACTIVE	LDH1 CFr Ur	Lactate dehydrogenase 1/Lactate dehydrogenase.total in Urine	LDH 1 (U) [Catalytic fraction]		Lactate dehydrogenase.fraction 1
104814-9	Lactate dehydrogenase 1/Lactate dehydrogenase.total	CHEM		ACTIVE	LDH1 CFr Ur	Lactate dehydrogenase 1/Lactate dehydrogenase.total in Urine	LDH 1 (U) [Catalytic fraction]		Catalytic Fraction
104814-9	Lactate dehydrogenase 1/Lactate dehydrogenase.total	CHEM		ACTIVE	LDH1 CFr Ur	Lactate dehydrogenase 1/Lactate dehydrogenase.total in Urine	LDH 1 (U) [Catalytic fraction]		LDH1
104814-9	Lactate dehydrogenase 1/Lactate dehydrogenase.total	CHEM		ACTIVE	LDH1 CFr Ur	Lactate dehydrogenase 1/Lactate dehydrogenase.total in Urine	LDH 1 (U) [Catalytic fraction]		LDH isoenzyme 1
13887-5	Lactate dehydrogenase 2/Lactate dehydrogenase.total	CHEM		ACTIVE	LDH2 CFr Ur Elph	Lactate dehydrogenase 2/Lactate dehydrogenase.total in Urine by Electrophoresis	LDH 2 Elph (U) [Catalytic fraction]		LDH isoenzyme 2
13887-5	Lactate dehydrogenase 2/Lactate dehydrogenase.total	CHEM		ACTIVE	LDH2 CFr Ur Elph	Lactate dehydrogenase 2/Lactate dehydrogenase.total in Urine by Electrophoresis	LDH 2 Elph (U) [Catalytic fraction]		LD-2
13887-5	Lactate dehydrogenase 2/Lactate dehydrogenase.total	CHEM		ACTIVE	LDH2 CFr Ur Elph	Lactate dehydrogenase 2/Lactate dehydrogenase.total in Urine by Electrophoresis	LDH 2 Elph (U) [Catalytic fraction]		LD2
13887-5	Lactate dehydrogenase 2/Lactate dehydrogenase.total	CHEM		ACTIVE	LDH2 CFr Ur Elph	Lactate dehydrogenase 2/Lactate dehydrogenase.total in Urine by Electrophoresis	LDH 2 Elph (U) [Catalytic fraction]		Lactate dehydrogenase.fraction 2
13887-5	Lactate dehydrogenase 2/Lactate dehydrogenase.total	CHEM		ACTIVE	LDH2 CFr Ur Elph	Lactate dehydrogenase 2/Lactate dehydrogenase.total in Urine by Electrophoresis	LDH 2 Elph (U) [Catalytic fraction]		LDH2
13888-3	Lactate dehydrogenase 3/Lactate dehydrogenase.total	CHEM		ACTIVE	LDH3 CFr Ur Elph	Lactate dehydrogenase 3/Lactate dehydrogenase.total in Urine by Electrophoresis	LDH 3 Elph (U) [Catalytic fraction]		Lactate dehydrogenase.fraction 3
13888-3	Lactate dehydrogenase 3/Lactate dehydrogenase.total	CHEM		ACTIVE	LDH3 CFr Ur Elph	Lactate dehydrogenase 3/Lactate dehydrogenase.total in Urine by Electrophoresis	LDH 3 Elph (U) [Catalytic fraction]		LD3
13888-3	Lactate dehydrogenase 3/Lactate dehydrogenase.total	CHEM		ACTIVE	LDH3 CFr Ur Elph	Lactate dehydrogenase 3/Lactate dehydrogenase.total in Urine by Electrophoresis	LDH 3 Elph (U) [Catalytic fraction]		LDH isoenzyme 3
13888-3	Lactate dehydrogenase 3/Lactate dehydrogenase.total	CHEM		ACTIVE	LDH3 CFr Ur Elph	Lactate dehydrogenase 3/Lactate dehydrogenase.total in Urine by Electrophoresis	LDH 3 Elph (U) [Catalytic fraction]		LDH3
13889-1	Lactate dehydrogenase 4/Lactate dehydrogenase.total	CHEM		ACTIVE	LDH4 CFr Ur Elph	Lactate dehydrogenase 4/Lactate dehydrogenase.total in Urine by Electrophoresis	LDH 4 Elph (U) [Catalytic fraction]		LDH isoenzyme 4
13889-1	Lactate dehydrogenase 4/Lactate dehydrogenase.total	CHEM		ACTIVE	LDH4 CFr Ur Elph	Lactate dehydrogenase 4/Lactate dehydrogenase.total in Urine by Electrophoresis	LDH 4 Elph (U) [Catalytic fraction]		LD4
13889-1	Lactate dehydrogenase 4/Lactate dehydrogenase.total	CHEM		ACTIVE	LDH4 CFr Ur Elph	Lactate dehydrogenase 4/Lactate dehydrogenase.total in Urine by Electrophoresis	LDH 4 Elph (U) [Catalytic fraction]		Lactate dehydrogenase.fraction 4
13889-1	Lactate dehydrogenase 4/Lactate dehydrogenase.total	CHEM		ACTIVE	LDH4 CFr Ur Elph	Lactate dehydrogenase 4/Lactate dehydrogenase.total in Urine by Electrophoresis	LDH 4 Elph (U) [Catalytic fraction]		LDH4
13890-9	Lactate dehydrogenase 5/Lactate dehydrogenase.total	CHEM		ACTIVE	LDH5 CFr Ur Elph	Lactate dehydrogenase 5/Lactate dehydrogenase.total in Urine by Electrophoresis	LDH 5 Elph (U) [Catalytic fraction]		LDH5
13890-9	Lactate dehydrogenase 5/Lactate dehydrogenase.total	CHEM		ACTIVE	LDH5 CFr Ur Elph	Lactate dehydrogenase 5/Lactate dehydrogenase.total in Urine by Electrophoresis	LDH 5 Elph (U) [Catalytic fraction]		LDH isoenzyme 5
13890-9	Lactate dehydrogenase 5/Lactate dehydrogenase.total	CHEM		ACTIVE	LDH5 CFr Ur Elph	Lactate dehydrogenase 5/Lactate dehydrogenase.total in Urine by Electrophoresis	LDH 5 Elph (U) [Catalytic fraction]		LD5
13890-9	Lactate dehydrogenase 5/Lactate dehydrogenase.total	CHEM		ACTIVE	LDH5 CFr Ur Elph	Lactate dehydrogenase 5/Lactate dehydrogenase.total in Urine by Electrophoresis	LDH 5 Elph (U) [Catalytic fraction]		Lactate dehydrogenase.fraction 5
75639-5	Lactate dehydrogenase.body fld/Lactate dehydrogenase.serum	CHEM	LDH body fluid to LDH serum ratio aids in determining whether a fluid is an exudate (actively secreted fluid, e.g. due to inflammation), or transudate (passively secreted fluid, due to high hydrostatic pressure or low oncotic pressure). The usual criterion is that a ratio of fluid LDH versus upper limit of normal serum LDH of more than 0.6 or 2⁄3 indicates an exudate, while a ratio of less indicates a transudate.	ACTIVE	LDH.body fld/SerPl	Lactate dehydrogenase in body fluid/Lactate dehydrogenase in serum	LDH.body fld/Lactate dehydrogenase in serum (Body fld+S/P) [Relative ratio]		LDH.body fld
49279-3	Lactate dehydrogenase isoenzymes	CHEM		ACTIVE	LDH Isos SerPl-Imp	Lactate dehydrogenase isoenzymes [Interpretation] in Serum or Plasma Narrative	LDH isoenzymes Nar [Interp]		LDH Isos
100742-6	Lactate dehydrogenase.macromolecular	CHEM		ACTIVE	LDH Macro SerPl Ql	Lactate dehydrogenase.macromolecular [Presence] in Serum or Plasma	Lactate dehydrogenase.macromolecular Ql		Lactic acid
100742-6	Lactate dehydrogenase.macromolecular	CHEM		ACTIVE	LDH Macro SerPl Ql	Lactate dehydrogenase.macromolecular [Presence] in Serum or Plasma	Lactate dehydrogenase.macromolecular Ql		Dehyrdogenase
100742-6	Lactate dehydrogenase.macromolecular	CHEM		ACTIVE	LDH Macro SerPl Ql	Lactate dehydrogenase.macromolecular [Presence] in Serum or Plasma	Lactate dehydrogenase.macromolecular Ql		Dehydrog
100742-6	Lactate dehydrogenase.macromolecular	CHEM		ACTIVE	LDH Macro SerPl Ql	Lactate dehydrogenase.macromolecular [Presence] in Serum or Plasma	Lactate dehydrogenase.macromolecular Ql		2-hydroxy-propionic acid
100742-6	Lactate dehydrogenase.macromolecular	CHEM		ACTIVE	LDH Macro SerPl Ql	Lactate dehydrogenase.macromolecular [Presence] in Serum or Plasma	Lactate dehydrogenase.macromolecular Ql		2-hydroxy-propionate
100742-6	Lactate dehydrogenase.macromolecular	CHEM		ACTIVE	LDH Macro SerPl Ql	Lactate dehydrogenase.macromolecular [Presence] in Serum or Plasma	Lactate dehydrogenase.macromolecular Ql		2-Hydroxypropanoic acid
100742-6	Lactate dehydrogenase.macromolecular	CHEM		ACTIVE	LDH Macro SerPl Ql	Lactate dehydrogenase.macromolecular [Presence] in Serum or Plasma	Lactate dehydrogenase.macromolecular Ql		L.D.H
100742-6	Lactate dehydrogenase.macromolecular	CHEM		ACTIVE	LDH Macro SerPl Ql	Lactate dehydrogenase.macromolecular [Presence] in Serum or Plasma	Lactate dehydrogenase.macromolecular Ql		L-lactate dehydrogenase
100742-6	Lactate dehydrogenase.macromolecular	CHEM		ACTIVE	LDH Macro SerPl Ql	Lactate dehydrogenase.macromolecular [Presence] in Serum or Plasma	Lactate dehydrogenase.macromolecular Ql		L-lactate
100742-6	Lactate dehydrogenase.macromolecular	CHEM		ACTIVE	LDH Macro SerPl Ql	Lactate dehydrogenase.macromolecular [Presence] in Serum or Plasma	Lactate dehydrogenase.macromolecular Ql		LDH Macro
100742-6	Lactate dehydrogenase.macromolecular	CHEM		ACTIVE	LDH Macro SerPl Ql	Lactate dehydrogenase.macromolecular [Presence] in Serum or Plasma	Lactate dehydrogenase.macromolecular Ql		LDH
100742-6	Lactate dehydrogenase.macromolecular	CHEM		ACTIVE	LDH Macro SerPl Ql	Lactate dehydrogenase.macromolecular [Presence] in Serum or Plasma	Lactate dehydrogenase.macromolecular Ql		LD
100742-6	Lactate dehydrogenase.macromolecular	CHEM		ACTIVE	LDH Macro SerPl Ql	Lactate dehydrogenase.macromolecular [Presence] in Serum or Plasma	Lactate dehydrogenase.macromolecular Ql		Lactic acid dehydrogenase
100742-6	Lactate dehydrogenase.macromolecular	CHEM		ACTIVE	LDH Macro SerPl Ql	Lactate dehydrogenase.macromolecular [Presence] in Serum or Plasma	Lactate dehydrogenase.macromolecular Ql		Lact
53933-8	Lactate dehydrogenase.pericard fld/Lactate dehydrogenase.serum	CHEM		ACTIVE	LDH Pcar/SerPl	Lactate dehydrogenase in pericardial fluid/Lactate dehydrogenase in serum	LDH in pericardial fluid/Lactate dehydrogenase in serum (Pericard fld+S/P) [Relative ratio]		LDH Pcar
53933-8	Lactate dehydrogenase.pericard fld/Lactate dehydrogenase.serum	CHEM		ACTIVE	LDH Pcar/SerPl	Lactate dehydrogenase in pericardial fluid/Lactate dehydrogenase in serum	LDH in pericardial fluid/Lactate dehydrogenase in serum (Pericard fld+S/P) [Relative ratio]		Pericard fld+SerPl
53934-6	Lactate dehydrogenase.periton fld/Lactate dehydrogenase.serum	CHEM		ACTIVE	LDH Prt/SerPl	Lactate dehydrogenase in peritoneal fluid/Lactate dehydrogenase in serum	LDH in peritoneal fluid/Lactate dehydrogenase in serum (Periton fld+S/P) [Relative ratio]		LDH Prt
53934-6	Lactate dehydrogenase.periton fld/Lactate dehydrogenase.serum	CHEM		ACTIVE	LDH Prt/SerPl	Lactate dehydrogenase in peritoneal fluid/Lactate dehydrogenase in serum	LDH in peritoneal fluid/Lactate dehydrogenase in serum (Periton fld+S/P) [Relative ratio]		Periton fld+SerPl
49930-1	Lactate dehydrogenase.plr fld/Lactate dehydrogenase.serum	CHEM		ACTIVE	LDH Plr/SerPl	Lactate dehydrogenase in pleural fluid/Lactate dehydrogenase in serum	LDH in pleural fluid/Lactate dehydrogenase in serum (S/P+Pleur fld) [Relative ratio]		LDH.serum
49930-1	Lactate dehydrogenase.plr fld/Lactate dehydrogenase.serum	CHEM		ACTIVE	LDH Plr/SerPl	Lactate dehydrogenase in pleural fluid/Lactate dehydrogenase in serum	LDH in pleural fluid/Lactate dehydrogenase in serum (S/P+Pleur fld) [Relative ratio]		LDH Plr
75740-1	Lathosterol	CHEM		ACTIVE	Lathosterol SerPl-mCnc	Lathosterol [Mass/volume] in Serum or Plasma	Lathosterol [Mass/Vol]		Lathosterolosis
35150-2	Laurate	CHEM		ACTIVE	Laurate SerPl-sCnc	Laurate (C12:0) [Moles/volume] in Serum or Plasma	Laurate (C12:0) [Moles/Vol]		Dodecanoate
35150-2	Laurate	CHEM		ACTIVE	Laurate SerPl-sCnc	Laurate (C12:0) [Moles/volume] in Serum or Plasma	Laurate (C12:0) [Moles/Vol]		C12:0
35150-2	Laurate	CHEM		ACTIVE	Laurate SerPl-sCnc	Laurate (C12:0) [Moles/volume] in Serum or Plasma	Laurate (C12:0) [Moles/Vol]		Lauric acid
35150-2	Laurate	CHEM		ACTIVE	Laurate SerPl-sCnc	Laurate (C12:0) [Moles/volume] in Serum or Plasma	Laurate (C12:0) [Moles/Vol]		Dodecanoic acid
35151-0	Lauroleate	CHEM		ACTIVE	Lauroleate SerPl-sCnc	Lauroleate (C12:1) [Moles/volume] in Serum or Plasma	Lauroleate (C12:1) [Moles/Vol]		Lauroleic acid
35151-0	Lauroleate	CHEM		ACTIVE	Lauroleate SerPl-sCnc	Lauroleate (C12:1) [Moles/volume] in Serum or Plasma	Lauroleate (C12:1) [Moles/Vol]		Dodecenoic acid
43392-0	LDL 1	CHEM		DISCOURAGED	LDL1 SerPl-mCnc	LDL 1 [Mass/volume] in Serum or Plasma	LDL 1 [Mass/Vol]		LDL1
46984-1	LDL 2	CHEM		DISCOURAGED	LDL2 SerPl-mCnc	LDL 2 [Mass/volume] in Serum or Plasma	LDL 2 [Mass/Vol]		LDL2
46985-8	LDL 3	CHEM		DISCOURAGED	LDL3 SerPl-mCnc	LDL 3 [Mass/volume] in Serum or Plasma	LDL 3 [Mass/Vol]		LDL3
43393-8	LDL 4	CHEM		DISCOURAGED	LDL4 SerPl-mCnc	LDL 4 [Mass/volume] in Serum or Plasma	LDL 4 [Mass/Vol]		LDL4
57938-3	LDL 5	CHEM		DISCOURAGED	LDL5 SerPl-mCnc	LDL 5 [Mass/volume] in Serum or Plasma	LDL 5 [Mass/Vol]		LDL5
49026-8	LDL 6	CHEM		DISCOURAGED	LDL6 SerPl-mCnc	LDL 6 [Mass/volume] in Serum or Plasma	LDL 6 [Mass/Vol]		LDL6
49027-6	LDL 7	CHEM		DISCOURAGED	LDL7 SerPl-mCnc	LDL 7 [Mass/volume] in Serum or Plasma	LDL 7 [Mass/Vol]		LDL7
111519-5	LDL.oxidized	CHEM		ACTIVE	LDL.oxidized SerPl-mCnc	LDL.oxidized [Mass/volume] in Serum or Plasma	LDL.oxidized [Mass/Vol]		oxLDL
35131-2	L-dopa decarboxylase	CHEM		ACTIVE	L-Dopa decase Plas-cCnc	L-dopa decarboxylase [Enzymatic activity/volume] in Plasma	L-dopa decarboxylase (P) [Catalytic activity/Vol]		Aromatic L-amino acid decarboxylase
35131-2	L-dopa decarboxylase	CHEM		ACTIVE	L-Dopa decase Plas-cCnc	L-dopa decarboxylase [Enzymatic activity/volume] in Plasma	L-dopa decarboxylase (P) [Catalytic activity/Vol]		L-Dopa decase
35131-2	L-dopa decarboxylase	CHEM		ACTIVE	L-Dopa decase Plas-cCnc	L-dopa decarboxylase [Enzymatic activity/volume] in Plasma	L-dopa decarboxylase (P) [Catalytic activity/Vol]		Dopa decarboxylase
2555-1	Lecithin cholesterol acyltransferase	CHEM		ACTIVE	LCAT SerPl-cCnc	Lecithin cholesterol acyltransferase [Enzymatic activity/volume] in Serum or Plasma	Lecithin cholesterol acyltransferase [Catalytic activity/Vol]		Phosphatidylcholine-sterol acyltransferase
2555-1	Lecithin cholesterol acyltransferase	CHEM		ACTIVE	LCAT SerPl-cCnc	Lecithin cholesterol acyltransferase [Enzymatic activity/volume] in Serum or Plasma	Lecithin cholesterol acyltransferase [Catalytic activity/Vol]		LCAT
14976-5	Lecithin/Sphingomyelin	CHEM		ACTIVE	Lecithin/Sphingomyelin Amn-Rto	Lecithin/Sphingomyelin [Ratio] in Amniotic fluid	Lecithin/Sphingomyelin (Amn fld) [Ratio]		c470
14976-5	Lecithin/Sphingomyelin	CHEM		ACTIVE	Lecithin/Sphingomyelin Amn-Rto	Lecithin/Sphingomyelin [Ratio] in Amniotic fluid	Lecithin/Sphingomyelin (Amn fld) [Ratio]		Phosphatidylcholine
14976-5	Lecithin/Sphingomyelin	CHEM		ACTIVE	Lecithin/Sphingomyelin Amn-Rto	Lecithin/Sphingomyelin [Ratio] in Amniotic fluid	Lecithin/Sphingomyelin (Amn fld) [Ratio]		SPH
14976-5	Lecithin/Sphingomyelin	CHEM		ACTIVE	Lecithin/Sphingomyelin Amn-Rto	Lecithin/Sphingomyelin [Ratio] in Amniotic fluid	Lecithin/Sphingomyelin (Amn fld) [Ratio]		Choline phosphoglyceride
12726-6	Leucine-enkephalin	CHEM		ACTIVE	Leucine-Enkephalin SerPl-aCnc	Leucine-enkephalin [Units/volume] in Serum or Plasma	Leucine-enkephalin Qn		Leu-Enkephalin
32783-3	Leucine+Isoleucine+Valine	CHEM		ACTIVE	Leu+Ile+Val SerPl	Leucine+Isoleucine+Valine [Identifier] in Serum or Plasma	Leucine+Isoleucine+Valine Nom		Leu+Ile
32783-3	Leucine+Isoleucine+Valine	CHEM		ACTIVE	Leu+Ile+Val SerPl	Leucine+Isoleucine+Valine [Identifier] in Serum or Plasma	Leucine+Isoleucine+Valine Nom		Leu+Ile+Val
32783-3	Leucine+Isoleucine+Valine	CHEM		ACTIVE	Leu+Ile+Val SerPl	Leucine+Isoleucine+Valine [Identifier] in Serum or Plasma	Leucine+Isoleucine+Valine Nom		Branch chain amino acids
104671-3	Leukotriene B4	CHEM		ACTIVE	LTB4 Plas LC/MS/MS-mCnc	Leukotriene B4 [Mass/volume] in Plasma by LC/MS/MS	Leukotriene B4 LC/MS/MS (P) [Mass/Vol]		Mass Concentration
104671-3	Leukotriene B4	CHEM		ACTIVE	LTB4 Plas LC/MS/MS-mCnc	Leukotriene B4 [Mass/volume] in Plasma by LC/MS/MS	Leukotriene B4 LC/MS/MS (P) [Mass/Vol]		LTB4
101115-4	Leukotriene E4/Creatinine	CHEM		ACTIVE	LTE4/Creat 24h Ur	Leukotriene E4/Creatinine [Mass Ratio] in 24 hour Urine	Leukotriene E4/Creatinine (24H U) [Mass ratio]		Mass ratio
101115-4	Leukotriene E4/Creatinine	CHEM		ACTIVE	LTE4/Creat 24h Ur	Leukotriene E4/Creatinine [Mass Ratio] in 24 hour Urine	Leukotriene E4/Creatinine (24H U) [Mass ratio]		MCRto
101115-4	Leukotriene E4/Creatinine	CHEM		ACTIVE	LTE4/Creat 24h Ur	Leukotriene E4/Creatinine [Mass Ratio] in 24 hour Urine	Leukotriene E4/Creatinine (24H U) [Mass ratio]		Mass concentration ratio
101115-4	Leukotriene E4/Creatinine	CHEM		ACTIVE	LTE4/Creat 24h Ur	Leukotriene E4/Creatinine [Mass Ratio] in 24 hour Urine	Leukotriene E4/Creatinine (24H U) [Mass ratio]		LTE4
101115-4	Leukotriene E4/Creatinine	CHEM		ACTIVE	LTE4/Creat 24h Ur	Leukotriene E4/Creatinine [Mass Ratio] in 24 hour Urine	Leukotriene E4/Creatinine (24H U) [Mass ratio]		7,9,11,14-Eicosatetraenoic acid, 6-((2-amino-2-carboxyethyl)thio)-5-hydroxy-, (5S-(5R*,6S*(S*),7E,9E,11Z,14Z))
101115-4	Leukotriene E4/Creatinine	CHEM		ACTIVE	LTE4/Creat 24h Ur	Leukotriene E4/Creatinine [Mass Ratio] in 24 hour Urine	Leukotriene E4/Creatinine (24H U) [Mass ratio]		24HR
101115-4	Leukotriene E4/Creatinine	CHEM		ACTIVE	LTE4/Creat 24h Ur	Leukotriene E4/Creatinine [Mass Ratio] in 24 hour Urine	Leukotriene E4/Creatinine (24H U) [Mass ratio]		24 hours
101115-4	Leukotriene E4/Creatinine	CHEM		ACTIVE	LTE4/Creat 24h Ur	Leukotriene E4/Creatinine [Mass Ratio] in 24 hour Urine	Leukotriene E4/Creatinine (24H U) [Mass ratio]		1 day
79484-2	Levulinate	CHEM		ACTIVE	Levulinate SerPl-sCnc	Levulinate [Moles/volume] in Serum or Plasma	Levulinate [Moles/Vol]		Levulinic acid
79587-2	L-homoarginine/Creatinine	CHEM		ACTIVE	L-homoarginine/Creat Ur-sRto	L-homoarginine/Creatinine [Molar ratio] in Urine	L-homoarginine/Creatinine (U) [Molar ratio]		(S)-2-Amino-6-guanidinohexanoic acid
79587-2	L-homoarginine/Creatinine	CHEM		ACTIVE	L-homoarginine/Creat Ur-sRto	L-homoarginine/Creatinine [Molar ratio] in Urine	L-homoarginine/Creatinine (U) [Molar ratio]		N6-(Aminoiminomethyl)-L-lysine
79587-2	L-homoarginine/Creatinine	CHEM		ACTIVE	L-homoarginine/Creat Ur-sRto	L-homoarginine/Creatinine [Molar ratio] in Urine	L-homoarginine/Creatinine (U) [Molar ratio]		Homoarginine
79587-2	L-homoarginine/Creatinine	CHEM		ACTIVE	L-homoarginine/Creat Ur-sRto	L-homoarginine/Creatinine [Molar ratio] in Urine	L-homoarginine/Creatinine (U) [Molar ratio]		Homo-L-arginine
79587-2	L-homoarginine/Creatinine	CHEM		ACTIVE	L-homoarginine/Creat Ur-sRto	L-homoarginine/Creatinine [Molar ratio] in Urine	L-homoarginine/Creatinine (U) [Molar ratio]		N6-amidino-L-Lysine
79631-8	L-homoserine	CHEM		ACTIVE	L-homoserine SerPl-sCnc	L-homoserine [Moles/volume] in Serum or Plasma	L-homoserine [Moles/Vol]		Homoserine
79631-8	L-homoserine	CHEM		ACTIVE	L-homoserine SerPl-sCnc	L-homoserine [Moles/volume] in Serum or Plasma	L-homoserine [Moles/Vol]		Homo-L-serine
79631-8	L-homoserine	CHEM		ACTIVE	L-homoserine SerPl-sCnc	L-homoserine [Moles/volume] in Serum or Plasma	L-homoserine [Moles/Vol]		(S)-homoserine
79631-8	L-homoserine	CHEM		ACTIVE	L-homoserine SerPl-sCnc	L-homoserine [Moles/volume] in Serum or Plasma	L-homoserine [Moles/Vol]		(S)-2-amino-4-hydroxybutanoic acid
79631-8	L-homoserine	CHEM		ACTIVE	L-homoserine SerPl-sCnc	L-homoserine [Moles/volume] in Serum or Plasma	L-homoserine [Moles/Vol]		Isothreonine
79631-8	L-homoserine	CHEM		ACTIVE	L-homoserine SerPl-sCnc	L-homoserine [Moles/volume] in Serum or Plasma	L-homoserine [Moles/Vol]		2-Amino-4-hydroxybutyric acid
2516-3	L-iditol dehydrogenase	CHEM		ACTIVE	L-Iditol Dehydrog Amn-cCnc	L-iditol dehydrogenase [Enzymatic activity/volume] in Amniotic fluid	L-iditol dehydrogenase (Amn fld) [Catalytic activity/Vol]		SDH
2516-3	L-iditol dehydrogenase	CHEM		ACTIVE	L-Iditol Dehydrog Amn-cCnc	L-iditol dehydrogenase [Enzymatic activity/volume] in Amniotic fluid	L-iditol dehydrogenase (Amn fld) [Catalytic activity/Vol]		Iditol dehydrogenase
2516-3	L-iditol dehydrogenase	CHEM		ACTIVE	L-Iditol Dehydrog Amn-cCnc	L-iditol dehydrogenase [Enzymatic activity/volume] in Amniotic fluid	L-iditol dehydrogenase (Amn fld) [Catalytic activity/Vol]		L-iditol 2-dehydrogenase
2516-3	L-iditol dehydrogenase	CHEM		ACTIVE	L-Iditol Dehydrog Amn-cCnc	L-iditol dehydrogenase [Enzymatic activity/volume] in Amniotic fluid	L-iditol dehydrogenase (Amn fld) [Catalytic activity/Vol]		Sorbitol dehydrogenase
2564-3	Linoleate	CHEM		DISCOURAGED	Linoleate SerPl-mCnc	Linoleate (C18:2w6) [Mass/volume] in Serum or Plasma	Linoleate (C18:2w6) [Mass/Vol]		C18:2w6
2564-3	Linoleate	CHEM		DISCOURAGED	Linoleate SerPl-mCnc	Linoleate (C18:2w6) [Mass/volume] in Serum or Plasma	Linoleate (C18:2w6) [Mass/Vol]		Linoleic acid
2564-3	Linoleate	CHEM		DISCOURAGED	Linoleate SerPl-mCnc	Linoleate (C18:2w6) [Mass/volume] in Serum or Plasma	Linoleate (C18:2w6) [Mass/Vol]		cis-9, cis-12-octadecadienoate
2564-3	Linoleate	CHEM		DISCOURAGED	Linoleate SerPl-mCnc	Linoleate (C18:2w6) [Mass/volume] in Serum or Plasma	Linoleate (C18:2w6) [Mass/Vol]		cis-9, cis-12-octadecadienoic acid
18462-2	Linoleoylcarnitine (C18:2)	CHEM		DISCOURAGED	Linoleoylcarn SerPl-mCnc	Linoleoylcarnitine (C18:2) [Mass/volume] in Serum or Plasma	C18:2 [Mass/Vol]		C18:2
18462-2	Linoleoylcarnitine (C18:2)	CHEM		DISCOURAGED	Linoleoylcarn SerPl-mCnc	Linoleoylcarnitine (C18:2) [Mass/volume] in Serum or Plasma	C18:2 [Mass/Vol]		Linoleylcarnitine
100743-4	Lipase.macromolecular	CHEM		ACTIVE	Lipase Macro SerPl Ql	Lipase.macromolecular [Presence] in Serum or Plasma	Lipase.macromolecular Ql		Lipase Macro
88054-2	Lipopolysaccharide binding protein	CHEM		ACTIVE	LBP SerPl IA-mCnc	Lipopolysaccharide binding protein [Mass/volume] in Serum or Plasma by Immunoassay	Lipopolysaccharide binding protein IA [Mass/Vol]		LBP
14813-0	Lipoprotein.alpha	CHEM		ACTIVE	HDL SerPl Elph-sCnc	Lipoprotein.alpha [Moles/volume] in Serum or Plasma by Electrophoresis	Lipoprotein.alpha Elph [Moles/Vol]		High density lipoproteins
14813-0	Lipoprotein.alpha	CHEM		ACTIVE	HDL SerPl Elph-sCnc	Lipoprotein.alpha [Moles/volume] in Serum or Plasma by Electrophoresis	Lipoprotein.alpha Elph [Moles/Vol]		HDL particle number
14813-0	Lipoprotein.alpha	CHEM		ACTIVE	HDL SerPl Elph-sCnc	Lipoprotein.alpha [Moles/volume] in Serum or Plasma by Electrophoresis	Lipoprotein.alpha Elph [Moles/Vol]		HDL
14813-0	Lipoprotein.alpha	CHEM		ACTIVE	HDL SerPl Elph-sCnc	Lipoprotein.alpha [Moles/volume] in Serum or Plasma by Electrophoresis	Lipoprotein.alpha Elph [Moles/Vol]		HDL particle concentration
86222-7	Lipoprotein.alpha 3	CHEM		ACTIVE	HDL alpha 3 Ser-sCnc	Lipoprotein.alpha 3 [Moles/volume] in Serum	Lipoprotein.alpha 3 (S) [Moles/Vol]		HDL alpha 3
43729-3	Lipoprotein.alpha.subparticle.large	CHEM		ACTIVE	HLD.large SerPl-sCnc	Lipoprotein.alpha.subparticle.large [Moles/volume] in Serum or Plasma	Lipoprotein.alpha.subparticle.large [Moles/Vol]		HLD.large
92711-1	Lipoprotein.alpha.subparticle.small	CHEM		ACTIVE	HDL small Ser-sCnc	Lipoprotein.alpha.subparticle.small [Moles/volume] in Serum	HDL small (S) [Moles/Vol]		HDL small
39804-0	Lipoprotein associated phospholipase A2	CHEM		ACTIVE	Lp-PLA2 SerPl-mCnc	Lipoprotein associated phospholipase A2 [Mass/volume] in Serum or Plasma	Lipoprotein associated phospholipase A2 [Mass/Vol]		Platelet-activating factor acetylhydrolase
39804-0	Lipoprotein associated phospholipase A2	CHEM		ACTIVE	Lp-PLA2 SerPl-mCnc	Lipoprotein associated phospholipase A2 [Mass/volume] in Serum or Plasma	Lipoprotein associated phospholipase A2 [Mass/Vol]		Lp-PLA2
14814-8	Lipoprotein.beta	CHEM		ACTIVE	LDL SerPl Elph-sCnc	Lipoprotein.beta [Moles/volume] in Serum or Plasma by Electrophoresis	Lipoprotein.beta Elph [Moles/Vol]		Low density lipoproteins
14814-8	Lipoprotein.beta	CHEM		ACTIVE	LDL SerPl Elph-sCnc	Lipoprotein.beta [Moles/volume] in Serum or Plasma by Electrophoresis	Lipoprotein.beta Elph [Moles/Vol]		LDL
14814-8	Lipoprotein.beta	CHEM		ACTIVE	LDL SerPl Elph-sCnc	Lipoprotein.beta [Moles/volume] in Serum or Plasma by Electrophoresis	Lipoprotein.beta Elph [Moles/Vol]		LDL particle number
14814-8	Lipoprotein.beta	CHEM		ACTIVE	LDL SerPl Elph-sCnc	Lipoprotein.beta [Moles/volume] in Serum or Plasma by Electrophoresis	Lipoprotein.beta Elph [Moles/Vol]		LDL particle concentration
35505-7	Lipoprotein.beta.subparticle	CHEM		ACTIVE	LDL SerPl	Lipoprotein.beta.subparticle [Type] in Serum or Plasma	Lipoprotein.beta.subparticle Nom		LDL phenotype
92717-8	Lipoprotein.beta.subparticle.large-a	CHEM		ACTIVE	LDL large-a Ser-sCnc	Lipoprotein.beta.subparticle.large-a [Moles/volume] in Serum	LDL large-a (S) [Moles/Vol]		LDL large-a
92716-0	Lipoprotein.beta.subparticle.large-b	CHEM		ACTIVE	LDL large-b Ser-sCnc	Lipoprotein.beta.subparticle.large-b [Moles/volume] in Serum	LDL large-b (S) [Moles/Vol]		LDL large-b
47215-9	Lipoprotein.beta.subparticle.medium	CHEM		ACTIVE	LDL med SerPl Qn	Lipoprotein.beta.subparticle.medium [Entitic length] in Serum or Plasma	Lipoprotein.beta.subparticle.medium [Entitic length]		LDL med
43727-7	Lipoprotein.beta.subparticle.small	CHEM		ACTIVE	LDL Small SerPl-sCnc	Lipoprotein.beta.subparticle.small [Moles/volume] in Serum or Plasma	Lipoprotein.beta.subparticle.small [Moles/Vol]		LDL Small
92715-2	Lipoprotein.beta.subparticle.very small-a	CHEM		ACTIVE	LDL very small-a Ser-sCnc	Lipoprotein.beta.subparticle.very small-a [Moles/volume] in Serum	Lipoprotein.beta.subparticle.very small-a (S) [Moles/Vol]		LDL very small-a
92714-5	Lipoprotein.beta.subparticle.very small-b	CHEM		ACTIVE	LDL very small-b Ser-sCnc	Lipoprotein.beta.subparticle.very small-b [Moles/volume] in Serum	Lipoprotein.beta.subparticle.very small-b (S) [Moles/Vol]		LDL very small-b
92713-7	Lipoprotein.beta.subparticle.very small-c	CHEM		ACTIVE	LDL very small-c Ser-sCnc	Lipoprotein.beta.subparticle.very small-c [Moles/volume] in Serum	Lipoprotein.beta.subparticle.very small-c (S) [Moles/Vol]		LDL very small-c
92712-9	Lipoprotein.beta.subparticle.very small-d	CHEM		ACTIVE	LDL very small-d Ser-sCnc	Lipoprotein.beta.subparticle.very small-d [Moles/volume] in Serum	Lipoprotein.beta.subparticle.very small-d (S) [Moles/Vol]		LDL very small-d
92719-4	Lipoprotein.broad beta.subparticle.large	CHEM		ACTIVE	IDL large Ser-sCnc	Lipoprotein.broad beta.subparticle.large [Moles/volume] in Serum	IDL large (S) [Moles/Vol]		IDL large
92718-6	Lipoprotein.broad beta.subparticle.small	CHEM		ACTIVE	IDL small Ser-sCnc	Lipoprotein.broad beta.subparticle.small [Moles/volume] in Serum	IDL small (S) [Moles/Vol]		IDL small
62255-5	Lipoprotein insulin resistance score	CHEM		ACTIVE	LP-IR score SerPl	Lipoprotein insulin resistance score in Serum or Plasma	Lipoprotein insulin resistance score [Score]		Insulin resist score
62255-5	Lipoprotein insulin resistance score	CHEM		ACTIVE	LP-IR score SerPl	Lipoprotein insulin resistance score in Serum or Plasma	Lipoprotein insulin resistance score [Score]		LP-IR score
35865-5	Lipoprotein.intermediate density	CHEM		ACTIVE	IDL SerPl Ql	Lipoprotein.intermediate density [Presence] in Serum or Plasma	Lipoprotein.intermediate density Ql		IDL
2572-6	Lipoprotein lipase	CHEM		ACTIVE	LPL SerPl-cCnc	Lipoprotein lipase [Enzymatic activity/volume] in Serum or Plasma	Lipoprotein lipase [Catalytic activity/Vol]		Hepatic lipase
2572-6	Lipoprotein lipase	CHEM		ACTIVE	LPL SerPl-cCnc	Lipoprotein lipase [Enzymatic activity/volume] in Serum or Plasma	Lipoprotein lipase [Catalytic activity/Vol]		LPL
2572-6	Lipoprotein lipase	CHEM		ACTIVE	LPL SerPl-cCnc	Lipoprotein lipase [Enzymatic activity/volume] in Serum or Plasma	Lipoprotein lipase [Catalytic activity/Vol]		Diacylglycerol lipase
14816-3	Lipoprotein.pre-beta	CHEM		ACTIVE	VLDL SerPl Elph-sCnc	Lipoprotein.pre-beta [Moles/volume] in Serum or Plasma by Electrophoresis	Lipoprotein.pre-beta Elph [Moles/Vol]		VLDL particle concentration
14816-3	Lipoprotein.pre-beta	CHEM		ACTIVE	VLDL SerPl Elph-sCnc	Lipoprotein.pre-beta [Moles/volume] in Serum or Plasma by Electrophoresis	Lipoprotein.pre-beta Elph [Moles/Vol]		Very low density lipoproteins
14816-3	Lipoprotein.pre-beta	CHEM		ACTIVE	VLDL SerPl Elph-sCnc	Lipoprotein.pre-beta [Moles/volume] in Serum or Plasma by Electrophoresis	Lipoprotein.pre-beta Elph [Moles/Vol]		VLDL
14816-3	Lipoprotein.pre-beta	CHEM		ACTIVE	VLDL SerPl Elph-sCnc	Lipoprotein.pre-beta [Moles/volume] in Serum or Plasma by Electrophoresis	Lipoprotein.pre-beta Elph [Moles/Vol]		VLDL particle number
43728-5	Lipoprotein.pre-beta.subparticle.large	CHEM		ACTIVE	VLDL large SerPl-sCnc	Lipoprotein.pre-beta.subparticle.large [Moles/volume] in Serum or Plasma	Lipoprotein.pre-beta.subparticle.large [Moles/Vol]		VLDL large
92721-0	Lipoprotein.pre-beta.subparticle.medium	CHEM		ACTIVE	VLDL medium Ser-sCnc	Lipoprotein.pre-beta.subparticle.medium [Moles/volume] in Serum	VLDL medium (S) [Moles/Vol]		VLDL medium
92720-2	Lipoprotein.pre-beta.subparticle.small	CHEM		ACTIVE	VLDL small Ser-sCnc	Lipoprotein.pre-beta.subparticle.small [Moles/volume] in Serum	VLDL small (S) [Moles/Vol]		VLDL small
42178-4	Lipoprotein.X	CHEM		ACTIVE	Lp-X SerPl Ql	Lipoprotein.X [Presence] in Serum or Plasma	Lipoprotein.X Ql		Lp-X
2577-5	Lithocholate	CHEM		DISCOURAGED	Lithocholate Ser-mCnc	Lithocholate [Mass/volume] in Serum	Lithocholate (S) [Mass/Vol]		Lithocholic acid
88447-8	Liver fibrosis interpretation	CHEM	Interpretation of the degree of liver fibrosis based on the liver fibrosis score and stage.	ACTIVE	Liver fibrosis interpretation Ser-Imp	Liver fibrosis interpretation in Serum Qualitative	Liver fibrosis interpretation Ql (S) [Interp]		The Fibro Test
111579-9	Liver fibrosis progression	CHEM		ACTIVE	liver FIB prog SerBld Calc.FIB4-Imp	Liver fibrosis progression [Interpretation] in Serum or Blood by Calculated by FIB4 Narrative	Liver fibrosis progression Calculated by FIB4 Nar (S/Bld) [Interp]		Calc.FIB4
111579-9	Liver fibrosis progression	CHEM		ACTIVE	liver FIB prog SerBld Calc.FIB4-Imp	Liver fibrosis progression [Interpretation] in Serum or Blood by Calculated by FIB4 Narrative	Liver fibrosis progression Calculated by FIB4 Nar (S/Bld) [Interp]		liver FIB prog
100843-2	Liver fibrosis score	CHEM	Agile is a set of scores estimating the degree of liver fibrosis in patients with suspicion of nonalcoholic liver diseases. Agile 3+ is based on Liver Stiffness measurement and a variety of parameters (e.g. lab parameters AST, ALT, Platelets and Age, Gender, Diabetes status) to assess the probably of advanced fibrosis. More information and the formula can be found at https://www.echosens.com/products/agile-3/.	ACTIVE	Liver fibr score SerPl Agile3+	Liver fibrosis score in Serum or Plasma by Calculated.Agile3+	Liver fibrosis score Calculated.Agile3+ [Score]		Liver fibr score
48795-9	Liver fibrosis score	CHEM		ACTIVE	Liver fibr score SerPl Calc.FibroSure	Fibrosis score	Liver fibrosis score Calculated by FibroSure [Score]		FibroTest
48795-9	Liver fibrosis score	CHEM		ACTIVE	Liver fibr score SerPl Calc.FibroSure	Fibrosis score	Liver fibrosis score Calculated by FibroSure [Score]		Calc.FibroSure
88055-9	Liver fibrosis score	CHEM	This term was created for but is not limited to, the Enhanced Liver Fibrosis Score (ELF), which is intended to be a risk assessment tool for the severity of liver fibrosis in patients with signs and symptoms of chronic liver disease. The Enhanced Liver Fibrosis Score combines three lab tests in an algorithm: hyaluronic acid (HA), amino-terminal propeptide of type III procollagen (PIIINP), and tissue inhibitor of metalloproteinase 1 (TIMP-1) assays.	ACTIVE	Liver fibr score Ser Calc.ELF	Liver fibrosis score in Serum by Calculated by ELF	Liver fibrosis score Calculated by ELF (S) [Score]		Calc.ELF
79626-8	L-leucyl-L-proline/Creatinine	CHEM		ACTIVE	L-leu-L-pro/Creat Ur-sRto	L-leucyl-L-proline/Creatinine [Molar ratio] in Urine	L-leucyl-L-proline/Creatinine (U) [Molar ratio]		(2S)-1-[(2S)-2-amino-4-methylpentanoyl]pyrrolidine-2-carboxylic acid
79626-8	L-leucyl-L-proline/Creatinine	CHEM		ACTIVE	L-leu-L-pro/Creat Ur-sRto	L-leucyl-L-proline/Creatinine [Molar ratio] in Urine	L-leucyl-L-proline/Creatinine (U) [Molar ratio]		L-leu-L-pro
79626-8	L-leucyl-L-proline/Creatinine	CHEM		ACTIVE	L-leu-L-pro/Creat Ur-sRto	L-leucyl-L-proline/Creatinine [Molar ratio] in Urine	L-leucyl-L-proline/Creatinine (U) [Molar ratio]		Leucylproline
46754-8	Long chain hydroxy acyl dehydrogenase &or trifunctional protein deficiencies	CHEM		DISCOURAGED	LCHADD/TFP DBS-Imp	Long Chain Hydroxy Acyl Dehydrogenase/Trifunctional Protein Deficiencies newborn screen interpretation	Long Chain Hydroxy Acyl Dehydrogenase/Trifunctional Protein Deficiencies (DBS) [Interp]		TFP
46754-8	Long chain hydroxy acyl dehydrogenase &or trifunctional protein deficiencies	CHEM		DISCOURAGED	LCHADD/TFP DBS-Imp	Long Chain Hydroxy Acyl Dehydrogenase/Trifunctional Protein Deficiencies newborn screen interpretation	Long Chain Hydroxy Acyl Dehydrogenase/Trifunctional Protein Deficiencies (DBS) [Interp]		LCHADD/TFP
20419-8	Lutropin	CHEM		ACTIVE	LH SerPl IRP1-aCnc	Lutropin [Units/volume] in Serum or Plasma by 1st IRP	Lutropin 1st IRP Qn		IRP1
20419-8	Lutropin	CHEM		ACTIVE	LH SerPl IRP1-aCnc	Lutropin [Units/volume] in Serum or Plasma by 1st IRP	Lutropin 1st IRP Qn		1st International Reference Preparation
2582-5	Lutropin.alpha subunit	CHEM		DISCOURAGED	A-LH SerPl-sCnc	Lutropin.alpha subunit [Moles/volume] in Serum or Plasma	Lutropin.alpha subunit [Moles/Vol]		ALPHA LH
2582-5	Lutropin.alpha subunit	CHEM		DISCOURAGED	A-LH SerPl-sCnc	Lutropin.alpha subunit [Moles/volume] in Serum or Plasma	Lutropin.alpha subunit [Moles/Vol]		A-LH
2582-5	Lutropin.alpha subunit	CHEM		DISCOURAGED	A-LH SerPl-sCnc	Lutropin.alpha subunit [Moles/volume] in Serum or Plasma	Lutropin.alpha subunit [Moles/Vol]		Lutropin alpha chain
2583-3	Lutropin.beta subunit	CHEM		DISCOURAGED	B-LH SerPl-sCnc	Lutropin.beta subunit [Moles/volume] in Serum or Plasma	Lutropin.beta subunit [Moles/Vol]		B-LH
2583-3	Lutropin.beta subunit	CHEM		DISCOURAGED	B-LH SerPl-sCnc	Lutropin.beta subunit [Moles/volume] in Serum or Plasma	Lutropin.beta subunit [Moles/Vol]		Lutropin beta chain
2583-3	Lutropin.beta subunit	CHEM		DISCOURAGED	B-LH SerPl-sCnc	Lutropin.beta subunit [Moles/volume] in Serum or Plasma	Lutropin.beta subunit [Moles/Vol]		Beta LH
13375-1	Lysine	CHEM		ACTIVE	Lysine CSF-mCnc	Lysine [Mass/volume] in Cerebrospinal Fluid	Lysine (CSF) [Mass/Vol]		2,6-diaminohexanoic acid
13375-1	Lysine	CHEM		ACTIVE	Lysine CSF-mCnc	Lysine [Mass/volume] in Cerebrospinal Fluid	Lysine (CSF) [Mass/Vol]		Lys
2588-2	Lysolecithin acyltransferase	CHEM		ACTIVE	Lysolecithin AT RBC-cCnc	Lysolecithin acyltransferase [Enzymatic activity/volume] in Red Blood Cells	Lysolecithin acyltransferase (RBC) [Catalytic activity/Vol]		Lysolecithin AT
75736-9	Lysophosphatidylcholine(16:0)	CHEM	A screening aid in patients presenting with decreased high density lipid (HDL) cholesterol, to investigate potential hypoalphalipoproteinemia phenotypes prior to confirmatory molecular testing.	ACTIVE	LysoPC(16:0) Plas-sCnc	Lysophosphatidylcholine(16:0) [Moles/volume] in Plasma	LysoPC(16:0) (P) [Moles/Vol]		LysoPC(16:0)
75737-7	Lysophosphatidylcholine(18:0)	CHEM	A screening aid in patients presenting with decreased high density lipid (HDL) cholesterol, to investigate potential hypoalphalipoproteinemia phenotypes prior to confirmatory molecular testing.	ACTIVE	LysoPC(18:0) Plas-sCnc	Lysophosphatidylcholine(18:0) [Moles/volume] in Plasma	LysoPC(18:0) (P) [Moles/Vol]		LysoPC(18:0)
75737-7	Lysophosphatidylcholine(18:0)	CHEM	A screening aid in patients presenting with decreased high density lipid (HDL) cholesterol, to investigate potential hypoalphalipoproteinemia phenotypes prior to confirmatory molecular testing.	ACTIVE	LysoPC(18:0) Plas-sCnc	Lysophosphatidylcholine(18:0) [Moles/volume] in Plasma	LysoPC(18:0) (P) [Moles/Vol]		1-Octadecanoyl-sn-glycero-3-phosphocholine
90920-0	Lysophosphatidylcholine(20:0)	CHEM		ACTIVE	LysoPC(20:0) DBS-mCnc	Lysophosphatidylcholine(20:0) [Mass/volume] in DBS	LysoPC(20:0) (DBS) [Mass/Vol]		LysoPC(20:0)
90921-8	Lysophosphatidylcholine(22:0)	CHEM		ACTIVE	LysoPC(22:0) DBS-mCnc	Lysophosphatidylcholine(22:0) [Mass/volume] in DBS	LysoPC(22:0) (DBS) [Mass/Vol]		LysoPC(22:0)
90922-6	Lysophosphatidylcholine(24:0)	CHEM		ACTIVE	LysoPC(24:0) DBS-mCnc	Lysophosphatidylcholine(24:0) [Mass/volume] in DBS	LysoPC(24:0) (DBS) [Mass/Vol]		LysoPC(24:0)
79320-8	Lysophosphatidylcholine(26:0)	CHEM		ACTIVE	LysoPC(26:0) CSF-sCnc	Lysophosphatidylcholine(26:0) [Moles/volume] in Cerebrospinal Fluid	LysoPC(26:0) (CSF) [Moles/Vol]		Adrenoleukodystrophies, X-Linked
79320-8	Lysophosphatidylcholine(26:0)	CHEM		ACTIVE	LysoPC(26:0) CSF-sCnc	Lysophosphatidylcholine(26:0) [Moles/volume] in Cerebrospinal Fluid	LysoPC(26:0) (CSF) [Moles/Vol]		Adrenoleukodystrophies
79320-8	Lysophosphatidylcholine(26:0)	CHEM		ACTIVE	LysoPC(26:0) CSF-sCnc	Lysophosphatidylcholine(26:0) [Moles/volume] in Cerebrospinal Fluid	LysoPC(26:0) (CSF) [Moles/Vol]		LysoPC(26:0)
79320-8	Lysophosphatidylcholine(26:0)	CHEM		ACTIVE	LysoPC(26:0) CSF-sCnc	Lysophosphatidylcholine(26:0) [Moles/volume] in Cerebrospinal Fluid	LysoPC(26:0) (CSF) [Moles/Vol]		C26:0-LPC
76614-7	Lysosomal acid lipase	CHEM		ACTIVE	LAL Fib 4-MUO substrate-cCnt	Lysosomal acid lipase [Enzymatic activity/mass] in Fibroblast by 4-MU-oleate substrate	Lysosomal acid lipase 4-MU-oleate substrate (Fibroblast) [Catalytic activity/Mass]		4-MUO substrate
76615-4	Lysosomal acid lipase	CHEM		ACTIVE	LAL Fib 4-MUP substrate-cCnt	Lysosomal acid lipase [Enzymatic activity/mass] in Fibroblast by 4-MU-palmitate substrate	Lysosomal acid lipase 4-MU-palmitate substrate (Fibroblast) [Catalytic activity/Mass]		4-MUP substrate
62303-3	Lysosomal disorders newborn screening comment-discussion	CHEM		ACTIVE	LD NBS comment	Lysosomal disorders newborn screening comment-discussion	Lysosomal disorders newborn screening comment-discussion Nar (DBS)		LD NBS comment
62302-5	Lysosomal disorders suspected	CHEM		ACTIVE	LD suspected DBS	Lysosomal disorders suspected [Identifier] in DBS	Lysosomal disorders suspected Nom (DBS)		LD suspected
14294-3	Lysosomal enzymes screen	CHEM	Plasma and urine test for arysulfatase,beta-gluceronidase,oligosaccharides,beta-hexosaminidase	ACTIVE	Lysosomal Enzymes Scn Plas+Ur	Lysosomal enzymes screen [Identifier] in Plasma and Urine	Lysosomal enzymes screen Nom (P+U)		Lysosomal Enzymes Scn
15358-5	Macroamylase	CHEM		ACTIVE	Macroamylase SerPl Ql	Macroamylase [Presence] in Serum or Plasma	Macroamylase Ql		Macro amylase
103786-0	Macrophage derived chemokine	CHEM		ACTIVE	MDC SerPl IA-mCnc	Macrophage derived chemokine [Mass/volume] in Serum or Plasma by Immunoassay	Macrophage derived chemokine IA [Mass/Vol]		MDC
97053-3	Macrophage inflammatory protein 1.alpha	CHEM		ACTIVE	MIP-1 alpha SerPl-mCnc	Macrophage inflammatory protein 1 alpha [Mass/volume] in Serum or Plasma	Macrophage inflammatory protein 1 alpha [Mass/Vol]		MIP-1 alpha
97053-3	Macrophage inflammatory protein 1.alpha	CHEM		ACTIVE	MIP-1 alpha SerPl-mCnc	Macrophage inflammatory protein 1 alpha [Mass/volume] in Serum or Plasma	Macrophage inflammatory protein 1 alpha [Mass/Vol]		CCL3
10880-3	Magnesium	CHEM		ACTIVE	Magnesium Stl-mCnt	Magnesium [Mass/mass] in Stool	Magnesium (Stl) [Mass/Mass]		MAG
10880-3	Magnesium	CHEM		ACTIVE	Magnesium Stl-mCnt	Magnesium [Mass/mass] in Stool	Magnesium (Stl) [Mass/Mass]		Magnes
10880-3	Magnesium	CHEM		ACTIVE	Magnesium Stl-mCnt	Magnesium [Mass/mass] in Stool	Magnesium (Stl) [Mass/Mass]		Mg
20872-8	Magnesium	CHEM		ACTIVE	Magnesium Ocflu-mCnc	Magnesium [Mass/volume] in Ocular fluid	Magnesium (Ocular fluid) [Mass/Vol]		Ocflu
20872-8	Magnesium	CHEM		ACTIVE	Magnesium Ocflu-mCnc	Magnesium [Mass/volume] in Ocular fluid	Magnesium (Ocular fluid) [Mass/Vol]		Occular fluid
2600-5	Magnesium.ionized	CHEM		ACTIVE	Mg Ionized SerPl-sCnc	Magnesium Ionized [Moles/volume] in Serum or Plasma	Magnesium Ionized [Moles/Vol]		Ionized magnesium
2600-5	Magnesium.ionized	CHEM		ACTIVE	Mg Ionized SerPl-sCnc	Magnesium Ionized [Moles/volume] in Serum or Plasma	Magnesium Ionized [Moles/Vol]		Mg2+
2600-5	Magnesium.ionized	CHEM		ACTIVE	Mg Ionized SerPl-sCnc	Magnesium Ionized [Moles/volume] in Serum or Plasma	Magnesium Ionized [Moles/Vol]		IMg2+
2600-5	Magnesium.ionized	CHEM		ACTIVE	Mg Ionized SerPl-sCnc	Magnesium Ionized [Moles/volume] in Serum or Plasma	Magnesium Ionized [Moles/Vol]		Mg Ionized
17234-6	Magnesium.plasma/Magnesium.RBC	CHEM		ACTIVE	Magnesium SerPl/RBC Bld-sRto	Magnesium.plasma/Magnesium.RBC [Molar ratio] in Blood	Magnesium.plasma/Magnesium.RBC (Bld) [Molar ratio]		Magnesium SerPl
17234-6	Magnesium.plasma/Magnesium.RBC	CHEM		ACTIVE	Magnesium SerPl/RBC Bld-sRto	Magnesium.plasma/Magnesium.RBC [Molar ratio] in Blood	Magnesium.plasma/Magnesium.RBC (Bld) [Molar ratio]		Magnesium SerPl:RBC
13770-3	Malate/Creatinine	CHEM		DISCOURAGED	Malate/Creat Ur	Malate/Creatinine [Mass Ratio] in Urine	Malate/Creatinine (U) [Mass ratio]		Malic acid
2602-1	Malate dehydrogenase	CHEM		ACTIVE	Malate Dehydrog Ser-cCnc	Malate dehydrogenase [Enzymatic activity/volume] in Serum	Malate dehydrogenase (S) [Catalytic activity/Vol]		MDH
2603-9	Malonate	CHEM		ACTIVE	Malonate Ser-mCnc	Malonate [Mass/volume] in Serum	Malonate (S) [Mass/Vol]		Propanedioate
2603-9	Malonate	CHEM		ACTIVE	Malonate Ser-mCnc	Malonate [Mass/volume] in Serum	Malonate (S) [Mass/Vol]		Malonic acid
2603-9	Malonate	CHEM		ACTIVE	Malonate Ser-mCnc	Malonate [Mass/volume] in Serum	Malonate (S) [Mass/Vol]		Propanedioic acid
46781-1	Malonic acidemia	CHEM		DISCOURAGED	MAL DBS-Imp	Malonic acidemia newborn screen interpretation	Malonic acidemia (DBS) [Interp]		MAL
67708-8	Malonylcarnitine (C3-DC)+3-Hydroxybutyrylcarnitine (C4-OH)	CHEM	This analyte is measured using the non-derivatized tandem mass spectrometry (MS/MS) method and is not measured when using the derivatized reagents. When using the derivatized reagents, it will instead be measured as the C3-DC+C8-OH analyte [LOINC: 53178-0]. A different LOINC code is used for the derivatized or non-derivatized method because based on the reagents used in processing, different sets of analytes become isobaric, which means that they cannot be distinguished on the MS/MS because they have the same molecular weight after reagent processing.	ACTIVE	Malonyl+3OHbutyrylcarn DBS-sCnc	Malonylcarnitine (C3-DC)+3-Hydroxybutyrylcarnitine (C4-OH) [Moles/volume] in DBS	C3-DC+C4-OH (DBS) [Moles/Vol]		Malonyl+3OHbutyrylcarn
67708-8	Malonylcarnitine (C3-DC)+3-Hydroxybutyrylcarnitine (C4-OH)	CHEM	This analyte is measured using the non-derivatized tandem mass spectrometry (MS/MS) method and is not measured when using the derivatized reagents. When using the derivatized reagents, it will instead be measured as the C3-DC+C8-OH analyte [LOINC: 53178-0]. A different LOINC code is used for the derivatized or non-derivatized method because based on the reagents used in processing, different sets of analytes become isobaric, which means that they cannot be distinguished on the MS/MS because they have the same molecular weight after reagent processing.	ACTIVE	Malonyl+3OHbutyrylcarn DBS-sCnc	Malonylcarnitine (C3-DC)+3-Hydroxybutyrylcarnitine (C4-OH) [Moles/volume] in DBS	C3-DC+C4-OH (DBS) [Moles/Vol]		C3DC+C4OH
67708-8	Malonylcarnitine (C3-DC)+3-Hydroxybutyrylcarnitine (C4-OH)	CHEM	This analyte is measured using the non-derivatized tandem mass spectrometry (MS/MS) method and is not measured when using the derivatized reagents. When using the derivatized reagents, it will instead be measured as the C3-DC+C8-OH analyte [LOINC: 53178-0]. A different LOINC code is used for the derivatized or non-derivatized method because based on the reagents used in processing, different sets of analytes become isobaric, which means that they cannot be distinguished on the MS/MS because they have the same molecular weight after reagent processing.	ACTIVE	Malonyl+3OHbutyrylcarn DBS-sCnc	Malonylcarnitine (C3-DC)+3-Hydroxybutyrylcarnitine (C4-OH) [Moles/volume] in DBS	C3-DC+C4-OH (DBS) [Moles/Vol]		C3-DC+C4-OH
13000-5	Mandelate	CHEM		ACTIVE	Mandelate Ur-mCnc	Mandelate [Mass/volume] in Urine	Mandelate (U) [Mass/Vol]		Mandelic acid
13000-5	Mandelate	CHEM		ACTIVE	Mandelate Ur-mCnc	Mandelate [Mass/volume] in Urine	Mandelate (U) [Mass/Vol]		Mandilic acid
30152-3	Mannose-binding protein	CHEM		ACTIVE	Mannose-BP Ser-mCnc	Mannose-binding protein [Mass/volume] in Serum	Mannose-binding protein (S) [Mass/Vol]		MBL
30152-3	Mannose-binding protein	CHEM		ACTIVE	Mannose-BP Ser-mCnc	Mannose-binding protein [Mass/volume] in Serum	Mannose-binding protein (S) [Mass/Vol]		Mannan Binding Lectin
30152-3	Mannose-binding protein	CHEM		ACTIVE	Mannose-BP Ser-mCnc	Mannose-binding protein [Mass/volume] in Serum	Mannose-binding protein (S) [Mass/Vol]		Mannose-BP
58230-4	Maple syrup urine disease newborn screening comment-discussion	CHEM		ACTIVE	MSUD NBS comment	Maple syrup urine disease newborn screening comment-discussion	Maple syrup urine disease newborn screening comment-discussion Nar (DBS)		MSUD NBS comment
74102-5	Matrix metallopeptidase 2	CHEM		ACTIVE	MMP2 Ser-mCnc	Matrix metallopeptidase 2 [Mass/volume] in Serum	Matrix metallopeptidase 2 (S) [Mass/Vol]		2 kDa type IV collagenase
74102-5	Matrix metallopeptidase 2	CHEM		ACTIVE	MMP2 Ser-mCnc	Matrix metallopeptidase 2 [Mass/volume] in Serum	Matrix metallopeptidase 2 (S) [Mass/Vol]		gelatinase A
74102-5	Matrix metallopeptidase 2	CHEM		ACTIVE	MMP2 Ser-mCnc	Matrix metallopeptidase 2 [Mass/volume] in Serum	Matrix metallopeptidase 2 (S) [Mass/Vol]		MMP2
58001-9	Matrix metallopeptidase 9	CHEM		ACTIVE	MMP9 Bld-mCnc	Matrix metallopeptidase 9 [Mass/volume] in Blood	Matrix metallopeptidase 9 (Bld) [Mass/Vol]		MMP9
35172-6	Mead acid	CHEM		ACTIVE	Mead acid SerPl-sCnc	Mead acid (C20:3w9) [Moles/volume] in Serum or Plasma	Mead acid (C20:3w9) [Moles/Vol]		5,8,11-Eicosatrienoic acid
35172-6	Mead acid	CHEM		ACTIVE	Mead acid SerPl-sCnc	Mead acid (C20:3w9) [Moles/volume] in Serum or Plasma	Mead acid (C20:3w9) [Moles/Vol]		5,8,11-Icosatrienoic acid
35172-6	Mead acid	CHEM		ACTIVE	Mead acid SerPl-sCnc	Mead acid (C20:3w9) [Moles/volume] in Serum or Plasma	Mead acid (C20:3w9) [Moles/Vol]		C20:3w9
74891-3	Medium-chain Acyl CoA dehydrogenase	CHEM		ACTIVE	MCAD WBC-cCnt	Medium-chain Acyl CoA dehydrogenase [Enzymatic activity/mass] in Leukocytes	Medium-chain Acyl CoA dehydrogenase (WBC) [Catalytic activity/Mass]		Acyl CoA dehydrogenase.medium chain
74891-3	Medium-chain Acyl CoA dehydrogenase	CHEM		ACTIVE	MCAD WBC-cCnt	Medium-chain Acyl CoA dehydrogenase [Enzymatic activity/mass] in Leukocytes	Medium-chain Acyl CoA dehydrogenase (WBC) [Catalytic activity/Mass]		Acyl CoA dehydrogenase, medium chain
46752-2	Medium chain acyl dehydrogenase deficiency &or glutaric acidemia type 2	CHEM		ACTIVE	MCADD/GA 2 DBS-Imp	Medium chain acyl dehydrogenase Deficiency/Glutaric Acidemia type 2 newborn screen interpretation	Medium chain acyl dehydrogenase Deficiency/Glutaric Acidemia type 2 Ql (DBS) [Interp]		GA-II
46752-2	Medium chain acyl dehydrogenase deficiency &or glutaric acidemia type 2	CHEM		ACTIVE	MCADD/GA 2 DBS-Imp	Medium chain acyl dehydrogenase Deficiency/Glutaric Acidemia type 2 newborn screen interpretation	Medium chain acyl dehydrogenase Deficiency/Glutaric Acidemia type 2 Ql (DBS) [Interp]		GA 2
46752-2	Medium chain acyl dehydrogenase deficiency &or glutaric acidemia type 2	CHEM		ACTIVE	MCADD/GA 2 DBS-Imp	Medium chain acyl dehydrogenase Deficiency/Glutaric Acidemia type 2 newborn screen interpretation	Medium chain acyl dehydrogenase Deficiency/Glutaric Acidemia type 2 Ql (DBS) [Interp]		MCADD
46752-2	Medium chain acyl dehydrogenase deficiency &or glutaric acidemia type 2	CHEM		ACTIVE	MCADD/GA 2 DBS-Imp	Medium chain acyl dehydrogenase Deficiency/Glutaric Acidemia type 2 newborn screen interpretation	Medium chain acyl dehydrogenase Deficiency/Glutaric Acidemia type 2 Ql (DBS) [Interp]		MCADD/GA 2
46779-5	Medium &or short chain acyl-CoA dehydrogenase deficiency	CHEM		DISCOURAGED	M/SCHADD DBS-Imp	Medium/Short chain acyl-CoA dehydrogenase deficiency newborn screen interpretation	Medium/Short chain acyl-CoA dehydrogenase deficiency (DBS) [Interp]		M/SCHAD
46779-5	Medium &or short chain acyl-CoA dehydrogenase deficiency	CHEM		DISCOURAGED	M/SCHADD DBS-Imp	Medium/Short chain acyl-CoA dehydrogenase deficiency newborn screen interpretation	Medium/Short chain acyl-CoA dehydrogenase deficiency (DBS) [Interp]		M/SCHADD
46779-5	Medium &or short chain acyl-CoA dehydrogenase deficiency	CHEM		DISCOURAGED	M/SCHADD DBS-Imp	Medium/Short chain acyl-CoA dehydrogenase deficiency newborn screen interpretation	Medium/Short chain acyl-CoA dehydrogenase deficiency (DBS) [Interp]		SCAD deficiency
33962-2	Melanoma inhibitory activity protein	CHEM		ACTIVE	MAI protein SerPl-mCnc	Melanoma inhibitory activity protein [Mass/volume] in Serum or Plasma	Melanoma inhibitory activity protein [Mass/Vol]		MAI protein
33962-2	Melanoma inhibitory activity protein	CHEM		ACTIVE	MAI protein SerPl-mCnc	Melanoma inhibitory activity protein [Mass/volume] in Serum or Plasma	Melanoma inhibitory activity protein [Mass/Vol]		MIA protein
3129-4	Menadione	CHEM		ACTIVE	Menadione SerPl-mCnc	Menadione [Mass/volume] in Serum or Plasma	Menadione [Mass/Vol]		Menaphthone
3129-4	Menadione	CHEM		ACTIVE	Menadione SerPl-mCnc	Menadione [Mass/volume] in Serum or Plasma	Menadione [Mass/Vol]		Menaquinones
3129-4	Menadione	CHEM		ACTIVE	Menadione SerPl-mCnc	Menadione [Mass/volume] in Serum or Plasma	Menadione [Mass/Vol]		Phylloquinones
3129-4	Menadione	CHEM		ACTIVE	Menadione SerPl-mCnc	Menadione [Mass/volume] in Serum or Plasma	Menadione [Mass/Vol]		Vit K
3129-4	Menadione	CHEM		ACTIVE	Menadione SerPl-mCnc	Menadione [Mass/volume] in Serum or Plasma	Menadione [Mass/Vol]		Vitamin K
74873-1	Metabolic disorder being monitored	CHEM	Indicates which metabolic disorder the patient was previously diagnosed as having and is currently being monitored.	ACTIVE	Metabolic disorder monitored DBS	Metabolic disorder being monitored [Identifier] in DBS	Metabolic disorder being monitored Nom (DBS)		Metabolic disorder monitored
111822-3	Metachromatic leukodystrophy comment	CHEM		ACTIVE	MLD newborn comt DBS-Imp	Metachromatic leukodystrophy comment newborn screen interpretation	Metachromatic leukodystrophy comment (DBS) [Interp]		MLD newborn comt
104629-1	Metanephrine	CHEM		ACTIVE	Metaneph 24h Ur LC/MS/MS-mRate	Metanephrine [Mass/time] in 24 hour Urine by LC/MS/MS	Metanephrine LC/MS/MS (24H U) [Mass/Time]		Mass Rate
104629-1	Metanephrine	CHEM		ACTIVE	Metaneph 24h Ur LC/MS/MS-mRate	Metanephrine [Mass/time] in 24 hour Urine by LC/MS/MS	Metanephrine LC/MS/MS (24H U) [Mass/Time]		mRate
101177-4	Metanephrine.free/Creatinine	CHEM		ACTIVE	Metaneph Free/Creat SerPl-sRto	Metanephrine Free/Creatinine [Molar ratio] in Serum or Plasma	Metanephrine Free/Creatinine [Molar ratio]		Metanephrne
101177-4	Metanephrine.free/Creatinine	CHEM		ACTIVE	Metaneph Free/Creat SerPl-sRto	Metanephrine Free/Creatinine [Molar ratio] in Serum or Plasma	Metanephrine Free/Creatinine [Molar ratio]		Metenephrine
101177-4	Metanephrine.free/Creatinine	CHEM		ACTIVE	Metaneph Free/Creat SerPl-sRto	Metanephrine Free/Creatinine [Molar ratio] in Serum or Plasma	Metanephrine Free/Creatinine [Molar ratio]		Metaneph Free
101177-4	Metanephrine.free/Creatinine	CHEM		ACTIVE	Metaneph Free/Creat SerPl-sRto	Metanephrine Free/Creatinine [Molar ratio] in Serum or Plasma	Metanephrine Free/Creatinine [Molar ratio]		Metaneph
101177-4	Metanephrine.free/Creatinine	CHEM		ACTIVE	Metaneph Free/Creat SerPl-sRto	Metanephrine Free/Creatinine [Molar ratio] in Serum or Plasma	Metanephrine Free/Creatinine [Molar ratio]		Unconjugated metanephrine
104630-9	Metanephrines	CHEM		ACTIVE	MetanephS 24h Ur LC/MS/MS-mRate	Metanephrines [Mass/time] in 24 hour Urine by LC/MS/MS	Metanephrines LC/MS/MS (24H U) [Mass/Time]		Metanephrine+normetanephrine
104630-9	Metanephrines	CHEM		ACTIVE	MetanephS 24h Ur LC/MS/MS-mRate	Metanephrines [Mass/time] in 24 hour Urine by LC/MS/MS	Metanephrines LC/MS/MS (24H U) [Mass/Time]		MetanephS
17263-5	Methemalbumin	CHEM		ACTIVE	Methemalb SerPl Ql	Methemalbumin [Presence] in Serum or Plasma	Methemalbumin Ql		Methemalb
2625-2	Methionine adenosyltransferase	CHEM		ACTIVE	MAT Ser-cCnc	Methionine adenosyltransferase [Enzymatic activity/volume] in Serum	Methionine adenosyltransferase (S) [Catalytic activity/Vol]		MAT
15130-8	Methionine+Tryptophan	CHEM		ACTIVE	Met+Trp SerPl Ql	Methionine+Tryptophan [Presence] in Serum or Plasma	Methionine+Tryptophan Ql		Met+Trp
112916-2	Methotrexate	CHEM		ACTIVE	MTX Bld-sCnc	Methotrexate [Moles/volume] in Blood	Methotrexate (Bld) [Moles/Vol]		Amethoperin
112916-2	Methotrexate	CHEM		ACTIVE	MTX Bld-sCnc	Methotrexate [Moles/volume] in Blood	Methotrexate (Bld) [Moles/Vol]		MTX
112916-2	Methotrexate	CHEM		ACTIVE	MTX Bld-sCnc	Methotrexate [Moles/volume] in Blood	Methotrexate (Bld) [Moles/Vol]		Methotrexat
112916-2	Methotrexate	CHEM		ACTIVE	MTX Bld-sCnc	Methotrexate [Moles/volume] in Blood	Methotrexate (Bld) [Moles/Vol]		Amethopterin
43289-8	Methylcrotonylcarnitine (C5:1)	CHEM		ACTIVE	Methylcrotonylcarn SerPl-sCnc	Methylcrotonylcarnitine (C5:1) [Moles/volume] in Serum or Plasma	Methylcrotonylcarnitine (C5:1) [Moles/Vol]		(C5:1)
43289-8	Methylcrotonylcarnitine (C5:1)	CHEM		ACTIVE	Methylcrotonylcarn SerPl-sCnc	Methylcrotonylcarnitine (C5:1) [Moles/volume] in Serum or Plasma	Methylcrotonylcarnitine (C5:1) [Moles/Vol]		C5:1
2627-8	Methylenetetrahydrofolate dehydrogenase.NAD	CHEM		ACTIVE	MTD.NAD Ser-cCnc	Methylenetetrahydrofolate dehydrogenase NAD [Enzymatic activity/volume] in Serum	Methylenetetrahydrofolate dehydrogenase NAD (S) [Catalytic activity/Vol]		MTD.NAD
2628-6	Methylenetetrahydrofolate dehydrogenase.NADP	CHEM		ACTIVE	MTD.NADP Ser-cCnc	Methylenetetrahydrofolate dehydrogenase NADP [Enzymatic activity/volume] in Serum	Methylenetetrahydrofolate dehydrogenase NADP (S) [Catalytic activity/Vol]		MTD.NADP
18446-5	Methylmalonylcarnitine (C4-DC)	CHEM		DISCOURAGED	Me-malonylcarn SerPl-mCnc	Methylmalonylcarnitine (C4-DC) [Mass/volume] in Serum or Plasma	C4-DC [Mass/Vol]		C4-DC
18446-5	Methylmalonylcarnitine (C4-DC)	CHEM		DISCOURAGED	Me-malonylcarn SerPl-mCnc	Methylmalonylcarnitine (C4-DC) [Mass/volume] in Serum or Plasma	C4-DC [Mass/Vol]		Me-malonylcarn
18446-5	Methylmalonylcarnitine (C4-DC)	CHEM		DISCOURAGED	Me-malonylcarn SerPl-mCnc	Methylmalonylcarnitine (C4-DC) [Mass/volume] in Serum or Plasma	C4-DC [Mass/Vol]		Dicarboxylic carnitine
18446-5	Methylmalonylcarnitine (C4-DC)	CHEM		DISCOURAGED	Me-malonylcarn SerPl-mCnc	Methylmalonylcarnitine (C4-DC) [Mass/volume] in Serum or Plasma	C4-DC [Mass/Vol]		C4-DCC
18446-5	Methylmalonylcarnitine (C4-DC)	CHEM		DISCOURAGED	Me-malonylcarn SerPl-mCnc	Methylmalonylcarnitine (C4-DC) [Mass/volume] in Serum or Plasma	C4-DC [Mass/Vol]		C4DC
53181-4	Methylmalonylcarnitine (C4-DC)/3-Hydroxyisovalerylcarnitine (C5-OH)	CHEM		ACTIVE	Me-malonylcarn/C5OH DBS-sRto	Methylmalonylcarnitine (C4-DC)/3-Hydroxyisovalerylcarnitine (C5-OH) [Molar ratio] in DBS	C4-DC/3-Hydroxyisovalerylcarnitine (C5-OH) (DBS) [Molar ratio]		nonderivatized
53181-4	Methylmalonylcarnitine (C4-DC)/3-Hydroxyisovalerylcarnitine (C5-OH)	CHEM		ACTIVE	Me-malonylcarn/C5OH DBS-sRto	Methylmalonylcarnitine (C4-DC)/3-Hydroxyisovalerylcarnitine (C5-OH) [Molar ratio] in DBS	C4-DC/3-Hydroxyisovalerylcarnitine (C5-OH) (DBS) [Molar ratio]		non-derivatized
53181-4	Methylmalonylcarnitine (C4-DC)/3-Hydroxyisovalerylcarnitine (C5-OH)	CHEM		ACTIVE	Me-malonylcarn/C5OH DBS-sRto	Methylmalonylcarnitine (C4-DC)/3-Hydroxyisovalerylcarnitine (C5-OH) [Molar ratio] in DBS	C4-DC/3-Hydroxyisovalerylcarnitine (C5-OH) (DBS) [Molar ratio]		underivatized
53181-4	Methylmalonylcarnitine (C4-DC)/3-Hydroxyisovalerylcarnitine (C5-OH)	CHEM		ACTIVE	Me-malonylcarn/C5OH DBS-sRto	Methylmalonylcarnitine (C4-DC)/3-Hydroxyisovalerylcarnitine (C5-OH) [Molar ratio] in DBS	C4-DC/3-Hydroxyisovalerylcarnitine (C5-OH) (DBS) [Molar ratio]		C4DC+C5OH
53181-4	Methylmalonylcarnitine (C4-DC)/3-Hydroxyisovalerylcarnitine (C5-OH)	CHEM		ACTIVE	Me-malonylcarn/C5OH DBS-sRto	Methylmalonylcarnitine (C4-DC)/3-Hydroxyisovalerylcarnitine (C5-OH) [Molar ratio] in DBS	C4-DC/3-Hydroxyisovalerylcarnitine (C5-OH) (DBS) [Molar ratio]		C4-DC+C5-OH
51415-8	Methylmalonylcarnitine+Succinylcarnitine (C4-DC)	CHEM		ACTIVE	Me-malonylcarn+Succinylcarn SerPl-sCnc	Methylmalonylcarnitine+Succinylcarnitine (C4-DC) [Moles/volume] in Serum or Plasma	Methylmalonylcarnitine+Succinylcarnitine (C4-DC) [Moles/Vol]		Me-malonylcarn+Succinylcarn
2631-0	Methylmalonyl CoA mutase	CHEM		ACTIVE	MCM Ser-cCnc	Methylmalonyl CoA mutase [Enzymatic activity/volume] in Serum	Methylmalonyl CoA mutase (S) [Catalytic activity/Vol]		MCM
13777-8	Methylsuccinate/Creatinine	CHEM		ACTIVE	Me-succinate/Creat Ur	Methylsuccinate/Creatinine [Mass Ratio] in Urine	Methylsuccinate/Creatinine (U) [Mass ratio]		Pyrotartaric acid
13777-8	Methylsuccinate/Creatinine	CHEM		ACTIVE	Me-succinate/Creat Ur	Methylsuccinate/Creatinine [Mass Ratio] in Urine	Methylsuccinate/Creatinine (U) [Mass ratio]		2-Methylsuccinic acid
13777-8	Methylsuccinate/Creatinine	CHEM		ACTIVE	Me-succinate/Creat Ur	Methylsuccinate/Creatinine [Mass Ratio] in Urine	Methylsuccinate/Creatinine (U) [Mass ratio]		Me-succinate
13777-8	Methylsuccinate/Creatinine	CHEM		ACTIVE	Me-succinate/Creat Ur	Methylsuccinate/Creatinine [Mass Ratio] in Urine	Methylsuccinate/Creatinine (U) [Mass ratio]		Methylsuccinic acid
13778-6	Mevalonate/Creatinine	CHEM		DISCOURAGED	Mevalonate/Creat Ur	Mevalonate/Creatinine [Mass Ratio] in Urine	Mevalonate/Creatinine (U) [Mass ratio]		Mevalonic acid
13778-6	Mevalonate/Creatinine	CHEM		DISCOURAGED	Mevalonate/Creat Ur	Mevalonate/Creatinine [Mass Ratio] in Urine	Mevalonate/Creatinine (U) [Mass ratio]		MVA
48145-7	Mevalonolactone/Creatinine	CHEM		ACTIVE	Mevalonolactone/Creat Ur-sRto	Mevalonolactone/Creatinine [Molar ratio] in Urine	Mevalonolactone/Creatinine (U) [Molar ratio]		Mevalonic acid lactone
48145-7	Mevalonolactone/Creatinine	CHEM		ACTIVE	Mevalonolactone/Creat Ur-sRto	Mevalonolactone/Creatinine [Molar ratio] in Urine	Mevalonolactone/Creatinine (U) [Molar ratio]		MVL
76616-2	Mitochondrial respiratory chain enzymes	CHEM		ACTIVE	Mito enzy Fib 1-14C-pyr substr-cCnt	Mitochondrial respiratory chain enzymes [Enzymatic activity/mass] in Fibroblast by 1-14C-pyruvate substrate	Mitochondrial respiratory chain enzymes 1-14C-pyruvate substrate (Fibroblast) [Catalytic activity/Mass]		1-14C-pyr subst
76617-0	Mitochondrial respiratory chain enzymes	CHEM		ACTIVE	Mito enzy Fib 2-14C-pyr substr-cCnt	Mitochondrial respiratory chain enzymes [Enzymatic activity/mass] in Fibroblast by 2-14C-pyruvate substrate	Mitochondrial respiratory chain enzymes 2-14C-pyruvate substrate (Fibroblast) [Catalytic activity/Mass]		2-14C-pyr subst
76618-8	Mitochondrial respiratory chain enzymes	CHEM		ACTIVE	Mito enzy Fib 1-14C-glut substr-cCnt	Mitochondrial respiratory chain enzymes [Enzymatic activity/mass] in Fibroblast by 1-14C-glutamate substrate	Mitochondrial respiratory chain enzymes 1-14C-glutamate substrate (Fibroblast) [Catalytic activity/Mass]		1-14C-glut subst
76619-6	Mitochondrial respiratory chain enzymes	CHEM		ACTIVE	Mito enzy Fib 2,3-14C-succ substr-cCnt	Mitochondrial respiratory chain enzymes [Enzymatic activity/mass] in Fibroblast by 2,3-14C-succinate substrate	Mitochondrial respiratory chain enzymes 2,3-14C-succinate substrate (Fibroblast) [Catalytic activity/Mass]		2,3-14C-succ subst
76620-4	Mitochondrial respiratory chain enzymes	CHEM		ACTIVE	Mito enzy Fib 1-14C-leuc substr-cCnt	Mitochondrial respiratory chain enzymes [Enzymatic activity/mass] in Fibroblast by 1-14C-leucine substrate	Mitochondrial respiratory chain enzymes 1-14C-leucine substrate (Fibroblast) [Catalytic activity/Mass]		1-14C-leuc subst
12918-9	Monoamine oxidase	CHEM		ACTIVE	Monoamine Oxidase PRP-cCnc	Monoamine oxidase [Enzymatic activity/volume] in Platelet rich plasma	Monoamine oxidase (PRP) [Catalytic activity/Vol]		MAO
74639-6	Monoclonal band 2 observed	CHEM	Monoclonal Protein Peak 2 Identification in Urine by Immunofixation (IFE). Immunofixation is performed on the urine specimen to identify the immunoglobulin heavy chain and/or light chain present in the peaks.	ACTIVE	Monoclon Band 2 Obs Ur IFE	Monoclonal band 2 observed [Identifier] in Urine by Immunofixation	Monoclonal band 2 observed Immunofixation Nom (U)		Monoclon Band 2 Obs
74638-8	Monoclonal band 3 observed	CHEM	Monoclonal Protein Peak 3 Identification in Urine by Immunofixation (IFE). Immunofixation is performed on the urine specimen to identify the immunoglobulin heavy chain and/or light chain present in the peaks.	ACTIVE	Monoclon Band 3 Obs Ur IFE	Monoclonal band 3 observed [Identifier] in Urine by Immunofixation	Monoclonal band 3 observed Immunofixation Nom (U)		Monoclon Band 3 Obs
13348-8	Monoclonal band observed	CHEM		ACTIVE	Monoclon Band Obs SerPl	Monoclonal band observed [Identifier] in Serum or Plasma	Monoclonal band observed Nom		Monoclon Band Obs
103785-2	Monocyte Chemoattractant Proteins 4	CHEM		ACTIVE	MCP-4/CCL13 SerPl IA-mCnc	Monocyte Chemoattractant Proteins 4 [Mass/volume] in Serum or Plasma by Immunoassay	Monocyte Chemoattractant Proteins 4 IA [Mass/Vol]		MCP-4
103785-2	Monocyte Chemoattractant Proteins 4	CHEM		ACTIVE	MCP-4/CCL13 SerPl IA-mCnc	Monocyte Chemoattractant Proteins 4 [Mass/volume] in Serum or Plasma by Immunoassay	Monocyte Chemoattractant Proteins 4 IA [Mass/Vol]		MCP-4/CCL13
103785-2	Monocyte Chemoattractant Proteins 4	CHEM		ACTIVE	MCP-4/CCL13 SerPl IA-mCnc	Monocyte Chemoattractant Proteins 4 [Mass/volume] in Serum or Plasma by Immunoassay	Monocyte Chemoattractant Proteins 4 IA [Mass/Vol]		CCL13
103785-2	Monocyte Chemoattractant Proteins 4	CHEM		ACTIVE	MCP-4/CCL13 SerPl IA-mCnc	Monocyte Chemoattractant Proteins 4 [Mass/volume] in Serum or Plasma by Immunoassay	Monocyte Chemoattractant Proteins 4 IA [Mass/Vol]		Chemokine (C-C motif) ligand 13
80154-8	Monolysocardiolipin/Cardiolipin	CHEM	The ratio of monolysocardiolipin to cardiolipin in dried blood spots is measured as a diagnostic test for Barth syndrome (BTHS), an X-linked, metabolic, multi-system disorder characterized by cardiomyopathy, neutropenia, myopathy, and growth delay. [PMID: 18070816]	ACTIVE	MLCL/CL DBS-sRto	Monolysocardiolipin/Cardiolipin [Molar ratio] in DBS	Monolysocardiolipin/Cardiolipin (DBS) [Molar ratio]		MLCL
11057-7	Monophosphoglyceromutase	CHEM		ACTIVE	MPGM RBC-cCnc	Monophosphoglyceromutase [Enzymatic activity/volume] in Red Blood Cells	Monophosphoglyceromutase (RBC) [Catalytic activity/Vol]		MPGM
12776-1	Mucin-like carcinoma associated Ag	CHEM		ACTIVE	MCA Ag SerPl-aCnc	Mucin-like carcinoma associated Ag [Units/volume] in Serum or Plasma	Mucin-like carcinoma associated Ag Qn		MUC-1 gene associated AG
104190-4	Mucopolysaccharidosis type II comment	CHEM		ACTIVE	Mucopolysaccharidosis tp II comment DBS	Mucopolysaccharidosis type II comment [Text] in DBS Narrative	Mucopolysaccharidosis type II comment Nar (DBS)		cmnt
104190-4	Mucopolysaccharidosis type II comment	CHEM		ACTIVE	Mucopolysaccharidosis tp II comment DBS	Mucopolysaccharidosis type II comment [Text] in DBS Narrative	Mucopolysaccharidosis type II comment Nar (DBS)		Text
104190-4	Mucopolysaccharidosis type II comment	CHEM		ACTIVE	Mucopolysaccharidosis tp II comment DBS	Mucopolysaccharidosis type II comment [Text] in DBS Narrative	Mucopolysaccharidosis type II comment Nar (DBS)		Comments
104190-4	Mucopolysaccharidosis type II comment	CHEM		ACTIVE	Mucopolysaccharidosis tp II comment DBS	Mucopolysaccharidosis type II comment [Text] in DBS Narrative	Mucopolysaccharidosis type II comment Nar (DBS)		Commt
104190-4	Mucopolysaccharidosis type II comment	CHEM		ACTIVE	Mucopolysaccharidosis tp II comment DBS	Mucopolysaccharidosis type II comment [Text] in DBS Narrative	Mucopolysaccharidosis type II comment Nar (DBS)		cmmt
104190-4	Mucopolysaccharidosis type II comment	CHEM		ACTIVE	Mucopolysaccharidosis tp II comment DBS	Mucopolysaccharidosis type II comment [Text] in DBS Narrative	Mucopolysaccharidosis type II comment Nar (DBS)		Comm
104190-4	Mucopolysaccharidosis type II comment	CHEM		ACTIVE	Mucopolysaccharidosis tp II comment DBS	Mucopolysaccharidosis type II comment [Text] in DBS Narrative	Mucopolysaccharidosis type II comment Nar (DBS)		Mucopolysaccharidosis tp II comment
104190-4	Mucopolysaccharidosis type II comment	CHEM		ACTIVE	Mucopolysaccharidosis tp II comment DBS	Mucopolysaccharidosis type II comment [Text] in DBS Narrative	Mucopolysaccharidosis type II comment Nar (DBS)		Remarks
104190-4	Mucopolysaccharidosis type II comment	CHEM		ACTIVE	Mucopolysaccharidosis tp II comment DBS	Mucopolysaccharidosis type II comment [Text] in DBS Narrative	Mucopolysaccharidosis type II comment Nar (DBS)		Com
104189-6	Mucopolysaccharidosis type II newborn screen interpretation	CHEM		ACTIVE	Mucopolysaccharidosis II DBS-Imp	Mucopolysaccharidosis type II newborn screen interpretation newborn screen interpretation	Mucopolysaccharidosis type II newborn screen interpretation (DBS) [Interp]		Mucopolysaccharidosis II
79565-8	Mucopolysaccharidosis type I newborn screening comment-discussion	CHEM		ACTIVE	MPS I NBS comment	Mucopolysaccharidosis type I newborn screening comment-discussion	Mucopolysaccharidosis type I newborn screening comment-discussion Nar (DBS)		MPS I NBS comment
35157-7	Myristate	CHEM		ACTIVE	Myristate SerPl-sCnc	Myristate (C14:0) [Moles/volume] in Serum or Plasma	Myristate (C14:0) [Moles/Vol]		Tetradecanoic acid
35157-7	Myristate	CHEM		ACTIVE	Myristate SerPl-sCnc	Myristate (C14:0) [Moles/volume] in Serum or Plasma	Myristate (C14:0) [Moles/Vol]		Tetradecanoate
35157-7	Myristate	CHEM		ACTIVE	Myristate SerPl-sCnc	Myristate (C14:0) [Moles/volume] in Serum or Plasma	Myristate (C14:0) [Moles/Vol]		Myristic acid
35157-7	Myristate	CHEM		ACTIVE	Myristate SerPl-sCnc	Myristate (C14:0) [Moles/volume] in Serum or Plasma	Myristate (C14:0) [Moles/Vol]		C14:0
35158-5	Myristoleate	CHEM		ACTIVE	Myristoleate SerPl-sCnc	Myristoleate (C14:1) [Moles/volume] in Serum or Plasma	Myristoleate (C14:1) [Moles/Vol]		cis-9-tetradecenoic acid
35158-5	Myristoleate	CHEM		ACTIVE	Myristoleate SerPl-sCnc	Myristoleate (C14:1) [Moles/volume] in Serum or Plasma	Myristoleate (C14:1) [Moles/Vol]		cis-9-tetradecenoate
35158-5	Myristoleate	CHEM		ACTIVE	Myristoleate SerPl-sCnc	Myristoleate (C14:1) [Moles/volume] in Serum or Plasma	Myristoleate (C14:1) [Moles/Vol]		Myristoleic acid
79578-1	N6-Acetyl-L-lysine	CHEM		ACTIVE	N6-Ac-L-lys SerPl-sCnc	N6-Acetyl-L-lysine [Moles/volume] in Serum or Plasma	N6-Acetyl-L-lysine [Moles/Vol]		(2S)-6-acetamido-2-azaniumylhexanoate
79578-1	N6-Acetyl-L-lysine	CHEM		ACTIVE	N6-Ac-L-lys SerPl-sCnc	N6-Acetyl-L-lysine [Moles/volume] in Serum or Plasma	N6-Acetyl-L-lysine [Moles/Vol]		N6-Ac-L-lys
79578-1	N6-Acetyl-L-lysine	CHEM		ACTIVE	N6-Ac-L-lys SerPl-sCnc	N6-Acetyl-L-lysine [Moles/volume] in Serum or Plasma	N6-Acetyl-L-lysine [Moles/Vol]		N(6)-acetyllsine
79578-1	N6-Acetyl-L-lysine	CHEM		ACTIVE	N6-Ac-L-lys SerPl-sCnc	N6-Acetyl-L-lysine [Moles/volume] in Serum or Plasma	N6-Acetyl-L-lysine [Moles/Vol]		Epsilon-N-acetyl-L-lysine
79578-1	N6-Acetyl-L-lysine	CHEM		ACTIVE	N6-Ac-L-lys SerPl-sCnc	N6-Acetyl-L-lysine [Moles/volume] in Serum or Plasma	N6-Acetyl-L-lysine [Moles/Vol]		(2S)-6-acetamido-2-ammoniohexanoate
79578-1	N6-Acetyl-L-lysine	CHEM		ACTIVE	N6-Ac-L-lys SerPl-sCnc	N6-Acetyl-L-lysine [Moles/volume] in Serum or Plasma	N6-Acetyl-L-lysine [Moles/Vol]		S-6-acetamido-2-aminohexanoic acid
29631-9	N-acetylaspartate	CHEM		DEPRECATED	Deprecated N-Ac-Asp Ur Ql	Deprecated N-acetylaspartate [Presence] in Urine	N-acetylaspartate Ql (U)		n-acetylaspartic acid
29631-9	N-acetylaspartate	CHEM		DEPRECATED	Deprecated N-Ac-Asp Ur Ql	Deprecated N-acetylaspartate [Presence] in Urine	N-acetylaspartate Ql (U)		N-Ac-Asp
29631-9	N-acetylaspartate	CHEM		DEPRECATED	Deprecated N-Ac-Asp Ur Ql	Deprecated N-acetylaspartate [Presence] in Urine	N-acetylaspartate Ql (U)		NASP
78964-4	N-acetylaspartylglutamate	CHEM		ACTIVE	NAAG CSF-sCnc	N-acetylaspartylglutamate [Moles/volume] in Cerebrospinal Fluid	N-acetylaspartylglutamate (CSF) [Moles/Vol]		NAAG
2643-5	N-acetyl-beta-glucosaminidase	CHEM		ACTIVE	B-NAG Ser-cCnc	N-acetyl-beta-glucosaminidase [Enzymatic activity/volume] in Serum	N-acetyl-beta-glucosaminidase (S) [Catalytic activity/Vol]		B-NAG
2643-5	N-acetyl-beta-glucosaminidase	CHEM		ACTIVE	B-NAG Ser-cCnc	N-acetyl-beta-glucosaminidase [Enzymatic activity/volume] in Serum	N-acetyl-beta-glucosaminidase (S) [Catalytic activity/Vol]		Hexosaminidase total
2643-5	N-acetyl-beta-glucosaminidase	CHEM		ACTIVE	B-NAG Ser-cCnc	N-acetyl-beta-glucosaminidase [Enzymatic activity/volume] in Serum	N-acetyl-beta-glucosaminidase (S) [Catalytic activity/Vol]		Beta-NAG
21413-0	N-Acetylgalactosamine-4-Sulfatase	CHEM		ACTIVE	Arylsulfatase B Ur-cCnc	N-Acetylgalactosamine-4-Sulfatase [Enzymatic activity/volume] in Urine	N-Acetylgalactosamine-4-Sulfatase (U) [Catalytic activity/Vol]		Maroteaux-Lamy disease
21413-0	N-Acetylgalactosamine-4-Sulfatase	CHEM		ACTIVE	Arylsulfatase B Ur-cCnc	N-Acetylgalactosamine-4-Sulfatase [Enzymatic activity/volume] in Urine	N-Acetylgalactosamine-4-Sulfatase (U) [Catalytic activity/Vol]		rh4S
21413-0	N-Acetylgalactosamine-4-Sulfatase	CHEM		ACTIVE	Arylsulfatase B Ur-cCnc	N-Acetylgalactosamine-4-Sulfatase [Enzymatic activity/volume] in Urine	N-Acetylgalactosamine-4-Sulfatase (U) [Catalytic activity/Vol]		rhASB
21413-0	N-Acetylgalactosamine-4-Sulfatase	CHEM		ACTIVE	Arylsulfatase B Ur-cCnc	N-Acetylgalactosamine-4-Sulfatase [Enzymatic activity/volume] in Urine	N-Acetylgalactosamine-4-Sulfatase (U) [Catalytic activity/Vol]		GalNAc6S sulfatase
21413-0	N-Acetylgalactosamine-4-Sulfatase	CHEM		ACTIVE	Arylsulfatase B Ur-cCnc	N-Acetylgalactosamine-4-Sulfatase [Enzymatic activity/volume] in Urine	N-Acetylgalactosamine-4-Sulfatase (U) [Catalytic activity/Vol]		Arylsulfatase B
21413-0	N-Acetylgalactosamine-4-Sulfatase	CHEM		ACTIVE	Arylsulfatase B Ur-cCnc	N-Acetylgalactosamine-4-Sulfatase [Enzymatic activity/volume] in Urine	N-Acetylgalactosamine-4-Sulfatase (U) [Catalytic activity/Vol]		Aryl sulfatase B
21413-0	N-Acetylgalactosamine-4-Sulfatase	CHEM		ACTIVE	Arylsulfatase B Ur-cCnc	N-Acetylgalactosamine-4-Sulfatase [Enzymatic activity/volume] in Urine	N-Acetylgalactosamine-4-Sulfatase (U) [Catalytic activity/Vol]		MPS VI
24095-2	N-Acetylgalactosamine-6-Sulfatase	CHEM		ACTIVE	GALNS Fib-cCnt	N-Acetylgalactosamine-6-Sulfatase [Enzymatic activity/mass] in Fibroblast	N-Acetylgalactosamine-6-Sulfatase (Fibroblast) [Catalytic activity/Mass]		GalN6S
24095-2	N-Acetylgalactosamine-6-Sulfatase	CHEM		ACTIVE	GALNS Fib-cCnt	N-Acetylgalactosamine-6-Sulfatase [Enzymatic activity/mass] in Fibroblast	N-Acetylgalactosamine-6-Sulfatase (Fibroblast) [Catalytic activity/Mass]		Chondroitinase
24095-2	N-Acetylgalactosamine-6-Sulfatase	CHEM		ACTIVE	GALNS Fib-cCnt	N-Acetylgalactosamine-6-Sulfatase [Enzymatic activity/mass] in Fibroblast	N-Acetylgalactosamine-6-Sulfatase (Fibroblast) [Catalytic activity/Mass]		Galactose-6-sulfate sulfatase
24095-2	N-Acetylgalactosamine-6-Sulfatase	CHEM		ACTIVE	GALNS Fib-cCnt	N-Acetylgalactosamine-6-Sulfatase [Enzymatic activity/mass] in Fibroblast	N-Acetylgalactosamine-6-Sulfatase (Fibroblast) [Catalytic activity/Mass]		GALNS
24095-2	N-Acetylgalactosamine-6-Sulfatase	CHEM		ACTIVE	GALNS Fib-cCnt	N-Acetylgalactosamine-6-Sulfatase [Enzymatic activity/mass] in Fibroblast	N-Acetylgalactosamine-6-Sulfatase (Fibroblast) [Catalytic activity/Mass]		Morquio disease, type A
24095-2	N-Acetylgalactosamine-6-Sulfatase	CHEM		ACTIVE	GALNS Fib-cCnt	N-Acetylgalactosamine-6-Sulfatase [Enzymatic activity/mass] in Fibroblast	N-Acetylgalactosamine-6-Sulfatase (Fibroblast) [Catalytic activity/Mass]		MPS VI A
24095-2	N-Acetylgalactosamine-6-Sulfatase	CHEM		ACTIVE	GALNS Fib-cCnt	N-Acetylgalactosamine-6-Sulfatase [Enzymatic activity/mass] in Fibroblast	N-Acetylgalactosamine-6-Sulfatase (Fibroblast) [Catalytic activity/Mass]		Chondroitin sulfatase
24097-8	N-Acetylglucosamine-6-Sulfatase	CHEM		ACTIVE	NAG6Sulfatase Fib-cCnt	N-Acetylglucosamine-6-Sulfatase [Enzymatic activity/mass] in Fibroblast	N-Acetylglucosamine-6-Sulfatase (Fibroblast) [Catalytic activity/Mass]		Sanfilippo disease, type D
24097-8	N-Acetylglucosamine-6-Sulfatase	CHEM		ACTIVE	NAG6Sulfatase Fib-cCnt	N-Acetylglucosamine-6-Sulfatase [Enzymatic activity/mass] in Fibroblast	N-Acetylglucosamine-6-Sulfatase (Fibroblast) [Catalytic activity/Mass]		NAG6Sulfatase
24097-8	N-Acetylglucosamine-6-Sulfatase	CHEM		ACTIVE	NAG6Sulfatase Fib-cCnt	N-Acetylglucosamine-6-Sulfatase [Enzymatic activity/mass] in Fibroblast	N-Acetylglucosamine-6-Sulfatase (Fibroblast) [Catalytic activity/Mass]		Glucosamine-6-sulfatase
24097-8	N-Acetylglucosamine-6-Sulfatase	CHEM		ACTIVE	NAG6Sulfatase Fib-cCnt	N-Acetylglucosamine-6-Sulfatase [Enzymatic activity/mass] in Fibroblast	N-Acetylglucosamine-6-Sulfatase (Fibroblast) [Catalytic activity/Mass]		MPS III D
13779-4	N-acetyl-L-aspartate/Creatinine	CHEM		ACTIVE	N-Ac-L-Asp/Creat Ur	N-acetyl-L-aspartate/Creatinine [Mass Ratio] in Urine	N-acetyl-L-aspartate/Creatinine (U) [Mass ratio]		NAA
13779-4	N-acetyl-L-aspartate/Creatinine	CHEM		ACTIVE	N-Ac-L-Asp/Creat Ur	N-acetyl-L-aspartate/Creatinine [Mass Ratio] in Urine	N-acetyl-L-aspartate/Creatinine (U) [Mass ratio]		N-Ac-L-Asp
13780-2	N-acetyltyrosine/Creatinine	CHEM		DISCOURAGED	NAT/Creat Ur	N-acetyltyrosine/Creatinine [Mass Ratio] in Urine	N-acetyltyrosine/Creatinine (U) [Mass ratio]		L-N-Acetyltyrosine
13780-2	N-acetyltyrosine/Creatinine	CHEM		DISCOURAGED	NAT/Creat Ur	N-acetyltyrosine/Creatinine [Mass Ratio] in Urine	N-acetyltyrosine/Creatinine (U) [Mass ratio]		Acetyl-L-tyrosine
13780-2	N-acetyltyrosine/Creatinine	CHEM		DISCOURAGED	NAT/Creat Ur	N-acetyltyrosine/Creatinine [Mass Ratio] in Urine	N-acetyltyrosine/Creatinine (U) [Mass ratio]		(2S)-2-acetamido-3-(4-hydroxyphenyl)propanoic acid
13780-2	N-acetyltyrosine/Creatinine	CHEM		DISCOURAGED	NAT/Creat Ur	N-acetyltyrosine/Creatinine [Mass Ratio] in Urine	N-acetyltyrosine/Creatinine (U) [Mass ratio]		N-Acetyl-L-tyrosine
35497-7	NADH cytochrome C reductase	CHEM		ACTIVE	NADH CyC Reduct Tiss-cCnt	NADH cytochrome C reductase [Enzymatic activity/mass] in Tissue	NADH cytochrome C reductase (Tiss) [Catalytic activity/Mass]		NADH CyC Reduct
79395-0	NADH:ubiquinone reductase	CHEM		ACTIVE	NADH ubiq red Fib-cCnt	NADH:ubiquinone reductase [Enzymatic activity/mass] in Fibroblast	NADH:ubiquinone reductase (Fibroblast) [Catalytic activity/Mass]		Electron transfer complex I
79395-0	NADH:ubiquinone reductase	CHEM		ACTIVE	NADH ubiq red Fib-cCnt	NADH:ubiquinone reductase [Enzymatic activity/mass] in Fibroblast	NADH:ubiquinone reductase (Fibroblast) [Catalytic activity/Mass]		NADH-CoQ Reductase
79395-0	NADH:ubiquinone reductase	CHEM		ACTIVE	NADH ubiq red Fib-cCnt	NADH:ubiquinone reductase [Enzymatic activity/mass] in Fibroblast	NADH:ubiquinone reductase (Fibroblast) [Catalytic activity/Mass]		Coenzyme Q reductase
79395-0	NADH:ubiquinone reductase	CHEM		ACTIVE	NADH ubiq red Fib-cCnt	NADH:ubiquinone reductase [Enzymatic activity/mass] in Fibroblast	NADH:ubiquinone reductase (Fibroblast) [Catalytic activity/Mass]		Complex I (electron transport chain)
79395-0	NADH:ubiquinone reductase	CHEM		ACTIVE	NADH ubiq red Fib-cCnt	NADH:ubiquinone reductase [Enzymatic activity/mass] in Fibroblast	NADH:ubiquinone reductase (Fibroblast) [Catalytic activity/Mass]		Complex I (mitochondrial electron transport)
79395-0	NADH:ubiquinone reductase	CHEM		ACTIVE	NADH ubiq red Fib-cCnt	NADH:ubiquinone reductase [Enzymatic activity/mass] in Fibroblast	NADH:ubiquinone reductase (Fibroblast) [Catalytic activity/Mass]		Dihydronicotinamide adenine dinucleotide-coenzyme Q reductase
79395-0	NADH:ubiquinone reductase	CHEM		ACTIVE	NADH ubiq red Fib-cCnt	NADH:ubiquinone reductase [Enzymatic activity/mass] in Fibroblast	NADH:ubiquinone reductase (Fibroblast) [Catalytic activity/Mass]		DPNH-coenzyme Q reductase
79395-0	NADH:ubiquinone reductase	CHEM		ACTIVE	NADH ubiq red Fib-cCnt	NADH:ubiquinone reductase [Enzymatic activity/mass] in Fibroblast	NADH:ubiquinone reductase (Fibroblast) [Catalytic activity/Mass]		DPNH-ubiquinone reductase
79395-0	NADH:ubiquinone reductase	CHEM		ACTIVE	NADH ubiq red Fib-cCnt	NADH:ubiquinone reductase [Enzymatic activity/mass] in Fibroblast	NADH:ubiquinone reductase (Fibroblast) [Catalytic activity/Mass]		NADH ubiq red
79395-0	NADH:ubiquinone reductase	CHEM		ACTIVE	NADH ubiq red Fib-cCnt	NADH:ubiquinone reductase [Enzymatic activity/mass] in Fibroblast	NADH:ubiquinone reductase (Fibroblast) [Catalytic activity/Mass]		NADH-Coenzyme Q Reductase
79395-0	NADH:ubiquinone reductase	CHEM		ACTIVE	NADH ubiq red Fib-cCnt	NADH:ubiquinone reductase [Enzymatic activity/mass] in Fibroblast	NADH:ubiquinone reductase (Fibroblast) [Catalytic activity/Mass]		NADH-CoQ oxidoreductase
79591-4	N-alpha acetyllysine	CHEM		ACTIVE	N-A-acetyllysine SerPl-sCnc	N-alpha acetyllysine [Moles/volume] in Serum or Plasma	N-alpha acetyllysine [Moles/Vol]		A-Acetyllysine
79591-4	N-alpha acetyllysine	CHEM		ACTIVE	N-A-acetyllysine SerPl-sCnc	N-alpha acetyllysine [Moles/volume] in Serum or Plasma	N-alpha acetyllysine [Moles/Vol]		N-A-acetyllysine
106735-4	Natriuretic peptide.B prohormone N-Terminal	CHEM		ACTIVE	NT-proBNP SerPlBld IA.rapid-mCnc	Natriuretic peptide.B prohormone N-Terminal [Mass/volume] in Serum, Plasma or Blood by Rapid immunoassay	Natriuretic peptide.B prohormone N-Terminal IA.rapid (S/P/Bld) [Mass/Vol]		BNP
106735-4	Natriuretic peptide.B prohormone N-Terminal	CHEM		ACTIVE	NT-proBNP SerPlBld IA.rapid-mCnc	Natriuretic peptide.B prohormone N-Terminal [Mass/volume] in Serum, Plasma or Blood by Rapid immunoassay	Natriuretic peptide.B prohormone N-Terminal IA.rapid (S/P/Bld) [Mass/Vol]		Beta Natriuretic Peptide
106735-4	Natriuretic peptide.B prohormone N-Terminal	CHEM		ACTIVE	NT-proBNP SerPlBld IA.rapid-mCnc	Natriuretic peptide.B prohormone N-Terminal [Mass/volume] in Serum, Plasma or Blood by Rapid immunoassay	Natriuretic peptide.B prohormone N-Terminal IA.rapid (S/P/Bld) [Mass/Vol]		Brain Natriuretic Peptide
106735-4	Natriuretic peptide.B prohormone N-Terminal	CHEM		ACTIVE	NT-proBNP SerPlBld IA.rapid-mCnc	Natriuretic peptide.B prohormone N-Terminal [Mass/volume] in Serum, Plasma or Blood by Rapid immunoassay	Natriuretic peptide.B prohormone N-Terminal IA.rapid (S/P/Bld) [Mass/Vol]		B-type natriuretic peptide
106735-4	Natriuretic peptide.B prohormone N-Terminal	CHEM		ACTIVE	NT-proBNP SerPlBld IA.rapid-mCnc	Natriuretic peptide.B prohormone N-Terminal [Mass/volume] in Serum, Plasma or Blood by Rapid immunoassay	Natriuretic peptide.B prohormone N-Terminal IA.rapid (S/P/Bld) [Mass/Vol]		Natriutietic peptide.B
106735-4	Natriuretic peptide.B prohormone N-Terminal	CHEM		ACTIVE	NT-proBNP SerPlBld IA.rapid-mCnc	Natriuretic peptide.B prohormone N-Terminal [Mass/volume] in Serum, Plasma or Blood by Rapid immunoassay	Natriuretic peptide.B prohormone N-Terminal IA.rapid (S/P/Bld) [Mass/Vol]		NTproBNP
106735-4	Natriuretic peptide.B prohormone N-Terminal	CHEM		ACTIVE	NT-proBNP SerPlBld IA.rapid-mCnc	Natriuretic peptide.B prohormone N-Terminal [Mass/volume] in Serum, Plasma or Blood by Rapid immunoassay	Natriuretic peptide.B prohormone N-Terminal IA.rapid (S/P/Bld) [Mass/Vol]		NT-proBNP
106735-4	Natriuretic peptide.B prohormone N-Terminal	CHEM		ACTIVE	NT-proBNP SerPlBld IA.rapid-mCnc	Natriuretic peptide.B prohormone N-Terminal [Mass/volume] in Serum, Plasma or Blood by Rapid immunoassay	Natriuretic peptide.B prohormone N-Terminal IA.rapid (S/P/Bld) [Mass/Vol]		proBNP
106735-4	Natriuretic peptide.B prohormone N-Terminal	CHEM		ACTIVE	NT-proBNP SerPlBld IA.rapid-mCnc	Natriuretic peptide.B prohormone N-Terminal [Mass/volume] in Serum, Plasma or Blood by Rapid immunoassay	Natriuretic peptide.B prohormone N-Terminal IA.rapid (S/P/Bld) [Mass/Vol]		Pro-brain natriuretic peptide
59251-9	N-carbamoyl beta alanine/Creatinine	CHEM		ACTIVE	N-carbamoyl B-alanine/Creat Ur-sRto	N-carbamoyl beta alanine/Creatinine [Molar ratio] in Urine	N-carbamoyl beta alanine/Creatinine (U) [Molar ratio]		N-carbamoyl B-alanine
48793-4	Necroinflammatory activity grade	CHEM		ACTIVE	Necroinflammatory act grade SerPl Ql	Necroinflammatory activity grade	Necroinflammatory activity grade Ql		Necroinflammatory act grade
88448-6	Necroinflammatory activity interpretation	CHEM	Interpretation of the degree of necroinflammatory activity based on the necroinflammatory score and grade.	ACTIVE	Necroinflammatory activ interp Ser-Imp	Necroinflammatory activity interpretation in Serum Qualitative	Necroinflamm activity interpretation Ql (S) [Interp]		Necroinflammatory activ interp
88448-6	Necroinflammatory activity interpretation	CHEM	Interpretation of the degree of necroinflammatory activity based on the necroinflammatory score and grade.	ACTIVE	Necroinflammatory activ interp Ser-Imp	Necroinflammatory activity interpretation in Serum Qualitative	Necroinflamm activity interpretation Ql (S) [Interp]		Acti Test
48792-6	Necroinflammatory activity score	CHEM		ACTIVE	Necroinflammatory act score SerPl	Necroinflammatory activity score	Necroinflammatory activity score [Score]		ActiTest
48792-6	Necroinflammatory activity score	CHEM		ACTIVE	Necroinflammatory act score SerPl	Necroinflammatory activity score	Necroinflammatory activity score [Score]		Necroinflammatory act score
48792-6	Necroinflammatory activity score	CHEM		ACTIVE	Necroinflammatory act score SerPl	Necroinflammatory activity score	Necroinflammatory activity score [Score]		Activity grade
111554-2	Nectin-4	CHEM		ACTIVE	Nectin-4 Tiss IH-Imp	Nectin-4 [Interpretation] in Tissue by Immunohistochemical Narrative	Nectin-4 IHC Nar (Tiss) [Interp]		IH
35170-0	Nervonate	CHEM		ACTIVE	Nervonate SerPl-sCnc	Nervonate (C24:1) [Moles/volume] in Serum or Plasma	Nervonate (C24:1) [Moles/Vol]		Nervonic acid
35170-0	Nervonate	CHEM		ACTIVE	Nervonate SerPl-sCnc	Nervonate (C24:1) [Moles/volume] in Serum or Plasma	Nervonate (C24:1) [Moles/Vol]		C24:1
35170-0	Nervonate	CHEM		ACTIVE	Nervonate SerPl-sCnc	Nervonate (C24:1) [Moles/volume] in Serum or Plasma	Nervonate (C24:1) [Moles/Vol]		15-Tetracosenoic acid
35170-0	Nervonate	CHEM		ACTIVE	Nervonate SerPl-sCnc	Nervonate (C24:1) [Moles/volume] in Serum or Plasma	Nervonate (C24:1) [Moles/Vol]		Tetracosenoate
48803-1	Neural tube defect risk	CHEM		ACTIVE	Neural tube defect risk Fetus	Neural tube defect risk [Likelihood] in Fetus	Neural tube defect risk Qn (fetus)		Neural tube defct
48803-1	Neural tube defect risk	CHEM		ACTIVE	Neural tube defect risk Fetus	Neural tube defect risk [Likelihood] in Fetus	Neural tube defect risk Qn (fetus)		Anencephaly
48803-1	Neural tube defect risk	CHEM		ACTIVE	Neural tube defect risk Fetus	Neural tube defect risk [Likelihood] in Fetus	Neural tube defect risk Qn (fetus)		Neural tube def
48803-1	Neural tube defect risk	CHEM		ACTIVE	Neural tube defect risk Fetus	Neural tube defect risk [Likelihood] in Fetus	Neural tube defect risk Qn (fetus)		NTD
48803-1	Neural tube defect risk	CHEM		ACTIVE	Neural tube defect risk Fetus	Neural tube defect risk [Likelihood] in Fetus	Neural tube defect risk Qn (fetus)		ONTD
48803-1	Neural tube defect risk	CHEM		ACTIVE	Neural tube defect risk Fetus	Neural tube defect risk [Likelihood] in Fetus	Neural tube defect risk Qn (fetus)		Open spina bifida
48803-1	Neural tube defect risk	CHEM		ACTIVE	Neural tube defect risk Fetus	Neural tube defect risk [Likelihood] in Fetus	Neural tube defect risk Qn (fetus)		OSB
78969-3	Neurofilament heavy chain Ab	CHEM		ACTIVE	NfH Ab CSF-mCnc	Neurofilament heavy chain Ab [Mass/volume] in Cerebrospinal Fluid	Neurofilament heavy chain Ab (CSF) [Mass/Vol]		NfH
100996-8	Neurofilament light chain	CHEM		ACTIVE	Nfl chain CSF-mCnc	Neurofilament light chain [Mass/volume] in Cerebrospinal Fluid	Neurofilament light chain (CSF) [Mass/Vol]		Nfl chain
100996-8	Neurofilament light chain	CHEM		ACTIVE	Nfl chain CSF-mCnc	Neurofilament light chain [Mass/volume] in Cerebrospinal Fluid	Neurofilament light chain (CSF) [Mass/Vol]		Chn
100996-8	Neurofilament light chain	CHEM		ACTIVE	Nfl chain CSF-mCnc	Neurofilament light chain [Mass/volume] in Cerebrospinal Fluid	Neurofilament light chain (CSF) [Mass/Vol]		Chains
100996-8	Neurofilament light chain	CHEM		ACTIVE	Nfl chain CSF-mCnc	Neurofilament light chain [Mass/volume] in Cerebrospinal Fluid	Neurofilament light chain (CSF) [Mass/Vol]		NfL
78965-1	Neurofilament medium chain Ab	CHEM		ACTIVE	NfM Ab CSF-mCnc	Neurofilament medium chain Ab [Mass/volume] in Cerebrospinal Fluid	Neurofilament medium chain Ab (CSF) [Mass/Vol]		NfM
49866-7	Neuropeptide Y	CHEM		ACTIVE	Neuropeptide Y Ser-mCnc	Neuropeptide Y [Mass/volume] in Serum	Neuropeptide Y (S) [Mass/Vol]		NPY
2654-2	Neurophysin	CHEM		ACTIVE	Neurophysin SerPl-mCnc	Neurophysin [Mass/volume] in Serum or Plasma	Neurophysin [Mass/Vol]		Neuropys
16262-8	Newberyite crystals	CHEM		ACTIVE	Newberyite Cry Stone Ql IR	Newberyite crystals [Presence] in Stone by Infrared spectroscopy	Newberyite crystals Infrared spectroscopy Ql (Stone)		MgHPO4-3H2O
16262-8	Newberyite crystals	CHEM		ACTIVE	Newberyite Cry Stone Ql IR	Newberyite crystals [Presence] in Stone by Infrared spectroscopy	Newberyite crystals Infrared spectroscopy Ql (Stone)		Magnesium hydrogen phosphate trihydrate
57720-5	Newborn conditions with equivocal markers	CHEM		ACTIVE	NB conditions with equivocal markers	Newborn conditions with equivocal markers [Identifier] in DBS	Newborn conditions with equivocal markers Nom (DBS)		NB conditions with equivocal markers
57131-5	Newborn conditions with positive markers	CHEM	This variable list the conditions that that the markers suggest may be present. It is a coded result intended for easy access by decision support systems to identify the cases that need special attention. The LOINC code will include an answer list that covers all of the conditions screened for by any state. States would only make statements about the conditions they screen for. (This item is still under discussion by the NBS community and subject to change)	ACTIVE	NB conditions positive DBS	Newborn conditions with positive markers [Identifier] in DBS	Newborn conditions with positive markers Nom (DBS)		NB conditions positive
49544-0	Newborn screening recommended follow-up	CHEM		ACTIVE	NB screen recommended f/u Patient-Imp	Newborn screening recommended follow-up [Interpretation]	NBS recommended follow-up [Interp]		NB screen recommended f/u
57130-7	Newborn screening report - overall interpretation	CHEM	Reports the summary interpretation of the screening test from a short list of specified codes (to be developed by the NBS community)	ACTIVE	NBS report - overall interp	Newborn screening report - overall interpretation	NBS report - overall interpretation [Interp]		NBS report - overall interp
69969-4	Newborn screening report overall laboratory comment	CHEM	The use of ZNB or NTE segments for report boilerplate information, such as the list of conditions tested, is not recommended because receiving organizations may not know how to process the data. This LOINC code for Newborn Screening Report Overall Laboratory Comment enables sending this data in an OBX segment. If you send a list of conditions tested or another list, we suggest you use semicolons instead of commas to separate conditions in a list to avoid problems if the condition names contain commas.	ACTIVE	NBS report overall lab comment	Newborn screening report overall laboratory comment	NBS report overall laboratory comment Nar		NBS report overall lab comment
57724-7	Newborn screening short narrative summary	CHEM		ACTIVE	NBS short summary	Newborn screening short narrative summary	NBS short narrative summary Nar		NBS short summary
10836-5	Niacin	CHEM		ACTIVE	Niacin Bld-mCnc	Niacin [Mass/volume] in Blood	Niacin (Bld) [Mass/Vol]		Nicotinic acid
10836-5	Niacin	CHEM		ACTIVE	Niacin Bld-mCnc	Niacin [Mass/volume] in Blood	Niacin (Bld) [Mass/Vol]		Vitamin B3
10836-5	Niacin	CHEM		ACTIVE	Niacin Bld-mCnc	Niacin [Mass/volume] in Blood	Niacin (Bld) [Mass/Vol]		Vit B3
62319-9	Niemann Pick disease A+B newborn screening comment-discussion	CHEM		ACTIVE	Niemann Pick disease A/B NBS comment	Niemann Pick disease A/B newborn screening comment-discussion	Niemann Pick disease A/B newborn screening comment-discussion Nar (DBS)		Niemann Pick disease A/B NBS comment
74369-0	Nitric oxide	CHEM		ACTIVE	NO ExG-sCnc	Nitric oxide [Moles/volume] in Exhaled gas	Nitric oxide (Exhl gas) [Moles/Vol]		NO
2661-7	Nitrogen.nonprotein	CHEM		ACTIVE	Nitrogen Nonprotein Bld Ql	Nitrogen.nonprotein [Presence] in Blood	Nitrogen.nonprotein Ql (Bld)		NPN
2661-7	Nitrogen.nonprotein	CHEM		ACTIVE	Nitrogen Nonprotein Bld Ql	Nitrogen.nonprotein [Presence] in Blood	Nitrogen.nonprotein Ql (Bld)		Nitrogen Nonprotein
32548-0	Nitroprusside reacting substances	CHEM		ACTIVE	Nitroprusside Test Ur Ql	Nitroprusside reacting substances [Presence] in Urine	Nitroprusside reacting substances Ql (U)		Cyanide-nitroprusside reacting substances
32548-0	Nitroprusside reacting substances	CHEM		ACTIVE	Nitroprusside Test Ur Ql	Nitroprusside reacting substances [Presence] in Urine	Nitroprusside reacting substances Ql (U)		Nitroprusside test
13892-5	Nitrosonaphthol	CHEM		ACTIVE	Nitrosonaphthol Ur Ql	Nitrosonaphthol [Presence] in Urine	Nitrosonaphthol Ql (U)		NNT
14167-1	N-methylimidazoleacetate	CHEM		ACTIVE	N-MIAA 24h Ur-mRate	N-methylimidazoleacetate [Mass/time] in 24 hour Urine	N-methylimidazoleacetate (24H U) [Mass/Time]		n-methylimidazoleacetic acid
14167-1	N-methylimidazoleacetate	CHEM		ACTIVE	N-MIAA 24h Ur-mRate	N-methylimidazoleacetate [Mass/time] in 24 hour Urine	N-methylimidazoleacetate (24H U) [Mass/Time]		MelmAA
14167-1	N-methylimidazoleacetate	CHEM		ACTIVE	N-MIAA 24h Ur-mRate	N-methylimidazoleacetate [Mass/time] in 24 hour Urine	N-methylimidazoleacetate (24H U) [Mass/Time]		N-MIAA
35580-0	N-methyl valine	CHEM		ACTIVE	N-Methyl valine Bld-mCnc	N-methyl valine [Mass/volume] in Blood	N-methyl valine (Bld) [Mass/Vol]		NMe-Val
79597-1	N-monomethylarginine/Creatinine	CHEM		ACTIVE	N-monomethylarginine/Creat Ur-sRto	N-monomethylarginine/Creatinine [Molar ratio] in Urine	N-monomethylarginine/Creatinine (U) [Molar ratio]		L-NMMA
79597-1	N-monomethylarginine/Creatinine	CHEM		ACTIVE	N-monomethylarginine/Creat Ur-sRto	N-monomethylarginine/Creatinine [Molar ratio] in Urine	N-monomethylarginine/Creatinine (U) [Molar ratio]		Targinine
79597-1	N-monomethylarginine/Creatinine	CHEM		ACTIVE	N-monomethylarginine/Creat Ur-sRto	N-monomethylarginine/Creatinine [Molar ratio] in Urine	N-monomethylarginine/Creatinine (U) [Molar ratio]		N-Monomethyl-L-arginine
79597-1	N-monomethylarginine/Creatinine	CHEM		ACTIVE	N-monomethylarginine/Creat Ur-sRto	N-monomethylarginine/Creatinine [Molar ratio] in Urine	N-monomethylarginine/Creatinine (U) [Molar ratio]		N(G)-Monomethyl-L-arginine
79597-1	N-monomethylarginine/Creatinine	CHEM		ACTIVE	N-monomethylarginine/Creat Ur-sRto	N-monomethylarginine/Creatinine [Molar ratio] in Urine	N-monomethylarginine/Creatinine (U) [Molar ratio]		L-targinine
79597-1	N-monomethylarginine/Creatinine	CHEM		ACTIVE	N-monomethylarginine/Creat Ur-sRto	N-monomethylarginine/Creatinine [Molar ratio] in Urine	N-monomethylarginine/Creatinine (U) [Molar ratio]		L-Monomethylarginine
79597-1	N-monomethylarginine/Creatinine	CHEM		ACTIVE	N-monomethylarginine/Creat Ur-sRto	N-monomethylarginine/Creatinine [Molar ratio] in Urine	N-monomethylarginine/Creatinine (U) [Molar ratio]		(2S)-2-amino-5-(3-methylcarbamimidamido)pentanoic acid
74363-3	N,N-dimethylarginine	CHEM		ACTIVE	N,N-dimethylarginine SerPl-sCnc	N,N-dimethylarginine [Moles/volume] in Serum or Plasma	N,N-dimethylarginine [Moles/Vol]		SDMA
74363-3	N,N-dimethylarginine	CHEM		ACTIVE	N,N-dimethylarginine SerPl-sCnc	N,N-dimethylarginine [Moles/volume] in Serum or Plasma	N,N-dimethylarginine [Moles/Vol]		N,N-dimethylarginine
74363-3	N,N-dimethylarginine	CHEM		ACTIVE	N,N-dimethylarginine SerPl-sCnc	N,N-dimethylarginine [Moles/volume] in Serum or Plasma	N,N-dimethylarginine [Moles/Vol]		N(G1),N(G2)-dimethylarginine
74363-3	N,N-dimethylarginine	CHEM		ACTIVE	N,N-dimethylarginine SerPl-sCnc	N,N-dimethylarginine [Moles/volume] in Serum or Plasma	N,N-dimethylarginine [Moles/Vol]		N(G1),N(G1)-dimethylarginine
74363-3	N,N-dimethylarginine	CHEM		ACTIVE	N,N-dimethylarginine SerPl-sCnc	N,N-dimethylarginine [Moles/volume] in Serum or Plasma	N,N-dimethylarginine [Moles/Vol]		N(G)-dimethylarginine
74363-3	N,N-dimethylarginine	CHEM		ACTIVE	N,N-dimethylarginine SerPl-sCnc	N,N-dimethylarginine [Moles/volume] in Serum or Plasma	N,N-dimethylarginine [Moles/Vol]		guanidino-N(1),N(2)-dimethylarginine
74363-3	N,N-dimethylarginine	CHEM		ACTIVE	N,N-dimethylarginine SerPl-sCnc	N,N-dimethylarginine [Moles/volume] in Serum or Plasma	N,N-dimethylarginine [Moles/Vol]		dimethyl-L-arginine
74363-3	N,N-dimethylarginine	CHEM		ACTIVE	N,N-dimethylarginine SerPl-sCnc	N,N-dimethylarginine [Moles/volume] in Serum or Plasma	N,N-dimethylarginine [Moles/Vol]		Asymmetric Dimethylarginine
74363-3	N,N-dimethylarginine	CHEM		ACTIVE	N,N-dimethylarginine SerPl-sCnc	N,N-dimethylarginine [Moles/volume] in Serum or Plasma	N,N-dimethylarginine [Moles/Vol]		ADMA
74363-3	N,N-dimethylarginine	CHEM		ACTIVE	N,N-dimethylarginine SerPl-sCnc	N,N-dimethylarginine [Moles/volume] in Serum or Plasma	N,N-dimethylarginine [Moles/Vol]		symmetric dimethylarginine
74363-3	N,N-dimethylarginine	CHEM		ACTIVE	N,N-dimethylarginine SerPl-sCnc	N,N-dimethylarginine [Moles/volume] in Serum or Plasma	N,N-dimethylarginine [Moles/Vol]		sDMA arginine
79595-5	N,N-dimethylarginine	CHEM		ACTIVE	N,N-dimethylarginine SerPl-sCnc	N,N-dimethylarginine [Moles/volume] in Serum or Plasma	N,N-dimethylarginine [Moles/Vol]		N,N-dimethylarginine
93877-9	N-Nervonoylsphingosine/N-Lignoceroylsphingosine	CHEM		ACTIVE	C24:1 ceramide/C24 ceramide Plas-sRto	N-Nervonoylsphingosine/N-Lignoceroylsphingosine [Molar ratio] in Plasma	C24:1 ceramide/C24 ceramide (P) [Molar ratio]		C24:1 ceramide
93877-9	N-Nervonoylsphingosine/N-Lignoceroylsphingosine	CHEM		ACTIVE	C24:1 ceramide/C24 ceramide Plas-sRto	N-Nervonoylsphingosine/N-Lignoceroylsphingosine [Molar ratio] in Plasma	C24:1 ceramide/C24 ceramide (P) [Molar ratio]		C24 ceramide
93693-0	Nonalcoholic steatohepatitis grade	CHEM		ACTIVE	NASH grade SerPl Ql	Nonalcoholic steatohepatitis grade in Serum or Plasma Qualitative	NASH grade Ql		NASH grade
93694-8	Nonalcoholic steatohepatitis interpretation	CHEM	Interpretation of the degree of nonalcoholic steatohepatitis (NASH) based on the NASH score and grade.	ACTIVE	NASH interpretation SerPl-Imp	Nonalcoholic steatohepatitis interpretation in Serum or Plasma Qualitative	NASH interpretation Ql [Interp]		NASH interpretation
100842-4	Nonalcoholic steatohepatitis score	CHEM	Fast  is a score used by healthcare professionals to aid in the identification of patients with suspicion of NAFLD as being at risk for active fibrotic NASH (NASH+NAS≥4+F≥2). Fast is computed from liver stiffness by US.transient elastography, liver ultrasound attenuation by transient elastography, and AST blood parameter measurement. More information and the formula can be found at https://www.echosens.com/products/fast.	ACTIVE	NASH score SerPl Calculated.FAST	Nonalcoholic steatohepatitis score in Serum or Plasma Calculated by FAST	NASH score Calculated.FAST [Score]		NASH score
53207-7	Nonanoylcarnitine (C9)	CHEM	The tentative opinion of the HTSP review (5/13/08) committee was that this marker has no clinical utility based on todays knowledge.	ACTIVE	Nonanoylcarn DBS-sCnc	Nonanoylcarnitine (C9) [Moles/volume] in DBS	C9 (DBS) [Moles/Vol]		C9
101176-6	Normetanephrine.free/Creatinine	CHEM		ACTIVE	Normetaneph Free/Creat SerPl-sRto	Normetanephrine Free/Creatinine [Molar ratio] in Serum or Plasma	Normetanephrine Free/Creatinine [Molar ratio]		Normetanephrn
101176-6	Normetanephrine.free/Creatinine	CHEM		ACTIVE	Normetaneph Free/Creat SerPl-sRto	Normetanephrine Free/Creatinine [Molar ratio] in Serum or Plasma	Normetanephrine Free/Creatinine [Molar ratio]		Normetaneph
101176-6	Normetanephrine.free/Creatinine	CHEM		ACTIVE	Normetaneph Free/Creat SerPl-sRto	Normetanephrine Free/Creatinine [Molar ratio] in Serum or Plasma	Normetanephrine Free/Creatinine [Molar ratio]		Unconjugated normetanephrine
101176-6	Normetanephrine.free/Creatinine	CHEM		ACTIVE	Normetaneph Free/Creat SerPl-sRto	Normetanephrine Free/Creatinine [Molar ratio] in Serum or Plasma	Normetanephrine Free/Creatinine [Molar ratio]		Normetaneph Free
101176-6	Normetanephrine.free/Creatinine	CHEM		ACTIVE	Normetaneph Free/Creat SerPl-sRto	Normetanephrine Free/Creatinine [Molar ratio] in Serum or Plasma	Normetanephrine Free/Creatinine [Molar ratio]		Normeta
93879-5	N-Palmitoylsphingosine/N-Lignoceroylsphingosine	CHEM		ACTIVE	C16 ceramide/C24 ceramide Plas-sRto	N-Palmitoylsphingosine/N-Lignoceroylsphingosine [Molar ratio] in Plasma	C16 ceramide/C24 ceramide (P) [Molar ratio]		C16 ceramide
93878-7	N-Stearoylsphingosine/N-Lignoceroylsphingosine	CHEM		ACTIVE	C18 ceramide/C24 ceramide Plas-sRto	N-Stearoylsphingosine/N-Lignoceroylsphingosine [Molar ratio] in Plasma	C18 ceramide/C24 ceramide (P) [Molar ratio]		C18 Cer
93878-7	N-Stearoylsphingosine/N-Lignoceroylsphingosine	CHEM		ACTIVE	C18 ceramide/C24 ceramide Plas-sRto	N-Stearoylsphingosine/N-Lignoceroylsphingosine [Molar ratio] in Plasma	C18 ceramide/C24 ceramide (P) [Molar ratio]		C18 ceramide
77362-2	N-tau methylimidazoleacetate/Creatinine	CHEM		ACTIVE	N-tau MIAA/Creat 24h Ur-sRto	N-tau methylimidazoleacetate/Creatinine [Molar ratio] in 24 hour Urine	N-tau methylimidazoleacetate/Creatinine (24H U) [Molar ratio]		N-tau MIAA
57804-7	Number of occult blood specimens recommended by testing kit protocol	CHEM		ACTIVE	# Occ bld spec recommended Stl	Number of occult blood specimens recommended by testing kit protocol [#] in Stool	Number of occult blood specimens recommended by testing kit protocol (Stl) [#]		# Occ bld spec recommended
101879-5	Observation	CHEM		ACTIVE	Osmolality BldA Calc.Sum of Elec	Osmolality of Arterial blood by calculated by sum of electrolytes	Osmolality calculated by sum of electrolytes (BldA) [Osmolality]		Osmo
101879-5	Observation	CHEM		ACTIVE	Osmolality BldA Calc.Sum of Elec	Osmolality of Arterial blood by calculated by sum of electrolytes	Osmolality calculated by sum of electrolytes (BldA) [Osmolality]		Osmolality
101879-5	Observation	CHEM		ACTIVE	Osmolality BldA Calc.Sum of Elec	Osmolality of Arterial blood by calculated by sum of electrolytes	Osmolality calculated by sum of electrolytes (BldA) [Osmolality]		Calc.Sum of Elec
14345-3	Observation	CHEM		ACTIVE	Sp Gr Amn Refractometry	Specific gravity of Amniotic fluid by Refractometry	Specific gravity Refractometry (Amn fld)		Refract
14345-3	Observation	CHEM		ACTIVE	Sp Gr Amn Refractometry	Specific gravity of Amniotic fluid by Refractometry	Specific gravity Refractometry (Amn fld)		Sp Gr
17794-9	Observation	CHEM		ACTIVE	Osmolality Hyperal Soln	Osmolality of Hyperal solution	Osmolality (Hyperal solution) [Osmolality]		Hyperal Soln
13784-4	Octanoate/Creatinine	CHEM		DISCOURAGED	Octanoate/Creat Ur	Octanoate (C8:0)/Creatinine [Mass Ratio] in Urine	Octanoate (C8:0)/Creatinine (U) [Mass ratio]		Octanoic acid
13784-4	Octanoate/Creatinine	CHEM		DISCOURAGED	Octanoate/Creat Ur	Octanoate (C8:0)/Creatinine [Mass Ratio] in Urine	Octanoate (C8:0)/Creatinine (U) [Mass ratio]		Capryloate
13784-4	Octanoate/Creatinine	CHEM		DISCOURAGED	Octanoate/Creat Ur	Octanoate (C8:0)/Creatinine [Mass Ratio] in Urine	Octanoate (C8:0)/Creatinine (U) [Mass ratio]		C8:0
13784-4	Octanoate/Creatinine	CHEM		DISCOURAGED	Octanoate/Creat Ur	Octanoate (C8:0)/Creatinine [Mass Ratio] in Urine	Octanoate (C8:0)/Creatinine (U) [Mass ratio]		Caprylic acid
18448-1	Octanoylcarnitine (C8)	CHEM		DISCOURAGED	Octanoylcarn SerPl-mCnc	Octanoylcarnitine (C8) [Mass/volume] in Serum or Plasma	C8 [Mass/Vol]		C8
13785-1	Octenedioate/Creatinine	CHEM		DISCOURAGED	Octenedioate/Creat Ur	Octenedioate (C8:1)/Creatinine [Mass Ratio] in Urine	Octenedioate (C8:1)/Creatinine (U) [Mass ratio]		Octenedioic acid
18447-3	Octenoylcarnitine (C8:1)	CHEM		DISCOURAGED	Octenoylcarn SerPl-mCnc	Octenoylcarnitine (C8:1) [Mass/volume] in Serum or Plasma	C8:1 [Mass/Vol]		C8:1
2673-2	Oleate	CHEM		DISCOURAGED	Oleate SerPl-mCnc	Oleate (C18:1w9) [Mass/volume] in Serum or Plasma	Oleate (C18:1w9) [Mass/Vol]		C18:1w9
2673-2	Oleate	CHEM		DISCOURAGED	Oleate SerPl-mCnc	Oleate (C18:1w9) [Mass/volume] in Serum or Plasma	Oleate (C18:1w9) [Mass/Vol]		Oleic acid
18463-0	Oleoylcarnitine (C18:1)	CHEM		DISCOURAGED	Oleoylcarn SerPl-mCnc	Oleoylcarnitine (C18:1) [Mass/volume] in Serum or Plasma	C18:1 [Mass/Vol]		Octadecenoylcarnitine
18463-0	Oleoylcarnitine (C18:1)	CHEM		DISCOURAGED	Oleoylcarn SerPl-mCnc	Oleoylcarnitine (C18:1) [Mass/volume] in Serum or Plasma	C18:1 [Mass/Vol]		Oleoyl carnitine
18463-0	Oleoylcarnitine (C18:1)	CHEM		DISCOURAGED	Oleoylcarn SerPl-mCnc	Oleoylcarnitine (C18:1) [Mass/volume] in Serum or Plasma	C18:1 [Mass/Vol]		C18:1
18463-0	Oleoylcarnitine (C18:1)	CHEM		DISCOURAGED	Oleoylcarn SerPl-mCnc	Oleoylcarnitine (C18:1) [Mass/volume] in Serum or Plasma	C18:1 [Mass/Vol]		Oleylcarnitine
18463-0	Oleoylcarnitine (C18:1)	CHEM		DISCOURAGED	Oleoylcarn SerPl-mCnc	Oleoylcarnitine (C18:1) [Mass/volume] in Serum or Plasma	C18:1 [Mass/Vol]		Oleyl carnitine
18463-0	Oleoylcarnitine (C18:1)	CHEM		DISCOURAGED	Oleoylcarn SerPl-mCnc	Oleoylcarnitine (C18:1) [Mass/volume] in Serum or Plasma	C18:1 [Mass/Vol]		Octadecenoyl carnitine
33875-6	Oligosaccharides pattern	CHEM		ACTIVE	Oligosaccharide Pattern Ur-Imp	Oligosaccharides pattern [Interpretation] in Urine	Oligosaccharides pattern (U) [Interp]		Oligosaccharidoses
33875-6	Oligosaccharides pattern	CHEM		ACTIVE	Oligosaccharide Pattern Ur-Imp	Oligosaccharides pattern [Interpretation] in Urine	Oligosaccharides pattern (U) [Interp]		Oligosaccharide Pattern
14335-4	Optical density	CHEM		ACTIVE	OD Amn Spect	Optical density of Amniotic fluid by Spectrophotometry	Optical density Spectrophotometry (Amn fld) [OD]		OD 450
14335-4	Optical density	CHEM		ACTIVE	OD Amn Spect	Optical density of Amniotic fluid by Spectrophotometry	Optical density Spectrophotometry (Amn fld) [OD]		Delta OD
14335-4	Optical density	CHEM		ACTIVE	OD Amn Spect	Optical density of Amniotic fluid by Spectrophotometry	Optical density Spectrophotometry (Amn fld) [OD]		Liley scan
14335-4	Optical density	CHEM		ACTIVE	OD Amn Spect	Optical density of Amniotic fluid by Spectrophotometry	Optical density Spectrophotometry (Amn fld) [OD]		OD
14335-4	Optical density	CHEM		ACTIVE	OD Amn Spect	Optical density of Amniotic fluid by Spectrophotometry	Optical density Spectrophotometry (Amn fld) [OD]		Amniotic fluid bilitubin
14335-4	Optical density	CHEM		ACTIVE	OD Amn Spect	Optical density of Amniotic fluid by Spectrophotometry	Optical density Spectrophotometry (Amn fld) [OD]		OD450
14335-4	Optical density	CHEM		ACTIVE	OD Amn Spect	Optical density of Amniotic fluid by Spectrophotometry	Optical density Spectrophotometry (Amn fld) [OD]		Optical density
91670-0	Orexin-A	CHEM		ACTIVE	Orexin-A CSF-mCnc	Orexin-A [Mass/volume] in Cerebrospinal Fluid	Orexin-A (CSF) [Mass/Vol]		Hypocretin-1
57791-6	Organic acidemia conditions suspected	CHEM		ACTIVE	OA conditions suspected DBS	Organic acidemia conditions suspected [Identifier] in DBS	Organic acidemia conditions suspected Nom (DBS)		OA conditions suspected
46744-9	Organic acidemias	CHEM		ACTIVE	OA DBS-Imp	Organic acidemias newborn screen interpretation	Organic acidemias (DBS) [Interp]		OA
57708-0	Organic acidemias defects newborn screening comment-discussion	CHEM		ACTIVE	OA defects NBS comment	Organic acidemias defects newborn screening comment-discussion	Organic acidemias defects newborn screening comment-discussion Nar (DBS)		OA defects NBS comment
57708-0	Organic acidemias defects newborn screening comment-discussion	CHEM		ACTIVE	OA defects NBS comment	Organic acidemias defects newborn screening comment-discussion	Organic acidemias defects newborn screening comment-discussion Nar (DBS)		OA defects
13379-3	Ornithine	CHEM		ACTIVE	Ornithine CSF-mCnc	Ornithine [Mass/volume] in Cerebrospinal Fluid	Ornithine (CSF) [Mass/Vol]		Orn
2682-3	Ornithine carbamoyltransferase	CHEM		ACTIVE	OCT Amn-cCnc	Ornithine carbamoyltransferase [Enzymatic activity/volume] in Amniotic fluid	Ornithine carbamoyltransferase (Amn fld) [Catalytic activity/Vol]		OCT
2682-3	Ornithine carbamoyltransferase	CHEM		ACTIVE	OCT Amn-cCnc	Ornithine carbamoyltransferase [Enzymatic activity/volume] in Amniotic fluid	Ornithine carbamoyltransferase (Amn fld) [Catalytic activity/Vol]		Ornithine transcarbamylase
2687-2	Orotate phosphoribosyltransferase	CHEM		ACTIVE	OPRT Ser-cCnc	Orotate phosphoribosyltransferase [Enzymatic activity/volume] in Serum	Orotate phosphoribosyltransferase (S) [Catalytic activity/Vol]		OPRT
2687-2	Orotate phosphoribosyltransferase	CHEM		ACTIVE	OPRT Ser-cCnc	Orotate phosphoribosyltransferase [Enzymatic activity/volume] in Serum	Orotate phosphoribosyltransferase (S) [Catalytic activity/Vol]		OPRTase
2687-2	Orotate phosphoribosyltransferase	CHEM		ACTIVE	OPRT Ser-cCnc	Orotate phosphoribosyltransferase [Enzymatic activity/volume] in Serum	Orotate phosphoribosyltransferase (S) [Catalytic activity/Vol]		Orotate phosphoribosyl transferase
2688-0	Orotidine-5-Phosphate decarboxylase	CHEM		ACTIVE	OMPdecase Ser-cCnc	Orotidine-5-Phosphate decarboxylase [Enzymatic activity/volume] in Serum	Orotidine-5-Phosphate decarboxylase (S) [Catalytic activity/Vol]		ODCase
2688-0	Orotidine-5-Phosphate decarboxylase	CHEM		ACTIVE	OMPdecase Ser-cCnc	Orotidine-5-Phosphate decarboxylase [Enzymatic activity/volume] in Serum	Orotidine-5-Phosphate decarboxylase (S) [Catalytic activity/Vol]		OMP decarboxylase
2688-0	Orotidine-5-Phosphate decarboxylase	CHEM		ACTIVE	OMPdecase Ser-cCnc	Orotidine-5-Phosphate decarboxylase [Enzymatic activity/volume] in Serum	Orotidine-5-Phosphate decarboxylase (S) [Catalytic activity/Vol]		OMPdecase
114502-8	Osmolality	CHEM		ACTIVE	Osmolality 24h Ur Calc	Osmolality of 24 hour Urine by calculation	Osmolality Calc (24H U) [Osmolality]		Osmol
114502-8	Osmolality	CHEM		ACTIVE	Osmolality 24h Ur Calc	Osmolality of 24 hour Urine by calculation	Osmolality Calc (24H U) [Osmolality]		osmolarity
48149-9	Osmolality.urine/Osmolality.ser	CHEM		ACTIVE	Osmolality Ur/SerPl-Rto	Osmolality.urine/Osmolality.serum	Osmolality.urine/Osmolality.serum (U+S/P) [Ratio]		Osmolality ratio
48149-9	Osmolality.urine/Osmolality.ser	CHEM		ACTIVE	Osmolality Ur/SerPl-Rto	Osmolality.urine/Osmolality.serum	Osmolality.urine/Osmolality.serum (U+S/P) [Ratio]		Osmolality ur:ser
48149-9	Osmolality.urine/Osmolality.ser	CHEM		ACTIVE	Osmolality Ur/SerPl-Rto	Osmolality.urine/Osmolality.serum	Osmolality.urine/Osmolality.serum (U+S/P) [Ratio]		Osmolality Ur
21435-3	Osteocalcin.bovine	CHEM		ACTIVE	Osteocalcin Bovine SerPl-mCnc	Osteocalcin.bovine [Mass/volume] in Serum or Plasma	Osteocalcin.bovine [Mass/Vol]		Osteocalcin Bovine
46756-3	Other fatty acid oxidation disorders	CHEM		ACTIVE	Other FA Oxidation Disorders DBS-Imp	Other fatty acid oxidation disorders newborn screen interpretation	Other fatty acid oxidation disorders Ql (DBS) [Interp]		Other FA Oxidation Disorders
62488-2	Ova1 test	CHEM		ACTIVE	Ova1 Ser Ql	Ova1 test [Presence] in Serum	Ova1 test Ql (S)		Ovarian adnexal mass assessment score
62488-2	Ova1 test	CHEM		ACTIVE	Ova1 Ser Ql	Ova1 test [Presence] in Serum	Ova1 test Ql (S)		Transthyretin+Apolipoprotein A-1+Beta-2 microglobulin+Transferrin+CA 125
102109-6	Oxalate & Glycolate & Glyoxylate & Citrate	CHEM		ACTIVE	OX+Glyco+Glyox+Cit Ur-Imp	Oxalate and Glycolate and Glyoxylate and Citrate [Interpretation] in Urine	Oxalate and Glycolate and Glyoxylate and Citrate (U) [Interp]		OX+Glyco+Glyox+Cit
102109-6	Oxalate & Glycolate & Glyoxylate & Citrate	CHEM		ACTIVE	OX+Glyco+Glyox+Cit Ur-Imp	Oxalate and Glycolate and Glyoxylate and Citrate [Interpretation] in Urine	Oxalate and Glycolate and Glyoxylate and Citrate (U) [Interp]		Citric acid
102107-0	Oxalate & Glycolate & Glyoxylate & Glycerate	CHEM		ACTIVE	OX+Glyco+Glyox+Glyce SerPl-Imp	Oxalate and Glycolate and Glyoxylate and Glycerate [Interpretation] in Serum or Plasma	Oxalate and Glycolate and Glyoxylate and Glycerate [Interp]		Oxoacetic acid
102107-0	Oxalate & Glycolate & Glyoxylate & Glycerate	CHEM		ACTIVE	OX+Glyco+Glyox+Glyce SerPl-Imp	Oxalate and Glycolate and Glyoxylate and Glycerate [Interpretation] in Serum or Plasma	Oxalate and Glycolate and Glyoxylate and Glycerate [Interp]		Glyceric acid
102107-0	Oxalate & Glycolate & Glyoxylate & Glycerate	CHEM		ACTIVE	OX+Glyco+Glyox+Glyce SerPl-Imp	Oxalate and Glycolate and Glyoxylate and Glycerate [Interpretation] in Serum or Plasma	Oxalate and Glycolate and Glyoxylate and Glycerate [Interp]		Glyoxylic acid
102107-0	Oxalate & Glycolate & Glyoxylate & Glycerate	CHEM		ACTIVE	OX+Glyco+Glyox+Glyce SerPl-Imp	Oxalate and Glycolate and Glyoxylate and Glycerate [Interpretation] in Serum or Plasma	Oxalate and Glycolate and Glyoxylate and Glycerate [Interp]		OX+Glyco+Glyox+Glyce
102107-0	Oxalate & Glycolate & Glyoxylate & Glycerate	CHEM		ACTIVE	OX+Glyco+Glyox+Glyce SerPl-Imp	Oxalate and Glycolate and Glyoxylate and Glycerate [Interpretation] in Serum or Plasma	Oxalate and Glycolate and Glyoxylate and Glycerate [Interp]		Oxoacetate
2707-8	Oxygen affinity	CHEM		DEPRECATED	Deprecated O2 Afnty Bld	Deprecated Oxygen affinity in Blood	O2 affinity (Bld)		O2 Afnty
59275-8	Oxygen capacity	CHEM	Oxygen capacity is similar to oxygen content, but allows for carboxyhemoglobin and methemoglobin concentrations.  The calculation is 139xTHB (total hemoglobin) x 1 -((%COHb+%MetHb)/100).	ACTIVE	O2 Cap VFr BldA	Oxygen capacity [Volume Fraction] in Arterial blood	Oxygen capacity (BldA) [Volume fraction]		O2 Cap
59275-8	Oxygen capacity	CHEM	Oxygen capacity is similar to oxygen content, but allows for carboxyhemoglobin and methemoglobin concentrations.  The calculation is 139xTHB (total hemoglobin) x 1 -((%COHb+%MetHb)/100).	ACTIVE	O2 Cap VFr BldA	Oxygen capacity [Volume Fraction] in Arterial blood	Oxygen capacity (BldA) [Volume fraction]		O2Cap
10226-9	Oxygen content	CHEM	We can not confirm that any lab reports it in this manner - perhaps as number of molecules of oxygen in a given volume. Be very careful about mapping to this term.	ACTIVE	O2 Ct IV space-sCnc	Oxygen content in Intravascular space	Oxygen content (Unsp intravascular space) [Moles/Vol]		O2 Ct
10226-9	Oxygen content	CHEM	We can not confirm that any lab reports it in this manner - perhaps as number of molecules of oxygen in a given volume. Be very careful about mapping to this term.	ACTIVE	O2 Ct IV space-sCnc	Oxygen content in Intravascular space	Oxygen content (Unsp intravascular space) [Moles/Vol]		O2CT
10226-9	Oxygen content	CHEM	We can not confirm that any lab reports it in this manner - perhaps as number of molecules of oxygen in a given volume. Be very careful about mapping to this term.	ACTIVE	O2 Ct IV space-sCnc	Oxygen content in Intravascular space	Oxygen content (Unsp intravascular space) [Moles/Vol]		Substance Concentration
10226-9	Oxygen content	CHEM	We can not confirm that any lab reports it in this manner - perhaps as number of molecules of oxygen in a given volume. Be very careful about mapping to this term.	ACTIVE	O2 Ct IV space-sCnc	Oxygen content in Intravascular space	Oxygen content (Unsp intravascular space) [Moles/Vol]		ctO2
10226-9	Oxygen content	CHEM	We can not confirm that any lab reports it in this manner - perhaps as number of molecules of oxygen in a given volume. Be very careful about mapping to this term.	ACTIVE	O2 Ct IV space-sCnc	Oxygen content in Intravascular space	Oxygen content (Unsp intravascular space) [Moles/Vol]		Intravenous
10226-9	Oxygen content	CHEM	We can not confirm that any lab reports it in this manner - perhaps as number of molecules of oxygen in a given volume. Be very careful about mapping to this term.	ACTIVE	O2 Ct IV space-sCnc	Oxygen content in Intravascular space	Oxygen content (Unsp intravascular space) [Moles/Vol]		IV
10226-9	Oxygen content	CHEM	We can not confirm that any lab reports it in this manner - perhaps as number of molecules of oxygen in a given volume. Be very careful about mapping to this term.	ACTIVE	O2 Ct IV space-sCnc	Oxygen content in Intravascular space	Oxygen content (Unsp intravascular space) [Moles/Vol]		IV space
10232-7	Oxygen content	CHEM	We can not confirm that any lab reports it in this manner - perhaps as number of molecules of oxygen in a given volume. Be very careful about mapping to this term.	ACTIVE	O2 Ct AO root-sCnc	Oxygen content in Aorta root	Oxygen content (Aorta root) [Moles/Vol]		Aortic
10232-7	Oxygen content	CHEM	We can not confirm that any lab reports it in this manner - perhaps as number of molecules of oxygen in a given volume. Be very careful about mapping to this term.	ACTIVE	O2 Ct AO root-sCnc	Oxygen content in Aorta root	Oxygen content (Aorta root) [Moles/Vol]		AO
10232-7	Oxygen content	CHEM	We can not confirm that any lab reports it in this manner - perhaps as number of molecules of oxygen in a given volume. Be very careful about mapping to this term.	ACTIVE	O2 Ct AO root-sCnc	Oxygen content in Aorta root	Oxygen content (Aorta root) [Moles/Vol]		AO root
10233-5	Oxygen content	CHEM	We can not confirm that any lab reports it in this manner - perhaps as number of molecules of oxygen in a given volume. Be very careful about mapping to this term.	ACTIVE	O2 Ct LA-sCnc	Oxygen content in Left atrium	Oxygen content (LA) [Moles/Vol]		Atrial
10233-5	Oxygen content	CHEM	We can not confirm that any lab reports it in this manner - perhaps as number of molecules of oxygen in a given volume. Be very careful about mapping to this term.	ACTIVE	O2 Ct LA-sCnc	Oxygen content in Left atrium	Oxygen content (LA) [Moles/Vol]		LA
10234-3	Oxygen content	CHEM	We can not confirm that any lab reports it in this manner - perhaps as number of molecules of oxygen in a given volume. Be very careful about mapping to this term.	ACTIVE	O2 Ct RA-sCnc	Oxygen content in Right atrium	Oxygen content (RA) [Moles/Vol]		RA
10235-0	Oxygen content	CHEM	We can not confirm that any lab reports it in this manner - perhaps as number of molecules of oxygen in a given volume. Be very careful about mapping to this term.	ACTIVE	O2 Ct RA.high-sCnc	Oxygen content in High right atrium	Oxygen content (High right atrium) [Moles/Vol]		RA.high
10236-8	Oxygen content	CHEM	We can not confirm that any lab reports it in this manner - perhaps as number of molecules of oxygen in a given volume. Be very careful about mapping to this term.	ACTIVE	O2 Ct RA.low-sCnc	Oxygen content in Low right atrium	Oxygen content (Low right atrium) [Moles/Vol]		RA.low
10237-6	Oxygen content	CHEM	We can not confirm that any lab reports it in this manner - perhaps as number of molecules of oxygen in a given volume. Be very careful about mapping to this term.	ACTIVE	O2 Ct RA.mid-sCnc	Oxygen content in Mid right atrium	Oxygen content (Mid right atrium) [Moles/Vol]		RA.mid
10239-2	Oxygen content	CHEM	We can not confirm that any lab reports it in this manner - perhaps as number of molecules of oxygen in a given volume. Be very careful about mapping to this term.	ACTIVE	O2 Ct RVOT-sCnc	Oxygen content in Right ventricular outflow tract	Oxygen content (RVOT) [Moles/Vol]		RVOT
10241-8	Oxygen content	CHEM	We can not confirm that any lab reports it in this manner - perhaps as number of molecules of oxygen in a given volume. Be very careful about mapping to this term.	ACTIVE	O2 Ct CS-sCnc	Oxygen content in Coronary sinus	Oxygen content (Coronary sinus) [Moles/Vol]		CS
10242-6	Oxygen content	CHEM	We can not confirm that any lab reports it in this manner - perhaps as number of molecules of oxygen in a given volume. Be very careful about mapping to this term.	ACTIVE	O2 Ct DA-sCnc	Oxygen content in Ductus arteriosus	Oxygen content (Ductus arteriosus) [Moles/Vol]		DA
10243-4	Oxygen content	CHEM	We can not confirm that any lab reports it in this manner - perhaps as number of molecules of oxygen in a given volume. Be very careful about mapping to this term.	ACTIVE	O2 Ct IVC-sCnc	Oxygen content in Inferior vena cava	Oxygen content (Inferior vena cava) [Moles/Vol]		IVC
10243-4	Oxygen content	CHEM	We can not confirm that any lab reports it in this manner - perhaps as number of molecules of oxygen in a given volume. Be very careful about mapping to this term.	ACTIVE	O2 Ct IVC-sCnc	Oxygen content in Inferior vena cava	Oxygen content (Inferior vena cava) [Moles/Vol]		VC
10243-4	Oxygen content	CHEM	We can not confirm that any lab reports it in this manner - perhaps as number of molecules of oxygen in a given volume. Be very careful about mapping to this term.	ACTIVE	O2 Ct IVC-sCnc	Oxygen content in Inferior vena cava	Oxygen content (Inferior vena cava) [Moles/Vol]		Inf
10243-4	Oxygen content	CHEM	We can not confirm that any lab reports it in this manner - perhaps as number of molecules of oxygen in a given volume. Be very careful about mapping to this term.	ACTIVE	O2 Ct IVC-sCnc	Oxygen content in Inferior vena cava	Oxygen content (Inferior vena cava) [Moles/Vol]		Heart
10244-2	Oxygen content	CHEM	We can not confirm that any lab reports it in this manner - perhaps as number of molecules of oxygen in a given volume. Be very careful about mapping to this term.	ACTIVE	O2 Ct PA-L-sCnc	Oxygen content in Left pulmonary artery	Oxygen content (Left pulmonary artery) [Moles/Vol]		Art
10244-2	Oxygen content	CHEM	We can not confirm that any lab reports it in this manner - perhaps as number of molecules of oxygen in a given volume. Be very careful about mapping to this term.	ACTIVE	O2 Ct PA-L-sCnc	Oxygen content in Left pulmonary artery	Oxygen content (Left pulmonary artery) [Moles/Vol]		PA-L
10245-9	Oxygen content	CHEM	We can not confirm that any lab reports it in this manner - perhaps as number of molecules of oxygen in a given volume. Be very careful about mapping to this term.	ACTIVE	O2 Ct MPA-sCnc	Oxygen content in Main pulmonary artery	Oxygen content (Main pulmonary artery) [Moles/Vol]		MPA
10246-7	Oxygen content	CHEM	We can not confirm that any lab reports it in this manner - perhaps as number of molecules of oxygen in a given volume. Be very careful about mapping to this term.	ACTIVE	O2 Ct PA-R-sCnc	Oxygen content in Right pulmonary artery	Oxygen content (Right pulmonary artery) [Moles/Vol]		PA-R
10247-5	Oxygen content	CHEM	We can not confirm that any lab reports it in this manner - perhaps as number of molecules of oxygen in a given volume. Be very careful about mapping to this term.	ACTIVE	O2 Ct PW-sCnc	Oxygen content in Pulmonary wedge	Oxygen content (Pulmonary wedge) [Moles/Vol]		PW
10248-3	Oxygen content	CHEM	We can not confirm that any lab reports it in this manner - perhaps as number of molecules of oxygen in a given volume. Be very careful about mapping to this term.	ACTIVE	O2 Ct SVC-sCnc	Oxygen content in Superior vena cava	Oxygen content (Superior vena cava) [Moles/Vol]		SVC
102122-9	Oxygen/Gas.total	CHEM		ACTIVE	pO2/Gas.total BldA+IhG	Oxygen/Gas total [Partial pressure] in Arterial blood and Inhaled gas	Oxygen/Gas total (BldA+Inhl gas) [Partial pressure]		O2 partial pressure
102122-9	Oxygen/Gas.total	CHEM		ACTIVE	pO2/Gas.total BldA+IhG	Oxygen/Gas total [Partial pressure] in Arterial blood and Inhaled gas	Oxygen/Gas total (BldA+Inhl gas) [Partial pressure]		PO2
102122-9	Oxygen/Gas.total	CHEM		ACTIVE	pO2/Gas.total BldA+IhG	Oxygen/Gas total [Partial pressure] in Arterial blood and Inhaled gas	Oxygen/Gas total (BldA+Inhl gas) [Partial pressure]		Partial pressure
102122-9	Oxygen/Gas.total	CHEM		ACTIVE	pO2/Gas.total BldA+IhG	Oxygen/Gas total [Partial pressure] in Arterial blood and Inhaled gas	Oxygen/Gas total (BldA+Inhl gas) [Partial pressure]		PaO2
102122-9	Oxygen/Gas.total	CHEM		ACTIVE	pO2/Gas.total BldA+IhG	Oxygen/Gas total [Partial pressure] in Arterial blood and Inhaled gas	Oxygen/Gas total (BldA+Inhl gas) [Partial pressure]		Inspired
102122-9	Oxygen/Gas.total	CHEM		ACTIVE	pO2/Gas.total BldA+IhG	Oxygen/Gas total [Partial pressure] in Arterial blood and Inhaled gas	Oxygen/Gas total (BldA+Inhl gas) [Partial pressure]		Inhaled Gas
102122-9	Oxygen/Gas.total	CHEM		ACTIVE	pO2/Gas.total BldA+IhG	Oxygen/Gas total [Partial pressure] in Arterial blood and Inhaled gas	Oxygen/Gas total (BldA+Inhl gas) [Partial pressure]		IhG
102122-9	Oxygen/Gas.total	CHEM		ACTIVE	pO2/Gas.total BldA+IhG	Oxygen/Gas total [Partial pressure] in Arterial blood and Inhaled gas	Oxygen/Gas total (BldA+Inhl gas) [Partial pressure]		BldA+IhG
102123-7	Oxygen/Gas.total^^adjusted to patients actual temperature	CHEM		ACTIVE	pO2/Gas.total temp adj BldA+IhG	Oxygen/Gas total [Partial pressure] adjusted to patients actual temperature in Arterial blood and Inhaled gas	Oxygen/Gas total adjusted to patients actual temperature (BldA+Inhl gas) [Partial pressure]		temp adj
102123-7	Oxygen/Gas.total^^adjusted to patients actual temperature	CHEM		ACTIVE	pO2/Gas.total temp adj BldA+IhG	Oxygen/Gas total [Partial pressure] adjusted to patients actual temperature in Arterial blood and Inhaled gas	Oxygen/Gas total adjusted to patients actual temperature (BldA+Inhl gas) [Partial pressure]		adj
2713-6	Oxygen saturation	CHEM		ACTIVE	SaO2 % Bld from pO2	Oxygen saturation Calculated from oxygen partial pressure in Blood	SaO2% Calculated from oxygen partial pressure (Bld) [Mass fraction]		calc from oxygen partial pressure
2713-6	Oxygen saturation	CHEM		ACTIVE	SaO2 % Bld from pO2	Oxygen saturation Calculated from oxygen partial pressure in Blood	SaO2% Calculated from oxygen partial pressure (Bld) [Mass fraction]		from pO2
19214-6	Oxygen^^saturation adjusted to 0.5	CHEM	The pO2 of a given blood sample at which hemoglobin of the blood is held saturated	ACTIVE	pO2 satn adj to 0.5 BldA	Oxygen [Partial pressure] saturation adjusted to 0.5 in Arterial blood	Oxygen saturation adjusted to 0.5 (BldA) [Partial pressure]		p50
19214-6	Oxygen^^saturation adjusted to 0.5	CHEM	The pO2 of a given blood sample at which hemoglobin of the blood is held saturated	ACTIVE	pO2 satn adj to 0.5 BldA	Oxygen [Partial pressure] saturation adjusted to 0.5 in Arterial blood	Oxygen saturation adjusted to 0.5 (BldA) [Partial pressure]		satn adj to 0.5
2712-8	Oxygen saturation.calc from carbon dioxide.partial pressure	CHEM		DEPRECATED	Deprecated O2 Satn from pCO2 Fr Bld	Deprecated Oxygen saturation.calc from carbon dioxide.partial pressure	SaO2% from pCO2 (Bld) [Mass fraction]		SaO2% from pCO2
2712-8	Oxygen saturation.calc from carbon dioxide.partial pressure	CHEM		DEPRECATED	Deprecated O2 Satn from pCO2 Fr Bld	Deprecated Oxygen saturation.calc from carbon dioxide.partial pressure	SaO2% from pCO2 (Bld) [Mass fraction]		sO2c
11559-2	Oxyhemoglobin/Hemoglobin.total	CHEM		ACTIVE	OxyHgb MFr Bld	Fractional oxyhemoglobin in Blood	Oxyhemoglobin (Bld) [Mass fraction]		OxyHgb %
11559-2	Oxyhemoglobin/Hemoglobin.total	CHEM		ACTIVE	OxyHgb MFr Bld	Fractional oxyhemoglobin in Blood	Oxyhemoglobin (Bld) [Mass fraction]		O2Hb
11559-2	Oxyhemoglobin/Hemoglobin.total	CHEM		ACTIVE	OxyHgb MFr Bld	Fractional oxyhemoglobin in Blood	Oxyhemoglobin (Bld) [Mass fraction]		O2 saturation
11559-2	Oxyhemoglobin/Hemoglobin.total	CHEM		ACTIVE	OxyHgb MFr Bld	Fractional oxyhemoglobin in Blood	Oxyhemoglobin (Bld) [Mass fraction]		Hemoglobin oxygenated
11559-2	Oxyhemoglobin/Hemoglobin.total	CHEM		ACTIVE	OxyHgb MFr Bld	Fractional oxyhemoglobin in Blood	Oxyhemoglobin (Bld) [Mass fraction]		HbO2
11559-2	Oxyhemoglobin/Hemoglobin.total	CHEM		ACTIVE	OxyHgb MFr Bld	Fractional oxyhemoglobin in Blood	Oxyhemoglobin (Bld) [Mass fraction]		Haemoglobin oxygenated
11559-2	Oxyhemoglobin/Hemoglobin.total	CHEM		ACTIVE	OxyHgb MFr Bld	Fractional oxyhemoglobin in Blood	Oxyhemoglobin (Bld) [Mass fraction]		Fractional hemoglobin
11559-2	Oxyhemoglobin/Hemoglobin.total	CHEM		ACTIVE	OxyHgb MFr Bld	Fractional oxyhemoglobin in Blood	Oxyhemoglobin (Bld) [Mass fraction]		FO2Hb
11559-2	Oxyhemoglobin/Hemoglobin.total	CHEM		ACTIVE	OxyHgb MFr Bld	Fractional oxyhemoglobin in Blood	Oxyhemoglobin (Bld) [Mass fraction]		Oxygen saturation
11559-2	Oxyhemoglobin/Hemoglobin.total	CHEM		ACTIVE	OxyHgb MFr Bld	Fractional oxyhemoglobin in Blood	Oxyhemoglobin (Bld) [Mass fraction]		Oxygenated haemoglobin
11559-2	Oxyhemoglobin/Hemoglobin.total	CHEM		ACTIVE	OxyHgb MFr Bld	Fractional oxyhemoglobin in Blood	Oxyhemoglobin (Bld) [Mass fraction]		Oxygenated hemoglobin
11559-2	Oxyhemoglobin/Hemoglobin.total	CHEM		ACTIVE	OxyHgb MFr Bld	Fractional oxyhemoglobin in Blood	Oxyhemoglobin (Bld) [Mass fraction]		Oxyhaemoglobin
11559-2	Oxyhemoglobin/Hemoglobin.total	CHEM		ACTIVE	OxyHgb MFr Bld	Fractional oxyhemoglobin in Blood	Oxyhemoglobin (Bld) [Mass fraction]		OxyHgb
2718-5	Oxytocin	CHEM		ACTIVE	Oxytocin SerPl-mCnc	Oxytocin [Mass/volume] in Serum or Plasma	Oxytocin [Mass/Vol]		Ocytocin
2718-5	Oxytocin	CHEM		ACTIVE	Oxytocin SerPl-mCnc	Oxytocin [Mass/volume] in Serum or Plasma	Oxytocin [Mass/Vol]		OXT
14168-9	Palatinase	CHEM		ACTIVE	Palatinase Tiss-cCnt	Palatinase [Enzymatic activity/mass] in Tissue	Palatinase (Tiss) [Catalytic activity/Mass]		Disaccharide Intolerance I
14168-9	Palatinase	CHEM		ACTIVE	Palatinase Tiss-cCnt	Palatinase [Enzymatic activity/mass] in Tissue	Palatinase (Tiss) [Catalytic activity/Mass]		SI Deficiency
14168-9	Palatinase	CHEM		ACTIVE	Palatinase Tiss-cCnt	Palatinase [Enzymatic activity/mass] in Tissue	Palatinase (Tiss) [Catalytic activity/Mass]		Sucrose intolerance
14168-9	Palatinase	CHEM		ACTIVE	Palatinase Tiss-cCnt	Palatinase [Enzymatic activity/mass] in Tissue	Palatinase (Tiss) [Catalytic activity/Mass]		Sucrase-isomaltase
14168-9	Palatinase	CHEM		ACTIVE	Palatinase Tiss-cCnt	Palatinase [Enzymatic activity/mass] in Tissue	Palatinase (Tiss) [Catalytic activity/Mass]		CSID
14168-9	Palatinase	CHEM		ACTIVE	Palatinase Tiss-cCnt	Palatinase [Enzymatic activity/mass] in Tissue	Palatinase (Tiss) [Catalytic activity/Mass]		Congenital Sucrose Intolerance
35162-7	Palmitoleate	CHEM		ACTIVE	Palmitoleate SerPl-sCnc	Palmitoleate (C16:1w7) [Moles/volume] in Serum or Plasma	Palmitoleate (C16:1w7) [Moles/Vol]		C16:1w7
35162-7	Palmitoleate	CHEM		ACTIVE	Palmitoleate SerPl-sCnc	Palmitoleate (C16:1w7) [Moles/volume] in Serum or Plasma	Palmitoleate (C16:1w7) [Moles/Vol]		Palmitoleic acid
30357-8	Palmitoleylcarnitine (C16:1)	CHEM		ACTIVE	Palmitoleylcarn SerPl-sCnc	Palmitoleylcarnitine (C16:1) [Moles/volume] in Serum or Plasma	C16:1 [Moles/Vol]		Hexadecenoylcarnitine
30357-8	Palmitoleylcarnitine (C16:1)	CHEM		ACTIVE	Palmitoleylcarn SerPl-sCnc	Palmitoleylcarnitine (C16:1) [Moles/volume] in Serum or Plasma	C16:1 [Moles/Vol]		C16:1
18460-6	Palmitoylcarnitine (C16)	CHEM		DISCOURAGED	Palmitoylcarn SerPl-mCnc	Palmitoylcarnitine (C16) [Mass/volume] in Serum or Plasma	C16 [Mass/Vol]		Hexadecanoylcarnitine
18460-6	Palmitoylcarnitine (C16)	CHEM		DISCOURAGED	Palmitoylcarn SerPl-mCnc	Palmitoylcarnitine (C16) [Mass/volume] in Serum or Plasma	C16 [Mass/Vol]		C16
2720-1	Palmitoylphosphatidyl choline	CHEM		ACTIVE	PPC Plas-mCnc	Palmitoylphosphatidyl choline [Mass/volume] in Plasma	Palmitoylphosphatidyl choline (P) [Mass/Vol]		Palmitoylphosphatidylcholine
2720-1	Palmitoylphosphatidyl choline	CHEM		ACTIVE	PPC Plas-mCnc	Palmitoylphosphatidyl choline [Mass/volume] in Plasma	Palmitoylphosphatidyl choline (P) [Mass/Vol]		PPC
2720-1	Palmitoylphosphatidyl choline	CHEM		ACTIVE	PPC Plas-mCnc	Palmitoylphosphatidyl choline [Mass/volume] in Plasma	Palmitoylphosphatidyl choline (P) [Mass/Vol]		Palmitoyl phosphatidylcholine
2721-9	Pancreatic polypeptide	CHEM		ACTIVE	Panc Polypept SerPl-mCnc	Pancreatic polypeptide [Mass/volume] in Serum or Plasma	Pancreatic polypeptide [Mass/Vol]		Panc Polypept
96411-4	Pancreatic polypeptide^10M post sham feeding	CHEM		ACTIVE	Panc Polypept 10M p Sham Feed SerPl-mCnc	Pancreatic polypeptide [Mass/volume] in Serum or Plasma --10M post sham feeding	Pancreatic polypeptide 10M post sham feeding [Mass/Vol]		10M p Sham Feed
96410-6	Pancreatic polypeptide^15M post sham feeding	CHEM		ACTIVE	Panc Polypept 15M p Sham Feed SerPl-mCnc	Pancreatic polypeptide [Mass/volume] in Serum or Plasma --15M post sham feeding	Pancreatic polypeptide 15M post sham feeding [Mass/Vol]		15M p Sham Feed
96409-8	Pancreatic polypeptide^20M post sham feeding	CHEM		ACTIVE	Panc Polypept 20M p Sham Feed SerPl-mCnc	Pancreatic polypeptide [Mass/volume] in Serum or Plasma --20M post sham feeding	Pancreatic polypeptide 20M post sham feeding [Mass/Vol]		20M p Sham Feed
96408-0	Pancreatic polypeptide^25M post sham feeding	CHEM		ACTIVE	Panc Polypept 25M p Sham Feed SerPl-mCnc	Pancreatic polypeptide [Mass/volume] in Serum or Plasma --25M post sham feeding	Pancreatic polypeptide 25M post sham feeding [Mass/Vol]		25M p Sham Feed
96407-2	Pancreatic polypeptide^30M post sham feeding	CHEM		ACTIVE	Panc Polypept 30M p Sham Feed SerPl-mCnc	Pancreatic polypeptide [Mass/volume] in Serum or Plasma --30M post sham feeding	Pancreatic polypeptide 30M post sham feeding [Mass/Vol]		30M p Sham Feed
96412-2	Pancreatic polypeptide^5M post sham feeding	CHEM		ACTIVE	Panc Polypept 5M p Sham Feed SerPl-mCnc	Pancreatic polypeptide [Mass/volume] in Serum or Plasma --5M post sham feeding	Pancreatic polypeptide 5M post sham feeding [Mass/Vol]		5M p Sham Feed
88888-3	Pancreatic stone protein	CHEM	Quantitative levels of pancreatic stone protein in blood, serum or plasma specimens. This term was created for, but is not limited in use to, the Abionic SA IVD Capsule PSP assay, which is an immunoassay that produces a result in 5 minutes.	ACTIVE	PSP SerPlBld IA.rapid-mCnc	Pancreatic stone protein [Mass/volume] in Serum, Plasma or Blood by Rapid immunoassay	Pancreatic stone protein IA.rapid (S/P/Bld) [Mass/Vol]		REG-a1
88888-3	Pancreatic stone protein	CHEM	Quantitative levels of pancreatic stone protein in blood, serum or plasma specimens. This term was created for, but is not limited in use to, the Abionic SA IVD Capsule PSP assay, which is an immunoassay that produces a result in 5 minutes.	ACTIVE	PSP SerPlBld IA.rapid-mCnc	Pancreatic stone protein [Mass/volume] in Serum, Plasma or Blood by Rapid immunoassay	Pancreatic stone protein IA.rapid (S/P/Bld) [Mass/Vol]		Lithostathine-1-alpha
2722-7	Pantothenate	CHEM		ACTIVE	Pantothenate SerPlBld-mCnc	Pantothenate [Mass/volume] in Serum, Plasma or Blood	Pantothenate (S/P/Bld) [Mass/Vol]		Vit B5
2722-7	Pantothenate	CHEM		ACTIVE	Pantothenate SerPlBld-mCnc	Pantothenate [Mass/volume] in Serum, Plasma or Blood	Pantothenate (S/P/Bld) [Mass/Vol]		Vitamin B5
2722-7	Pantothenate	CHEM		ACTIVE	Pantothenate SerPlBld-mCnc	Pantothenate [Mass/volume] in Serum, Plasma or Blood	Pantothenate (S/P/Bld) [Mass/Vol]		Pantothenic acid
96404-9	Para aminohippurate renal clearance/1.73 sq M	CHEM		ACTIVE	PAH Cl/1.73 sq M Ur+SerPl-ArVRat	Para aminohippurate renal clearance/1.73 sq M in Urine and Serum or Plasma	Para aminohippurate renal clearance/1.73 sq M (Stdy U+S/P) [Vol rate/Area]		PAH Cl/1.73 sq M
72492-2	Paraoxonase-arylesterase 1	CHEM		ACTIVE	PON1 Ser-cCnc	Paraoxonase-arylesterase 1 (PON1) [Enzymatic activity/volume] in Serum	Paraoxonase-arylesterase 1 (PON1) (S) [Catalytic activity/Vol]		A-esterase
72492-2	Paraoxonase-arylesterase 1	CHEM		ACTIVE	PON1 Ser-cCnc	Paraoxonase-arylesterase 1 (PON1) [Enzymatic activity/volume] in Serum	Paraoxonase-arylesterase 1 (PON1) (S) [Catalytic activity/Vol]		PON-1
72492-2	Paraoxonase-arylesterase 1	CHEM		ACTIVE	PON1 Ser-cCnc	Paraoxonase-arylesterase 1 (PON1) [Enzymatic activity/volume] in Serum	Paraoxonase-arylesterase 1 (PON1) (S) [Catalytic activity/Vol]		PON1
72492-2	Paraoxonase-arylesterase 1	CHEM		ACTIVE	PON1 Ser-cCnc	Paraoxonase-arylesterase 1 (PON1) [Enzymatic activity/volume] in Serum	Paraoxonase-arylesterase 1 (PON1) (S) [Catalytic activity/Vol]		aryldialkylphosphatase 1
72492-2	Paraoxonase-arylesterase 1	CHEM		ACTIVE	PON1 Ser-cCnc	Paraoxonase-arylesterase 1 (PON1) [Enzymatic activity/volume] in Serum	Paraoxonase-arylesterase 1 (PON1) (S) [Catalytic activity/Vol]		aromatic esterase 1
32045-7	Parathyrin.biointact	CHEM	Test does not measure the 7-84 fragment which is measured by the Intact PTH method.	DEPRECATED	Deprecated PTH-Biointact SerPl-mCnc	Deprecated Parathyrin.biointact [Mass/volume] in Serum or Plasma	Parathyrin.biointact [Mass/Vol]		Bioactive parathyrin
32045-7	Parathyrin.biointact	CHEM	Test does not measure the 7-84 fragment which is measured by the Intact PTH method.	DEPRECATED	Deprecated PTH-Biointact SerPl-mCnc	Deprecated Parathyrin.biointact [Mass/volume] in Serum or Plasma	Parathyrin.biointact [Mass/Vol]		PTH-Biointact
15088-8	Parathyrin.C-terminal	CHEM		ACTIVE	PTH-C SerPl-sCnc	Parathyrin.C-terminal [Moles/volume] in Serum or Plasma	Parathyrin.C-terminal [Moles/Vol]		Parathyrin carboxy-terminal
15088-8	Parathyrin.C-terminal	CHEM		ACTIVE	PTH-C SerPl-sCnc	Parathyrin.C-terminal [Moles/volume] in Serum or Plasma	Parathyrin.C-terminal [Moles/Vol]		PTH-C
70664-8	Parathyrin.intact intraoperative percent change	CHEM	Primary hyperparathyroidism is treated by surgically removing one or multiple glands. The decision on what glands need to be removed is made based on PTH intact levels drawn during the surgical procedure. Differential sampling and intra-operative PTH values also help locate hard to find parathyroid glands. A decrease in PTH of 50% or more from baseline to post-surgery PTH predicts operative success. [1] Source: [1] Jacobs and DeMott Laboratory Test Handbook, 5th edition, DS Jacobs, WR DeMott and DK Oxley, 2001.	ACTIVE	PTH-Intact IO % Dif SerPl	Parathyrin.intact intraoperative percent change in Serum or Plasma	Parathyrin.intact intraoperative percent change [Mass conc % diff]		PTH-Intact IO % Dif
2733-4	Parathyrin.N-terminal	CHEM		ACTIVE	PTH-N SerPl-mCnc	Parathyrin.N-terminal [Mass/volume] in Serum or Plasma	Parathyrin.N-terminal [Mass/Vol]		PTH-N
15087-0	Parathyrin related protein	CHEM		ACTIVE	PTH Related Prot SerPl-sCnc	Parathyrin related protein [Moles/volume] in Serum or Plasma	Parathyrin related protein [Moles/Vol]		PTH Related Prot
15087-0	Parathyrin related protein	CHEM		ACTIVE	PTH Related Prot SerPl-sCnc	Parathyrin related protein [Moles/volume] in Serum or Plasma	Parathyrin related protein [Moles/Vol]		PTHrH
15087-0	Parathyrin related protein	CHEM		ACTIVE	PTH Related Prot SerPl-sCnc	Parathyrin related protein [Moles/volume] in Serum or Plasma	Parathyrin related protein [Moles/Vol]		PTH-RH
15087-0	Parathyrin related protein	CHEM		ACTIVE	PTH Related Prot SerPl-sCnc	Parathyrin related protein [Moles/volume] in Serum or Plasma	Parathyrin related protein [Moles/Vol]		PTHrP
15087-0	Parathyrin related protein	CHEM		ACTIVE	PTH Related Prot SerPl-sCnc	Parathyrin related protein [Moles/volume] in Serum or Plasma	Parathyrin related protein [Moles/Vol]		Parathyroid hormone related peptide
15087-0	Parathyrin related protein	CHEM		ACTIVE	PTH Related Prot SerPl-sCnc	Parathyrin related protein [Moles/volume] in Serum or Plasma	Parathyrin related protein [Moles/Vol]		PTH-RP
74440-9	Pemptoporphyrin	CHEM		ACTIVE	Pemptoporphyrin Stl-sCnt	Pemptoporphyrin [Moles/mass] in Stool	Pemptoporphyrin (Stl) [Moles/Mass]		2(4)-hydryl-1,3,5,8-tetramethyl-4(2)-vinyldeuteroporphyrin IX
33623-0	Pentacarboxylporphyrin I	CHEM		ACTIVE	Penta-CPI 24h Stl-mRate	Pentacarboxylporphyrin I [Mass/time] in 24 hour Stool	Pentacarboxylporphyrin I (24H Stl) [Mass/Time]		Pentacarboxyl porphyrin
33623-0	Pentacarboxylporphyrin I	CHEM		ACTIVE	Penta-CPI 24h Stl-mRate	Pentacarboxylporphyrin I [Mass/time] in 24 hour Stool	Pentacarboxylporphyrin I (24H Stl) [Mass/Time]		Penta-CPI
33624-8	Pentacarboxylporphyrin III	CHEM		ACTIVE	Penta-CP3 24h Stl-mRate	Pentacarboxylporphyrin III [Mass/time] in 24 hour Stool	Pentacarboxylporphyrin III (24H Stl) [Mass/Time]		Pentacarboxylporphyrin 3
33624-8	Pentacarboxylporphyrin III	CHEM		ACTIVE	Penta-CP3 24h Stl-mRate	Pentacarboxylporphyrin III [Mass/time] in 24 hour Stool	Pentacarboxylporphyrin III (24H Stl) [Mass/Time]		Penta-CP3
10881-1	Pentacarboxylporphyrins	CHEM		ACTIVE	Penta-CP RBC-mCnc	Pentacarboxylporphyrins [Mass/volume] in Red Blood Cells	Pentacarboxylporphyrins (RBC) [Mass/Vol]		Penta-CP
10881-1	Pentacarboxylporphyrins	CHEM		ACTIVE	Penta-CP RBC-mCnc	Pentacarboxylporphyrins [Mass/volume] in Red Blood Cells	Pentacarboxylporphyrins (RBC) [Mass/Vol]		Pentaporphyrins
10881-1	Pentacarboxylporphyrins	CHEM		ACTIVE	Penta-CP RBC-mCnc	Pentacarboxylporphyrins [Mass/volume] in Red Blood Cells	Pentacarboxylporphyrins (RBC) [Mass/Vol]		Pentacarboxyl porphyrins
10881-1	Pentacarboxylporphyrins	CHEM		ACTIVE	Penta-CP RBC-mCnc	Pentacarboxylporphyrins [Mass/volume] in Red Blood Cells	Pentacarboxylporphyrins (RBC) [Mass/Vol]		Pentacarboxyporhyrin
48119-2	Pentadecanoate/Creatinine	CHEM		ACTIVE	Pentadecanoate/Creat Ur-sRto	Pentadecanoate/Creatinine [Molar ratio] in Urine	Pentadecanoate/Creatinine (U) [Molar ratio]		Pentadecanoic acid
80828-7	Pepsin A+Pepsinogen A	CHEM	The presence of gastric pepsin A in a patients airway is a marker for aspiration and assists in the diagnosis of gastroesophageal reflux. Chronic aspiration of gastric contents may worsen lung disease in premature infants, or other mechanically ventilated patients. [PMID: 16954956] This assay detects both pepsin A and pepsinogen A and does not differentiate between the two. A level of less than 3 is considered in range. (One unit of pepsin A=0.1ng/ml pepsin A is a measure of concentration (ng/ml) expressed in an arbitrarily defined unit.)	ACTIVE	PepsinA+PepsinogenA Lower resp IA-mCnc	Pepsin A+Pepsinogen A [Mass/volume] in Lower respiratory specimen by Immunoassay	Pepsin A+Pepsinogen A IA (Lower resp) [Mass/Vol]		PepsinA+PepsinogenA
104248-0	Pepsinogen I/Pepsinogen II	CHEM		ACTIVE	Pepsinogen I/Pepsinogen II Ser	Pepsinogen I/Pepsinogen II [Mass Ratio] in Serum	Pepsinogen I/Pepsinogen II (S) [Mass ratio]		Pepsinogen 2
104248-0	Pepsinogen I/Pepsinogen II	CHEM		ACTIVE	Pepsinogen I/Pepsinogen II Ser	Pepsinogen I/Pepsinogen II [Mass Ratio] in Serum	Pepsinogen I/Pepsinogen II (S) [Mass ratio]		Pepsinogen 1
104248-0	Pepsinogen I/Pepsinogen II	CHEM		ACTIVE	Pepsinogen I/Pepsinogen II Ser	Pepsinogen I/Pepsinogen II [Mass Ratio] in Serum	Pepsinogen I/Pepsinogen II (S) [Mass ratio]		Pepsinogen (euc)
104248-0	Pepsinogen I/Pepsinogen II	CHEM		ACTIVE	Pepsinogen I/Pepsinogen II Ser	Pepsinogen I/Pepsinogen II [Mass Ratio] in Serum	Pepsinogen I/Pepsinogen II (S) [Mass ratio]		Total pepsinogens
104248-0	Pepsinogen I/Pepsinogen II	CHEM		ACTIVE	Pepsinogen I/Pepsinogen II Ser	Pepsinogen I/Pepsinogen II [Mass Ratio] in Serum	Pepsinogen I/Pepsinogen II (S) [Mass ratio]		PG
104248-0	Pepsinogen I/Pepsinogen II	CHEM		ACTIVE	Pepsinogen I/Pepsinogen II Ser	Pepsinogen I/Pepsinogen II [Mass Ratio] in Serum	Pepsinogen I/Pepsinogen II (S) [Mass ratio]		Pepsinogen A
14169-7	Peptide histidine isoleucine	CHEM		ACTIVE	PHIM Plas-mCnc	Peptide histidine isoleucine [Mass/volume] in Plasma	Peptide histidine isoleucine (P) [Mass/Vol]		PHIM
35128-8	Perforin	CHEM		ACTIVE	Perforin WBC-aCnc	Perforin [Units/volume] in Leukocytes	Perforin Qn (WBC)		PFN
35128-8	Perforin	CHEM		ACTIVE	Perforin WBC-aCnc	Perforin [Units/volume] in Leukocytes	Perforin Qn (WBC)		Pore forming protein
98958-2	Periostin	CHEM		ACTIVE	Periostin SerPl IA-sCnc	Periostin [Moles/volume] in Serum or Plasma by Immunoassay	Periostin IA [Moles/Vol]		osteoblast-specific factor
98958-2	Periostin	CHEM		ACTIVE	Periostin SerPl IA-sCnc	Periostin [Moles/volume] in Serum or Plasma by Immunoassay	Periostin IA [Moles/Vol]		POSTN
98958-2	Periostin	CHEM		ACTIVE	Periostin SerPl IA-sCnc	Periostin [Moles/volume] in Serum or Plasma by Immunoassay	Periostin IA [Moles/Vol]		OSF-2
82367-4	Peripheral deiodinase activity	CHEM	The sum activity of peripheral deiodinases (GD, also referred to as deiodination capacity or total deiodinase activity) is the maximum amount of triiodothyronine (T3) produced per time-unit by deiodinases outside the central nervous system. The structure parameter inference approach (SPINA) uses Michaelis-Menten functions and pharmakokinetic data to estimate GD under conditions of substrate saturation. One calculation is based on peripheral free T3 and free T4 values, and an alternate calculation uses peripheral total T3 and free T4. GD calculated using the SPINA approach is also known as SPINA-GD. SPINA-GD may be useful in diagnosing thyroid conditions that are difficult to diagnose based on traditional thyroid function studies, such as subclinical forms of thyroid failure, hypothalamic or pituitary dysfunction, and non-thyroidal illness syndrome. [PMID: 27375554] Thyroid secretory function by SPINA, called SPINA-GT, is a related result [LOINC: 82368-2].	ACTIVE	Per deiod act SerPl Calc SPINA-sRate	Peripheral deiodinase activity [Moles/time] in Serum or Plasma by Calculated.SPINA	Peripheral deiodinase activity Calculated by SPINA [Moles/Time]		Calc SPINA
82367-4	Peripheral deiodinase activity	CHEM	The sum activity of peripheral deiodinases (GD, also referred to as deiodination capacity or total deiodinase activity) is the maximum amount of triiodothyronine (T3) produced per time-unit by deiodinases outside the central nervous system. The structure parameter inference approach (SPINA) uses Michaelis-Menten functions and pharmakokinetic data to estimate GD under conditions of substrate saturation. One calculation is based on peripheral free T3 and free T4 values, and an alternate calculation uses peripheral total T3 and free T4. GD calculated using the SPINA approach is also known as SPINA-GD. SPINA-GD may be useful in diagnosing thyroid conditions that are difficult to diagnose based on traditional thyroid function studies, such as subclinical forms of thyroid failure, hypothalamic or pituitary dysfunction, and non-thyroidal illness syndrome. [PMID: 27375554] Thyroid secretory function by SPINA, called SPINA-GT, is a related result [LOINC: 82368-2].	ACTIVE	Per deiod act SerPl Calc SPINA-sRate	Peripheral deiodinase activity [Moles/time] in Serum or Plasma by Calculated.SPINA	Peripheral deiodinase activity Calculated by SPINA [Moles/Time]		Deiodination capacity
82367-4	Peripheral deiodinase activity	CHEM	The sum activity of peripheral deiodinases (GD, also referred to as deiodination capacity or total deiodinase activity) is the maximum amount of triiodothyronine (T3) produced per time-unit by deiodinases outside the central nervous system. The structure parameter inference approach (SPINA) uses Michaelis-Menten functions and pharmakokinetic data to estimate GD under conditions of substrate saturation. One calculation is based on peripheral free T3 and free T4 values, and an alternate calculation uses peripheral total T3 and free T4. GD calculated using the SPINA approach is also known as SPINA-GD. SPINA-GD may be useful in diagnosing thyroid conditions that are difficult to diagnose based on traditional thyroid function studies, such as subclinical forms of thyroid failure, hypothalamic or pituitary dysfunction, and non-thyroidal illness syndrome. [PMID: 27375554] Thyroid secretory function by SPINA, called SPINA-GT, is a related result [LOINC: 82368-2].	ACTIVE	Per deiod act SerPl Calc SPINA-sRate	Peripheral deiodinase activity [Moles/time] in Serum or Plasma by Calculated.SPINA	Peripheral deiodinase activity Calculated by SPINA [Moles/Time]		Per deiod act
82367-4	Peripheral deiodinase activity	CHEM	The sum activity of peripheral deiodinases (GD, also referred to as deiodination capacity or total deiodinase activity) is the maximum amount of triiodothyronine (T3) produced per time-unit by deiodinases outside the central nervous system. The structure parameter inference approach (SPINA) uses Michaelis-Menten functions and pharmakokinetic data to estimate GD under conditions of substrate saturation. One calculation is based on peripheral free T3 and free T4 values, and an alternate calculation uses peripheral total T3 and free T4. GD calculated using the SPINA approach is also known as SPINA-GD. SPINA-GD may be useful in diagnosing thyroid conditions that are difficult to diagnose based on traditional thyroid function studies, such as subclinical forms of thyroid failure, hypothalamic or pituitary dysfunction, and non-thyroidal illness syndrome. [PMID: 27375554] Thyroid secretory function by SPINA, called SPINA-GT, is a related result [LOINC: 82368-2].	ACTIVE	Per deiod act SerPl Calc SPINA-sRate	Peripheral deiodinase activity [Moles/time] in Serum or Plasma by Calculated.SPINA	Peripheral deiodinase activity Calculated by SPINA [Moles/Time]		SPINA-GD
82367-4	Peripheral deiodinase activity	CHEM	The sum activity of peripheral deiodinases (GD, also referred to as deiodination capacity or total deiodinase activity) is the maximum amount of triiodothyronine (T3) produced per time-unit by deiodinases outside the central nervous system. The structure parameter inference approach (SPINA) uses Michaelis-Menten functions and pharmakokinetic data to estimate GD under conditions of substrate saturation. One calculation is based on peripheral free T3 and free T4 values, and an alternate calculation uses peripheral total T3 and free T4. GD calculated using the SPINA approach is also known as SPINA-GD. SPINA-GD may be useful in diagnosing thyroid conditions that are difficult to diagnose based on traditional thyroid function studies, such as subclinical forms of thyroid failure, hypothalamic or pituitary dysfunction, and non-thyroidal illness syndrome. [PMID: 27375554] Thyroid secretory function by SPINA, called SPINA-GT, is a related result [LOINC: 82368-2].	ACTIVE	Per deiod act SerPl Calc SPINA-sRate	Peripheral deiodinase activity [Moles/time] in Serum or Plasma by Calculated.SPINA	Peripheral deiodinase activity Calculated by SPINA [Moles/Time]		Total deiodinase activity
33913-5	pH	CHEM	The Scalp pH involves the collection of blood from the baby by puncturing the fetal scalp whilst in the birth canal and measuring the pH of the blood.	ACTIVE	pH BldC Fetus	pH of Capillary blood from Fetus	pH (BldC fetus)		Fetal scalp pH
106982-2	pH^^adjusted to eucapnic level	CHEM		ACTIVE	pH adj eucapnic lvl BldCoA Calc	pH of Arterial cord blood by calculation adjusted to eucapnic level	pH adjusted to eucapnic level Calc (BldCoA)		Cord BldA
106982-2	pH^^adjusted to eucapnic level	CHEM		ACTIVE	pH adj eucapnic lvl BldCoA Calc	pH of Arterial cord blood by calculation adjusted to eucapnic level	pH adjusted to eucapnic level Calc (BldCoA)		Cord arterial blood
106982-2	pH^^adjusted to eucapnic level	CHEM		ACTIVE	pH adj eucapnic lvl BldCoA Calc	pH of Arterial cord blood by calculation adjusted to eucapnic level	pH adjusted to eucapnic level Calc (BldCoA)		Eucapnia
106982-2	pH^^adjusted to eucapnic level	CHEM		ACTIVE	pH adj eucapnic lvl BldCoA Calc	pH of Arterial cord blood by calculation adjusted to eucapnic level	pH adjusted to eucapnic level Calc (BldCoA)		adj eucapnic lvl
9347-6	pH.combined acid	CHEM		ACTIVE	pH Combined Ac Gast	pH combined acid of Gastric fluid	pH combined acid (Gast fld)		pH Combined Ac
53205-1	Phenylacetylcarnitine (PheC2)	CHEM	The tentative opinion of the HTSP review (5/13/08) committee was that this marker has no clinical utility based on todays knowledge.	ACTIVE	Phenylacetylcarn DBS-sCnc	Phenylacetylcarnitine (PheC2) [Moles/volume] in DBS	PheC2 (DBS) [Moles/Vol]		PheC2
2761-5	Phenylketones	CHEM		ACTIVE	Phenylketones Bld Ql	Phenylketones [Presence] in Blood	Phenylketones Ql (Bld)		Phenyl ketones
46746-4	Phenylketonuria and variants &or biopterin defects	CHEM		ACTIVE	PKU+Var/BIOPT Defects DBS-Imp	Phenylketonuria and variants/Biopterin defects newborn screen interpretation	Phenylketonuria and variants/Biopterin defects (DBS) [Interp]		PKU+Var/BIOPT Defects
58231-2	Phenylketonuria and variants &or biopterin defects newborn screening comment-discussion	CHEM		ACTIVE	PKU+Var/BIOPT Defects NBS comment	Phenylketonuria and variants/Biopterin defects newborn screening comment-discussion	Phenylketonuria and variants/Biopterin defects newborn screening comment-discussion Nar (DBS)		PKU+Var/BIOPT Defects NBS comment
9348-4	pH.free acid	CHEM		ACTIVE	pH Free Ac Gast	pH free acid of Gastric fluid	pH free acid (Gast fld)		pH Free Ac
2784-7	Phosphatidylcholine.saturated	CHEM		ACTIVE	PC Satd Amn-mCnc	Phosphatidylcholine.saturated [Mass/volume] in Amniotic fluid	Phosphatidylcholine.saturated (Amn fld) [Mass/Vol]		PC Satd
49574-7	Phosphatidylinositol+Phosphatidylserine/Surfactant.total	CHEM		ACTIVE	PI+PS MFr Amn	Phosphatidylinositol+Phosphatidylserine/Surfactant.total in Amniotic fluid	Phosphatidylinositol+Phosphatidylserine/Total surfactant (Amn fld) [Mass fraction]		PI+PS
103842-1	Phosphodiesterase 10A Ab	CHEM		ACTIVE	PDE10A Ab Spec Ql IF	Phosphodiesterase 10A Ab [Presence] in Specimen by Immunofluorescence	Phosphodiesterase 10A Ab IF Ql (Specimen)		PDE10A
2788-8	Phosphoenolpyruvate carboxykinase	CHEM		ACTIVE	PEPCK Ser-cCnc	Phosphoenolpyruvate carboxykinase [Enzymatic activity/volume] in Serum	Phosphoenolpyruvate carboxykinase (S) [Catalytic activity/Vol]		PEPCK
2788-8	Phosphoenolpyruvate carboxykinase	CHEM		ACTIVE	PEPCK Ser-cCnc	Phosphoenolpyruvate carboxykinase [Enzymatic activity/volume] in Serum	Phosphoenolpyruvate carboxykinase (S) [Catalytic activity/Vol]		PEPCase
2788-8	Phosphoenolpyruvate carboxykinase	CHEM		ACTIVE	PEPCK Ser-cCnc	Phosphoenolpyruvate carboxykinase [Enzymatic activity/volume] in Serum	Phosphoenolpyruvate carboxykinase (S) [Catalytic activity/Vol]		GTP
11224-3	Phosphoethanolamine	CHEM		ACTIVE	PETN CSF-mCnc	Phosphoethanolamine [Mass/volume] in Cerebrospinal Fluid	Phosphoethanolamine (CSF) [Mass/Vol]		PETN
11224-3	Phosphoethanolamine	CHEM		ACTIVE	PETN CSF-mCnc	Phosphoethanolamine [Mass/volume] in Cerebrospinal Fluid	Phosphoethanolamine (CSF) [Mass/Vol]		PEA
11058-5	Phosphofructokinase	CHEM		ACTIVE	PFK RBC-cCnc	Phosphofructokinase [Enzymatic activity/volume] in Red Blood Cells	Phosphofructokinase (RBC) [Catalytic activity/Vol]		PFK
11058-5	Phosphofructokinase	CHEM		ACTIVE	PFK RBC-cCnc	Phosphofructokinase [Enzymatic activity/volume] in Red Blood Cells	Phosphofructokinase (RBC) [Catalytic activity/Vol]		6-phosphofructokinase
11058-5	Phosphofructokinase	CHEM		ACTIVE	PFK RBC-cCnc	Phosphofructokinase [Enzymatic activity/volume] in Red Blood Cells	Phosphofructokinase (RBC) [Catalytic activity/Vol]		Phosphohexokinase
2793-8	Phosphofructokinase.F subunit/Phosphofructokinase.total	CHEM	NFR is probably not the right property. These are probably not being tested as fractions of total phosphofructokinase.	ACTIVE	PFK-F CFr Plts	Phosphofructokinase F subunit/Phosphofructokinase.total in Platelets	Phosphofructokinase F subunit/Total phosphofructokinase (Plts) [Catalytic fraction]		PFK-F
2793-8	Phosphofructokinase.F subunit/Phosphofructokinase.total	CHEM	NFR is probably not the right property. These are probably not being tested as fractions of total phosphofructokinase.	ACTIVE	PFK-F CFr Plts	Phosphofructokinase F subunit/Phosphofructokinase.total in Platelets	Phosphofructokinase F subunit/Total phosphofructokinase (Plts) [Catalytic fraction]		PFK-fibroblast
2793-8	Phosphofructokinase.F subunit/Phosphofructokinase.total	CHEM	NFR is probably not the right property. These are probably not being tested as fractions of total phosphofructokinase.	ACTIVE	PFK-F CFr Plts	Phosphofructokinase F subunit/Phosphofructokinase.total in Platelets	Phosphofructokinase F subunit/Total phosphofructokinase (Plts) [Catalytic fraction]		PFK F
2795-3	Phosphofructokinase.L subunit/Phosphofructokinase.total	CHEM	NFR is probably not the right property. These are probably not being tested as fractions of total phosphofructokinase.	ACTIVE	PFK-L CFr RBC	Phosphofructokinase L subunit/Phosphofructokinase.total in Red Blood Cells	Phosphofructokinase L subunit/Total phosphofructokinase (RBC) [Catalytic fraction]		PFK-granulocytic leukocyte
2795-3	Phosphofructokinase.L subunit/Phosphofructokinase.total	CHEM	NFR is probably not the right property. These are probably not being tested as fractions of total phosphofructokinase.	ACTIVE	PFK-L CFr RBC	Phosphofructokinase L subunit/Phosphofructokinase.total in Red Blood Cells	Phosphofructokinase L subunit/Total phosphofructokinase (RBC) [Catalytic fraction]		PFK-L
2795-3	Phosphofructokinase.L subunit/Phosphofructokinase.total	CHEM	NFR is probably not the right property. These are probably not being tested as fractions of total phosphofructokinase.	ACTIVE	PFK-L CFr RBC	Phosphofructokinase L subunit/Phosphofructokinase.total in Red Blood Cells	Phosphofructokinase L subunit/Total phosphofructokinase (RBC) [Catalytic fraction]		PFK L
2796-1	Phosphofructokinase.M subunit/Phosphofructokinase.total	CHEM	NFR is probably not the right property. These are probably not being tested as fractions of total phosphofructokinase.	ACTIVE	PFK-M CFr RBC	Phosphofructokinase M subunit/Phosphofructokinase.total in Red Blood Cells	Phosphofructokinase M subunit/Total phosphofructokinase (RBC) [Catalytic fraction]		PFK-M
2796-1	Phosphofructokinase.M subunit/Phosphofructokinase.total	CHEM	NFR is probably not the right property. These are probably not being tested as fractions of total phosphofructokinase.	ACTIVE	PFK-M CFr RBC	Phosphofructokinase M subunit/Phosphofructokinase.total in Red Blood Cells	Phosphofructokinase M subunit/Total phosphofructokinase (RBC) [Catalytic fraction]		PFK-muscle
2796-1	Phosphofructokinase.M subunit/Phosphofructokinase.total	CHEM	NFR is probably not the right property. These are probably not being tested as fractions of total phosphofructokinase.	ACTIVE	PFK-M CFr RBC	Phosphofructokinase M subunit/Phosphofructokinase.total in Red Blood Cells	Phosphofructokinase M subunit/Total phosphofructokinase (RBC) [Catalytic fraction]		PFK M
100988-5	Phosphoglucomutase	CHEM		ACTIVE	Phosphoglucomutase Fib-cCnc	Phosphoglucomutase [Enzymatic activity/volume] in Fibroblast	Phosphoglucomutase (Fibroblast) [Catalytic activity/Vol]		Catalytic Concentration
100988-5	Phosphoglucomutase	CHEM		ACTIVE	Phosphoglucomutase Fib-cCnc	Phosphoglucomutase [Enzymatic activity/volume] in Fibroblast	Phosphoglucomutase (Fibroblast) [Catalytic activity/Vol]		Fibr
100988-5	Phosphoglucomutase	CHEM		ACTIVE	Phosphoglucomutase Fib-cCnc	Phosphoglucomutase [Enzymatic activity/volume] in Fibroblast	Phosphoglucomutase (Fibroblast) [Catalytic activity/Vol]		Fib
100988-5	Phosphoglucomutase	CHEM		ACTIVE	Phosphoglucomutase Fib-cCnc	Phosphoglucomutase [Enzymatic activity/volume] in Fibroblast	Phosphoglucomutase (Fibroblast) [Catalytic activity/Vol]		PGM
11059-3	Phosphoglycerate kinase	CHEM		ACTIVE	PGK RBC-cCnc	Phosphoglycerate kinase [Enzymatic activity/volume] in Red Blood Cells	Phosphoglycerate kinase (RBC) [Catalytic activity/Vol]		PGK
2799-5	Phosphoglyceromutase	CHEM		ACTIVE	Phosphoglyceromutase Ser-cCnc	Phosphoglyceromutase [Enzymatic activity/volume] in Serum	Phosphoglyceromutase (S) [Catalytic activity/Vol]		Phosphoglycerate mutase
2799-5	Phosphoglyceromutase	CHEM		ACTIVE	Phosphoglyceromutase Ser-cCnc	Phosphoglyceromutase [Enzymatic activity/volume] in Serum	Phosphoglyceromutase (S) [Catalytic activity/Vol]		Phosphoglycerate phosphomutase
76026-4	Phosphomannomutase 2	CHEM		ACTIVE	PMM2 Fib-cCnt	Phosphomannomutase 2 [Enzymatic activity/mass] in Fibroblast	Phosphomannomutase 2 (Fibroblast) [Catalytic activity/Mass]		PMM2
47866-9	Phosphoribosylpyrophosphate synthetase	CHEM		ACTIVE	PRPS RBC-cCnt	Phosphoribosylpyrophosphate synthetase [Enzymatic activity/mass] in Red Blood Cells	Phosphoribosylpyrophosphate synthetase (RBC) [Catalytic activity/Mass]		PRPS
104883-4	Phosphorus.reabsorbed by renal tubules/Phosphorus.total filtered	CHEM		ACTIVE	Pho.resorb rnl tub/Pho.ttl fil	Phosphorus.reabsorbed by renal tubules/Phosphorus.total filtered in Urine and Serum or Plasma Qualitative	Phosphorus.reabsorbed by renal tubules/Phosphorus.total filtered Ql (U+S/P)		Pho.total filtered
104883-4	Phosphorus.reabsorbed by renal tubules/Phosphorus.total filtered	CHEM		ACTIVE	Pho.resorb rnl tub/Pho.ttl fil	Phosphorus.reabsorbed by renal tubules/Phosphorus.total filtered in Urine and Serum or Plasma Qualitative	Phosphorus.reabsorbed by renal tubules/Phosphorus.total filtered Ql (U+S/P)		Pho.reabsorb tubules/Pho.total filtered
104883-4	Phosphorus.reabsorbed by renal tubules/Phosphorus.total filtered	CHEM		ACTIVE	Pho.resorb rnl tub/Pho.ttl fil	Phosphorus.reabsorbed by renal tubules/Phosphorus.total filtered in Urine and Serum or Plasma Qualitative	Phosphorus.reabsorbed by renal tubules/Phosphorus.total filtered Ql (U+S/P)		Pho.reabsorb renal tubules
34522-3	Phosphorylase kinase	CHEM		ACTIVE	PhK RBC-cCnc	Phosphorylase kinase [Enzymatic activity/volume] in Red Blood Cells	Phosphorylase kinase (RBC) [Catalytic activity/Vol]		PhK
34522-3	Phosphorylase kinase	CHEM		ACTIVE	PhK RBC-cCnc	Phosphorylase kinase [Enzymatic activity/volume] in Red Blood Cells	Phosphorylase kinase (RBC) [Catalytic activity/Vol]		Phosphorylase b Kinase
9349-2	pH.total acid	CHEM		ACTIVE	pH Total Ac Gast	pH total acid of Gastric fluid	pH total acid (Gast fld)		pH Total Ac
80982-2	Phytanoyl CoA hydroxlase	CHEM		ACTIVE	PhyH Fib-cCnt	Phytanoyl CoA hydroxlase [Enzymatic activity/mass] in Fibroblast	Phytanoyl CoA hydroxlase (Fibroblast) [Catalytic activity/Mass]		PhyH
58793-1	Phytonadione	CHEM		ACTIVE	Phytonadione SerPl-sCnc	Phytonadione [Moles/volume] in Serum or Plasma	Phytonadione [Moles/Vol]		Vitamin K1
58793-1	Phytonadione	CHEM		ACTIVE	Phytonadione SerPl-sCnc	Phytonadione [Moles/volume] in Serum or Plasma	Phytonadione [Moles/Vol]		Phylloquinone
58793-1	Phytonadione	CHEM		ACTIVE	Phytonadione SerPl-sCnc	Phytonadione [Moles/volume] in Serum or Plasma	Phytonadione [Moles/Vol]		Vit K1
79494-1	Pimelate/Creatinine	CHEM		ACTIVE	Pimelate/Creat Ur-sRto	Pimelate/Creatinine [Molar ratio] in Urine	Pimelate/Creatinine (U) [Molar ratio]		Heptanedioate
79494-1	Pimelate/Creatinine	CHEM		ACTIVE	Pimelate/Creat Ur-sRto	Pimelate/Creatinine [Molar ratio] in Urine	Pimelate/Creatinine (U) [Molar ratio]		Heptanedioic acid
79494-1	Pimelate/Creatinine	CHEM		ACTIVE	Pimelate/Creat Ur-sRto	Pimelate/Creatinine [Molar ratio] in Urine	Pimelate/Creatinine (U) [Molar ratio]		Pimelic Acid
2805-0	Pipecolate	CHEM		DISCOURAGED	Pipecolate CSF-mCnc	Pipecolate [Mass/volume] in Cerebrospinal Fluid	Pipecolate (CSF) [Mass/Vol]		Pipa
2805-0	Pipecolate	CHEM		DISCOURAGED	Pipecolate CSF-mCnc	Pipecolate [Mass/volume] in Cerebrospinal Fluid	Pipecolate (CSF) [Mass/Vol]		Pipecolic acid
14170-5	Pituitary glycoprotein hormone.alpha subunit	CHEM		ACTIVE	a-PGH Ser-mCnc	Pituitary glycoprotein hormone.alpha subunit [Mass/volume] in Serum	Pituitary glycoprotein hormone.alpha subunit (S) [Mass/Vol]		APGH
14170-5	Pituitary glycoprotein hormone.alpha subunit	CHEM		ACTIVE	a-PGH Ser-mCnc	Pituitary glycoprotein hormone.alpha subunit [Mass/volume] in Serum	Pituitary glycoprotein hormone.alpha subunit (S) [Mass/Vol]		Pitutary
14170-5	Pituitary glycoprotein hormone.alpha subunit	CHEM		ACTIVE	a-PGH Ser-mCnc	Pituitary glycoprotein hormone.alpha subunit [Mass/volume] in Serum	Pituitary glycoprotein hormone.alpha subunit (S) [Mass/Vol]		a-PGH
114472-4	Placental growth factor (PlGF1)	CHEM		ACTIVE	PlGF1 MoM Ser	Placental growth factor (PlGF1) [Multiple of the median] in Serum	Placental growth factor (PlGF1) (S) [MoM]		PIGF
112786-9	Platelet aggregation	CHEM		ACTIVE	PA PRP A.Adp ind 1 umol/L	Platelet aggregation in Platelet rich plasma by Aggregometry.adenosine diphosphate induced.1.0 umol/L	Platelet aggregation Aggregometry.adenosine diphosphate induced.1.0 umol/L (PRP) [Rel units/Vol]		A.Adp ind 1 umol/L
98238-9	Platelet-derived growth factor B+BB	CHEM	This assay detects but does not differentiate between homomeric PDGF-B and dimeric PDGF-BB.	ACTIVE	PDGF B+BB SerPl-mCnc	Platelet-derived growth factor B+BB [Mass/volume] in Serum or Plasma	PDGF B+BB [Mass/Vol]		PDGF B+BB
112787-7	Platelet factor 4 heparin complex induced Ab.IgG	CHEM		ACTIVE	PF4 heparin cmplx IgG Ser/PPP-aCnc	Heparin induced platelet IgG Ab [Units/volume] in Ser/PPP	Heparin induced platelet IgG Qn (Ser/PPP)		Heparin associated thrombycytopenia
112787-7	Platelet factor 4 heparin complex induced Ab.IgG	CHEM		ACTIVE	PF4 heparin cmplx IgG Ser/PPP-aCnc	Heparin induced platelet IgG Ab [Units/volume] in Ser/PPP	Heparin induced platelet IgG Qn (Ser/PPP)		HAT
112787-7	Platelet factor 4 heparin complex induced Ab.IgG	CHEM		ACTIVE	PF4 heparin cmplx IgG Ser/PPP-aCnc	Heparin induced platelet IgG Ab [Units/volume] in Ser/PPP	Heparin induced platelet IgG Qn (Ser/PPP)		PF4 heparin cmplx
112787-7	Platelet factor 4 heparin complex induced Ab.IgG	CHEM		ACTIVE	PF4 heparin cmplx IgG Ser/PPP-aCnc	Heparin induced platelet IgG Ab [Units/volume] in Ser/PPP	Heparin induced platelet IgG Qn (Ser/PPP)		PI-factor 4
112787-7	Platelet factor 4 heparin complex induced Ab.IgG	CHEM		ACTIVE	PF4 heparin cmplx IgG Ser/PPP-aCnc	Heparin induced platelet IgG Ab [Units/volume] in Ser/PPP	Heparin induced platelet IgG Qn (Ser/PPP)		PF4-heparin Ab
112787-7	Platelet factor 4 heparin complex induced Ab.IgG	CHEM		ACTIVE	PF4 heparin cmplx IgG Ser/PPP-aCnc	Heparin induced platelet IgG Ab [Units/volume] in Ser/PPP	Heparin induced platelet IgG Qn (Ser/PPP)		Platelet Ab.heparin induced
112787-7	Platelet factor 4 heparin complex induced Ab.IgG	CHEM		ACTIVE	PF4 heparin cmplx IgG Ser/PPP-aCnc	Heparin induced platelet IgG Ab [Units/volume] in Ser/PPP	Heparin induced platelet IgG Qn (Ser/PPP)		Platelet type heparin inactivator
112787-7	Platelet factor 4 heparin complex induced Ab.IgG	CHEM		ACTIVE	PF4 heparin cmplx IgG Ser/PPP-aCnc	Heparin induced platelet IgG Ab [Units/volume] in Ser/PPP	Heparin induced platelet IgG Qn (Ser/PPP)		Heparin induced thromocytopenia
112787-7	Platelet factor 4 heparin complex induced Ab.IgG	CHEM		ACTIVE	PF4 heparin cmplx IgG Ser/PPP-aCnc	Heparin induced platelet IgG Ab [Units/volume] in Ser/PPP	Heparin induced platelet IgG Qn (Ser/PPP)		Heparin dependent antibodies
112787-7	Platelet factor 4 heparin complex induced Ab.IgG	CHEM		ACTIVE	PF4 heparin cmplx IgG Ser/PPP-aCnc	Heparin induced platelet IgG Ab [Units/volume] in Ser/PPP	Heparin induced platelet IgG Qn (Ser/PPP)		PF4
112787-7	Platelet factor 4 heparin complex induced Ab.IgG	CHEM		ACTIVE	PF4 heparin cmplx IgG Ser/PPP-aCnc	Heparin induced platelet IgG Ab [Units/volume] in Ser/PPP	Heparin induced platelet IgG Qn (Ser/PPP)		HITA
112787-7	Platelet factor 4 heparin complex induced Ab.IgG	CHEM		ACTIVE	PF4 heparin cmplx IgG Ser/PPP-aCnc	Heparin induced platelet IgG Ab [Units/volume] in Ser/PPP	Heparin induced platelet IgG Qn (Ser/PPP)		HIT
63416-2	Pompe disease newborn screening comment-discussion	CHEM		ACTIVE	Pompe disease NBS comment	Pompe disease newborn screening comment-discussion	Pompe disease newborn screening comment-discussion Nar (DBS)		Pompe disease NBS comment
12810-8	Porphobilinogen deaminase	CHEM		ACTIVE	PBG Deaminase Bld-cCnc	Porphobilinogen deaminase [Enzymatic activity/volume] in Blood	Porphobilinogen deaminase (Bld) [Catalytic activity/Vol]		PBGD
12810-8	Porphobilinogen deaminase	CHEM		ACTIVE	PBG Deaminase Bld-cCnc	Porphobilinogen deaminase [Enzymatic activity/volume] in Blood	Porphobilinogen deaminase (Bld) [Catalytic activity/Vol]		PBG-D
12810-8	Porphobilinogen deaminase	CHEM		ACTIVE	PBG Deaminase Bld-cCnc	Porphobilinogen deaminase [Enzymatic activity/volume] in Blood	Porphobilinogen deaminase (Bld) [Catalytic activity/Vol]		Uroporphyrinogen I Synthase
12810-8	Porphobilinogen deaminase	CHEM		ACTIVE	PBG Deaminase Bld-cCnc	Porphobilinogen deaminase [Enzymatic activity/volume] in Blood	Porphobilinogen deaminase (Bld) [Catalytic activity/Vol]		Hydroxymethylbilane Synthase
12810-8	Porphobilinogen deaminase	CHEM		ACTIVE	PBG Deaminase Bld-cCnc	Porphobilinogen deaminase [Enzymatic activity/volume] in Blood	Porphobilinogen deaminase (Bld) [Catalytic activity/Vol]		PBG Deaminase
12916-3	Porphobilinogen synthase	CHEM		ACTIVE	PBG Synthase Bld-cCnc	Porphobilinogen synthase [Enzymatic activity/volume] in Blood	Porphobilinogen synthase (Bld) [Catalytic activity/Vol]		PBG Synthase
12916-3	Porphobilinogen synthase	CHEM		ACTIVE	PBG Synthase Bld-cCnc	Porphobilinogen synthase [Enzymatic activity/volume] in Blood	Porphobilinogen synthase (Bld) [Catalytic activity/Vol]		ALA dehydratase
62327-2	Post-discharge provider practice address	CHEM		ACTIVE	Post-disch prov practice address	Post-discharge provider practice address	Post-discharge provider practice address Nom (Provider)		Post-disch prov practice address
62325-6	Post-discharge provider practice ID	CHEM		ACTIVE	Post-discharge provider practice ID	Post-discharge provider practice ID	Post-discharge provider practice ID Nom (Provider) [ID]		Post-disch prov practice ID
62326-4	Post-discharge provider practice name	CHEM		ACTIVE	Post-discharge provider practice name	Post-discharge provider practice name	Post-discharge provider practice name Nom (Provider) [ID]		Post-disch prov practice name
12814-0	Potassium	CHEM		ACTIVE	Potassium Vitf-sCnc	Potassium [Moles/volume] in Vitreous fluid	Potassium (Vitr fld) [Moles/Vol]		Vitreous fluid
12814-0	Potassium	CHEM		ACTIVE	Potassium Vitf-sCnc	Potassium [Moles/volume] in Vitreous fluid	Potassium (Vitr fld) [Moles/Vol]		Vitf
32046-5	Pregnancy associated plasma protein A	CHEM	Also called PAPPA. Used for testing of Down syndrome and other fetal disorders.	ACTIVE	PAPP-A SerPl-aCnc	Pregnancy associated plasma protein A [Units/volume] in Serum or Plasma	Pregnancy associated plasma protein A Qn		PAPPA
32046-5	Pregnancy associated plasma protein A	CHEM	Also called PAPPA. Used for testing of Down syndrome and other fetal disorders.	ACTIVE	PAPP-A SerPl-aCnc	Pregnancy associated plasma protein A [Units/volume] in Serum or Plasma	Pregnancy associated plasma protein A Qn		PAPP-A
32046-5	Pregnancy associated plasma protein A	CHEM	Also called PAPPA. Used for testing of Down syndrome and other fetal disorders.	ACTIVE	PAPP-A SerPl-aCnc	Pregnancy associated plasma protein A [Units/volume] in Serum or Plasma	Pregnancy associated plasma protein A Qn		Pappalysin-1
32046-5	Pregnancy associated plasma protein A	CHEM	Also called PAPPA. Used for testing of Down syndrome and other fetal disorders.	ACTIVE	PAPP-A SerPl-aCnc	Pregnancy associated plasma protein A [Units/volume] in Serum or Plasma	Pregnancy associated plasma protein A Qn		trisomy 21
45273-0	Pregnancy associated plasma protein A multiple of the median	CHEM		ACTIVE	PAPP-A MoM Prctl SerPl	Pregnancy associated plasma protein A multiple of the median [Percentile]	Pregnancy associated plasma protein A MoM [%]		PAPP-A MoM
2831-6	Pregnancy specific protein 1	CHEM		ACTIVE	Preg Sp Prot1 Ser-mCnc	Pregnancy specific protein 1 [Mass/volume] in Serum	Pregnancy specific protein 1 (S) [Mass/Vol]		Preg Sp Prot1
82852-5	Pregnanediolone+pregnanetriol/Androsterone+etiocholanolone	CHEM		ACTIVE	PDONE+PT/An+Et 24h Ur-sRto	Prenanediolone+pregnanetriol/Androsterone+etiocholanolone [Molar ratio] in 24 hour Urine	Prenanediolone+pregnanetriol/Androsterone+etiocholanolone (24H U) [Molar ratio]		PDONE+PT
96291-0	Pregnenolone sulfate	CHEM		ACTIVE	Pregnenolone sulfate SerPl-mCnc	Pregnenolone sulfate [Mass/volume] in Serum or Plasma	Pregnenolone sulfate [Mass/Vol]		Neurosteroid
96291-0	Pregnenolone sulfate	CHEM		ACTIVE	Pregnenolone sulfate SerPl-mCnc	Pregnenolone sulfate [Mass/volume] in Serum or Plasma	Pregnenolone sulfate [Mass/Vol]		PREGS
68328-4	Previous fetus defect	CHEM		ACTIVE	Prev fetus defect	Previous fetus defect	Previous fetus defect Ql		Prev fetus defect
101662-5	Prion protein.abnormal	CHEM	Detection of pathologic prions in cerebrospinal fluid (CSF). The test uses recombinant prion protein (PrP) as a reagent substrate and patient CSF in a real-time quaking-induced conversion (RT-QuIC) assay. If pathologic prions are present in the patients CSF, they propagate misfolding of the reagent PrP to form amyloid, which is detected using a fluorescent indicator. RT-QuIC has been adopted in clinical practice due to the sensitivity, specificity, and use of CSF (not a brain biopsy) for testing. The reported sensitivity of RT-QuIC in detecting CJD is >90%, and the specificity approaches 100%.	ACTIVE	Abn Prion Prot CSF Ql RT-QuIC	Abnormal Prion Protein [Presence] in Cerebrospinal Fluid by RT-QuIC	Abnormal Prion Protein RT-QuIC Ql (CSF)		Bovine spongiform encephalopathy
101662-5	Prion protein.abnormal	CHEM	Detection of pathologic prions in cerebrospinal fluid (CSF). The test uses recombinant prion protein (PrP) as a reagent substrate and patient CSF in a real-time quaking-induced conversion (RT-QuIC) assay. If pathologic prions are present in the patients CSF, they propagate misfolding of the reagent PrP to form amyloid, which is detected using a fluorescent indicator. RT-QuIC has been adopted in clinical practice due to the sensitivity, specificity, and use of CSF (not a brain biopsy) for testing. The reported sensitivity of RT-QuIC in detecting CJD is >90%, and the specificity approaches 100%.	ACTIVE	Abn Prion Prot CSF Ql RT-QuIC	Abnormal Prion Protein [Presence] in Cerebrospinal Fluid by RT-QuIC	Abnormal Prion Protein RT-QuIC Ql (CSF)		BSE
101662-5	Prion protein.abnormal	CHEM	Detection of pathologic prions in cerebrospinal fluid (CSF). The test uses recombinant prion protein (PrP) as a reagent substrate and patient CSF in a real-time quaking-induced conversion (RT-QuIC) assay. If pathologic prions are present in the patients CSF, they propagate misfolding of the reagent PrP to form amyloid, which is detected using a fluorescent indicator. RT-QuIC has been adopted in clinical practice due to the sensitivity, specificity, and use of CSF (not a brain biopsy) for testing. The reported sensitivity of RT-QuIC in detecting CJD is >90%, and the specificity approaches 100%.	ACTIVE	Abn Prion Prot CSF Ql RT-QuIC	Abnormal Prion Protein [Presence] in Cerebrospinal Fluid by RT-QuIC	Abnormal Prion Protein RT-QuIC Ql (CSF)		PrP
101662-5	Prion protein.abnormal	CHEM	Detection of pathologic prions in cerebrospinal fluid (CSF). The test uses recombinant prion protein (PrP) as a reagent substrate and patient CSF in a real-time quaking-induced conversion (RT-QuIC) assay. If pathologic prions are present in the patients CSF, they propagate misfolding of the reagent PrP to form amyloid, which is detected using a fluorescent indicator. RT-QuIC has been adopted in clinical practice due to the sensitivity, specificity, and use of CSF (not a brain biopsy) for testing. The reported sensitivity of RT-QuIC in detecting CJD is >90%, and the specificity approaches 100%.	ACTIVE	Abn Prion Prot CSF Ql RT-QuIC	Abnormal Prion Protein [Presence] in Cerebrospinal Fluid by RT-QuIC	Abnormal Prion Protein RT-QuIC Ql (CSF)		Scrapie
101662-5	Prion protein.abnormal	CHEM	Detection of pathologic prions in cerebrospinal fluid (CSF). The test uses recombinant prion protein (PrP) as a reagent substrate and patient CSF in a real-time quaking-induced conversion (RT-QuIC) assay. If pathologic prions are present in the patients CSF, they propagate misfolding of the reagent PrP to form amyloid, which is detected using a fluorescent indicator. RT-QuIC has been adopted in clinical practice due to the sensitivity, specificity, and use of CSF (not a brain biopsy) for testing. The reported sensitivity of RT-QuIC in detecting CJD is >90%, and the specificity approaches 100%.	ACTIVE	Abn Prion Prot CSF Ql RT-QuIC	Abnormal Prion Protein [Presence] in Cerebrospinal Fluid by RT-QuIC	Abnormal Prion Protein RT-QuIC Ql (CSF)		Abn Prion Prot
12599-7	Pristanate	CHEM		DISCOURAGED	Pristanate SerPl-mCnc	Pristanate (C15:0(CH3)4) [Mass/volume] in Serum or Plasma	Pristanate (C15:0(CH3)4) [Mass/Vol]		C15:0(CH3)4
12599-7	Pristanate	CHEM		DISCOURAGED	Pristanate SerPl-mCnc	Pristanate (C15:0(CH3)4) [Mass/volume] in Serum or Plasma	Pristanate (C15:0(CH3)4) [Mass/Vol]		3,7,11,15-tetramethylhexadecanoate
12599-7	Pristanate	CHEM		DISCOURAGED	Pristanate SerPl-mCnc	Pristanate (C15:0(CH3)4) [Mass/volume] in Serum or Plasma	Pristanate (C15:0(CH3)4) [Mass/Vol]		Pristanic acid
12600-3	Pristanate/Phytanate	CHEM		ACTIVE	Pristanate/Phytanate SerPl	Pristanate (C15:0(CH3)4)/Phytanate (C16:0(CH3)4) [Mass Ratio] in Serum or Plasma	Pristanate (C15:0(CH3)4)/Phytanate (C16:0(CH3)4) [Mass ratio]		C16:0(CH3)4
12600-3	Pristanate/Phytanate	CHEM		ACTIVE	Pristanate/Phytanate SerPl	Pristanate (C15:0(CH3)4)/Phytanate (C16:0(CH3)4) [Mass Ratio] in Serum or Plasma	Pristanate (C15:0(CH3)4)/Phytanate (C16:0(CH3)4) [Mass ratio]		Phytanic acid
12600-3	Pristanate/Phytanate	CHEM		ACTIVE	Pristanate/Phytanate SerPl	Pristanate (C15:0(CH3)4)/Phytanate (C16:0(CH3)4) [Mass Ratio] in Serum or Plasma	Pristanate (C15:0(CH3)4)/Phytanate (C16:0(CH3)4) [Mass ratio]		2,6,10,14-tetramethylpentadecanoate
108140-5	proADM	CHEM		ACTIVE	proADM Ser-sCnc	Pro-adrenomedullin [Moles/volume] in Serum	Pro-adrenomedullin (S) [Moles/Vol]		MR-proADM
108140-5	proADM	CHEM		ACTIVE	proADM Ser-sCnc	Pro-adrenomedullin [Moles/volume] in Serum	Pro-adrenomedullin (S) [Moles/Vol]		Mid-regional pro-adrenomedullin
10337-4	Procollagen type I	CHEM		ACTIVE	Procollagen I Ser-mCnc	Procollagen type I [Mass/volume] in Serum	Procollagen type I (S) [Mass/Vol]		Procollagen I
25733-7	Procollagen type III	CHEM		ACTIVE	Procollagen III Ser-aCnc	Procollagen type III [Units/volume] in Serum	Procollagen type III Qn (S)		Procollagen III
57756-9	Procollagen type III.N-terminal propeptide	CHEM		ACTIVE	Procollagen III.N-term propep Ser-aCnc	Procollagen type III.N-terminal propeptide [Units/volume] in Serum	Procollagen type III.N-terminal propeptide Qn (S)		PIIINP
57756-9	Procollagen type III.N-terminal propeptide	CHEM		ACTIVE	Procollagen III.N-term propep Ser-aCnc	Procollagen type III.N-terminal propeptide [Units/volume] in Serum	Procollagen type III.N-terminal propeptide Qn (S)		Pro-C3
57756-9	Procollagen type III.N-terminal propeptide	CHEM		ACTIVE	Procollagen III.N-term propep Ser-aCnc	Procollagen type III.N-terminal propeptide [Units/volume] in Serum	Procollagen type III.N-terminal propeptide Qn (S)		Procollagen III.N-term propep
57756-9	Procollagen type III.N-terminal propeptide	CHEM		ACTIVE	Procollagen III.N-term propep Ser-aCnc	Procollagen type III.N-terminal propeptide [Units/volume] in Serum	Procollagen type III.N-terminal propeptide Qn (S)		P3NP
47255-5	Procollagen type I.N-terminal propeptide	CHEM		ACTIVE	PINP SerPl-mCnc	Procollagen type I.N-terminal propeptide [Mass/volume] in Serum or Plasma	Procollagen type I.N-terminal propeptide [Mass/Vol]		P1NP
47255-5	Procollagen type I.N-terminal propeptide	CHEM		ACTIVE	PINP SerPl-mCnc	Procollagen type I.N-terminal propeptide [Mass/volume] in Serum or Plasma	Procollagen type I.N-terminal propeptide [Mass/Vol]		PINP
14173-9	Progesterone.free	CHEM		ACTIVE	Progest Free 24h Ur-mRate	Progesterone Free [Mass/time] in 24 hour Urine	Progesterone Free (24H U) [Mass/Time]		Progest Free
48497-2	Pro-hepcidin	CHEM		ACTIVE	Pro-hepcidin SerPl-mCnc	Pro-hepcidin [Mass/volume] in Serum or Plasma	Pro-hepcidin [Mass/Vol]		Prohepcidin
78985-9	Prolactin.dimeric	CHEM		ACTIVE	Prolactin.dim SerPl-aCnc	Prolactin.dimeric [Units/volume] in Serum or Plasma	Prolactin.dimeric Qn		Big prolactin
42607-2	Prolactin.monomeric	CHEM		ACTIVE	Prolactin.monomeric SerPl-mCnc	Prolactin monomeric [Mass/volume] in Serum or Plasma	Prolactin monomeric [Mass/Vol]		Free prolactin
42607-2	Prolactin.monomeric	CHEM		ACTIVE	Prolactin.monomeric SerPl-mCnc	Prolactin monomeric [Mass/volume] in Serum or Plasma	Prolactin monomeric [Mass/Vol]		mPRL
42607-2	Prolactin.monomeric	CHEM		ACTIVE	Prolactin.monomeric SerPl-mCnc	Prolactin monomeric [Mass/volume] in Serum or Plasma	Prolactin monomeric [Mass/Vol]		fPRL
13412-2	Proline	CHEM		ACTIVE	Proline Amn-mCnc	Proline [Mass/volume] in Amniotic fluid	Proline (Amn fld) [Mass/Vol]		Pro
2848-0	Proline dipeptidase	CHEM		ACTIVE	Prolidase Tiss-cCnt	Proline dipeptidase [Enzymatic activity/mass] in Tissue	Proline dipeptidase (Tiss) [Catalytic activity/Mass]		Prolidase
79588-0	Prolylhydroxyproline	CHEM		ACTIVE	Prolyl-OH-proline SerPl-sCnc	Prolylhydroxyproline [Moles/volume] in Serum or Plasma	Prolylhydroxyproline [Moles/Vol]		Prolyl-OH-proline
79588-0	Prolylhydroxyproline	CHEM		ACTIVE	Prolyl-OH-proline SerPl-sCnc	Prolylhydroxyproline [Moles/volume] in Serum or Plasma	Prolylhydroxyproline [Moles/Vol]		L-Prolyl-L-hydroxyproline
79588-0	Prolylhydroxyproline	CHEM		ACTIVE	Prolyl-OH-proline SerPl-sCnc	Prolylhydroxyproline [Moles/volume] in Serum or Plasma	Prolylhydroxyproline [Moles/Vol]		(2S,4R)-4-hydroxy-1-[(2S)-pyrrolidine-2-carbonyl]pyrrolidine-2-carboxylic acid
79588-0	Prolylhydroxyproline	CHEM		ACTIVE	Prolyl-OH-proline SerPl-sCnc	Prolylhydroxyproline [Moles/volume] in Serum or Plasma	Prolylhydroxyproline [Moles/Vol]		H-Pro-Hyp-OH
79588-0	Prolylhydroxyproline	CHEM		ACTIVE	Prolyl-OH-proline SerPl-sCnc	Prolylhydroxyproline [Moles/volume] in Serum or Plasma	Prolylhydroxyproline [Moles/Vol]		L-Pro-L-Hyp
79588-0	Prolylhydroxyproline	CHEM		ACTIVE	Prolyl-OH-proline SerPl-sCnc	Prolylhydroxyproline [Moles/volume] in Serum or Plasma	Prolylhydroxyproline [Moles/Vol]		Proline-hydroxyproline
71796-7	Promyelocytic leukemia protein distribution pattern	CHEM	Confirmation assay for suspected acute promyelocytic leukemia (APL) based on translocation t(15;17).	ACTIVE	PML protein pattern Bld/T IF-Imp	Promyelocytic leukemia protein distribution pattern [Interpretation] in Blood or Tissue Qualitative by Immunofluorescence	Promyelocytic leukemia protein distribution pattern IF Ql (Bld/Tiss) [Interp]		PML protein
71796-7	Promyelocytic leukemia protein distribution pattern	CHEM	Confirmation assay for suspected acute promyelocytic leukemia (APL) based on translocation t(15;17).	ACTIVE	PML protein pattern Bld/T IF-Imp	Promyelocytic leukemia protein distribution pattern [Interpretation] in Blood or Tissue Qualitative by Immunofluorescence	Promyelocytic leukemia protein distribution pattern IF Ql (Bld/Tiss) [Interp]		PML protein pattern
46747-2	Propionic &or methylmalonic acidemias	CHEM		DISCOURAGED	PROP/MUT DBS-Imp	Propionic/Methylmalonic Acidemias newborn screen interpretation	Propionic/Methylmalonic Acidemias (DBS) [Interp]		PROP/MUT
46747-2	Propionic &or methylmalonic acidemias	CHEM		DISCOURAGED	PROP/MUT DBS-Imp	Propionic/Methylmalonic Acidemias newborn screen interpretation	Propionic/Methylmalonic Acidemias (DBS) [Interp]		CBL A,B
18438-2	Propionylcarnitine (C3)	CHEM		DISCOURAGED	Propionylcarn SerPl-mCnc	Propionylcarnitine (C3) [Mass/volume] in Serum or Plasma	C3 [Mass/Vol]		C3-carntitine
18438-2	Propionylcarnitine (C3)	CHEM		DISCOURAGED	Propionylcarn SerPl-mCnc	Propionylcarnitine (C3) [Mass/volume] in Serum or Plasma	C3 [Mass/Vol]		Propanoylcarnitine
18438-2	Propionylcarnitine (C3)	CHEM		DISCOURAGED	Propionylcarn SerPl-mCnc	Propionylcarnitine (C3) [Mass/volume] in Serum or Plasma	C3 [Mass/Vol]		C3
53164-0	Propionylcarnitine (C3)/Palmitoylcarnitine (C16)	CHEM		ACTIVE	Propionylcarn/C16 DBS-sRto	Propionylcarnitine (C3)/Palmitoylcarnitine (C16) [Molar ratio] in DBS	C3/Palmitoylcarnitine (C16) (DBS) [Molar ratio]		C3+C16
2850-6	Propionyl CO-A carboxylase	CHEM		ACTIVE	PCCA Tiss-cCnt	Propionyl CoA Carboxylase [Enzymatic activity/mass] in Tissue	Propionyl CoA Carboxylase (Tiss) [Catalytic activity/Mass]		PCCA
97149-9	Pro prostate specific Ag isoform 2	CHEM		ACTIVE	proPSA isoform 2 SerPl IA-mCnc	proPSA isoform 2 [Mass/volume] in Serum or Plasma by Immunoassay	proPSA isoform 2 IA [Mass/Vol]		precursor 2 PSA
97149-9	Pro prostate specific Ag isoform 2	CHEM		ACTIVE	proPSA isoform 2 SerPl IA-mCnc	proPSA isoform 2 [Mass/volume] in Serum or Plasma by Immunoassay	proPSA isoform 2 IA [Mass/Vol]		p2PSA
97149-9	Pro prostate specific Ag isoform 2	CHEM		ACTIVE	proPSA isoform 2 SerPl IA-mCnc	proPSA isoform 2 [Mass/volume] in Serum or Plasma by Immunoassay	proPSA isoform 2 IA [Mass/Vol]		2pPSA
97149-9	Pro prostate specific Ag isoform 2	CHEM		ACTIVE	proPSA isoform 2 SerPl IA-mCnc	proPSA isoform 2 [Mass/volume] in Serum or Plasma by Immunoassay	proPSA isoform 2 IA [Mass/Vol]		[-2]ProPSA, S
97149-9	Pro prostate specific Ag isoform 2	CHEM		ACTIVE	proPSA isoform 2 SerPl IA-mCnc	proPSA isoform 2 [Mass/volume] in Serum or Plasma by Immunoassay	proPSA isoform 2 IA [Mass/Vol]		proPSA isoform 2
14004-6	Prostaglandin A	CHEM		ACTIVE	Prostaglandin A 24h Ur-mRate	Prostaglandin A [Mass/time] in 24 hour Urine	Prostaglandin A (24H U) [Mass/Time]		PGA
12838-9	Prostaglandin D2	CHEM		ACTIVE	Prostaglandin D2 Ur-mCnc	Prostaglandin D2 [Mass/volume] in Urine	Prostaglandin D2 (U) [Mass/Vol]		PGD2
17493-8	Prostaglandin E	CHEM		ACTIVE	Prostaglandin E SerPl-mCnc	Prostaglandin E [Mass/volume] in Serum or Plasma	Prostaglandin E [Mass/Vol]		PGE
12837-1	Prostaglandin E1	CHEM		ACTIVE	Prostaglandin E1 24h Ur-mCnc	Prostaglandin E1 [Mass/volume] in 24 hour Urine	Prostaglandin E1 (24H U) [Mass/Vol]		Alprostadil
12837-1	Prostaglandin E1	CHEM		ACTIVE	Prostaglandin E1 24h Ur-mCnc	Prostaglandin E1 [Mass/volume] in 24 hour Urine	Prostaglandin E1 (24H U) [Mass/Vol]		PGE1
12836-3	Prostaglandin E2	CHEM		ACTIVE	Prostaglandin E2 24h Ur-mCnc	Prostaglandin E2 [Mass/volume] in 24 hour Urine	Prostaglandin E2 (24H U) [Mass/Vol]		PGE2
12836-3	Prostaglandin E2	CHEM		ACTIVE	Prostaglandin E2 24h Ur-mCnc	Prostaglandin E2 [Mass/volume] in 24 hour Urine	Prostaglandin E2 (24H U) [Mass/Vol]		Dinoprostone
2854-8	Prostaglandin F	CHEM		ACTIVE	Prostaglandin F Plas-mCnc	Prostaglandin F [Mass/volume] in Plasma	Prostaglandin F (P) [Mass/Vol]		PGF
10583-3	Prostaglandin F1 alpha	CHEM		ACTIVE	Prostaglandin F1A Smn-sCnc	Prostaglandin F1 alpha [Moles/volume] in Semen	Prostaglandin F1 alpha (Sem) [Moles/Vol]		PGF1alpha
10583-3	Prostaglandin F1 alpha	CHEM		ACTIVE	Prostaglandin F1A Smn-sCnc	Prostaglandin F1 alpha [Moles/volume] in Semen	Prostaglandin F1 alpha (Sem) [Moles/Vol]		Prostaglandin F1A
10583-3	Prostaglandin F1 alpha	CHEM		ACTIVE	Prostaglandin F1A Smn-sCnc	Prostaglandin F1 alpha [Moles/volume] in Semen	Prostaglandin F1 alpha (Sem) [Moles/Vol]		PGF1A
104740-6	Prostate cancer risk	CHEM		ACTIVE	Prostate ca risk Patient	Prostate cancer risk [Likelihood]	Prostate cancer risk Qn		Prostate ca risk
35741-8	Prostate specific Ag	CHEM		ACTIVE	PSA SerPl DL<=0.01 ng/mL-mCnc	Prostate specific Ag [Mass/volume] in Serum or Plasma by Detection limit <= 0.01 ng/mL	Prostate specific Ag DL <= 0.01 ng/mL [Mass/Vol]		Ultrasensitive
35741-8	Prostate specific Ag	CHEM		ACTIVE	PSA SerPl DL<=0.01 ng/mL-mCnc	Prostate specific Ag [Mass/volume] in Serum or Plasma by Detection limit <= 0.01 ng/mL	Prostate specific Ag DL <= 0.01 ng/mL [Mass/Vol]		=0.01 ng/mL
100716-0	Prostate Specific Ag	CHEM		ACTIVE	PSA DBS-mCnc	Prostate specific Ag [Mass/volume] in DBS	Prostate specific Ag (DBS) [Mass/Vol]		P-30 antigen
100716-0	Prostate Specific Ag	CHEM		ACTIVE	PSA DBS-mCnc	Prostate specific Ag [Mass/volume] in DBS	Prostate specific Ag (DBS) [Mass/Vol]		Tumor marker
100716-0	Prostate Specific Ag	CHEM		ACTIVE	PSA DBS-mCnc	Prostate specific Ag [Mass/volume] in DBS	Prostate specific Ag (DBS) [Mass/Vol]		Seminin
100716-0	Prostate Specific Ag	CHEM		ACTIVE	PSA DBS-mCnc	Prostate specific Ag [Mass/volume] in DBS	Prostate specific Ag (DBS) [Mass/Vol]		PSA
100716-0	Prostate Specific Ag	CHEM		ACTIVE	PSA DBS-mCnc	Prostate specific Ag [Mass/volume] in DBS	Prostate specific Ag (DBS) [Mass/Vol]		PS
100716-0	Prostate Specific Ag	CHEM		ACTIVE	PSA DBS-mCnc	Prostate specific Ag [Mass/volume] in DBS	Prostate specific Ag (DBS) [Mass/Vol]		Kallikrein 3
100716-0	Prostate Specific Ag	CHEM		ACTIVE	PSA DBS-mCnc	Prostate specific Ag [Mass/volume] in DBS	Prostate specific Ag (DBS) [Mass/Vol]		FP
100716-0	Prostate Specific Ag	CHEM		ACTIVE	PSA DBS-mCnc	Prostate specific Ag [Mass/volume] in DBS	Prostate specific Ag (DBS) [Mass/Vol]		Filter paper
100716-0	Prostate Specific Ag	CHEM		ACTIVE	PSA DBS-mCnc	Prostate specific Ag [Mass/volume] in DBS	Prostate specific Ag (DBS) [Mass/Vol]		Dried blood spot
100716-0	Prostate Specific Ag	CHEM		ACTIVE	PSA DBS-mCnc	Prostate specific Ag [Mass/volume] in DBS	Prostate specific Ag (DBS) [Mass/Vol]		DBS
100716-0	Prostate Specific Ag	CHEM		ACTIVE	PSA DBS-mCnc	Prostate specific Ag [Mass/volume] in DBS	Prostate specific Ag (DBS) [Mass/Vol]		Antigens
100716-0	Prostate Specific Ag	CHEM		ACTIVE	PSA DBS-mCnc	Prostate specific Ag [Mass/volume] in DBS	Prostate specific Ag (DBS) [Mass/Vol]		Antigen
10886-0	Prostate specific Ag.free	CHEM		ACTIVE	PSA Free SerPl-mCnc	Prostate Specific Ag Free [Mass/volume] in Serum or Plasma	Free PSA [Mass/Vol]		fPSA
10886-0	Prostate specific Ag.free	CHEM		ACTIVE	PSA Free SerPl-mCnc	Prostate Specific Ag Free [Mass/volume] in Serum or Plasma	Free PSA [Mass/Vol]		PSA Free
33667-7	Prostate specific Ag.protein bound	CHEM	Complexed PSA is the difference between Total and free PSA	ACTIVE	Complexed PSA SerPl-mCnc	Prostate specific Ag.protein bound [Mass/volume] in Serum or Plasma	PSA.protein bound [Mass/Vol]		Complexed PSA
33667-7	Prostate specific Ag.protein bound	CHEM	Complexed PSA is the difference between Total and free PSA	ACTIVE	Complexed PSA SerPl-mCnc	Prostate specific Ag.protein bound [Mass/volume] in Serum or Plasma	PSA.protein bound [Mass/Vol]		cPSA
53525-2	Protein	CHEM	The addition of sulfosalicylic acid (SSA) to urine causes the precipitation of protein.  The SSA reaction will detect albumin, globulins, and Bence-Jones proteins.	ACTIVE	Prot Ur Ql SSA	Protein [Presence] in Urine by SSA method	Protein SSA method Ql (U)		Sulfosalicylate
53525-2	Protein	CHEM	The addition of sulfosalicylic acid (SSA) to urine causes the precipitation of protein.  The SSA reaction will detect albumin, globulins, and Bence-Jones proteins.	ACTIVE	Prot Ur Ql SSA	Protein [Presence] in Urine by SSA method	Protein SSA method Ql (U)		Sulfosalicylic acid
76665-9	Protein^1st tube	CHEM	A sample of cerebrospinal fluid (CSF) is collected using a procedure called a lumbar puncture or spinal tap. Often, three or more separate tubes of CSF are collected (tube 1, tube 2, tube 3), and multiple tests may be run on the different tubes. Only a small amount of protein is normally present in CSF because proteins are large molecules and do not cross the blood/brain barrier easily. Decreases in CSF protein are not generally considered significant. Increases in protein are most commonly seen with; meningitis and brain abscesses, brain or spinal cord tumors, multiple sclerosis and other disorders. [Lab Tests Online]	ACTIVE	Prot tube1 CSF-mCnc	Protein [Mass/volume] in Cerebrospinal Fluid --1st tube	Protein 1st tube (CSF) [Mass/Vol]		tube1
100914-1	Protein.abnormal band	CHEM		ACTIVE	Abn Prot SerPl Elph-mCnc	Protein.abnormal band [Mass/volume] in Serum or Plasma by Electrophoresis	Protein.abnormal band Elph [Mass/Vol]		abn
100914-1	Protein.abnormal band	CHEM		ACTIVE	Abn Prot SerPl Elph-mCnc	Protein.abnormal band [Mass/volume] in Serum or Plasma by Electrophoresis	Protein.abnormal band Elph [Mass/Vol]		SPEP
100914-1	Protein.abnormal band	CHEM		ACTIVE	Abn Prot SerPl Elph-mCnc	Protein.abnormal band [Mass/volume] in Serum or Plasma by Electrophoresis	Protein.abnormal band Elph [Mass/Vol]		bnd
100914-1	Protein.abnormal band	CHEM		ACTIVE	Abn Prot SerPl Elph-mCnc	Protein.abnormal band [Mass/volume] in Serum or Plasma by Electrophoresis	Protein.abnormal band Elph [Mass/Vol]		Bands
100914-1	Protein.abnormal band	CHEM		ACTIVE	Abn Prot SerPl Elph-mCnc	Protein.abnormal band [Mass/volume] in Serum or Plasma by Electrophoresis	Protein.abnormal band Elph [Mass/Vol]		abnorm
100914-1	Protein.abnormal band	CHEM		ACTIVE	Abn Prot SerPl Elph-mCnc	Protein.abnormal band [Mass/volume] in Serum or Plasma by Electrophoresis	Protein.abnormal band Elph [Mass/Vol]		Abn Prot
2858-9	Protein.CSF/Protein.serum	CHEM		ACTIVE	Prot CSF/SerPl	Protein in CSF/Protein in serum	Protein in CSF/Protein in serum (S+CSF) [Relative ratio]		Prot CSF
2858-9	Protein.CSF/Protein.serum	CHEM		ACTIVE	Prot CSF/SerPl	Protein in CSF/Protein in serum	Protein in CSF/Protein in serum (S+CSF) [Relative ratio]		Prot CSF:SerPl
100755-8	Protein fractions.oligoclonal bands	CHEM		ACTIVE	Oligoclonal Bands SerPl IEF	Oligoclonal bands [#] in Serum or Plasma by Isoelectric focusing	Oligoclonal bands Isoelectric focusing [#]		Fract
100755-8	Protein fractions.oligoclonal bands	CHEM		ACTIVE	Oligoclonal Bands SerPl IEF	Oligoclonal bands [#] in Serum or Plasma by Isoelectric focusing	Oligoclonal bands Isoelectric focusing [#]		M-spikes
100755-8	Protein fractions.oligoclonal bands	CHEM		ACTIVE	Oligoclonal Bands SerPl IEF	Oligoclonal bands [#] in Serum or Plasma by Isoelectric focusing	Oligoclonal bands Isoelectric focusing [#]		IEF
100755-8	Protein fractions.oligoclonal bands	CHEM		ACTIVE	Oligoclonal Bands SerPl IEF	Oligoclonal bands [#] in Serum or Plasma by Isoelectric focusing	Oligoclonal bands Isoelectric focusing [#]		Fractionated
100755-8	Protein fractions.oligoclonal bands	CHEM		ACTIVE	Oligoclonal Bands SerPl IEF	Oligoclonal bands [#] in Serum or Plasma by Isoelectric focusing	Oligoclonal bands Isoelectric focusing [#]		Fractionation
100755-8	Protein fractions.oligoclonal bands	CHEM		ACTIVE	Oligoclonal Bands SerPl IEF	Oligoclonal bands [#] in Serum or Plasma by Isoelectric focusing	Oligoclonal bands Isoelectric focusing [#]		Fraction
100755-8	Protein fractions.oligoclonal bands	CHEM		ACTIVE	Oligoclonal Bands SerPl IEF	Oligoclonal bands [#] in Serum or Plasma by Isoelectric focusing	Oligoclonal bands Isoelectric focusing [#]		Frac
56762-8	Protein fractions.oligoclonal bands.IgG	CHEM		ACTIVE	Oligoclonal Bands IgG SerPl Ql	Oligoclonal Bands IgG [Presence] in Serum or Plasma	Oligoclonal Bands IgG Ql		Oligoclonal Bands IgG
56763-6	Protein fractions.oligoclonal bands.IgM	CHEM		ACTIVE	Oligoclonal Bands IgM SerPl-Imp	Oligoclonal Bands IgM [Interpretation] in Serum or Plasma	Oligoclonal Bands IgM [Interp]		Oligoclonal Bands IgM
48668-8	Protein fractions.oligoclonal bands.IT	CHEM		ACTIVE	Oligoclonal Bands.IT Ser+CSF Ql	Protein fractions.oligoclonal bands.intrathecal [Presence] in Serum and CSF	Protein fractions.oligoclonal bands.intrathecal Ql (S+CSF)		Oligoclonal bands intrathecally produced
104267-0	Protein.glycosylated	CHEM		ACTIVE	Protein glycosylated SerPl Ql	Protein.glycosylated [Presence] in Serum or Plasma	Protein glycosylated Ql		Protein glycosylated
2859-7	Protein kinase	CHEM		ACTIVE	Prot Kinase Ser-cCnc	Protein kinase [Enzymatic activity/volume] in Serum	Protein kinase (S) [Catalytic activity/Vol]		Prot Kinase
51435-6	Protein.monoclonal band 1	CHEM		ACTIVE	M Protein 1 SerPl Elph-mCnc	Protein.monoclonal band 1 [Mass/volume] in Serum or Plasma by Electrophoresis	Protein.monoclonal band 1 Elph [Mass/Vol]		M Protein 1
35559-4	Protein.monoclonal band 2	CHEM		ACTIVE	M Protein 2 SerPl Elph-mCnc	Protein.monoclonal band 2 [Mass/volume] in Serum or Plasma by Electrophoresis	Protein.monoclonal band 2 Elph [Mass/Vol]		M Protein 2
50792-1	Protein.monoclonal band 3/Protein.total	CHEM		ACTIVE	M Protein 3 MFr SerPl Elph	Protein.monoclonal band 3/Protein.total in Serum or Plasma by Electrophoresis	Protein.monoclonal band 3 Elph [Mass fraction]		M Protein 3
50792-1	Protein.monoclonal band 3/Protein.total	CHEM		ACTIVE	M Protein 3 MFr SerPl Elph	Protein.monoclonal band 3/Protein.total in Serum or Plasma by Electrophoresis	Protein.monoclonal band 3 Elph [Mass fraction]		AE1 Anion Exchanger
50793-9	Protein.monoclonal band 4/Protein.total	CHEM		ACTIVE	M Protein 4 MFr SerPl Elph	Protein.monoclonal band 4/Protein.total in Serum or Plasma by Electrophoresis	Protein.monoclonal band 4 Elph [Mass fraction]		M Protein 4
101199-8	Protein.monoclonal band 5/Protein.total	CHEM		ACTIVE	M Protein 5 MFr SerPl Elph	Protein.monoclonal band 5/Protein.total in Serum or Plasma by Electrophoresis	Protein.monoclonal band 5 Elph [Mass fraction]		M-protein
101199-8	Protein.monoclonal band 5/Protein.total	CHEM		ACTIVE	M Protein 5 MFr SerPl Elph	Protein.monoclonal band 5/Protein.total in Serum or Plasma by Electrophoresis	Protein.monoclonal band 5 Elph [Mass fraction]		M-spike
101199-8	Protein.monoclonal band 5/Protein.total	CHEM		ACTIVE	M Protein 5 MFr SerPl Elph	Protein.monoclonal band 5/Protein.total in Serum or Plasma by Electrophoresis	Protein.monoclonal band 5 Elph [Mass fraction]		Monoclonal spike
101199-8	Protein.monoclonal band 5/Protein.total	CHEM		ACTIVE	M Protein 5 MFr SerPl Elph	Protein.monoclonal band 5/Protein.total in Serum or Plasma by Electrophoresis	Protein.monoclonal band 5 Elph [Mass fraction]		Para protein
101199-8	Protein.monoclonal band 5/Protein.total	CHEM		ACTIVE	M Protein 5 MFr SerPl Elph	Protein.monoclonal band 5/Protein.total in Serum or Plasma by Electrophoresis	Protein.monoclonal band 5 Elph [Mass fraction]		M Protein
101199-8	Protein.monoclonal band 5/Protein.total	CHEM		ACTIVE	M Protein 5 MFr SerPl Elph	Protein.monoclonal band 5/Protein.total in Serum or Plasma by Electrophoresis	Protein.monoclonal band 5 Elph [Mass fraction]		Paraprotein
101199-8	Protein.monoclonal band 5/Protein.total	CHEM		ACTIVE	M Protein 5 MFr SerPl Elph	Protein.monoclonal band 5/Protein.total in Serum or Plasma by Electrophoresis	Protein.monoclonal band 5 Elph [Mass fraction]		M-band
101199-8	Protein.monoclonal band 5/Protein.total	CHEM		ACTIVE	M Protein 5 MFr SerPl Elph	Protein.monoclonal band 5/Protein.total in Serum or Plasma by Electrophoresis	Protein.monoclonal band 5 Elph [Mass fraction]		Mass Fraction
101199-8	Protein.monoclonal band 5/Protein.total	CHEM		ACTIVE	M Protein 5 MFr SerPl Elph	Protein.monoclonal band 5/Protein.total in Serum or Plasma by Electrophoresis	Protein.monoclonal band 5 Elph [Mass fraction]		M Protein 5
101199-8	Protein.monoclonal band 5/Protein.total	CHEM		ACTIVE	M Protein 5 MFr SerPl Elph	Protein.monoclonal band 5/Protein.total in Serum or Plasma by Electrophoresis	Protein.monoclonal band 5 Elph [Mass fraction]		Monoclonal band
101200-4	Protein.monoclonal band 6/Protein.total	CHEM		ACTIVE	M Protein 6 MFr SerPl Elph	Protein.monoclonal band 6/Protein.total in Serum or Plasma by Electrophoresis	Protein.monoclonal band 6 Elph [Mass fraction]		M Protein 6
56767-7	Protein.monoclonal.beta	CHEM		ACTIVE	M protein beta Ur Elph-mCnc	Protein.monoclonal.beta [Mass/volume] in Urine by Electrophoresis	Protein.monoclonal.beta Elph (U) [Mass/Vol]		M protein beta
101666-6	Protein.monoclonal isotype	CHEM	Identifying monoclonal gammopathy isotypes using 24H urine specimens.	ACTIVE	M Protein isotype 24h Ur MS.MALDI-TOF	Protein.monoclonal isotype [Identifier] in 24 hour Urine by MS.MALDI-TOF	Protein.monoclonal isotype MS.MALDI-TOF Nom (24H U)		M Protein isotype
2860-5	Protein nitrogen	CHEM		ACTIVE	Prot Nitrogen 24h Ur-mRate	Protein nitrogen [Mass/time] in 24 hour Urine	Protein nitrogen (24H U) [Mass/Time]		Prot Nitrogen
104739-8	Protein pattern	CHEM		ACTIVE	Prot Pattern Ur-Imp	Protein Fractions [Interpretation] in Urine Narrative	Protein Fractions Nar (U) [Interp]		Prot Pattern
104739-8	Protein pattern	CHEM		ACTIVE	Prot Pattern Ur-Imp	Protein Fractions [Interpretation] in Urine Narrative	Protein Fractions Nar (U) [Interp]		Protein fractions
70265-4	Protein.pericard fld/Protein.serum	CHEM	Total protein concentration is typically lower in pericardial fluid compared to serum. The ratio of total protein in pericardial fluid to serum is determined to differentiate exudate and transudate conditions.	ACTIVE	Prot Pcar/SerPl	Protein in pericardial fluid/Protein in serum	Protein in pericardial fluid/Protein in serum (Pericard fld+S/P) [Relative ratio]		Prot Pcar
70267-0	Protein.periton fld/Protein.serum	CHEM	Total protein concentration is typically lower in peritoneal fluid compared to serum.  The ratio of total protein in peritoneal fluid to serum is determined to help diagnose the cause of peritonitis and/or ascites (cirrohotic vs. malignant).	ACTIVE	Prot Prt/SerPl	Protein in peritoneal fluid/Protein in serum	Protein in peritoneal fluid/Protein in serum (Periton fld+S/P) [Relative ratio]		Prot Prt
49929-3	Protein.plr fld/Protein.serum	CHEM		ACTIVE	Prot Plr/SerPl	Protein in pleural fluid/Protein in serum	Protein in pleural fluid/Protein in serum (S/P+Pleur fld) [Relative ratio]		PF/S PROT ratio
49929-3	Protein.plr fld/Protein.serum	CHEM		ACTIVE	Prot Plr/SerPl	Protein in pleural fluid/Protein in serum	Protein in pleural fluid/Protein in serum (S/P+Pleur fld) [Relative ratio]		Prot Plr:SerPl
49929-3	Protein.plr fld/Protein.serum	CHEM		ACTIVE	Prot Plr/SerPl	Protein in pleural fluid/Protein in serum	Protein in pleural fluid/Protein in serum (S/P+Pleur fld) [Relative ratio]		SerPl+Plr
49929-3	Protein.plr fld/Protein.serum	CHEM		ACTIVE	Prot Plr/SerPl	Protein in pleural fluid/Protein in serum	Protein in pleural fluid/Protein in serum (S/P+Pleur fld) [Relative ratio]		Prot Plr
57697-5	Protein Z Ag	CHEM		ACTIVE	Protein Z Ag Plas IA-mCnc	Protein Z Ag [Mass/volume] in Plasma by Immunoassay	Protein Z Ag IA (P) [Mass/Vol]		PZ
15093-8	Protoporphyrin.free	CHEM		ACTIVE	FEP Bld-sCnc	Protoporphyrin Free [Moles/volume] in Blood	Protoporphyrin Free (Bld) [Moles/Vol]		FEP
15093-8	Protoporphyrin.free	CHEM		ACTIVE	FEP Bld-sCnc	Protoporphyrin Free [Moles/volume] in Blood	Protoporphyrin Free (Bld) [Moles/Vol]		Free erythrocyte protoporphyrin
78987-5	Provasopressin.C-terminal	CHEM		ACTIVE	CT-proAVP SerPl IA-sCnc	Provasopressin.C-terminal [Moles/volume] in Serum or Plasma by Immunoassay	Provasopressin.C-terminal IA [Moles/Vol]		CT-proAVP
78987-5	Provasopressin.C-terminal	CHEM		ACTIVE	CT-proAVP SerPl IA-sCnc	Provasopressin.C-terminal [Moles/volume] in Serum or Plasma by Immunoassay	Provasopressin.C-terminal IA [Moles/Vol]		Copeptin
33050-6	Pseudocholinesterase phenotype	CHEM	Pseudocholinesterase phenotype interpretation is based on the total PChE activity and the percent of inhibition caused by dibucaine.	ACTIVE	PChE Phenotyp SerPl	Pseudocholinesterase phenotype [Identifier] in Serum or Plasma	Pseudocholinesterase phenotype		PChE Phenotyp
33050-6	Pseudocholinesterase phenotype	CHEM	Pseudocholinesterase phenotype interpretation is based on the total PChE activity and the percent of inhibition caused by dibucaine.	ACTIVE	PChE Phenotyp SerPl	Pseudocholinesterase phenotype [Identifier] in Serum or Plasma	Pseudocholinesterase phenotype		PChE PhenotypE
78692-1	Pseudouridine/Creatinine	CHEM		ACTIVE	Pseudouridine/Creat Ur-sRto	Pseudouridine/Creatinine [Molar ratio] in Urine	Pseudouridine/Creatinine (U) [Molar ratio]		(1S)-1,4-Anhydro-1-(2,4-dihydroxy-5-pyrimidinyl)-D-ribitol
78692-1	Pseudouridine/Creatinine	CHEM		ACTIVE	Pseudouridine/Creat Ur-sRto	Pseudouridine/Creatinine [Molar ratio] in Urine	Pseudouridine/Creatinine (U) [Molar ratio]		5-ribosyluracil
93686-4	Psychosine	CHEM		ACTIVE	Psychosine CSF-sCnc	Psychosine [Moles/volume] in Cerebrospinal Fluid	Psychosine (CSF) [Moles/Vol]		Leukodystrophy, Krabbe
93686-4	Psychosine	CHEM		ACTIVE	Psychosine CSF-sCnc	Psychosine [Moles/volume] in Cerebrospinal Fluid	Psychosine (CSF) [Moles/Vol]		Globoid Cell Leukodystrophies
93686-4	Psychosine	CHEM		ACTIVE	Psychosine CSF-sCnc	Psychosine [Moles/volume] in Cerebrospinal Fluid	Psychosine (CSF) [Moles/Vol]		Galactosylsphingosine
93686-4	Psychosine	CHEM		ACTIVE	Psychosine CSF-sCnc	Psychosine [Moles/volume] in Cerebrospinal Fluid	Psychosine (CSF) [Moles/Vol]		1-beta-D-galactosphingosine
93686-4	Psychosine	CHEM		ACTIVE	Psychosine CSF-sCnc	Psychosine [Moles/volume] in Cerebrospinal Fluid	Psychosine (CSF) [Moles/Vol]		PSY
93686-4	Psychosine	CHEM		ACTIVE	Psychosine CSF-sCnc	Psychosine [Moles/volume] in Cerebrospinal Fluid	Psychosine (CSF) [Moles/Vol]		Sphingosine galactoside
2899-3	Purine nucleoside phosphorylase	CHEM		ACTIVE	PNP Tiss-cCnt	Purine nucleoside phosphorylase [Enzymatic activity/mass] in Tissue	Purine nucleoside phosphorylase (Tiss) [Catalytic activity/Mass]		PNPase
79659-9	Purine & Pyrimidine pattern	CHEM	This term should be used to report the overall interpretation of the purine and pyrimidine results taken as a whole. The pattern of results can help differentiate between various disorders of purine and pyrimidine degradation.	ACTIVE	Purine + Pyrimidine pattern SerPl-Imp	Purine and Pyrimidine pattern [Interpretation] in Serum or Plasma Narrative	Purine and Pyrimidine pattern Nar [Interp]		Purine + Pyrimidine pattern
10887-8	Pyridinoline	CHEM		DISCOURAGED	PYD 24h Ur-mRate	Pyridinoline [Mass/time] in 24 hour Urine	Pyridinoline (24H U) [Mass/Time]		Pyridinium collagen crosslinks
10887-8	Pyridinoline	CHEM		DISCOURAGED	PYD 24h Ur-mRate	Pyridinoline [Mass/time] in 24 hour Urine	Pyridinoline (24H U) [Mass/Time]		Pyr
10887-8	Pyridinoline	CHEM		DISCOURAGED	PYD 24h Ur-mRate	Pyridinoline [Mass/time] in 24 hour Urine	Pyridinoline (24H U) [Mass/Time]		PYD
35647-7	Pyridinoline+Deoxypyridinoline/Creatinine	CHEM		ACTIVE	PYD+DPD/Creat ?Tm Ur-sRto	Pyridinoline+Deoxypyridinoline/Creatinine [Molar ratio] in Urine collected for unspecified duration	Pyridinoline+Deoxypyridinoline/Creatinine Unsp time (U) [Molar ratio]		PYD+DPD
35647-7	Pyridinoline+Deoxypyridinoline/Creatinine	CHEM		ACTIVE	PYD+DPD/Creat ?Tm Ur-sRto	Pyridinoline+Deoxypyridinoline/Creatinine [Molar ratio] in Urine collected for unspecified duration	Pyridinoline+Deoxypyridinoline/Creatinine Unsp time (U) [Molar ratio]		Pyridinoline + Deoxypyridinoline
48987-2	Pyridinoline.free/Creatinine	CHEM		ACTIVE	PYD.free/Creat Ur-sRto	Pyridinoline.free/Creatinine [Molar ratio] in Urine	Pyridinoline.free/Creatinine (U) [Molar ratio]		PYD.free
30552-4	Pyridoxal phosphate	CHEM		ACTIVE	Pyridoxal Phos SerPl-mCnc	Pyridoxal phosphate [Mass/volume] in Serum or Plasma	Pyridoxal phosphate [Mass/Vol]		Pyridoxaldehyde
30552-4	Pyridoxal phosphate	CHEM		ACTIVE	Pyridoxal Phos SerPl-mCnc	Pyridoxal phosphate [Mass/volume] in Serum or Plasma	Pyridoxal phosphate [Mass/Vol]		Vitamin B6 hydrochloride
30552-4	Pyridoxal phosphate	CHEM		ACTIVE	Pyridoxal Phos SerPl-mCnc	Pyridoxal phosphate [Mass/volume] in Serum or Plasma	Pyridoxal phosphate [Mass/Vol]		Vitamin B6 coenzyme
30552-4	Pyridoxal phosphate	CHEM		ACTIVE	Pyridoxal Phos SerPl-mCnc	Pyridoxal phosphate [Mass/volume] in Serum or Plasma	Pyridoxal phosphate [Mass/Vol]		Vit B6 coenzyme
30552-4	Pyridoxal phosphate	CHEM		ACTIVE	Pyridoxal Phos SerPl-mCnc	Pyridoxal phosphate [Mass/volume] in Serum or Plasma	Pyridoxal phosphate [Mass/Vol]		Pyridoxal 5-Phosphate
30552-4	Pyridoxal phosphate	CHEM		ACTIVE	Pyridoxal Phos SerPl-mCnc	Pyridoxal phosphate [Mass/volume] in Serum or Plasma	Pyridoxal phosphate [Mass/Vol]		PLP
30552-4	Pyridoxal phosphate	CHEM		ACTIVE	Pyridoxal Phos SerPl-mCnc	Pyridoxal phosphate [Mass/volume] in Serum or Plasma	Pyridoxal phosphate [Mass/Vol]		Codecarboxylase
30552-4	Pyridoxal phosphate	CHEM		ACTIVE	Pyridoxal Phos SerPl-mCnc	Pyridoxal phosphate [Mass/volume] in Serum or Plasma	Pyridoxal phosphate [Mass/Vol]		C8H9NO3
30552-4	Pyridoxal phosphate	CHEM		ACTIVE	Pyridoxal Phos SerPl-mCnc	Pyridoxal phosphate [Mass/volume] in Serum or Plasma	Pyridoxal phosphate [Mass/Vol]		C8H10NO6P
79344-8	Pyridoxal phosphate & pyridoxal & pyridoxine pattern	CHEM	Narrative interpretation of results for pyridoxalphosphate, pyridoxal and pyridoxine levels in serum or plasma. Primary and secondary shortages of pyridoxaphosphate are associated with epilepsy.	ACTIVE	PLP + PL + Vit B6 pattern SerPl-Imp	Pyridoxal phosphate and pyridoxal and pyridoxine pattern [Interpretation] in Serum or Plasma Narrative	Pyridoxal phosphate and pyridoxal and pyridoxine pattern Nar [Interp]		PLP + PL + Vit B6 pattern
2901-7	Pyridoxine congeners	CHEM		ACTIVE	Vit B6 Congeners SerPl-mCnc	Pyridoxine congeners [Mass/volume] in Serum or Plasma	Pyridoxine congeners [Mass/Vol]		Vit B6 Congeners
2910-8	Pyruvate dehydrogenase.cytochrome	CHEM		ACTIVE	PDH Cytochrome SerPl-cCnc	Pyruvate dehydrogenase.cytochrome [Enzymatic activity/volume] in Serum or Plasma	Pyruvate dehydrogenase.cytochrome [Catalytic activity/Vol]		PDH Cytochrome
2910-8	Pyruvate dehydrogenase.cytochrome	CHEM		ACTIVE	PDH Cytochrome SerPl-cCnc	Pyruvate dehydrogenase.cytochrome [Enzymatic activity/volume] in Serum or Plasma	Pyruvate dehydrogenase.cytochrome [Catalytic activity/Vol]		PDH
74575-2	Pyruvate dehydrogenase E1	CHEM		ACTIVE	PDH E1 Tiss-cCnt	Pyruvate dehydrogenase E1 [Enzymatic activity/mass] in Tissue	Pyruvate dehydrogenase E1 (Tiss) [Catalytic activity/Mass]		PDH E1
2911-6	Pyruvate dehydrogenase.lipoamide	CHEM		ACTIVE	PDH Lipoamide Tiss-cCnt	Pyruvate dehydrogenase.lipoamide [Enzymatic activity/mass] in Tissue	Pyruvate dehydrogenase.lipoamide (Tiss) [Catalytic activity/Mass]		PDH Lipoamide
100654-3	Pyruvate kinase M2	CHEM		ACTIVE	M2-PK Stl Ql	Pyruvate kinase M2 [Presence] in Stool	Pyruvate kinase M2 Ql (Stl)		PK
100654-3	Pyruvate kinase M2	CHEM		ACTIVE	M2-PK Stl Ql	Pyruvate kinase M2 [Presence] in Stool	Pyruvate kinase M2 Ql (Stl)		M2-PK
100654-3	Pyruvate kinase M2	CHEM		ACTIVE	M2-PK Stl Ql	Pyruvate kinase M2 [Presence] in Stool	Pyruvate kinase M2 Ql (Stl)		Pyruvic acid
100654-3	Pyruvate kinase M2	CHEM		ACTIVE	M2-PK Stl Ql	Pyruvate kinase M2 [Presence] in Stool	Pyruvate kinase M2 Ql (Stl)		PKM2
101992-6	Quinolinate/Creatinine	CHEM		ACTIVE	Quinolinate/Creat Ur	Quinolinate/Creatinine [Mass Ratio] in Urine	Quinolinate/Creatinine (U) [Mass ratio]		Tryptophan metabolite
17785-7	Radioactive iodine.thyroid/Radioactive iodine.dose	CHEM		ACTIVE	RAI Uptake Thyroid-Rto	Radioactive iodine.thyroid/Radioactive iodine dose [Ratio]	Radioactive iodine.thyroid/Radioactive iodine dose (Thyroid) [Ratio]		RAI Uptake
79615-1	R-beta aminoisobutyrate	CHEM		ACTIVE	R-B-AIB SerPl-sCnc	R-beta aminoisobutyrate [Moles/volume] in Serum or Plasma	R-beta aminoisobutyrate [Moles/Vol]		R-B-AIB
49628-1	Remnant lipoprotein	CHEM		ACTIVE	Remnant lipoprotein SerPl-mCnc	Remnant lipoprotein [Mass/volume] in Serum or Plasma	Remnant lipoprotein [Mass/Vol]		RLP
103790-2	Renal calculus risk assessment	CHEM		ACTIVE	Renal calculus risk assessment 24h Ur	Renal calculus risk assessment [Likelihood] in 24 hour Urine Narrative	Renal calculus risk assessment Nar (24H U)		Kidney Stone
75632-0	Resistin	CHEM		ACTIVE	Resistin SerPl-mCnc	Resistin [Mass/volume] in Serum or Plasma	Resistin [Mass/Vol]		ADSF
75632-0	Resistin	CHEM		ACTIVE	Resistin SerPl-mCnc	Resistin [Mass/volume] in Serum or Plasma	Resistin [Mass/Vol]		Adipose tissue-specific secretory factor
75632-0	Resistin	CHEM		ACTIVE	Resistin SerPl-mCnc	Resistin [Mass/volume] in Serum or Plasma	Resistin [Mass/Vol]		C/EBP-epsilon-regulated myeloid-specific secreted cysteine-rich protein
75632-0	Resistin	CHEM		ACTIVE	Resistin SerPl-mCnc	Resistin [Mass/volume] in Serum or Plasma	Resistin [Mass/Vol]		XCP1
17525-7	Retinoate esters	CHEM		ACTIVE	Retinoate Ester SerPl-mCnc	Retinoate esters [Mass/volume] in Serum or Plasma	Retinoate esters [Mass/Vol]		Retinoic acid
17525-7	Retinoate esters	CHEM		ACTIVE	Retinoate Ester SerPl-mCnc	Retinoate esters [Mass/volume] in Serum or Plasma	Retinoate esters [Mass/Vol]		Vit A acid
17525-7	Retinoate esters	CHEM		ACTIVE	Retinoate Ester SerPl-mCnc	Retinoate esters [Mass/volume] in Serum or Plasma	Retinoate esters [Mass/Vol]		tretinoin
17525-7	Retinoate esters	CHEM		ACTIVE	Retinoate Ester SerPl-mCnc	Retinoate esters [Mass/volume] in Serum or Plasma	Retinoate esters [Mass/Vol]		Vitamin A1 acid
17525-7	Retinoate esters	CHEM		ACTIVE	Retinoate Ester SerPl-mCnc	Retinoate esters [Mass/volume] in Serum or Plasma	Retinoate esters [Mass/Vol]		Vitamin A acid
17525-7	Retinoate esters	CHEM		ACTIVE	Retinoate Ester SerPl-mCnc	Retinoate esters [Mass/volume] in Serum or Plasma	Retinoate esters [Mass/Vol]		Vit A1 acid
17527-3	Retinol.free	CHEM		ACTIVE	Vit A Free SerPl-mCnc	Retinol Free [Mass/volume] in Serum or Plasma	Retinol Free [Mass/Vol]		Vit A Free
17526-5	Retinyl esters	CHEM		ACTIVE	Vit A Ester SerPl-mCnc	Retinyl esters [Mass/volume] in Serum or Plasma	Retinyl esters [Mass/Vol]		Vit A Ester
38496-6	Retinyl palmitate	CHEM		ACTIVE	Retinyl Palmitate SerPl-mCnc	Retinyl palmitate [Mass/volume] in Serum or Plasma	Retinyl palmitate [Mass/Vol]		Vitamin A palmitate
38496-6	Retinyl palmitate	CHEM		ACTIVE	Retinyl Palmitate SerPl-mCnc	Retinyl palmitate [Mass/volume] in Serum or Plasma	Retinyl palmitate [Mass/Vol]		Retinol palmitate
105540-9	Rheumatoid arthritis disease activity	CHEM		ACTIVE	SerPl Ql	Rheumatoid arthritis disease activity [Score] in Serum or Plasma Qualitative	Rheumatoid arthritis disease activity Ql		Multi-biomarker disease activity score
105540-9	Rheumatoid arthritis disease activity	CHEM		ACTIVE	SerPl Ql	Rheumatoid arthritis disease activity [Score] in Serum or Plasma Qualitative	Rheumatoid arthritis disease activity Ql		MDAS
105541-7	Rheumatoid arthritis disease activity risk category	CHEM		ACTIVE	RA dis risk act categ SerPl Ql	Rheumatoid arthritis disease activity risk category [Score] in Serum or Plasma Qualitative	Rheumatoid arthritis disease activity risk category Ql		RA dis risk act categ
75633-8	Rheumatoid arthritis disease activity score	CHEM	Rheumatoid arthritis disease activity score is based on the measurements of 12 serum proteins. An algorithm is applied to these concentrations to calculate a quantitative disease activity score ranging from 1 to 100. Test results are intended to aid in the assessment of disease activity in RA patients when used in conjunction with a standard clinical assessment. The test is not intended or validated to diagnose RA. This term is based on Crescendo BioSciences Vectra DA blood test for rheumatoid arthritis disease activity.	ACTIVE	RA DAS Score Calc VectraDA	Rheumatoid arthritis disease activity score Calculated by VectraDA	Rheumatoid arthritis disease activity score Calculated by VectraDA [Score]		Calc VectraDA
75633-8	Rheumatoid arthritis disease activity score	CHEM	Rheumatoid arthritis disease activity score is based on the measurements of 12 serum proteins. An algorithm is applied to these concentrations to calculate a quantitative disease activity score ranging from 1 to 100. Test results are intended to aid in the assessment of disease activity in RA patients when used in conjunction with a standard clinical assessment. The test is not intended or validated to diagnose RA. This term is based on Crescendo BioSciences Vectra DA blood test for rheumatoid arthritis disease activity.	ACTIVE	RA DAS Score Calc VectraDA	Rheumatoid arthritis disease activity score Calculated by VectraDA	Rheumatoid arthritis disease activity score Calculated by VectraDA [Score]		RA DAS
76064-5	Rheumatoid arthritis disease activity score confidence interval	CHEM	The disease activity score (DAS) confidence interval range (e.g. 44.5 - 49.5) reflects the precision of a patients DAS score (e.g. 47) based on repeat measurements. This term was created for Crescendo BioSciences Vectra DA blood test for rheumatoid arthritis disease activity.	ACTIVE	RA DAS CI VectraDA	Rheumatoid arthritis disease activity score confidence interval by VectraDA	Rheumatoid arthritis disease activity score confidence interval VectraDA [Score range]		RA DAS CI
75634-6	Rheumatoid arthritis disease activity score level	CHEM	Rheumatoid arthritis disease activity score level is defined as low, moderate or high where scores 1 to 29 are "low" activity level, 30-44 are "moderate" activity level, and 45-100 are "high" activity level. The activity level is based on analysis of multiple biomarkers associated with rheumatoid arthritis. This term was created for Crescendo BioSciences Vectra DA blood test for rheumatoid arthritis disease activity.	ACTIVE	RA DAS level Ql VectraDA	Rheumatoid arthritis disease activity score level Qualitative by VectraDA	Rheumatoid arthritis disease activity score level VectraDA Ql [Interp]		RA DAS level
105542-5	Rheumatoid arthritis disease risk score	CHEM		ACTIVE	RA dis risk score Patient Ql	Rheumatoid arthritis disease risk score Qualitative	Rheumatoid arthritis disease risk score Ql		RA dis risk score
47884-2	Ribitol/Creatinine	CHEM		ACTIVE	Ribitol/Creat Ur-sRto	Ribitol/Creatinine [Molar ratio] in Urine	Ribitol/Creatinine (U) [Molar ratio]		Adonitol
2925-6	Ribonuclease	CHEM		ACTIVE	RNase Ser-cCnc	Ribonuclease [Enzymatic activity/volume] in Serum	Ribonuclease (S) [Catalytic activity/Vol]		RNase
2926-4	Ribose	CHEM		ACTIVE	Ribose Ser-mCnc	Ribose [Mass/volume] in Serum	Ribose (S) [Mass/Vol]		D-ribose
82224-7	Ribose-5-phosphate isomerase	CHEM		ACTIVE	RPI Lymphblst-cCnt	Ribose-5-phosphate isomerase [Enzymatic activity/mass] in Lymphoblasts	Ribose-5-phosphate isomerase (Lymphoblasts) [Catalytic activity/Mass]		Phosphoriboisomerase
2927-2	Ribulose	CHEM		DISCOURAGED	Ribulose Ser-mCnc	Ribulose [Mass/volume] in Serum	Ribulose (S) [Mass/Vol]		D-ribulose
69569-2	Risk of ovarian malignancy algorithm score^premenopausal	CHEM	In the formula for the ROMA score, the HE4 is in units of pmol/L and the CA125 is in units of "U/ml".  (Clinical Chemistry and Laboratory Medicine. Volume 49, Issue 3, Pages 521-525)  According to Abbott website, the formula can be used ONLY with results determined using the ARCHITECT method due to variability conferred by reagents/method.  (http://www.abbottdiagnostics.com.au/Products/Instruments_by_Platform/roma.cfm#form).	ACTIVE	ROMA score premen SerPl	Risk of ovarian malignancy algorithm score in Serum or Plasma --premenopausal	Risk of ovarian malignancy algorithm score premenopausal [Score]		ROMA
69569-2	Risk of ovarian malignancy algorithm score^premenopausal	CHEM	In the formula for the ROMA score, the HE4 is in units of pmol/L and the CA125 is in units of "U/ml".  (Clinical Chemistry and Laboratory Medicine. Volume 49, Issue 3, Pages 521-525)  According to Abbott website, the formula can be used ONLY with results determined using the ARCHITECT method due to variability conferred by reagents/method.  (http://www.abbottdiagnostics.com.au/Products/Instruments_by_Platform/roma.cfm#form).	ACTIVE	ROMA score premen SerPl	Risk of ovarian malignancy algorithm score in Serum or Plasma --premenopausal	Risk of ovarian malignancy algorithm score premenopausal [Score]		ROMA score
98021-9	Rivalta test	CHEM		ACTIVE	Rivalta test Fld Ql	Rivalta test [Presence] in Body fluid	Rivalta test Ql (Body fld)		Transudates and Exudates
98021-9	Rivalta test	CHEM		ACTIVE	Rivalta test Fld Ql	Rivalta test [Presence] in Body fluid	Rivalta test Ql (Body fld)		Transudate
79580-7	R- & S-beta aminoisobutyrate & D- & L-serine pattern	CHEM		ACTIVE	R- + S-BAIB + D- + L-ser patt Ur-Imp	R- and S-beta aminoisobutyrate and D- and L-serine pattern [Interpretation] in Urine Narrative	R- and S-beta aminoisobutyrate and D- and L-serine pattern Nar (U) [Interp]		S-B-AIB
79580-7	R- & S-beta aminoisobutyrate & D- & L-serine pattern	CHEM		ACTIVE	R- + S-BAIB + D- + L-ser patt Ur-Imp	R- and S-beta aminoisobutyrate and D- and L-serine pattern [Interpretation] in Urine Narrative	R- and S-beta aminoisobutyrate and D- and L-serine pattern Nar (U) [Interp]		Levo-serine
79580-7	R- & S-beta aminoisobutyrate & D- & L-serine pattern	CHEM		ACTIVE	R- + S-BAIB + D- + L-ser patt Ur-Imp	R- and S-beta aminoisobutyrate and D- and L-serine pattern [Interpretation] in Urine Narrative	R- and S-beta aminoisobutyrate and D- and L-serine pattern Nar (U) [Interp]		R- + S-BAIB + D- + L-ser patt
48428-7	Rumenate	CHEM		ACTIVE	Rumenate SerPl-sCnc	Rumenate (C18:2 cis-9 trans-11) [Moles/volume] in Serum or Plasma	Rumenate (C18:2 cis-9 trans-11) [Moles/Vol]		9,11-isolinoleate
48428-7	Rumenate	CHEM		ACTIVE	Rumenate SerPl-sCnc	Rumenate (C18:2 cis-9 trans-11) [Moles/volume] in Serum or Plasma	Rumenate (C18:2 cis-9 trans-11) [Moles/Vol]		9,11-isolinoleic acid
48428-7	Rumenate	CHEM		ACTIVE	Rumenate SerPl-sCnc	Rumenate (C18:2 cis-9 trans-11) [Moles/volume] in Serum or Plasma	Rumenate (C18:2 cis-9 trans-11) [Moles/Vol]		9,11-linoleate
48428-7	Rumenate	CHEM		ACTIVE	Rumenate SerPl-sCnc	Rumenate (C18:2 cis-9 trans-11) [Moles/volume] in Serum or Plasma	Rumenate (C18:2 cis-9 trans-11) [Moles/Vol]		9,11-linoleic acid
48428-7	Rumenate	CHEM		ACTIVE	Rumenate SerPl-sCnc	Rumenate (C18:2 cis-9 trans-11) [Moles/volume] in Serum or Plasma	Rumenate (C18:2 cis-9 trans-11) [Moles/Vol]		9,11-octadecadienoate
48428-7	Rumenate	CHEM		ACTIVE	Rumenate SerPl-sCnc	Rumenate (C18:2 cis-9 trans-11) [Moles/volume] in Serum or Plasma	Rumenate (C18:2 cis-9 trans-11) [Moles/Vol]		9,11-octadecadienoic acid
48428-7	Rumenate	CHEM		ACTIVE	Rumenate SerPl-sCnc	Rumenate (C18:2 cis-9 trans-11) [Moles/volume] in Serum or Plasma	Rumenate (C18:2 cis-9 trans-11) [Moles/Vol]		C18:2 cis-9 trans-11 fatty acid
48428-7	Rumenate	CHEM		ACTIVE	Rumenate SerPl-sCnc	Rumenate (C18:2 cis-9 trans-11) [Moles/volume] in Serum or Plasma	Rumenate (C18:2 cis-9 trans-11) [Moles/Vol]		cis-9, trans-11 18:2 acid
48428-7	Rumenate	CHEM		ACTIVE	Rumenate SerPl-sCnc	Rumenate (C18:2 cis-9 trans-11) [Moles/volume] in Serum or Plasma	Rumenate (C18:2 cis-9 trans-11) [Moles/Vol]		Rumenic acid
100795-4	S100 calcium binding protein B	CHEM		ACTIVE	S100 Ca binding protein B Fld-mCnc	S100 calcium binding protein B [Mass/volume] in Body fluid	S100 calcium binding protein B (Body fld) [Mass/Vol]		Ca
100795-4	S100 calcium binding protein B	CHEM		ACTIVE	S100 Ca binding protein B Fld-mCnc	S100 calcium binding protein B [Mass/volume] in Body fluid	S100 calcium binding protein B (Body fld) [Mass/Vol]		Bind
100795-4	S100 calcium binding protein B	CHEM		ACTIVE	S100 Ca binding protein B Fld-mCnc	S100 calcium binding protein B [Mass/volume] in Body fluid	S100 calcium binding protein B (Body fld) [Mass/Vol]		S-100-beta
100795-4	S100 calcium binding protein B	CHEM		ACTIVE	S100 Ca binding protein B Fld-mCnc	S100 calcium binding protein B [Mass/volume] in Body fluid	S100 calcium binding protein B (Body fld) [Mass/Vol]		S-100B
100795-4	S100 calcium binding protein B	CHEM		ACTIVE	S100 Ca binding protein B Fld-mCnc	S100 calcium binding protein B [Mass/volume] in Body fluid	S100 calcium binding protein B (Body fld) [Mass/Vol]		S100 Ca binding protein B
100795-4	S100 calcium binding protein B	CHEM		ACTIVE	S100 Ca binding protein B Fld-mCnc	S100 calcium binding protein B [Mass/volume] in Body fluid	S100 calcium binding protein B (Body fld) [Mass/Vol]		Cal
79607-8	Saccharopine	CHEM		ACTIVE	Saccharopine SerPl-sCnc	Saccharopine [Moles/volume] in Serum or Plasma	Saccharopine [Moles/Vol]		L-saccharopinate
79607-8	Saccharopine	CHEM		ACTIVE	Saccharopine SerPl-sCnc	Saccharopine [Moles/volume] in Serum or Plasma	Saccharopine [Moles/Vol]		L-saccharopine
79607-8	Saccharopine	CHEM		ACTIVE	Saccharopine SerPl-sCnc	Saccharopine [Moles/volume] in Serum or Plasma	Saccharopine [Moles/Vol]		(2S)-2-[[(5S)-5-azaniumyl-5-carboxylatopentyl]azaniumyl]pentanedioate
80174-6	S-adenosylhomocysteine	CHEM		ACTIVE	SAH CSF-sCnc	S-adenosylhomocysteine [Moles/volume] in Cerebrospinal Fluid	S-adenosylhomocysteine (CSF) [Moles/Vol]		S-Adenosyl-L-homocysteine
80174-6	S-adenosylhomocysteine	CHEM		ACTIVE	SAH CSF-sCnc	S-adenosylhomocysteine [Moles/volume] in Cerebrospinal Fluid	S-adenosylhomocysteine (CSF) [Moles/Vol]		S Adenosylhomocysteine
80174-6	S-adenosylhomocysteine	CHEM		ACTIVE	SAH CSF-sCnc	S-adenosylhomocysteine [Moles/volume] in Cerebrospinal Fluid	S-adenosylhomocysteine (CSF) [Moles/Vol]		SAH
78966-9	S-adenosylmethionine	CHEM		ACTIVE	SAMe SerPl-sCnc	S-adenosylmethionine [Moles/volume] in Serum or Plasma	S-adenosylmethionine [Moles/Vol]		SAMe
78966-9	S-adenosylmethionine	CHEM		ACTIVE	SAMe SerPl-sCnc	S-adenosylmethionine [Moles/volume] in Serum or Plasma	S-adenosylmethionine [Moles/Vol]		S-Adenosyl Methionine
78966-9	S-adenosylmethionine	CHEM		ACTIVE	SAMe SerPl-sCnc	S-adenosylmethionine [Moles/volume] in Serum or Plasma	S-adenosylmethionine [Moles/Vol]		Depression, Emotional
78966-9	S-adenosylmethionine	CHEM		ACTIVE	SAMe SerPl-sCnc	S-adenosylmethionine [Moles/volume] in Serum or Plasma	S-adenosylmethionine [Moles/Vol]		Dementias
78966-9	S-adenosylmethionine	CHEM		ACTIVE	SAMe SerPl-sCnc	S-adenosylmethionine [Moles/volume] in Serum or Plasma	S-adenosylmethionine [Moles/Vol]		Sammy
78966-9	S-adenosylmethionine	CHEM		ACTIVE	SAMe SerPl-sCnc	S-adenosylmethionine [Moles/volume] in Serum or Plasma	S-adenosylmethionine [Moles/Vol]		SAM-e
78966-9	S-adenosylmethionine	CHEM		ACTIVE	SAMe SerPl-sCnc	S-adenosylmethionine [Moles/volume] in Serum or Plasma	S-adenosylmethionine [Moles/Vol]		Adenosylmethionine
80180-3	S-adenosylmethionine & S-adenosylhomocystine pattern	CHEM	S-adenosylhomocysteine (SAH) and S-adenosylmethionine (SAM) levels are measured when investigating folate and vitamin B12 deficiency, and the ratio of SAH to SAM is also used as a measure of methylation status. Low levels of SAM have also been associated with depression, dementia, vacuolar myelopathy and liver disease.	ACTIVE	SAMe and SAH pattern CSF-Imp	S-adenosylmethionine and S-adenosylhomocystine pattern [Interpretation] in Cerebrospinal Fluid Narrative	S-adenosylmethionine and S-adenosylhomocystine pattern Nar (CSF) [Interp]		SAMe and SAH pattern
53206-9	Salicylylcarnitine (Salc)	CHEM	The tentative opinion of the HTSP review (5/13/08) committee was that this marker has no clinical utility based on todays knowledge.	ACTIVE	Salicylylcarn DBS-sCnc	Salicylylcarnitine (SalC) [Moles/volume] in DBS	Salicylylcarnitine (SalC) (DBS) [Moles/Vol]		Salc
13380-1	Sarcosine	CHEM		DISCOURAGED	Sarcosine CSF-mCnc	Sarcosine [Mass/volume] in Cerebrospinal Fluid	Sarcosine (CSF) [Mass/Vol]		Sar
13380-1	Sarcosine	CHEM		DISCOURAGED	Sarcosine CSF-mCnc	Sarcosine [Mass/volume] in Cerebrospinal Fluid	Sarcosine (CSF) [Mass/Vol]		Sarc
13807-3	Sebacate/Creatinine	CHEM		DISCOURAGED	Sebacate/Creat Ur	Sebacate (C8)/Creatinine [Mass Ratio] in Urine	Sebacate (C8)/Creatinine (U) [Mass ratio]		Sebacic acid
13807-3	Sebacate/Creatinine	CHEM		DISCOURAGED	Sebacate/Creat Ur	Sebacate (C8)/Creatinine [Mass Ratio] in Urine	Sebacate (C8)/Creatinine (U) [Mass ratio]		Decanedioate
13807-3	Sebacate/Creatinine	CHEM		DISCOURAGED	Sebacate/Creat Ur	Sebacate (C8)/Creatinine [Mass Ratio] in Urine	Sebacate (C8)/Creatinine (U) [Mass ratio]		Decanedioic acid
53212-7	Sebacylcarnitine (C10-DC)	CHEM	The tentative opinion of the HTSP review (5/13/08) committee was that this marker has no clinical utility based on todays knowledge.	ACTIVE	Sebacylcarn DBS-sCnc	Sebacylcarnitine (C10-DC) [Moles/volume] in DBS	C10-DC (DBS) [Moles/Vol]		Dodecanedioylcarnitine
53212-7	Sebacylcarnitine (C10-DC)	CHEM	The tentative opinion of the HTSP review (5/13/08) committee was that this marker has no clinical utility based on todays knowledge.	ACTIVE	Sebacylcarn DBS-sCnc	Sebacylcarnitine (C10-DC) [Moles/volume] in DBS	C10-DC (DBS) [Moles/Vol]		C10-DC
53212-7	Sebacylcarnitine (C10-DC)	CHEM	The tentative opinion of the HTSP review (5/13/08) committee was that this marker has no clinical utility based on todays knowledge.	ACTIVE	Sebacylcarn DBS-sCnc	Sebacylcarnitine (C10-DC) [Moles/volume] in DBS	C10-DC (DBS) [Moles/Vol]		C10DC
46763-9	Secondary congenital hypothyroidism	CHEM		DISCOURAGED	Secondary CH DBS-Imp	Secondary congenital hypothyroidism newborn screen interpretation	Secondary congenital hypothyroidism Ql (DBS) [Interp]		Secondary CH
62322-3	Severe combined immunodeficiency newborn screening comment-discussion	CHEM		ACTIVE	SCID NBS comment	Severe combined immunodeficiency newborn screening comment-discussion	Severe combined immunodeficiency newborn screening comment-discussion Nar (DBS)		SCID NBS comment
13967-5	Sex hormone binding globulin	CHEM		ACTIVE	SHBG SerPl-sCnc	Sex hormone binding globulin [Moles/volume] in Serum or Plasma	Sex hormone binding globulin [Moles/Vol]		SHBG
13967-5	Sex hormone binding globulin	CHEM		ACTIVE	SHBG SerPl-sCnc	Sex hormone binding globulin [Moles/volume] in Serum or Plasma	Sex hormone binding globulin [Moles/Vol]		Androgen binding protein
13967-5	Sex hormone binding globulin	CHEM		ACTIVE	SHBG SerPl-sCnc	Sex hormone binding globulin [Moles/volume] in Serum or Plasma	Sex hormone binding globulin [Moles/Vol]		Estradiol binding globulin
13967-5	Sex hormone binding globulin	CHEM		ACTIVE	SHBG SerPl-sCnc	Sex hormone binding globulin [Moles/volume] in Serum or Plasma	Sex hormone binding globulin [Moles/Vol]		Sex steroid binding globulin
13967-5	Sex hormone binding globulin	CHEM		ACTIVE	SHBG SerPl-sCnc	Sex hormone binding globulin [Moles/volume] in Serum or Plasma	Sex hormone binding globulin [Moles/Vol]		Sex steroid binding protein
13967-5	Sex hormone binding globulin	CHEM		ACTIVE	SHBG SerPl-sCnc	Sex hormone binding globulin [Moles/volume] in Serum or Plasma	Sex hormone binding globulin [Moles/Vol]		SSBG
13967-5	Sex hormone binding globulin	CHEM		ACTIVE	SHBG SerPl-sCnc	Sex hormone binding globulin [Moles/volume] in Serum or Plasma	Sex hormone binding globulin [Moles/Vol]		TeBG
13967-5	Sex hormone binding globulin	CHEM		ACTIVE	SHBG SerPl-sCnc	Sex hormone binding globulin [Moles/volume] in Serum or Plasma	Sex hormone binding globulin [Moles/Vol]		Testosterone binding globulin
13967-5	Sex hormone binding globulin	CHEM		ACTIVE	SHBG SerPl-sCnc	Sex hormone binding globulin [Moles/volume] in Serum or Plasma	Sex hormone binding globulin [Moles/Vol]		Testosterone/estradiol binding globulin
46780-3	Short-chain acyl-CoA deficiency &or ethylmalonic encephalopathy &or isobutyryl-CoA dehydrogenase deficiency	CHEM		DISCOURAGED	SCAD/EMA/IBG DBS-Imp	Short-chain acyl-CoA deficiency (SCAD); ethylmalonic encephalopathy; isobutyryl-CoA dehydrogenase deficiency newborn screen interpretation	Short-chain acyl-CoA deficiency (SCAD); ethylmalonic encephalopathy; isobutyryl-CoA dehydrogenase deficiency (DBS) [Interp]		SCAD/EMA/IBG
46780-3	Short-chain acyl-CoA deficiency &or ethylmalonic encephalopathy &or isobutyryl-CoA dehydrogenase deficiency	CHEM		DISCOURAGED	SCAD/EMA/IBG DBS-Imp	Short-chain acyl-CoA deficiency (SCAD); ethylmalonic encephalopathy; isobutyryl-CoA dehydrogenase deficiency newborn screen interpretation	Short-chain acyl-CoA deficiency (SCAD); ethylmalonic encephalopathy; isobutyryl-CoA dehydrogenase deficiency (DBS) [Interp]		Isobutyrylglycinuria
46780-3	Short-chain acyl-CoA deficiency &or ethylmalonic encephalopathy &or isobutyryl-CoA dehydrogenase deficiency	CHEM		DISCOURAGED	SCAD/EMA/IBG DBS-Imp	Short-chain acyl-CoA deficiency (SCAD); ethylmalonic encephalopathy; isobutyryl-CoA dehydrogenase deficiency newborn screen interpretation	Short-chain acyl-CoA deficiency (SCAD); ethylmalonic encephalopathy; isobutyryl-CoA dehydrogenase deficiency (DBS) [Interp]		IBG
46780-3	Short-chain acyl-CoA deficiency &or ethylmalonic encephalopathy &or isobutyryl-CoA dehydrogenase deficiency	CHEM		DISCOURAGED	SCAD/EMA/IBG DBS-Imp	Short-chain acyl-CoA deficiency (SCAD); ethylmalonic encephalopathy; isobutyryl-CoA dehydrogenase deficiency newborn screen interpretation	Short-chain acyl-CoA deficiency (SCAD); ethylmalonic encephalopathy; isobutyryl-CoA dehydrogenase deficiency (DBS) [Interp]		IBG deficiency
26031-5	Sialate.lipid bound	CHEM		ACTIVE	LASA SerPl-sCnc	Sialate.lipid bound [Moles/volume] in Serum or Plasma	Sialate.lipid bound [Moles/Vol]		LSA
26031-5	Sialate.lipid bound	CHEM		ACTIVE	LASA SerPl-sCnc	Sialate.lipid bound [Moles/volume] in Serum or Plasma	Sialate.lipid bound [Moles/Vol]		Lipid-bound sialic acid
26031-5	Sialate.lipid bound	CHEM		ACTIVE	LASA SerPl-sCnc	Sialate.lipid bound [Moles/volume] in Serum or Plasma	Sialate.lipid bound [Moles/Vol]		LASA
26031-5	Sialate.lipid bound	CHEM		ACTIVE	LASA SerPl-sCnc	Sialate.lipid bound [Moles/volume] in Serum or Plasma	Sialate.lipid bound [Moles/Vol]		Lipid-associated sialic acid
24099-4	Sialidase	CHEM		ACTIVE	Sialidase Fib-cCnt	Sialidase [Enzymatic activity/mass] in Fibroblast	Sialidase (Fibroblast) [Catalytic activity/Mass]		Alpha neuraminidase
24099-4	Sialidase	CHEM		ACTIVE	Sialidase Fib-cCnt	Sialidase [Enzymatic activity/mass] in Fibroblast	Sialidase (Fibroblast) [Catalytic activity/Mass]		Sialidosis
24099-4	Sialidase	CHEM		ACTIVE	Sialidase Fib-cCnt	Sialidase [Enzymatic activity/mass] in Fibroblast	Sialidase (Fibroblast) [Catalytic activity/Mass]		Galactosialidosis
46765-4	Sickle cell anemia	CHEM		DISCOURAGED	Sickle Cell Anemia DBS-Imp	Sickle cell anemia newborn screen interpretation	Sickle cell anemia Ql (DBS) [Interp]		Falciform anemia
46765-4	Sickle cell anemia	CHEM		DISCOURAGED	Sickle Cell Anemia DBS-Imp	Sickle cell anemia newborn screen interpretation	Sickle cell anemia Ql (DBS) [Interp]		HbSßº Thalassemia
46765-4	Sickle cell anemia	CHEM		DISCOURAGED	Sickle Cell Anemia DBS-Imp	Sickle cell anemia newborn screen interpretation	Sickle cell anemia Ql (DBS) [Interp]		HBSS
46765-4	Sickle cell anemia	CHEM		DISCOURAGED	Sickle Cell Anemia DBS-Imp	Sickle cell anemia newborn screen interpretation	Sickle cell anemia Ql (DBS) [Interp]		Hb S/S
46768-8	Sickle cell carrier (trait)	CHEM		DISCOURAGED	Sickle Cell Carrier (trait) DBS-Imp	Sickle cell carrier (trait) newborn screen interpretation	Sickle cell carrier (trait) Ql (DBS) [Interp]		HbAS
82937-4	Signaling lymphocytic activation molecule (SLAM)-associated & X-linked inhibitor of apoptosis protein	CHEM	Analysis of SLAM (signaling lymphocytic activation molecule)-associated protein (SAP) and X-linked inhibitor of apoptosis protein (XIAP) levels by flow cytometry is performed as a preliminary screen for X-linked lymphoproliferative (XLP) disease and X-linked familial hemophagocytic lymphohistiocytosis (HLH). If SAP protein levels are absent or decreased, XLP is suspected. If XIAP protein levels are absent or decreased, HLH (aka XLP-2) is suspected. The diagnosis is confirmed by genetic analysis of the associated genes (SH2D1A gene for XLP, BIRC4 gene for HLH).	ACTIVE	SAP + XIAP WBC FC-Imp	SAP and XIAP [Interpretation] in Leukocytes by Flow cytometry (FC)	SAP and XIAP FC (WBC) [Interp]		(SLAM)-associated protein
82937-4	Signaling lymphocytic activation molecule (SLAM)-associated & X-linked inhibitor of apoptosis protein	CHEM	Analysis of SLAM (signaling lymphocytic activation molecule)-associated protein (SAP) and X-linked inhibitor of apoptosis protein (XIAP) levels by flow cytometry is performed as a preliminary screen for X-linked lymphoproliferative (XLP) disease and X-linked familial hemophagocytic lymphohistiocytosis (HLH). If SAP protein levels are absent or decreased, XLP is suspected. If XIAP protein levels are absent or decreased, HLH (aka XLP-2) is suspected. The diagnosis is confirmed by genetic analysis of the associated genes (SH2D1A gene for XLP, BIRC4 gene for HLH).	ACTIVE	SAP + XIAP WBC FC-Imp	SAP and XIAP [Interpretation] in Leukocytes by Flow cytometry (FC)	SAP and XIAP FC (WBC) [Interp]		XLP2
82937-4	Signaling lymphocytic activation molecule (SLAM)-associated & X-linked inhibitor of apoptosis protein	CHEM	Analysis of SLAM (signaling lymphocytic activation molecule)-associated protein (SAP) and X-linked inhibitor of apoptosis protein (XIAP) levels by flow cytometry is performed as a preliminary screen for X-linked lymphoproliferative (XLP) disease and X-linked familial hemophagocytic lymphohistiocytosis (HLH). If SAP protein levels are absent or decreased, XLP is suspected. If XIAP protein levels are absent or decreased, HLH (aka XLP-2) is suspected. The diagnosis is confirmed by genetic analysis of the associated genes (SH2D1A gene for XLP, BIRC4 gene for HLH).	ACTIVE	SAP + XIAP WBC FC-Imp	SAP and XIAP [Interpretation] in Leukocytes by Flow cytometry (FC)	SAP and XIAP FC (WBC) [Interp]		XLP1
82937-4	Signaling lymphocytic activation molecule (SLAM)-associated & X-linked inhibitor of apoptosis protein	CHEM	Analysis of SLAM (signaling lymphocytic activation molecule)-associated protein (SAP) and X-linked inhibitor of apoptosis protein (XIAP) levels by flow cytometry is performed as a preliminary screen for X-linked lymphoproliferative (XLP) disease and X-linked familial hemophagocytic lymphohistiocytosis (HLH). If SAP protein levels are absent or decreased, XLP is suspected. If XIAP protein levels are absent or decreased, HLH (aka XLP-2) is suspected. The diagnosis is confirmed by genetic analysis of the associated genes (SH2D1A gene for XLP, BIRC4 gene for HLH).	ACTIVE	SAP + XIAP WBC FC-Imp	SAP and XIAP [Interpretation] in Leukocytes by Flow cytometry (FC)	SAP and XIAP FC (WBC) [Interp]		X-Linked Lymphoproliferative Disorder
82937-4	Signaling lymphocytic activation molecule (SLAM)-associated & X-linked inhibitor of apoptosis protein	CHEM	Analysis of SLAM (signaling lymphocytic activation molecule)-associated protein (SAP) and X-linked inhibitor of apoptosis protein (XIAP) levels by flow cytometry is performed as a preliminary screen for X-linked lymphoproliferative (XLP) disease and X-linked familial hemophagocytic lymphohistiocytosis (HLH). If SAP protein levels are absent or decreased, XLP is suspected. If XIAP protein levels are absent or decreased, HLH (aka XLP-2) is suspected. The diagnosis is confirmed by genetic analysis of the associated genes (SH2D1A gene for XLP, BIRC4 gene for HLH).	ACTIVE	SAP + XIAP WBC FC-Imp	SAP and XIAP [Interpretation] in Leukocytes by Flow cytometry (FC)	SAP and XIAP FC (WBC) [Interp]		XIAP
82937-4	Signaling lymphocytic activation molecule (SLAM)-associated & X-linked inhibitor of apoptosis protein	CHEM	Analysis of SLAM (signaling lymphocytic activation molecule)-associated protein (SAP) and X-linked inhibitor of apoptosis protein (XIAP) levels by flow cytometry is performed as a preliminary screen for X-linked lymphoproliferative (XLP) disease and X-linked familial hemophagocytic lymphohistiocytosis (HLH). If SAP protein levels are absent or decreased, XLP is suspected. If XIAP protein levels are absent or decreased, HLH (aka XLP-2) is suspected. The diagnosis is confirmed by genetic analysis of the associated genes (SH2D1A gene for XLP, BIRC4 gene for HLH).	ACTIVE	SAP + XIAP WBC FC-Imp	SAP and XIAP [Interpretation] in Leukocytes by Flow cytometry (FC)	SAP and XIAP FC (WBC) [Interp]		SAP + XIAP
82937-4	Signaling lymphocytic activation molecule (SLAM)-associated & X-linked inhibitor of apoptosis protein	CHEM	Analysis of SLAM (signaling lymphocytic activation molecule)-associated protein (SAP) and X-linked inhibitor of apoptosis protein (XIAP) levels by flow cytometry is performed as a preliminary screen for X-linked lymphoproliferative (XLP) disease and X-linked familial hemophagocytic lymphohistiocytosis (HLH). If SAP protein levels are absent or decreased, XLP is suspected. If XIAP protein levels are absent or decreased, HLH (aka XLP-2) is suspected. The diagnosis is confirmed by genetic analysis of the associated genes (SH2D1A gene for XLP, BIRC4 gene for HLH).	ACTIVE	SAP + XIAP WBC FC-Imp	SAP and XIAP [Interpretation] in Leukocytes by Flow cytometry (FC)	SAP and XIAP FC (WBC) [Interp]		Purtilo syndrome
82937-4	Signaling lymphocytic activation molecule (SLAM)-associated & X-linked inhibitor of apoptosis protein	CHEM	Analysis of SLAM (signaling lymphocytic activation molecule)-associated protein (SAP) and X-linked inhibitor of apoptosis protein (XIAP) levels by flow cytometry is performed as a preliminary screen for X-linked lymphoproliferative (XLP) disease and X-linked familial hemophagocytic lymphohistiocytosis (HLH). If SAP protein levels are absent or decreased, XLP is suspected. If XIAP protein levels are absent or decreased, HLH (aka XLP-2) is suspected. The diagnosis is confirmed by genetic analysis of the associated genes (SH2D1A gene for XLP, BIRC4 gene for HLH).	ACTIVE	SAP + XIAP WBC FC-Imp	SAP and XIAP [Interpretation] in Leukocytes by Flow cytometry (FC)	SAP and XIAP FC (WBC) [Interp]		HLH
82937-4	Signaling lymphocytic activation molecule (SLAM)-associated & X-linked inhibitor of apoptosis protein	CHEM	Analysis of SLAM (signaling lymphocytic activation molecule)-associated protein (SAP) and X-linked inhibitor of apoptosis protein (XIAP) levels by flow cytometry is performed as a preliminary screen for X-linked lymphoproliferative (XLP) disease and X-linked familial hemophagocytic lymphohistiocytosis (HLH). If SAP protein levels are absent or decreased, XLP is suspected. If XIAP protein levels are absent or decreased, HLH (aka XLP-2) is suspected. The diagnosis is confirmed by genetic analysis of the associated genes (SH2D1A gene for XLP, BIRC4 gene for HLH).	ACTIVE	SAP + XIAP WBC FC-Imp	SAP and XIAP [Interpretation] in Leukocytes by Flow cytometry (FC)	SAP and XIAP FC (WBC) [Interp]		Hemophagocytic Lymphohistiocytosis
82937-4	Signaling lymphocytic activation molecule (SLAM)-associated & X-linked inhibitor of apoptosis protein	CHEM	Analysis of SLAM (signaling lymphocytic activation molecule)-associated protein (SAP) and X-linked inhibitor of apoptosis protein (XIAP) levels by flow cytometry is performed as a preliminary screen for X-linked lymphoproliferative (XLP) disease and X-linked familial hemophagocytic lymphohistiocytosis (HLH). If SAP protein levels are absent or decreased, XLP is suspected. If XIAP protein levels are absent or decreased, HLH (aka XLP-2) is suspected. The diagnosis is confirmed by genetic analysis of the associated genes (SH2D1A gene for XLP, BIRC4 gene for HLH).	ACTIVE	SAP + XIAP WBC FC-Imp	SAP and XIAP [Interpretation] in Leukocytes by Flow cytometry (FC)	SAP and XIAP FC (WBC) [Interp]		BIRC4
112788-5	Silica clotting time actual/normal	CHEM		ACTIVE	SCT Act/Nor Pool PPP	Silica clotting time actual/normal of Platelet poor plasma from Pooled	Silica clotting time actual/normal (PPP Pooled) [Relative time]		PPP^control
14055-8	Sodium	CHEM		ACTIVE	Sodium Stl-sCnt	Sodium [Moles/mass] in Stool	Sodium (Stl) [Moles/Mass]		Substance Content
2952-0	Sodium	CHEM		ACTIVE	Sodium 24h sub Stl Qn	Sodium [Molar amount] in 24 hour Stool	Sodium (24H Stl) [Molar amount]		Substance Amount
51419-0	Sodium^^corrected for glucose	CHEM		ACTIVE	Sodium Glucose cor SerPl-sCnc	Sodium [Moles/volume] corrected for glucose in Serum or Plasma	Sodium corrected for glucose [Moles/Vol]		Glucose cor
16257-8	Sodium urate crystals	CHEM		ACTIVE	Na Urate Cry Stone Ql IR	Sodium urate crystals [Presence] in Stone by Infrared spectroscopy	Sodium urate crystals Infrared spectroscopy Ql (Stone)		Infared spectoscopy
101734-2	Sodium Urate crystals	CHEM		ACTIVE	Na Urate cry 24h EngDiff Ur	Sodium Urate crystals [Energy Difference] in 24 hour Urine	Sodium urate crystals (24H U) [Energy diff]		NaU
101734-2	Sodium Urate crystals	CHEM		ACTIVE	Na Urate cry 24h EngDiff Ur	Sodium Urate crystals [Energy Difference] in 24 hour Urine	Sodium urate crystals (24H U) [Energy diff]		Uric acid
101734-2	Sodium Urate crystals	CHEM		ACTIVE	Na Urate cry 24h EngDiff Ur	Sodium Urate crystals [Energy Difference] in 24 hour Urine	Sodium urate crystals (24H U) [Energy diff]		Cryst
101734-2	Sodium Urate crystals	CHEM		ACTIVE	Na Urate cry 24h EngDiff Ur	Sodium Urate crystals [Energy Difference] in 24 hour Urine	Sodium urate crystals (24H U) [Energy diff]		Crys
101734-2	Sodium Urate crystals	CHEM		ACTIVE	Na Urate cry 24h EngDiff Ur	Sodium Urate crystals [Energy Difference] in 24 hour Urine	Sodium urate crystals (24H U) [Energy diff]		Urates
101734-2	Sodium Urate crystals	CHEM		ACTIVE	Na Urate cry 24h EngDiff Ur	Sodium Urate crystals [Energy Difference] in 24 hour Urine	Sodium urate crystals (24H U) [Energy diff]		Crystal
101734-2	Sodium Urate crystals	CHEM		ACTIVE	Na Urate cry 24h EngDiff Ur	Sodium Urate crystals [Energy Difference] in 24 hour Urine	Sodium urate crystals (24H U) [Energy diff]		Monosodium Urate
101734-2	Sodium Urate crystals	CHEM		ACTIVE	Na Urate cry 24h EngDiff Ur	Sodium Urate crystals [Energy Difference] in 24 hour Urine	Sodium urate crystals (24H U) [Energy diff]		Na Urate
101734-2	Sodium Urate crystals	CHEM		ACTIVE	Na Urate cry 24h EngDiff Ur	Sodium Urate crystals [Energy Difference] in 24 hour Urine	Sodium urate crystals (24H U) [Energy diff]		Na Urate cry
101935-5	Sodium Urate Crystals	CHEM		ACTIVE	Na Urate Cry EngDiff Ur	Sodium urate crystals [Energy Difference] in Urine	Sodium urate crystals (U) [Energy diff]		Na Urate Cry
94554-3	Soluble CD14 subtype	CHEM	Quantitative mass concentration of soluble CD14-subtype (sCD14-ST, also known as Presepsin) in whole blood, serum or plasma for the diagnosis and prognosis of sepsis and to monitor the course of the disease. This test may be performed on neonates or immunosupressed patients (e.g. post-transplantation) in which other inflammation markers (e.g. IL-6, CRP, procalcitonin) are elevated due to other factors, including post-surgery systemic inflammatory response or administration of anti-thymocyte globulin.	ACTIVE	sCD14-ST SerPlBld IA-mCnc	Soluble CD14 subtype [Mass/volume] in Serum, Plasma or Blood by Immunoassay	Soluble CD14 Subtype (Presepsin) IA (S/P/Bld) [Mass/Vol]		sCD14 subtype
94554-3	Soluble CD14 subtype	CHEM	Quantitative mass concentration of soluble CD14-subtype (sCD14-ST, also known as Presepsin) in whole blood, serum or plasma for the diagnosis and prognosis of sepsis and to monitor the course of the disease. This test may be performed on neonates or immunosupressed patients (e.g. post-transplantation) in which other inflammation markers (e.g. IL-6, CRP, procalcitonin) are elevated due to other factors, including post-surgery systemic inflammatory response or administration of anti-thymocyte globulin.	ACTIVE	sCD14-ST SerPlBld IA-mCnc	Soluble CD14 subtype [Mass/volume] in Serum, Plasma or Blood by Immunoassay	Soluble CD14 Subtype (Presepsin) IA (S/P/Bld) [Mass/Vol]		CD14 substypes
94554-3	Soluble CD14 subtype	CHEM	Quantitative mass concentration of soluble CD14-subtype (sCD14-ST, also known as Presepsin) in whole blood, serum or plasma for the diagnosis and prognosis of sepsis and to monitor the course of the disease. This test may be performed on neonates or immunosupressed patients (e.g. post-transplantation) in which other inflammation markers (e.g. IL-6, CRP, procalcitonin) are elevated due to other factors, including post-surgery systemic inflammatory response or administration of anti-thymocyte globulin.	ACTIVE	sCD14-ST SerPlBld IA-mCnc	Soluble CD14 subtype [Mass/volume] in Serum, Plasma or Blood by Immunoassay	Soluble CD14 Subtype (Presepsin) IA (S/P/Bld) [Mass/Vol]		Presepsin
94554-3	Soluble CD14 subtype	CHEM	Quantitative mass concentration of soluble CD14-subtype (sCD14-ST, also known as Presepsin) in whole blood, serum or plasma for the diagnosis and prognosis of sepsis and to monitor the course of the disease. This test may be performed on neonates or immunosupressed patients (e.g. post-transplantation) in which other inflammation markers (e.g. IL-6, CRP, procalcitonin) are elevated due to other factors, including post-surgery systemic inflammatory response or administration of anti-thymocyte globulin.	ACTIVE	sCD14-ST SerPlBld IA-mCnc	Soluble CD14 subtype [Mass/volume] in Serum, Plasma or Blood by Immunoassay	Soluble CD14 Subtype (Presepsin) IA (S/P/Bld) [Mass/Vol]		sCD14-ST
94554-3	Soluble CD14 subtype	CHEM	Quantitative mass concentration of soluble CD14-subtype (sCD14-ST, also known as Presepsin) in whole blood, serum or plasma for the diagnosis and prognosis of sepsis and to monitor the course of the disease. This test may be performed on neonates or immunosupressed patients (e.g. post-transplantation) in which other inflammation markers (e.g. IL-6, CRP, procalcitonin) are elevated due to other factors, including post-surgery systemic inflammatory response or administration of anti-thymocyte globulin.	ACTIVE	sCD14-ST SerPlBld IA-mCnc	Soluble CD14 subtype [Mass/volume] in Serum, Plasma or Blood by Immunoassay	Soluble CD14 Subtype (Presepsin) IA (S/P/Bld) [Mass/Vol]		Sepsis Syndromes
80153-0	Soluble CD27	CHEM		ACTIVE	sCD27 CSF-aCnc	Soluble CD27 [Units/volume] in Cerebrospinal Fluid	Soluble CD27 Qn (CSF)		sCD27
74756-8	Soluble fms-like tyrosine kinase-1	CHEM	Immunoassay for the in vitro quantitative determination of soluble fms-like tyrosine-1 (sFlt-1) in human serum. This assay is intended for use as an aid in the diagnosis of preeclampsia, in conjunction with the PlGF assay and other diagnostic and clinical information. This term is based on, but not limited in use to, the Elecsys sFlt-1 assay.	ACTIVE	sFlt-1 Ser-mCnc	Soluble fms-like tyrosine kinase-1 [Mass/volume] in Serum	Soluble fms-like tyrosine kinase-1 (S) [Mass/Vol]		sFlt-1
74756-8	Soluble fms-like tyrosine kinase-1	CHEM	Immunoassay for the in vitro quantitative determination of soluble fms-like tyrosine-1 (sFlt-1) in human serum. This assay is intended for use as an aid in the diagnosis of preeclampsia, in conjunction with the PlGF assay and other diagnostic and clinical information. This term is based on, but not limited in use to, the Elecsys sFlt-1 assay.	ACTIVE	sFlt-1 Ser-mCnc	Soluble fms-like tyrosine kinase-1 [Mass/volume] in Serum	Soluble fms-like tyrosine kinase-1 (S) [Mass/Vol]		Preeclampsia
74757-6	Soluble fms-like tyrosine kinase-1/placental growth factor	CHEM	sFlt-1 levels are higher and PIGF levels lower in women that develop preeclampsia than women with a normal pregnancy.  The sFlt-1/PIGF ratio may be a better indicator of preeclampsia than either value by itself.  This term is based on, but not limited in use to, the Elecsys PIGF (Human placental growth factor) and sFlt-1 assays.	ACTIVE	sFlt-1/PIGF d Ser-Rto	Soluble fms-like tyrosine kinase-1/placental growth factor [Ratio] in Serum	Soluble fms-like tyrosine kinase-1/placental growth factor (S) [Ratio]		PIGF d
41292-4	Soluble mesothelin related proteins	CHEM		ACTIVE	SMRP SerPl-sCnc	Soluble mesothelin related proteins [Moles/volume] in Serum or Plasma	Soluble mesothelin related proteins [Moles/Vol]		Mesothelioma
41292-4	Soluble mesothelin related proteins	CHEM		ACTIVE	SMRP SerPl-sCnc	Soluble mesothelin related proteins [Moles/volume] in Serum or Plasma	Soluble mesothelin related proteins [Moles/Vol]		SMRP
103676-3	Soluble triggering receptor expressed on myeloid cells-1	CHEM	Immunoassay for measuring the in vitro quantitative determination of sTREM-1 in human plasma.	ACTIVE	sTREM-1 SerPl IA-mCnc	Soluble triggering receptor expressed on myeloid cells-1 [Mass/volume] in Serum or Plasma by Immunoassay	Soluble triggering receptor expressed on myeloid cells-1 IA [Mass/Vol]		sTREM-1
101170-9	Soluble urokinase plasminogen activator receptor	CHEM		ACTIVE	suPAR SerPl-mCnc	Soluble urokinase plasminogen activator receptor [Mass/volume] in Serum or Plasma	Soluble urokinase plasminogen activator receptor [Mass/Vol]		Recptr
101170-9	Soluble urokinase plasminogen activator receptor	CHEM		ACTIVE	suPAR SerPl-mCnc	Soluble urokinase plasminogen activator receptor [Mass/volume] in Serum or Plasma	Soluble urokinase plasminogen activator receptor [Mass/Vol]		suPAR
101170-9	Soluble urokinase plasminogen activator receptor	CHEM		ACTIVE	suPAR SerPl-mCnc	Soluble urokinase plasminogen activator receptor [Mass/volume] in Serum or Plasma	Soluble urokinase plasminogen activator receptor [Mass/Vol]		PLG
101170-9	Soluble urokinase plasminogen activator receptor	CHEM		ACTIVE	suPAR SerPl-mCnc	Soluble urokinase plasminogen activator receptor [Mass/volume] in Serum or Plasma	Soluble urokinase plasminogen activator receptor [Mass/Vol]		PLGN
101170-9	Soluble urokinase plasminogen activator receptor	CHEM		ACTIVE	suPAR SerPl-mCnc	Soluble urokinase plasminogen activator receptor [Mass/volume] in Serum or Plasma	Soluble urokinase plasminogen activator receptor [Mass/Vol]		Recp
101170-9	Soluble urokinase plasminogen activator receptor	CHEM		ACTIVE	suPAR SerPl-mCnc	Soluble urokinase plasminogen activator receptor [Mass/volume] in Serum or Plasma	Soluble urokinase plasminogen activator receptor [Mass/Vol]		Recept
101170-9	Soluble urokinase plasminogen activator receptor	CHEM		ACTIVE	suPAR SerPl-mCnc	Soluble urokinase plasminogen activator receptor [Mass/volume] in Serum or Plasma	Soluble urokinase plasminogen activator receptor [Mass/Vol]		Receptors
101170-9	Soluble urokinase plasminogen activator receptor	CHEM		ACTIVE	suPAR SerPl-mCnc	Soluble urokinase plasminogen activator receptor [Mass/volume] in Serum or Plasma	Soluble urokinase plasminogen activator receptor [Mass/Vol]		Profibrinolysin
101170-9	Soluble urokinase plasminogen activator receptor	CHEM		ACTIVE	suPAR SerPl-mCnc	Soluble urokinase plasminogen activator receptor [Mass/volume] in Serum or Plasma	Soluble urokinase plasminogen activator receptor [Mass/Vol]		Rec
2486-9	Somatomedins	CHEM		DISCOURAGED	Somatomedins SerPl-mCnc	Somatomedins [Mass/volume] in Serum or Plasma	Somatomedins [Mass/Vol]		Insulin-like growth factors
48126-7	Somatotropin^15M pre dose ornithine	CHEM		ACTIVE	GH 15M pre Orn SerPl-aCnc	Somatotropin [Units/volume] in Serum or Plasma --15 minutes pre dose ornithine	Somatotropin 15 Min pre dose ornithine Qn		15M pre Orn
56983-0	Somatotropin^1H post resting	CHEM		ACTIVE	GH 1h p resting SerPl-mCnc	Somatotropin [Mass/volume] in Serum or Plasma --1 hour post resting	Somatotropin 1 Hr post resting [Mass/Vol]		1h p resting
95850-4	Somatotropin^30M post dose macimorelin	CHEM		ACTIVE	GH 30M p Macimorelin Ser IA-mCnc	Somatotropin [Mass/volume] in Serum by Immunoassay --30 minutes post dose macimorelin	Somatotropin 30 Min post dose macimorelin IA (S) [Mass/Vol]		30M p Macimorelin
56981-4	Somatotropin^30M post resting	CHEM		ACTIVE	GH 30M p resting SerPl-mCnc	Somatotropin [Mass/volume] in Serum or Plasma --30 minutes post resting	Somatotropin 30 Min post resting [Mass/Vol]		30M p resting
95849-6	Somatotropin^45M post dose macimorelin	CHEM		ACTIVE	GH 45M p Macimorelin Ser IA-mCnc	Somatotropin [Mass/volume] in Serum by Immunoassay --45 minutes post dose macimorelin	Somatotropin 45 Min post dose macimorelin IA (S) [Mass/Vol]		45M p Macimorelin
95848-8	Somatotropin^60M post dose macimorelin	CHEM		ACTIVE	GH 60M p Macimorelin Ser IA-mCnc	Somatotropin [Mass/volume] in Serum by Immunoassay --60 minutes post dose macimorelin	Somatotropin 60 Min post dose macimorelin IA (S) [Mass/Vol]		60M p Macimorelin
95847-0	Somatotropin^90M post dose macimorelin	CHEM		ACTIVE	GH 90M p Macimorelin Ser IA-mCnc	Somatotropin [Mass/volume] in Serum by Immunoassay --90 minutes post dose macimorelin	Somatotropin 90 Min post dose macimorelin IA (S) [Mass/Vol]		90M p Macimorelin
56982-2	Somatotropin^90M post resting	CHEM		ACTIVE	GH 90M p resting SerPl-mCnc	Somatotropin [Mass/volume] in Serum or Plasma --90 minutes post resting	Somatotropin 90 Min post resting [Mass/Vol]		90M p resting
114470-8	S-Phenylmercapturic Acid	CHEM		ACTIVE	SPMA Ur-mCnc	S-Phenylmercapturic Acid [Mass/volume] in Urine	S-Phenylmercapturic Acid (U) [Mass/Vol]		SPMA
102055-1	Sphinganine	CHEM		ACTIVE	Sphinganine Ser LC/MS/MS-mCnc	Sphinganine [Mass/volume] in Serum by LC/MS/MS	Sphinganine LC/MS/MS (S) [Mass/Vol]		Dihydrosphingosine
102055-1	Sphinganine	CHEM		ACTIVE	Sphinganine Ser LC/MS/MS-mCnc	Sphinganine [Mass/volume] in Serum by LC/MS/MS	Sphinganine LC/MS/MS (S) [Mass/Vol]		D-erythro-Sphinganine
102055-1	Sphinganine	CHEM		ACTIVE	Sphinganine Ser LC/MS/MS-mCnc	Sphinganine [Mass/volume] in Serum by LC/MS/MS	Sphinganine LC/MS/MS (S) [Mass/Vol]		Octadecasphinganine
102056-9	Sphingosine	CHEM		ACTIVE	Sphingosine Ser LC/MS/MS-mCnc	Sphingosine [Mass/volume] in Serum by LC/MS/MS	Sphingosine LC/MS/MS (S) [Mass/Vol]		123-78-4
102056-9	Sphingosine	CHEM		ACTIVE	Sphingosine Ser LC/MS/MS-mCnc	Sphingosine [Mass/volume] in Serum by LC/MS/MS	Sphingosine LC/MS/MS (S) [Mass/Vol]		D-erythro-Sphingosine
102056-9	Sphingosine	CHEM		ACTIVE	Sphingosine Ser LC/MS/MS-mCnc	Sphingosine [Mass/volume] in Serum by LC/MS/MS	Sphingosine LC/MS/MS (S) [Mass/Vol]		D-Sphingosine
57716-3	State printed on filter paper card	CHEM	This is the state pre-printed on the NBS card	ACTIVE	State printed on card NBS card	State printed on filter paper card [Identifier] in NBS card	State printed on filter paper card Nom (NBS card) [ID]		State printed on card
30560-7	Stearoylcarnitine (C18)	CHEM		ACTIVE	Stearoylcarn SerPl-sCnc	Stearoylcarnitine (C18) [Moles/volume] in Serum or Plasma	C18 [Moles/Vol]		Steroylcarnitine
74887-1	Stigmastanol	CHEM		ACTIVE	Stigmastanol SerPl-sCnc	Stigmastanol [Moles/volume] in Serum or Plasma	Stigmastanol [Moles/Vol]		Fucostanol
74887-1	Stigmastanol	CHEM		ACTIVE	Stigmastanol SerPl-sCnc	Stigmastanol [Moles/volume] in Serum or Plasma	Stigmastanol [Moles/Vol]		Sitostanol
74887-1	Stigmastanol	CHEM		ACTIVE	Stigmastanol SerPl-sCnc	Stigmastanol [Moles/volume] in Serum or Plasma	Stigmastanol [Moles/Vol]		beta Sitostanol
75631-2	Stromelysin-1	CHEM		ACTIVE	MMP-3 SerPl-mCnc	Stromelysin-1 [Mass/volume] in Serum or Plasma	Stromelysin-1 [Mass/Vol]		MMP-3
75631-2	Stromelysin-1	CHEM		ACTIVE	MMP-3 SerPl-mCnc	Stromelysin-1 [Mass/volume] in Serum or Plasma	Stromelysin-1 [Mass/Vol]		MMP3
75631-2	Stromelysin-1	CHEM		ACTIVE	MMP-3 SerPl-mCnc	Stromelysin-1 [Mass/volume] in Serum or Plasma	Stromelysin-1 [Mass/Vol]		Matrix metalloproteinase-3
18453-1	Suberylcarnitine (C8-DC)	CHEM		DISCOURAGED	Suberylcarn SerPl-mCnc	Suberylcarnitine (C8-DC) [Mass/volume] in Serum or Plasma	C8-DC [Mass/Vol]		C8DC
18453-1	Suberylcarnitine (C8-DC)	CHEM		DISCOURAGED	Suberylcarn SerPl-mCnc	Suberylcarnitine (C8-DC) [Mass/volume] in Serum or Plasma	C8-DC [Mass/Vol]		C8-DC
35498-5	Succinate cytochrome C reductase	CHEM		ACTIVE	Succinate CyC Reduct Tiss-cCnt	Succinate cytochrome C reductase [Enzymatic activity/mass] in Tissue	Succinate cytochrome C reductase (Tiss) [Catalytic activity/Mass]		Succinate CyC Reduct
34523-1	Succinate semialdehyde dehydrogenase	CHEM		ACTIVE	SSADH WBC-cCnt	Succinate semialdehyde dehydrogenase [Enzymatic activity/mass] in Leukocytes	Succinate semialdehyde dehydrogenase (WBC) [Catalytic activity/Mass]		SSADH
34523-1	Succinate semialdehyde dehydrogenase	CHEM		ACTIVE	SSADH WBC-cCnt	Succinate semialdehyde dehydrogenase [Enzymatic activity/mass] in Leukocytes	Succinate semialdehyde dehydrogenase (WBC) [Catalytic activity/Mass]		SSAD
13813-1	Succinylacetone/Creatinine	CHEM		DISCOURAGED	Succinylacetone/Creat Ur	Succinylacetone/Creatinine [Mass Ratio] in Urine	Succinylacetone/Creatinine (U) [Mass ratio]		SUAC
42682-5	Succinyladenosine	CHEM		ACTIVE	Succinyladenosine CSF-sCnc	Succinyladenosine [Moles/volume] in Cerebrospinal Fluid	Succinyladenosine (CSF) [Moles/Vol]		S-Ado
63553-2	Succinylaminoimidazole carboxamide riboside	CHEM		ACTIVE	SAICAR Ur Ql	Succinylaminoimidazole carboxamide riboside [Presence] in Urine	Succinylaminoimidazole carboxamide riboside Ql (U)		SAICAR
17662-8	Succinylpurines	CHEM		ACTIVE	Succinylpurines Ur Ql	Succinylpurines [Presence] in Urine	Succinylpurines Ql (U)		Succinypurine
17662-8	Succinylpurines	CHEM		ACTIVE	Succinylpurines Ur Ql	Succinylpurines [Presence] in Urine	Succinylpurines Ql (U)		Succinyl purine
17662-8	Succinylpurines	CHEM		ACTIVE	Succinylpurines Ur Ql	Succinylpurines [Presence] in Urine	Succinylpurines Ql (U)		Succinylpurine
14178-8	Sucrase	CHEM		ACTIVE	Sucrase Tiss-cCnt	Sucrase [Enzymatic activity/mass] in Tissue	Sucrase (Tiss) [Catalytic activity/Mass]		Sucrose alpha-glucosidase
14178-8	Sucrase	CHEM		ACTIVE	Sucrase Tiss-cCnt	Sucrase [Enzymatic activity/mass] in Tissue	Sucrase (Tiss) [Catalytic activity/Mass]		Sucrose alpha-d-glucohydrolase
74443-3	Sucrose/Creatinine^post XXX g sugar solution PO	CHEM	Measurement of sucrose per creatinine levels in urine collected for 5 hours after oral ingestion of a sugar solution (e.g. mannitol and lactulose). This test is used as a diagnostic aid for a variety of gastrointestinal diseases and evaluation of therapeutic interventions in both children and adults. [PMID: 7714684]	ACTIVE	Sucrose/Creat p sug sol 5h Ur-sRto	Sucrose/Creatinine [Molar ratio] in 5 hour Urine --post XXX g sugar solution PO	Sucrose/Creatinine post Unsp g sugar solution PO (5 hour U) [Molar ratio]		p sug sol
2976-9	Sulfate.inorganic	CHEM		ACTIVE	Inorg Sulfate SerPl-mCnc	Sulfate.inorganic [Mass/volume] in Serum or Plasma	Sulfate.inorganic [Mass/Vol]		Inorg Sulfate
17667-7	Sulfate.organic/Sulfate.total	CHEM		ACTIVE	Sulfate Organic MFr Ur	Sulfate.organic/Sulfate.total in Urine	Sulfate.organic/Total sulfate (U) [Mass fraction]		Sulfate Organic
17667-7	Sulfate.organic/Sulfate.total	CHEM		ACTIVE	Sulfate Organic MFr Ur	Sulfate.organic/Sulfate.total in Urine	Sulfate.organic/Total sulfate (U) [Mass fraction]		T sulfate
4683-9	Sulfhemoglobin	CHEM		ACTIVE	SulfHgb Bld-mCnc	Sulfhemoglobin [Mass/volume] in Blood	Sulfhemoglobin (Bld) [Mass/Vol]		SHb
4683-9	Sulfhemoglobin	CHEM		ACTIVE	SulfHgb Bld-mCnc	Sulfhemoglobin [Mass/volume] in Blood	Sulfhemoglobin (Bld) [Mass/Vol]		SulfHgb
4683-9	Sulfhemoglobin	CHEM		ACTIVE	SulfHgb Bld-mCnc	Sulfhemoglobin [Mass/volume] in Blood	Sulfhemoglobin (Bld) [Mass/Vol]		Sulfmethemoglobin
4683-9	Sulfhemoglobin	CHEM		ACTIVE	SulfHgb Bld-mCnc	Sulfhemoglobin [Mass/volume] in Blood	Sulfhemoglobin (Bld) [Mass/Vol]		Sulfhaemoglobin
4683-9	Sulfhemoglobin	CHEM		ACTIVE	SulfHgb Bld-mCnc	Sulfhemoglobin [Mass/volume] in Blood	Sulfhemoglobin (Bld) [Mass/Vol]		Sulfhb
9350-0	Sulfhydryls	CHEM	Metabolic screen	ACTIVE	Sulfhydryls Ur Ql	Sulfhydryls [Presence] in Urine	Sulfhydryls Ql (U)		Metabolic screen
58457-3	Sulfites	CHEM		ACTIVE	Sulfites Ur Ql Strip	Sulfites [Presence] in Urine by Test strip	Sulfites Test strip Ql (U)		Sulfite
33876-4	Sulfocysteine/Creatinine	CHEM		ACTIVE	Sulfocysteine/Creat Ur-sRto	Sulfocysteine/Creatinine [Molar ratio] in Urine	Sulfocysteine/Creatinine (U) [Molar ratio]		Cys(SO3H)
90239-5	Suppression of tumorigenicity 2.soluble	CHEM		ACTIVE	ST2.soluble Ser IA-mCnc	ST2.soluble [Mass/volume] in Serum by Immunoassay	ST2.soluble IA (S) [Mass/Vol]		ST2.soluble
74541-4	Surfactant pulmonary-associated protein D	CHEM	The submitters lab measures Surfactant pulmonary-associated protein D (SFTPD) by a sandwich enzyme immune assay (reference interval < 200 ng/ml). SFTPD values > 500 ng/ml are considered abnormal and require further investigation of the clinical condition of the patient.	ACTIVE	SFTPD Ser-mCnc	Surfactant pulmonary-associated protein D [Mass/volume] in Serum	Surfactant pulmonary-associated protein D (S) [Mass/Vol]		SP-D
74541-4	Surfactant pulmonary-associated protein D	CHEM	The submitters lab measures Surfactant pulmonary-associated protein D (SFTPD) by a sandwich enzyme immune assay (reference interval < 200 ng/ml). SFTPD values > 500 ng/ml are considered abnormal and require further investigation of the clinical condition of the patient.	ACTIVE	SFTPD Ser-mCnc	Surfactant pulmonary-associated protein D [Mass/volume] in Serum	Surfactant pulmonary-associated protein D (S) [Mass/Vol]		SFTPD
101845-6	Sweat analysis specialist review	CHEM		ACTIVE	Sweat analys spec rev	Sweat analysis specialist review of results	Sweat analysis specialist review Nar (Sweat) [Interp] Nar (Sweat) [Interp]		Sweat analys spec rev
101845-6	Sweat analysis specialist review	CHEM		ACTIVE	Sweat analys spec rev	Sweat analysis specialist review of results	Sweat analysis specialist review Nar (Sweat) [Interp] Nar (Sweat) [Interp]		SWT
114458-3	Systolic flow/Diastolic flow	CHEM		ACTIVE	Sys flow/Dias MoM Uterine a	Systolic flow/Diastolic flow [Multiple of the median] in Uterine artery	Systolic flow/Diastolic flow (Uterine artery) [MoM]		Sys flow
114458-3	Systolic flow/Diastolic flow	CHEM		ACTIVE	Sys flow/Dias MoM Uterine a	Systolic flow/Diastolic flow [Multiple of the median] in Uterine artery	Systolic flow/Diastolic flow (Uterine artery) [MoM]		Syst
114458-3	Systolic flow/Diastolic flow	CHEM		ACTIVE	Sys flow/Dias MoM Uterine a	Systolic flow/Diastolic flow [Multiple of the median] in Uterine artery	Systolic flow/Diastolic flow (Uterine artery) [MoM]		Multiple of the median
114458-3	Systolic flow/Diastolic flow	CHEM		ACTIVE	Sys flow/Dias MoM Uterine a	Systolic flow/Diastolic flow [Multiple of the median] in Uterine artery	Systolic flow/Diastolic flow (Uterine artery) [MoM]		MoM
114458-3	Systolic flow/Diastolic flow	CHEM		ACTIVE	Sys flow/Dias MoM Uterine a	Systolic flow/Diastolic flow [Multiple of the median] in Uterine artery	Systolic flow/Diastolic flow (Uterine artery) [MoM]		Sys
101649-2	Tau protein	CHEM		ACTIVE	Tau Prot CSF IA-mCnc	Tau protein [Mass/volume] in Cerebrospinal Fluid by Immunoassay	Tau protein IA (CSF) [Mass/Vol]		Alzheimers disease
101649-2	Tau protein	CHEM		ACTIVE	Tau Prot CSF IA-mCnc	Tau protein [Mass/volume] in Cerebrospinal Fluid by Immunoassay	Tau protein IA (CSF) [Mass/Vol]		Alzheimer disease
103675-5	Tau protein.phosphorylated 181	CHEM		ACTIVE	p-tau181 Plas IA-mCnc	Phosphorylated tau 181 [Mass/volume] in Plasma by Immunoassay	Phosphorylated tau 181 IA (P) [Mass/Vol]		threonine 181
103675-5	Tau protein.phosphorylated 181	CHEM		ACTIVE	p-tau181 Plas IA-mCnc	Phosphorylated tau 181 [Mass/volume] in Plasma by Immunoassay	Phosphorylated tau 181 IA (P) [Mass/Vol]		Thr181
103675-5	Tau protein.phosphorylated 181	CHEM		ACTIVE	p-tau181 Plas IA-mCnc	Phosphorylated tau 181 [Mass/volume] in Plasma by Immunoassay	Phosphorylated tau 181 IA (P) [Mass/Vol]		pThr181
103675-5	Tau protein.phosphorylated 181	CHEM		ACTIVE	p-tau181 Plas IA-mCnc	Phosphorylated tau 181 [Mass/volume] in Plasma by Immunoassay	Phosphorylated tau 181 IA (P) [Mass/Vol]		phospho T181
103675-5	Tau protein.phosphorylated 181	CHEM		ACTIVE	p-tau181 Plas IA-mCnc	Phosphorylated tau 181 [Mass/volume] in Plasma by Immunoassay	Phosphorylated tau 181 IA (P) [Mass/Vol]		181P
104663-0	Tau protein.phosphorylated 217	CHEM		ACTIVE	p-tau217 SerPl IA-mCnc	Tau protein.phosphorylated 217 [Mass/volume] in Serum or Plasma by Immunoassay	Tau protein.phosphorylated 217 IA [Mass/Vol]		p-tau217
111517-9	Tau protein.phosphorylated 217/Amyloid beta 42 peptide	CHEM		ACTIVE	p-tau217/AL beta42 SerPl-Rto	Tau protein.phosphorylated 217/Amyloid beta 42 peptide [Ratio] in Serum or Plasma	Tau protein.phosphorylated 217/Amyloid beta 42 peptide [Ratio]		p-tau217/AL beta42
106940-0	Tau protein.phosphorylated 217/Tau protein.unphosphorylated 217	CHEM		ACTIVE	p-tau217/np-tau217 Plas LC/MS/MS	Tau protein.phosphorylated 217/Tau protein.unphosphorylated 217 [Mass Ratio] in Plasma by LC/MS/MS	Tau protein.phosphorylated 217/Tau protein.unphosphorylated 217 LC/MS/MS (P) [Mass ratio]		np-tau217
106940-0	Tau protein.phosphorylated 217/Tau protein.unphosphorylated 217	CHEM		ACTIVE	p-tau217/np-tau217 Plas LC/MS/MS	Tau protein.phosphorylated 217/Tau protein.unphosphorylated 217 [Mass Ratio] in Plasma by LC/MS/MS	Tau protein.phosphorylated 217/Tau protein.unphosphorylated 217 LC/MS/MS (P) [Mass ratio]		p-tau217/np-tau217
106940-0	Tau protein.phosphorylated 217/Tau protein.unphosphorylated 217	CHEM		ACTIVE	p-tau217/np-tau217 Plas LC/MS/MS	Tau protein.phosphorylated 217/Tau protein.unphosphorylated 217 [Mass Ratio] in Plasma by LC/MS/MS	Tau protein.phosphorylated 217/Tau protein.unphosphorylated 217 LC/MS/MS (P) [Mass ratio]		u-Tau217
106940-0	Tau protein.phosphorylated 217/Tau protein.unphosphorylated 217	CHEM		ACTIVE	p-tau217/np-tau217 Plas LC/MS/MS	Tau protein.phosphorylated 217/Tau protein.unphosphorylated 217 [Mass Ratio] in Plasma by LC/MS/MS	Tau protein.phosphorylated 217/Tau protein.unphosphorylated 217 LC/MS/MS (P) [Mass ratio]		T217
101752-4	Tau protein/Tau protein.phosphorilated 181	CHEM		ACTIVE	Tau Prot/p-tau181 MRto CSF	Tau protein/Tau protein.phosphorilated 181 [Mass Ratio] in Cerebral spinal fluid	Tau protein/Tau protein.phosphorilated 181 (CSF) [Mass ratio]		p-tau181
101752-4	Tau protein/Tau protein.phosphorilated 181	CHEM		ACTIVE	Tau Prot/p-tau181 MRto CSF	Tau protein/Tau protein.phosphorilated 181 [Mass Ratio] in Cerebral spinal fluid	Tau protein/Tau protein.phosphorilated 181 (CSF) [Mass ratio]		Tau prot/Tau prot.phos 181
13415-5	Taurine	CHEM		ACTIVE	Taurine Amn-mCnc	Taurine [Mass/volume] in Amniotic fluid	Taurine (Amn fld) [Mass/Vol]		Tau
93328-3	Taurochenodeoxycholate	CHEM		ACTIVE	TCDCA SerPl-sCnc	Taurochenodeoxycholate [Moles/volume] in Serum or Plasma	Taurochenodeoxycholate [Moles/Vol]		TCDCA
93326-7	Taurodeoxycholate	CHEM		ACTIVE	TDCA SerPl-sCnc	Taurodeoxycholate [Moles/volume] in Serum or Plasma	Taurodeoxycholate [Moles/Vol]		TDCA
93325-9	Taurohyodeoxycholate	CHEM		ACTIVE	THDCA SerPl-sCnc	Taurohyodeoxycholate [Moles/volume] in Serum or Plasma	Taurohyodeoxycholate [Moles/Vol]		THDCA
93324-2	Taurolithocholate	CHEM		ACTIVE	TLCA SerPl-sCnc	Taurolithocholate [Moles/volume] in Serum or Plasma	Taurolithocholate [Moles/Vol]		TLCA
93323-4	Tauroursodeoxycholate	CHEM		ACTIVE	TUDCA SerPl-sCnc	Tauroursodeoxycholate [Moles/volume] in Serum or Plasma	Tauroursodeoxycholate [Moles/Vol]		TUDCA
62320-7	T-cell receptor excision circle	CHEM	In newborn screening laboratories where dried blood spots (DBS) are the only available specimens, the test for T cell receptor excision circles (TREC) has been established as a reliable method in population-based pilot studies. TRECs are circular episomal DNA generated at the rearrangement of T cell antigen-receptor gene segments during maturation of T lymphocytes in the thymus. They are non-replicating byproducts that stay in the recent thymic emigrants in the peripheral blood. As such, they can serve as sensitive markers of T cell production in the newborn infant.	ACTIVE	TREC # DBS NAA+probe	T-cell receptor excision circle [#/volume] in DBS by NAA with probe detection	T-cell receptor excision circle NAA+probe (DBS) [#/Vol]		TREC
106983-0	Testis expressed Protein 101	CHEM	This term represents an assay for a testis-specific glycoprotein that is highly expressed in spermatocytes and spermatids. This biomarker is used to assess male fertility, with levels below 0.2 ng/mL being highly predictive of sperm retrieval failure in karyotypically normal men with non-obstructive azoospermia.	ACTIVE	TEX101 Smn IA-mCnc	Testis expressed Protein 101 [Mass/volume] in Semen by Immunoassay	Testis expressed Protein 101 IA (Sem) [Mass/Vol]		NYD-SP8
106983-0	Testis expressed Protein 101	CHEM	This term represents an assay for a testis-specific glycoprotein that is highly expressed in spermatocytes and spermatids. This biomarker is used to assess male fertility, with levels below 0.2 ng/mL being highly predictive of sperm retrieval failure in karyotypically normal men with non-obstructive azoospermia.	ACTIVE	TEX101 Smn IA-mCnc	Testis expressed Protein 101 [Mass/volume] in Semen by Immunoassay	Testis expressed Protein 101 IA (Sem) [Mass/Vol]		CT131
106983-0	Testis expressed Protein 101	CHEM	This term represents an assay for a testis-specific glycoprotein that is highly expressed in spermatocytes and spermatids. This biomarker is used to assess male fertility, with levels below 0.2 ng/mL being highly predictive of sperm retrieval failure in karyotypically normal men with non-obstructive azoospermia.	ACTIVE	TEX101 Smn IA-mCnc	Testis expressed Protein 101 [Mass/volume] in Semen by Immunoassay	Testis expressed Protein 101 IA (Sem) [Mass/Vol]		Testis expressed 101
106983-0	Testis expressed Protein 101	CHEM	This term represents an assay for a testis-specific glycoprotein that is highly expressed in spermatocytes and spermatids. This biomarker is used to assess male fertility, with levels below 0.2 ng/mL being highly predictive of sperm retrieval failure in karyotypically normal men with non-obstructive azoospermia.	ACTIVE	TEX101 Smn IA-mCnc	Testis expressed Protein 101 [Mass/volume] in Semen by Immunoassay	Testis expressed Protein 101 IA (Sem) [Mass/Vol]		TEX101
106983-0	Testis expressed Protein 101	CHEM	This term represents an assay for a testis-specific glycoprotein that is highly expressed in spermatocytes and spermatids. This biomarker is used to assess male fertility, with levels below 0.2 ng/mL being highly predictive of sperm retrieval failure in karyotypically normal men with non-obstructive azoospermia.	ACTIVE	TEX101 Smn IA-mCnc	Testis expressed Protein 101 [Mass/volume] in Semen by Immunoassay	Testis expressed Protein 101 IA (Sem) [Mass/Vol]		Testicle
106983-0	Testis expressed Protein 101	CHEM	This term represents an assay for a testis-specific glycoprotein that is highly expressed in spermatocytes and spermatids. This biomarker is used to assess male fertility, with levels below 0.2 ng/mL being highly predictive of sperm retrieval failure in karyotypically normal men with non-obstructive azoospermia.	ACTIVE	TEX101 Smn IA-mCnc	Testis expressed Protein 101 [Mass/volume] in Semen by Immunoassay	Testis expressed Protein 101 IA (Sem) [Mass/Vol]		TES101RP
106983-0	Testis expressed Protein 101	CHEM	This term represents an assay for a testis-specific glycoprotein that is highly expressed in spermatocytes and spermatids. This biomarker is used to assess male fertility, with levels below 0.2 ng/mL being highly predictive of sperm retrieval failure in karyotypically normal men with non-obstructive azoospermia.	ACTIVE	TEX101 Smn IA-mCnc	Testis expressed Protein 101 [Mass/volume] in Semen by Immunoassay	Testis expressed Protein 101 IA (Sem) [Mass/Vol]		SPATA44
106983-0	Testis expressed Protein 101	CHEM	This term represents an assay for a testis-specific glycoprotein that is highly expressed in spermatocytes and spermatids. This biomarker is used to assess male fertility, with levels below 0.2 ng/mL being highly predictive of sperm retrieval failure in karyotypically normal men with non-obstructive azoospermia.	ACTIVE	TEX101 Smn IA-mCnc	Testis expressed Protein 101 [Mass/volume] in Semen by Immunoassay	Testis expressed Protein 101 IA (Sem) [Mass/Vol]		SGRG
106983-0	Testis expressed Protein 101	CHEM	This term represents an assay for a testis-specific glycoprotein that is highly expressed in spermatocytes and spermatids. This biomarker is used to assess male fertility, with levels below 0.2 ng/mL being highly predictive of sperm retrieval failure in karyotypically normal men with non-obstructive azoospermia.	ACTIVE	TEX101 Smn IA-mCnc	Testis expressed Protein 101 [Mass/volume] in Semen by Immunoassay	Testis expressed Protein 101 IA (Sem) [Mass/Vol]		GTPR867
106983-0	Testis expressed Protein 101	CHEM	This term represents an assay for a testis-specific glycoprotein that is highly expressed in spermatocytes and spermatids. This biomarker is used to assess male fertility, with levels below 0.2 ng/mL being highly predictive of sperm retrieval failure in karyotypically normal men with non-obstructive azoospermia.	ACTIVE	TEX101 Smn IA-mCnc	Testis expressed Protein 101 [Mass/volume] in Semen by Immunoassay	Testis expressed Protein 101 IA (Sem) [Mass/Vol]		PRO1884
49041-7	Testosterone	CHEM		ACTIVE	Testost SerPl DL<=1.0 ng/dL-mCnc	Testosterone [Mass/volume] in Serum or Plasma by Detection limit <= 1.0 ng/dL	Testosterone DL <= 1.0 ng/dL [Mass/Vol]		=1.0 ng/dL
70239-9	Testosterone	CHEM	The detection limit of <= 3.47 pmol/L is the molar equivalent for <= 1.0 ng/dL (see LOINC 49041-7).	ACTIVE	Testost SerPl DL<= 3.47 pmol/L-sCnc	Testosterone [Moles/volume] in Serum or Plasma by Detection limit <= 3.47 pmol/L	Testosterone DL <= 3.47 pmol/L [Moles/Vol]		= 3.47 pmol/L
107500-1	Testosterone^3H post XXX challenge	CHEM		ACTIVE	Testost 3h p chal SerPl LC/MS/MS-mCnc	Testosterone [Mass/volume] in Serum or Plasma by LC/MS/MS --3 hours post XXX challenge	Testosterone 3 Hr post Unsp challenge LC/MS/MS [Mass/Vol]		3h p chal
107501-9	Testosterone^4H post XXX challenge	CHEM		ACTIVE	Testost 4h p chal SerPl LC/MS/MS-mCnc	Testosterone [Mass/volume] in Serum or Plasma by LC/MS/MS --4 hours post XXX challenge	Testosterone 4 Hr post Unsp challenge LC/MS/MS [Mass/Vol]		Test^4H p XXX chal
107501-9	Testosterone^4H post XXX challenge	CHEM		ACTIVE	Testost 4h p chal SerPl LC/MS/MS-mCnc	Testosterone [Mass/volume] in Serum or Plasma by LC/MS/MS --4 hours post XXX challenge	Testosterone 4 Hr post Unsp challenge LC/MS/MS [Mass/Vol]		4h p chal
21555-8	Testosterone^^adjusted for sex hormone binding globulin	CHEM		ACTIVE	Testost SHBG adj SerPl-mCnc	Testosterone [Mass/volume] adjusted for sex hormone binding globulin in Serum or Plasma	Testosterone adjusted for sex hormone binding globulin [Mass/Vol]		SHBG adj
41869-9	Testosterone.bioavailable+Free/Testosterone.total	CHEM		DEPRECATED	Deprecated Testost Bioavail+Free MFr Ser	Deprecated Testosterone.bioavailable+Free/Testosterone.total in Serum or Plasma	Testosterone.bioavailable+Free/Testosterone.total [Mass fraction]		Testost Bioavail+Free
30123-4	Testosterone.bound	CHEM		ACTIVE	Testost Bnd SerPl-mCnc	Testosterone.bound [Mass/volume] in Serum or Plasma	Testosterone.bound [Mass/Vol]		Testost Bnd
103227-5	Testosterone.free	CHEM		ACTIVE	Testost Free SerPl Calc-mCnc	Testosterone Free [Mass/volume] in Serum or Plasma by Calculation	Testosterone Free Calc [Mass/Vol]		Nanjee-Wheeler
103227-5	Testosterone.free	CHEM		ACTIVE	Testost Free SerPl Calc-mCnc	Testosterone Free [Mass/volume] in Serum or Plasma by Calculation	Testosterone Free Calc [Mass/Vol]		Ly-Handelsman
103227-5	Testosterone.free	CHEM		ACTIVE	Testost Free SerPl Calc-mCnc	Testosterone Free [Mass/volume] in Serum or Plasma by Calculation	Testosterone Free Calc [Mass/Vol]		Vermeulen
103227-5	Testosterone.free	CHEM		ACTIVE	Testost Free SerPl Calc-mCnc	Testosterone Free [Mass/volume] in Serum or Plasma by Calculation	Testosterone Free Calc [Mass/Vol]		Sodergard
17686-7	Testosterone.weakly bound	CHEM		ACTIVE	Testost Wkly Bnd SerPl-mCnc	Testosterone.weakly bound [Mass/volume] in Serum or Plasma	Testosterone.weakly bound [Mass/Vol]		Testost Wkly Bnd
35148-6	Tetradecadienoate	CHEM		ACTIVE	Tdecadienoate SerPl-sCnc	Tetradecadienoate (C14:2) [Moles/volume] in Serum or Plasma	Tetradecadienoate (C14:2) [Moles/Vol]		Tetradecadienoic acid
35148-6	Tetradecadienoate	CHEM		ACTIVE	Tdecadienoate SerPl-sCnc	Tetradecadienoate (C14:2) [Moles/volume] in Serum or Plasma	Tetradecadienoate (C14:2) [Moles/Vol]		Tdecadienoate
18456-4	Tetradecadienoylcarnitine (C14:2)	CHEM		DISCOURAGED	Tdecadienoylcarn SerPl-mCnc	Tetradecadienoylcarnitine (C14:2) [Mass/volume] in Serum or Plasma	C14:2 [Mass/Vol]		C14:2
18456-4	Tetradecadienoylcarnitine (C14:2)	CHEM		DISCOURAGED	Tdecadienoylcarn SerPl-mCnc	Tetradecadienoylcarnitine (C14:2) [Mass/volume] in Serum or Plasma	C14:2 [Mass/Vol]		Tdecadienoylcarn
50061-1	Tetradecanedioate/Creatinine	CHEM		ACTIVE	Tdecanedioate/Creat Ur-sRto	Tetradecanedioate/Creatinine [Molar ratio] in Urine	Tetradecanedioate/Creatinine (U) [Molar ratio]		Tdecanedioate
30565-6	Tetradecanoylcarnitine (C14)	CHEM		ACTIVE	Tdecanoylcarn SerPl-sCnc	Tetradecanoylcarnitine (C14) [Moles/volume] in Serum or Plasma	C14 [Moles/Vol]		Tdecanoylcarn
30565-6	Tetradecanoylcarnitine (C14)	CHEM		ACTIVE	Tdecanoylcarn SerPl-sCnc	Tetradecanoylcarnitine (C14) [Moles/volume] in Serum or Plasma	C14 [Moles/Vol]		C14
30565-6	Tetradecanoylcarnitine (C14)	CHEM		ACTIVE	Tdecanoylcarn SerPl-sCnc	Tetradecanoylcarnitine (C14) [Moles/volume] in Serum or Plasma	C14 [Moles/Vol]		Myristoylcarnitine
50062-9	Tetradecenedioate/Creatinine	CHEM		ACTIVE	Tdecenedioate/Creat Ur-sRto	Tetradecenedioate/Creatinine [Molar ratio] in Urine	Tetradecenedioate/Creatinine (U) [Molar ratio]		Tdecenedioate
18457-2	Tetradecenoylcarnitine (C14:1)	CHEM		DISCOURAGED	Tdecenoylcarn SerPl-mCnc	Tetradecenoylcarnitine (C14:1) [Mass/volume] in Serum or Plasma	C14:1 [Mass/Vol]		C14:1
18457-2	Tetradecenoylcarnitine (C14:1)	CHEM		DISCOURAGED	Tdecenoylcarn SerPl-mCnc	Tetradecenoylcarnitine (C14:1) [Mass/volume] in Serum or Plasma	C14:1 [Mass/Vol]		Tdecenoylcarn
95569-0	Tetrahydro-11-corticosterone	CHEM		ACTIVE	TH-11-corticosterone 24h Ur-mRate	Tetrahydro-11-corticosterone [Mass/time] in 24 hour Urine	Tetrahydro-11-corticosterone (24H U) [Mass/Time]		TH-11-corticosterone
107340-2	Tetrahydroaldosterone	CHEM		ACTIVE	THaldost 24h Ur LC/MS/MS-sCnc	Tetrahydroaldosterone [Moles/volume] in 24 hour Urine by LC/MS/MS	Tetrahydroaldosterone LC/MS/MS (24H U) [Moles/Vol]		THaldost
107340-2	Tetrahydroaldosterone	CHEM		ACTIVE	THaldost 24h Ur LC/MS/MS-sCnc	Tetrahydroaldosterone [Moles/volume] in 24 hour Urine by LC/MS/MS	Tetrahydroaldosterone LC/MS/MS (24H U) [Moles/Vol]		TH-A
107560-5	Tetrahydroaldosterone-3-glucuronide	CHEM		ACTIVE	THaldost 3 glucu 24h Ur-sRate	Tetrahydroaldosterone-3-glucuronide [Moles/time] in 24 hour Urine	Tetrahydroaldosterone-3-glucuronide (24H U) [Moles/Time]		THaldost 3 glucu
33877-2	Tetrahydrobiopterin/Biopterin	CHEM	A low %BH4 is characteristic of dihydropteridine reductase deficiency, which leads to phenylalanine hydroxylase deficiency, which lesds to phenylketonuria	ACTIVE	Biopterin H4/Biopterin SFr Ur	Tetrahydrobiopterin/Biopterin in Urine	Tetrahydrobiopterin/Biopterin (U) [Molar fraction]		Biopterin H4
33877-2	Tetrahydrobiopterin/Biopterin	CHEM	A low %BH4 is characteristic of dihydropteridine reductase deficiency, which leads to phenylalanine hydroxylase deficiency, which lesds to phenylketonuria	ACTIVE	Biopterin H4/Biopterin SFr Ur	Tetrahydrobiopterin/Biopterin in Urine	Tetrahydrobiopterin/Biopterin (U) [Molar fraction]		Biopterin deficiency
33877-2	Tetrahydrobiopterin/Biopterin	CHEM	A low %BH4 is characteristic of dihydropteridine reductase deficiency, which leads to phenylalanine hydroxylase deficiency, which lesds to phenylketonuria	ACTIVE	Biopterin H4/Biopterin SFr Ur	Tetrahydrobiopterin/Biopterin in Urine	Tetrahydrobiopterin/Biopterin (U) [Molar fraction]		Hyperphenylalaninaemia
33877-2	Tetrahydrobiopterin/Biopterin	CHEM	A low %BH4 is characteristic of dihydropteridine reductase deficiency, which leads to phenylalanine hydroxylase deficiency, which lesds to phenylketonuria	ACTIVE	Biopterin H4/Biopterin SFr Ur	Tetrahydrobiopterin/Biopterin in Urine	Tetrahydrobiopterin/Biopterin (U) [Molar fraction]		BH4 deficiency
33877-2	Tetrahydrobiopterin/Biopterin	CHEM	A low %BH4 is characteristic of dihydropteridine reductase deficiency, which leads to phenylalanine hydroxylase deficiency, which lesds to phenylketonuria	ACTIVE	Biopterin H4/Biopterin SFr Ur	Tetrahydrobiopterin/Biopterin in Urine	Tetrahydrobiopterin/Biopterin (U) [Molar fraction]		BH4
82908-5	Tetrahydrocortisol/5-alpha tetrahydrocortisol	CHEM		ACTIVE	THF/5A-THF 24h Ur-sRto	Tetrahydrocortisol/5-Alpha tetrahydrocortisol [Molar ratio] in 24 hour Urine	Tetrahydrocortisol/5-Alpha tetrahydrocortisol (24H U) [Molar ratio]		5A-THF
82856-6	Tetrahydrocortisol+5-alpha tetrahydrocortisol/Tetrahydrocortisone	CHEM		ACTIVE	THF+5a-THC/THE Ur-sRto	Tetrahydrocortisol+5-alpha tetrahydrocortisol/Tetrahydrocortisone [Molar ratio] in Urine	Tetrahydrocortisol+5-alpha tetrahydrocortisol/Tetrahydrocortisone (U) [Molar ratio]		THE
2997-5	Tetrahydrofolate	CHEM		ACTIVE	THfolate Plas-mCnc	Tetrahydrofolate [Mass/volume] in Plasma	Tetrahydrofolate (P) [Mass/Vol]		Tetrahydrofolic acid
2997-5	Tetrahydrofolate	CHEM		ACTIVE	THfolate Plas-mCnc	Tetrahydrofolate [Mass/volume] in Plasma	Tetrahydrofolate (P) [Mass/Vol]		FH4
2997-5	Tetrahydrofolate	CHEM		ACTIVE	THfolate Plas-mCnc	Tetrahydrofolate [Mass/volume] in Plasma	Tetrahydrofolate (P) [Mass/Vol]		THFA
2997-5	Tetrahydrofolate	CHEM		ACTIVE	THfolate Plas-mCnc	Tetrahydrofolate [Mass/volume] in Plasma	Tetrahydrofolate (P) [Mass/Vol]		THfolate
49115-9	Thiamine.free	CHEM		ACTIVE	Vit B1 free Bld-mCnc	Thiamine.free [Mass/volume] in Blood	Thiamine.free (Bld) [Mass/Vol]		Vit B1 free
3000-7	Thiamine pyrophosphate	CHEM		ACTIVE	Vit B1 Pyrophoshate Ser-mCnc	Thiamine pyrophosphate [Mass/volume] in Serum	Thiamine pyrophosphate (S) [Mass/Vol]		ThPP
3000-7	Thiamine pyrophosphate	CHEM		ACTIVE	Vit B1 Pyrophoshate Ser-mCnc	Thiamine pyrophosphate [Mass/volume] in Serum	Thiamine pyrophosphate (S) [Mass/Vol]		Thiamine diphosphate
3000-7	Thiamine pyrophosphate	CHEM		ACTIVE	Vit B1 Pyrophoshate Ser-mCnc	Thiamine pyrophosphate [Mass/volume] in Serum	Thiamine pyrophosphate (S) [Mass/Vol]		TPP
3000-7	Thiamine pyrophosphate	CHEM		ACTIVE	Vit B1 Pyrophoshate Ser-mCnc	Thiamine pyrophosphate [Mass/volume] in Serum	Thiamine pyrophosphate (S) [Mass/Vol]		Vit B1 Pyrophoshate
3000-7	Thiamine pyrophosphate	CHEM		ACTIVE	Vit B1 Pyrophoshate Ser-mCnc	Thiamine pyrophosphate [Mass/volume] in Serum	Thiamine pyrophosphate (S) [Mass/Vol]		ThDP
91141-2	Thiopurine methyltransferase	CHEM		ACTIVE	TPMT RBC production of 6-MMP-cCnc	TPMT activity in RBC by production of 6-MMP	Thiopurine methyltransferase production of 6-MMP (RBC) [Catalytic activity/Vol]		production of 6-MMP
91142-0	Thiopurine methyltransferase	CHEM		ACTIVE	TPMT RBC production 6-MMP riboside-cCnc	TPMT activity in RBC by production of 6-MMP riboside	Thiopurine methyltransferase production of 6-MMP riboside (RBC) [Catalytic activity/Vol]		production of 6-MMP riboside
91143-8	Thiopurine methyltransferase	CHEM		ACTIVE	TPMT RBC production 6-MTG riboside-cCnc	TPMT activity in RBC by production of 6-MTG riboside	Thiopurine methyltransferase production of 6-MTG riboside (RBC) [Catalytic activity/Vol]		production of 6-MTG riboside
12420-6	Thiosulfate	CHEM		ACTIVE	Thiosulfate Ur-mCnc	Thiosulfate [Mass/volume] in Urine	Thiosulfate (U) [Mass/Vol]		Thiosulphate
48154-9	Threo-4,5-Dihydrohexanoate/Creatinine	CHEM		ACTIVE	Threo-4,5-DHA/Creat Ur-sRto	Threo-4,5-Dihydrohexanoate/Creatinine [Molar ratio] in Urine	Threo-4,5-Dihydrohexanoate/Creatinine (U) [Molar ratio]		Threo-4,5-dihydrohexanoic acid
48154-9	Threo-4,5-Dihydrohexanoate/Creatinine	CHEM		ACTIVE	Threo-4,5-DHA/Creat Ur-sRto	Threo-4,5-Dihydrohexanoate/Creatinine [Molar ratio] in Urine	Threo-4,5-Dihydrohexanoate/Creatinine (U) [Molar ratio]		Threo-4,5-DHA
48155-6	Threo-4,5-Dihydrohexanolactone/Creatinine	CHEM		ACTIVE	Threo-4,5-DHL/Creat Ur-sRto	Threo-4,5-Dihydrohexanolactone/Creatinine [Molar ratio] in Urine	Threo-4,5-Dihydrohexanolactone/Creatinine (U) [Molar ratio]		Threo-4,5-DHL
13416-3	Threonine	CHEM		ACTIVE	Threonine Amn-mCnc	Threonine [Mass/volume] in Amniotic fluid	Threonine (Amn fld) [Mass/Vol]		Thr
3011-4	Thromboxane alpha 2	CHEM		ACTIVE	TXA2 Ser-mCnc	Thromboxane alpha 2 [Mass/volume] in Serum	Thromboxane alpha 2 (S) [Mass/Vol]		TxA2
3011-4	Thromboxane alpha 2	CHEM		ACTIVE	TXA2 Ser-mCnc	Thromboxane alpha 2 [Mass/volume] in Serum	Thromboxane alpha 2 (S) [Mass/Vol]		Thromboxane a2
98097-9	Thymic stromal lymphopoietin	CHEM		ACTIVE	TSLP SerPl-mCnc	Thymic stromal lymphopoietin [Mass/volume] in Serum or Plasma	Thymic stromal lymphopoietin [Mass/Vol]		TSLP
33988-7	Thymidine phosphorylase	CHEM		ACTIVE	ThdPase WBC-cCnt	Thymidine phosphorylase [Enzymatic activity/mass] in Leukocytes	Thymidine phosphorylase (WBC) [Catalytic activity/Mass]		ThdPase
48157-2	Thymine/Creatinine	CHEM		ACTIVE	Thymine/Creat Ur-sRto	Thymine/Creatinine [Molar ratio] in Urine	Thymine/Creatinine (U) [Molar ratio]		5-Methyluracil
96460-1	Thyroglobulin^post thyroglobulin antibody neutralization	CHEM	This assay is intended to report the concentration of thyroglobulin (Tg) based on a confirmatory method, whereby the possible confounding effect of thyroglobulin antibodies (Ab) in patient serum or plasma is removed by first adsorbing Tg-specific Ab prior to performing the thyroglobulin assay.	ACTIVE	Thyrogl p thyrogl Ab neut SerPl IA-mCnc	Thyroglobulin [Mass/volume] in Serum or Plasma by Immunoassay --post thyroglobulin antibody neutralization	Thyroglobulin post thyroglobulin antibody neutralization IA [Mass/Vol]		p TG Ab neut
96460-1	Thyroglobulin^post thyroglobulin antibody neutralization	CHEM	This assay is intended to report the concentration of thyroglobulin (Tg) based on a confirmatory method, whereby the possible confounding effect of thyroglobulin antibodies (Ab) in patient serum or plasma is removed by first adsorbing Tg-specific Ab prior to performing the thyroglobulin assay.	ACTIVE	Thyrogl p thyrogl Ab neut SerPl IA-mCnc	Thyroglobulin [Mass/volume] in Serum or Plasma by Immunoassay --post thyroglobulin antibody neutralization	Thyroglobulin post thyroglobulin antibody neutralization IA [Mass/Vol]		Thyroglob^p thyroglob Ab neut
38505-4	Thyroglobulin recovery	CHEM		ACTIVE	Thyroglob Recovery MFr SerPl	Thyroglobulin recovery in Serum or Plasma	Thyroglobulin recovery [Mass fraction]		Thyroglob Recovery
38505-4	Thyroglobulin recovery	CHEM		ACTIVE	Thyroglob Recovery MFr SerPl	Thyroglobulin recovery in Serum or Plasma	Thyroglobulin recovery [Mass fraction]		TgR
46764-7	Thyroid binding globulin deficiency	CHEM		DISCOURAGED	TBG Deficiency DBS-Imp	Thyroid binding globulin deficiency newborn screen interpretation	Thyroid binding globulin deficiency Ql (DBS) [Interp]		TBG Deficiency
74794-9	Thyroid hormone binding ratio	CHEM		ACTIVE	THBR SerPl	Thyroid hormone binding ratio (THBR) in Serum or Plasma	Thyroid hormone binding ratio (THBR) [Relative ratio]		THBR
74793-1	Thyroid hormone uptake	CHEM		ACTIVE	T-uptake NFr SerPl	Thyroid hormone uptake (T-uptake) in Serum or Plasma	Thyroid hormone uptake (T-uptake)		T-uptake
74793-1	Thyroid hormone uptake	CHEM		ACTIVE	T-uptake NFr SerPl	Thyroid hormone uptake (T-uptake) in Serum or Plasma	Thyroid hormone uptake (T-uptake)		Thyroxine Uptake
82368-2	Thyroid secretory capacity	CHEM	Thyroid secretory capacity (also called thyroid output or GT) is the maximum secretion rate of the thyroid gland under stimulated conditions. The structure parameter inference approach (SPINA) uses Michaelis-Menten functions and pharmakokinetic data to estimate GT under conditions of substrate saturation. One calculation is based on peripheral TSH, free T4, thyroid binding globulin and thyroid binding prealbumin values, and an alternate calculation uses peripheral TSH and total T4. GT calculated using the SPINA approach is also known as SPINA-GT. SPINA-GT may be useful in diagnosing secondary or tertiary thyroid conditions and has also been shown to be able to clearly differentiate between euthyroidism and functional thyroid disorders of primary origin. [PMID: 27375554] Peripheral deiodinase activity by SPINA, called SPINA-GD, is a related result [LOINC: 82367-4].	ACTIVE	Thyr secr cap SerPl Calc SPINA-sRate	Thyroid secretory capacity [Moles/time] in Serum or Plasma by Calculated.SPINA	Thyroid secretory capacity Calculated by SPINA [Moles/Time]		Thyr secr cap
82368-2	Thyroid secretory capacity	CHEM	Thyroid secretory capacity (also called thyroid output or GT) is the maximum secretion rate of the thyroid gland under stimulated conditions. The structure parameter inference approach (SPINA) uses Michaelis-Menten functions and pharmakokinetic data to estimate GT under conditions of substrate saturation. One calculation is based on peripheral TSH, free T4, thyroid binding globulin and thyroid binding prealbumin values, and an alternate calculation uses peripheral TSH and total T4. GT calculated using the SPINA approach is also known as SPINA-GT. SPINA-GT may be useful in diagnosing secondary or tertiary thyroid conditions and has also been shown to be able to clearly differentiate between euthyroidism and functional thyroid disorders of primary origin. [PMID: 27375554] Peripheral deiodinase activity by SPINA, called SPINA-GD, is a related result [LOINC: 82367-4].	ACTIVE	Thyr secr cap SerPl Calc SPINA-sRate	Thyroid secretory capacity [Moles/time] in Serum or Plasma by Calculated.SPINA	Thyroid secretory capacity Calculated by SPINA [Moles/Time]		Thyroid output
82368-2	Thyroid secretory capacity	CHEM	Thyroid secretory capacity (also called thyroid output or GT) is the maximum secretion rate of the thyroid gland under stimulated conditions. The structure parameter inference approach (SPINA) uses Michaelis-Menten functions and pharmakokinetic data to estimate GT under conditions of substrate saturation. One calculation is based on peripheral TSH, free T4, thyroid binding globulin and thyroid binding prealbumin values, and an alternate calculation uses peripheral TSH and total T4. GT calculated using the SPINA approach is also known as SPINA-GT. SPINA-GT may be useful in diagnosing secondary or tertiary thyroid conditions and has also been shown to be able to clearly differentiate between euthyroidism and functional thyroid disorders of primary origin. [PMID: 27375554] Peripheral deiodinase activity by SPINA, called SPINA-GD, is a related result [LOINC: 82367-4].	ACTIVE	Thyr secr cap SerPl Calc SPINA-sRate	Thyroid secretory capacity [Moles/time] in Serum or Plasma by Calculated.SPINA	Thyroid secretory capacity Calculated by SPINA [Moles/Time]		Thyroid capacity
82368-2	Thyroid secretory capacity	CHEM	Thyroid secretory capacity (also called thyroid output or GT) is the maximum secretion rate of the thyroid gland under stimulated conditions. The structure parameter inference approach (SPINA) uses Michaelis-Menten functions and pharmakokinetic data to estimate GT under conditions of substrate saturation. One calculation is based on peripheral TSH, free T4, thyroid binding globulin and thyroid binding prealbumin values, and an alternate calculation uses peripheral TSH and total T4. GT calculated using the SPINA approach is also known as SPINA-GT. SPINA-GT may be useful in diagnosing secondary or tertiary thyroid conditions and has also been shown to be able to clearly differentiate between euthyroidism and functional thyroid disorders of primary origin. [PMID: 27375554] Peripheral deiodinase activity by SPINA, called SPINA-GD, is a related result [LOINC: 82367-4].	ACTIVE	Thyr secr cap SerPl Calc SPINA-sRate	Thyroid secretory capacity [Moles/time] in Serum or Plasma by Calculated.SPINA	Thyroid secretory capacity Calculated by SPINA [Moles/Time]		SPINA-GT
11579-0	Thyrotropin	CHEM	This is a so called 2nd generation test and "detection limit" given is the analytic detection limit (Functional detection limit would be higher)	ACTIVE	TSH SerPl DL<=0.05 mIU/L-aCnc	Thyrotropin [Units/volume] in Serum or Plasma by Detection limit <= 0.05 mIU/L	TSH DL <= 0.05 mIU/L Qn		2nd generation TSH
11579-0	Thyrotropin	CHEM	This is a so called 2nd generation test and "detection limit" given is the analytic detection limit (Functional detection limit would be higher)	ACTIVE	TSH SerPl DL<=0.05 mIU/L-aCnc	Thyrotropin [Units/volume] in Serum or Plasma by Detection limit <= 0.05 mIU/L	TSH DL <= 0.05 mIU/L Qn		DL&lt
11579-0	Thyrotropin	CHEM	This is a so called 2nd generation test and "detection limit" given is the analytic detection limit (Functional detection limit would be higher)	ACTIVE	TSH SerPl DL<=0.05 mIU/L-aCnc	Thyrotropin [Units/volume] in Serum or Plasma by Detection limit <= 0.05 mIU/L	TSH DL <= 0.05 mIU/L Qn		=0.05 mIU/L
11580-8	Thyrotropin	CHEM	This is a so called 3rd generation test and "detection limit" given is the analytic detection limit (Functional detection limit would be higher)	ACTIVE	TSH SerPl DL<=0.005 mIU/L-aCnc	Thyrotropin [Units/volume] in Serum or Plasma by Detection limit <= 0.005 mIU/L	TSH DL <= 0.005 mIU/L Qn		3rd generation TSH
11580-8	Thyrotropin	CHEM	This is a so called 3rd generation test and "detection limit" given is the analytic detection limit (Functional detection limit would be higher)	ACTIVE	TSH SerPl DL<=0.005 mIU/L-aCnc	Thyrotropin [Units/volume] in Serum or Plasma by Detection limit <= 0.005 mIU/L	TSH DL <= 0.005 mIU/L Qn		=0.005 mIU/L
11580-8	Thyrotropin	CHEM	This is a so called 3rd generation test and "detection limit" given is the analytic detection limit (Functional detection limit would be higher)	ACTIVE	TSH SerPl DL<=0.005 mIU/L-aCnc	Thyrotropin [Units/volume] in Serum or Plasma by Detection limit <= 0.005 mIU/L	TSH DL <= 0.005 mIU/L Qn		High sensitivity TSH
45173-2	Thyrotropin.alpha subunit	CHEM		ACTIVE	TSH Alpha SerPl-mCnc	Thyrotropin.alpha subunit [Mass/volume] in Serum or Plasma	TSH.alpha [Mass/Vol]		TSH Alpha
13897-4	Thyrotropin.beta subunit	CHEM		ACTIVE	TSH Beta SerPl-mCnc	Thyrotropin.beta subunit [Mass/volume] in Serum or Plasma	TSH.beta [Mass/Vol]		TSH Beta
13897-4	Thyrotropin.beta subunit	CHEM		ACTIVE	TSH Beta SerPl-mCnc	Thyrotropin.beta subunit [Mass/volume] in Serum or Plasma	TSH.beta [Mass/Vol]		Beta thyroid stimulating hormone
13897-4	Thyrotropin.beta subunit	CHEM		ACTIVE	TSH Beta SerPl-mCnc	Thyrotropin.beta subunit [Mass/volume] in Serum or Plasma	TSH.beta [Mass/Vol]		Beta TSH
30151-5	Thyrotropin.long acting	CHEM		ACTIVE	LA TSH SerPl-aCnc	Thyrotropin.long acting [Units/volume] in Serum or Plasma	TSH.long acting Qn		LA TSH
3018-9	Thyrotropin releasing hormone	CHEM		ACTIVE	Thyrotropin releasing horm Plas-mCnc	Thyrotropin releasing hormone [Mass/volume] in Plasma	TRH (P) [Mass/Vol]		Thyroliberin
11062-7	Thyroxine.albumin bound	CHEM		ACTIVE	T4 Alb Bnd SerPl-mCnc	Thyroxine (T4).albumin bound [Mass/volume] in Serum or Plasma	T4.albumin bound [Mass/Vol]		T4 Alb Bnd
50681-6	Thyroxine binding protein pattern	CHEM		ACTIVE	T4BP pattern SerPl Elph-Imp	Thyroxine binding protein pattern [Interpretation] in Serum or Plasma by Electrophoresis	Thyroxine binding protein pattern Elph [Interp]		T4BP pattern
100978-6	Thyroxine.free.gestational	CHEM	During pregnancy, a two-step immunoassay procedure which involves an extra step to remove interfering substances can be performed.   There are often separate reference intervals by gestational age.	ACTIVE	Thyroxine.free.gestational SerPl IA-sCnc	Thyroxine.free.gestational [Moles/volume] in Serum or Plasma by Immunoassay	Thyroxine.free.gestational IA [Moles/Vol]		Gest
100978-6	Thyroxine.free.gestational	CHEM	During pregnancy, a two-step immunoassay procedure which involves an extra step to remove interfering substances can be performed.   There are often separate reference intervals by gestational age.	ACTIVE	Thyroxine.free.gestational SerPl IA-sCnc	Thyroxine.free.gestational [Moles/volume] in Serum or Plasma by Immunoassay	Thyroxine.free.gestational IA [Moles/Vol]		FreeT4
100978-6	Thyroxine.free.gestational	CHEM	During pregnancy, a two-step immunoassay procedure which involves an extra step to remove interfering substances can be performed.   There are often separate reference intervals by gestational age.	ACTIVE	Thyroxine.free.gestational SerPl IA-sCnc	Thyroxine.free.gestational [Moles/volume] in Serum or Plasma by Immunoassay	Thyroxine.free.gestational IA [Moles/Vol]		FT4
100978-6	Thyroxine.free.gestational	CHEM	During pregnancy, a two-step immunoassay procedure which involves an extra step to remove interfering substances can be performed.   There are often separate reference intervals by gestational age.	ACTIVE	Thyroxine.free.gestational SerPl IA-sCnc	Thyroxine.free.gestational [Moles/volume] in Serum or Plasma by Immunoassay	Thyroxine.free.gestational IA [Moles/Vol]		Gestation
100978-6	Thyroxine.free.gestational	CHEM	During pregnancy, a two-step immunoassay procedure which involves an extra step to remove interfering substances can be performed.   There are often separate reference intervals by gestational age.	ACTIVE	Thyroxine.free.gestational SerPl IA-sCnc	Thyroxine.free.gestational [Moles/volume] in Serum or Plasma by Immunoassay	Thyroxine.free.gestational IA [Moles/Vol]		Levothyroxine
100978-6	Thyroxine.free.gestational	CHEM	During pregnancy, a two-step immunoassay procedure which involves an extra step to remove interfering substances can be performed.   There are often separate reference intervals by gestational age.	ACTIVE	Thyroxine.free.gestational SerPl IA-sCnc	Thyroxine.free.gestational [Moles/volume] in Serum or Plasma by Immunoassay	Thyroxine.free.gestational IA [Moles/Vol]		Levo-thyroxine
100978-6	Thyroxine.free.gestational	CHEM	During pregnancy, a two-step immunoassay procedure which involves an extra step to remove interfering substances can be performed.   There are often separate reference intervals by gestational age.	ACTIVE	Thyroxine.free.gestational SerPl IA-sCnc	Thyroxine.free.gestational [Moles/volume] in Serum or Plasma by Immunoassay	Thyroxine.free.gestational IA [Moles/Vol]		L-thyroxine
100978-6	Thyroxine.free.gestational	CHEM	During pregnancy, a two-step immunoassay procedure which involves an extra step to remove interfering substances can be performed.   There are often separate reference intervals by gestational age.	ACTIVE	Thyroxine.free.gestational SerPl IA-sCnc	Thyroxine.free.gestational [Moles/volume] in Serum or Plasma by Immunoassay	Thyroxine.free.gestational IA [Moles/Vol]		T4 Free
100978-6	Thyroxine.free.gestational	CHEM	During pregnancy, a two-step immunoassay procedure which involves an extra step to remove interfering substances can be performed.   There are often separate reference intervals by gestational age.	ACTIVE	Thyroxine.free.gestational SerPl IA-sCnc	Thyroxine.free.gestational [Moles/volume] in Serum or Plasma by Immunoassay	Thyroxine.free.gestational IA [Moles/Vol]		thyroid hormone
100978-6	Thyroxine.free.gestational	CHEM	During pregnancy, a two-step immunoassay procedure which involves an extra step to remove interfering substances can be performed.   There are often separate reference intervals by gestational age.	ACTIVE	Thyroxine.free.gestational SerPl IA-sCnc	Thyroxine.free.gestational [Moles/volume] in Serum or Plasma by Immunoassay	Thyroxine.free.gestational IA [Moles/Vol]		Thyrox
100978-6	Thyroxine.free.gestational	CHEM	During pregnancy, a two-step immunoassay procedure which involves an extra step to remove interfering substances can be performed.   There are often separate reference intervals by gestational age.	ACTIVE	Thyroxine.free.gestational SerPl IA-sCnc	Thyroxine.free.gestational [Moles/volume] in Serum or Plasma by Immunoassay	Thyroxine.free.gestational IA [Moles/Vol]		Thyroxin
100978-6	Thyroxine.free.gestational	CHEM	During pregnancy, a two-step immunoassay procedure which involves an extra step to remove interfering substances can be performed.   There are often separate reference intervals by gestational age.	ACTIVE	Thyroxine.free.gestational SerPl IA-sCnc	Thyroxine.free.gestational [Moles/volume] in Serum or Plasma by Immunoassay	Thyroxine.free.gestational IA [Moles/Vol]		Thyrx
100978-6	Thyroxine.free.gestational	CHEM	During pregnancy, a two-step immunoassay procedure which involves an extra step to remove interfering substances can be performed.   There are often separate reference intervals by gestational age.	ACTIVE	Thyroxine.free.gestational SerPl IA-sCnc	Thyroxine.free.gestational [Moles/volume] in Serum or Plasma by Immunoassay	Thyroxine.free.gestational IA [Moles/Vol]		Total T4
100978-6	Thyroxine.free.gestational	CHEM	During pregnancy, a two-step immunoassay procedure which involves an extra step to remove interfering substances can be performed.   There are often separate reference intervals by gestational age.	ACTIVE	Thyroxine.free.gestational SerPl IA-sCnc	Thyroxine.free.gestational [Moles/volume] in Serum or Plasma by Immunoassay	Thyroxine.free.gestational IA [Moles/Vol]		TT4
3022-1	Thyroxine free index	CHEM	This index is used to correct the estimated total thyroxine for the amount of thyroxine binding globulin present. It uses the THYROXINE (T4) and the TRIIODOTHYRONINE (T3) UPTAKE INDEX values.	DEPRECATED	Deprecated FTI SerPl-mCnc	Deprecated Thyroxine free index in Serum or Plasma	Free T4 index [Mass/Vol]		T7
3022-1	Thyroxine free index	CHEM	This index is used to correct the estimated total thyroxine for the amount of thyroxine binding globulin present. It uses the THYROXINE (T4) and the TRIIODOTHYRONINE (T3) UPTAKE INDEX values.	DEPRECATED	Deprecated FTI SerPl-mCnc	Deprecated Thyroxine free index in Serum or Plasma	Free T4 index [Mass/Vol]		FT4I
14014-5	Thyroxine.prealbumin bound	CHEM		ACTIVE	T4 PA Bnd SerPl-mCnc	Thyroxine (T4).prealbumin bound [Mass/volume] in Serum or Plasma	T4.prealbumin bound [Mass/Vol]		T4 PA Bnd
14014-5	Thyroxine.prealbumin bound	CHEM		ACTIVE	T4 PA Bnd SerPl-mCnc	Thyroxine (T4).prealbumin bound [Mass/volume] in Serum or Plasma	T4.prealbumin bound [Mass/Vol]		TBPA
14015-2	Thyroxine.prealbumin bound/Prealbumin	CHEM		ACTIVE	T4 PA Bnd/Prealb SerPl	Thyroxine (T4).prealbumin bound/Prealbumin [Mass Ratio] in Serum or Plasma	T4.prealbumin bound/Prealbumin [Mass ratio]		Transthyritren
14016-0	Thyroxine.thyroxine binding globulin bound	CHEM		ACTIVE	T4 TBG Bnd SerPl-mCnc	Thyroxine.thyroxine binding globulin bound [Mass/volume] in Serum or Plasma	T4.TBG bound [Mass/Vol]		T4 TBG Bnd
14016-0	Thyroxine.thyroxine binding globulin bound	CHEM		ACTIVE	T4 TBG Bnd SerPl-mCnc	Thyroxine.thyroxine binding globulin bound [Mass/volume] in Serum or Plasma	T4.TBG bound [Mass/Vol]		T4 TBG
3028-8	Thyroxine/Triiodothyronine uptake index	CHEM		DISCOURAGED	T4/T3 uptake index SerPl	Thyroxine (T4)/Triiodothyronine (T3) uptake index [Mass Ratio] in Serum or Plasma	T4/Triiodothyronine (T3) uptake index [Mass ratio]		T3U
3028-8	Thyroxine/Triiodothyronine uptake index	CHEM		DISCOURAGED	T4/T3 uptake index SerPl	Thyroxine (T4)/Triiodothyronine (T3) uptake index [Mass Ratio] in Serum or Plasma	T4/Triiodothyronine (T3) uptake index [Mass ratio]		T3 uptake index
69573-4	Tiglylcarnitine+methylcrotonylcarnitine (C5:1)	CHEM		ACTIVE	Tgly+Mthyl (C5:1) SerPl-sCnc	Tiglylcarnitine+methylcrotonylcarnitine (C5:1) [Moles/volume] in Serum or Plasma	Tiglylcarnitine+methylcrotonylcarnitine (C5:1) [Moles/Vol]		Tgly+Mthyl (C5:1)
104640-8	Time above range, high	CHEM		ACTIVE	Time high hyper RptPeriod Interest fld	Time above range, high in Reporting Period Interstitial fluid by calculation	Time above range, high Calc (Reporting Period Interstitial fluid)		Time high hyper
104639-0	Time above range, very high	CHEM		ACTIVE	CGM v high RptPrd Intrsttl fld Cal	Time above range, very high in Reporting Period Interstitial fluid by calculation	Time above range, very high Calc (Reporting Period Interstitial fluid)		CGM hyper
104641-6	Time below range, low	CHEM		ACTIVE	Time hypoglycemic RptPrd Intrsttl	Time below range, low in Reporting Period Interstitial fluid by calculation	Time below range, low Calc (Reporting Period Interstitial fluid)		range
104641-6	Time below range, low	CHEM		ACTIVE	Time hypoglycemic RptPrd Intrsttl	Time below range, low in Reporting Period Interstitial fluid by calculation	Time below range, low Calc (Reporting Period Interstitial fluid)		Time &lt
104642-4	Time below range, very low	CHEM		ACTIVE	RptPeriod NFr Interstitial fld Calc	Time below range, very low in Reporting Period Interstitial fluid by calculation	Time below range, very low Calc (Reporting Period Interstitial fluid)		Time very low hypo
103745-6	Time interval between troponin I.high-sensitivity assays	CHEM		ACTIVE	Time interval trop I.high-sensi Patient	Time interval between troponin I.high-sensitivity assays	Time interval between troponin I.high-sensitivity assays		Time interval trop I.high-sensi
74101-7	Tissue inhibitor of metalloproteinases 1	CHEM		ACTIVE	TIMP-1 SerPl IA-mCnc	Tissue inhibitor of metalloproteinases 1 [Mass/volume] in Serum or Plasma by Immunoassay	Tissue inhibitor of metalloproteinases 1 IA [Mass/Vol]		TIMP-1
14179-6	Tissue polypeptide Ag	CHEM		ACTIVE	Tiss Polypept Ag SerPl-mCnc	Tissue polypeptide Ag [Mass/volume] in Serum or Plasma	Tissue polypeptide Ag [Mass/Vol]		Polypeptides
14179-6	Tissue polypeptide Ag	CHEM		ACTIVE	Tiss Polypept Ag SerPl-mCnc	Tissue polypeptide Ag [Mass/volume] in Serum or Plasma	Tissue polypeptide Ag [Mass/Vol]		Tiss Polypept
19184-1	Tissue polypeptide specific Ag	CHEM		ACTIVE	TPS Ag SerPl-aCnc	Tissue polypeptide specific Ag [Units/volume] in Serum or Plasma	Tissue polypeptide specific Ag Qn		Cytokeratin 18+19
74795-6	Total thyroxine binding capacity	CHEM	T-uptake  in T uptake units.  T uptake units bear a rough INVERSE relationship to the other T uptake (See AxSym package insert: http://www.promtest.am/tests/thyroid-diagn/T-Uptake.pdf), but actually measures a different phenomenon (total binding capacity instead of unbound hormone).	ACTIVE	Total TBC SerPl	Total thyroxine binding capacity in Serum or Plasma	Total thyroxine binding capacity [Relative ratio]		Total TBC
73731-2	Transaldolase	CHEM		ACTIVE	Transaldolase Lymphblst-cCnt	Transaldolase [Enzymatic activity/mass] in Lymphoblasts	Transaldolase (Lymphoblasts) [Catalytic activity/Mass]		Lymphblst
38417-2	Trans-cinnamoylglycine/Creatinine	CHEM		ACTIVE	tr-Cinnamoylgly/Creat Ur	Trans-cinnamoylglycine/Creatinine [Mass Ratio] in Urine	Trans-cinnamoylglycine/Creatinine (U) [Mass ratio]		tr-Cinnamoylgly
3029-6	Transcobalamin I	CHEM		DISCOURAGED	Transcobalamin I Ser-mCnc	Transcobalamin I [Mass/volume] in Serum	Transcobalamin I (S) [Mass/Vol]		Haptocorrin
3029-6	Transcobalamin I	CHEM		DISCOURAGED	Transcobalamin I Ser-mCnc	Transcobalamin I [Mass/volume] in Serum	Transcobalamin I (S) [Mass/Vol]		TC-I
3029-6	Transcobalamin I	CHEM		DISCOURAGED	Transcobalamin I Ser-mCnc	Transcobalamin I [Mass/volume] in Serum	Transcobalamin I (S) [Mass/Vol]		Transcobalamin 1
3029-6	Transcobalamin I	CHEM		DISCOURAGED	Transcobalamin I Ser-mCnc	Transcobalamin I [Mass/volume] in Serum	Transcobalamin I (S) [Mass/Vol]		TCI
3029-6	Transcobalamin I	CHEM		DISCOURAGED	Transcobalamin I Ser-mCnc	Transcobalamin I [Mass/volume] in Serum	Transcobalamin I (S) [Mass/Vol]		TC-1
3030-4	Transcobalamin II	CHEM		DISCOURAGED	Transcobalamin II Ser-mCnc	Transcobalamin II [Mass/volume] in Serum	Transcobalamin II (S) [Mass/Vol]		TC-2
3030-4	Transcobalamin II	CHEM		DISCOURAGED	Transcobalamin II Ser-mCnc	Transcobalamin II [Mass/volume] in Serum	Transcobalamin II (S) [Mass/Vol]		Transcobalamin 2
3030-4	Transcobalamin II	CHEM		DISCOURAGED	Transcobalamin II Ser-mCnc	Transcobalamin II [Mass/volume] in Serum	Transcobalamin II (S) [Mass/Vol]		TC-II
3030-4	Transcobalamin II	CHEM		DISCOURAGED	Transcobalamin II Ser-mCnc	Transcobalamin II [Mass/volume] in Serum	Transcobalamin II (S) [Mass/Vol]		TCII
3031-2	Transcobalamin III	CHEM		DISCOURAGED	Transcobalamin III Ser-mCnc	Transcobalamin III [Mass/volume] in Serum	Transcobalamin III (S) [Mass/Vol]		TCIII
3031-2	Transcobalamin III	CHEM		DISCOURAGED	Transcobalamin III Ser-mCnc	Transcobalamin III [Mass/volume] in Serum	Transcobalamin III (S) [Mass/Vol]		TC-III
3031-2	Transcobalamin III	CHEM		DISCOURAGED	Transcobalamin III Ser-mCnc	Transcobalamin III [Mass/volume] in Serum	Transcobalamin III (S) [Mass/Vol]		TC-3
3031-2	Transcobalamin III	CHEM		DISCOURAGED	Transcobalamin III Ser-mCnc	Transcobalamin III [Mass/volume] in Serum	Transcobalamin III (S) [Mass/Vol]		Transcobalamin 3
59211-3	Transcobalamin I+Transcobalamin III	CHEM		ACTIVE	Transcobalamin I+III Ser-sCnc	Transcobalamin I+Transcobalamin III [Moles/volume] in Serum	Transcobalamin I+Transcobalamin III (S) [Moles/Vol]		Transcobalamin I+III
18378-0	Transcortin	CHEM		ACTIVE	Transcortin CSF-mCnc	Transcortin [Mass/volume] in Cerebrospinal Fluid	Transcortin (CSF) [Mass/Vol]		Cortisol binding globulin
18378-0	Transcortin	CHEM		ACTIVE	Transcortin CSF-mCnc	Transcortin [Mass/volume] in Cerebrospinal Fluid	Transcortin (CSF) [Mass/Vol]		Corticosteroid binding globulin
18378-0	Transcortin	CHEM		ACTIVE	Transcortin CSF-mCnc	Transcortin [Mass/volume] in Cerebrospinal Fluid	Transcortin (CSF) [Mass/Vol]		CBG
12949-4	Transferrin.carbohydrate deficient	CHEM		ACTIVE	CDT SerPl-mCnc	Transferrin.carbohydrate deficient [Mass/volume] in Serum or Plasma	Transferrin.carbohydrate deficient [Mass/Vol]		CDT
12949-4	Transferrin.carbohydrate deficient	CHEM		ACTIVE	CDT SerPl-mCnc	Transferrin.carbohydrate deficient [Mass/volume] in Serum or Plasma	Transferrin.carbohydrate deficient [Mass/Vol]		Glycosylated transferrin
21572-3	Transferrin.carbohydrate deficient.asialo/Transferrin.total	CHEM		ACTIVE	CDT Asialo/Tf MFr SerPl	Transferrin.carbohydrate deficient.asialo/Transferrin.total in Serum or Plasma	Transferrin.carbohydrate deficient.asialo/Total transferrin [Mass fraction]		CDT Asialo
21573-1	Transferrin.carbohydrate deficient.disialo/Transferrin.total	CHEM		ACTIVE	CDT Disialo/Tf MFr SerPl	Transferrin.carbohydrate deficient.disialo/Transferrin.total in Serum or Plasma	Transferrin.carbohydrate deficient.disialo/Total transferrin [Mass fraction]		Di-oligo
21573-1	Transferrin.carbohydrate deficient.disialo/Transferrin.total	CHEM		ACTIVE	CDT Disialo/Tf MFr SerPl	Transferrin.carbohydrate deficient.disialo/Transferrin.total in Serum or Plasma	Transferrin.carbohydrate deficient.disialo/Total transferrin [Mass fraction]		CDT Disialo
21574-9	Transferrin.carbohydrate deficient.monosialo/Transferrin.total	CHEM		ACTIVE	CDT Monosialo/Tf MFr SerPl	Transferrin.carbohydrate deficient.monosialo/Transferrin.total in Serum or Plasma	Transferrin.carbohydrate deficient.monosialo/Total transferrin [Mass fraction]		CDT Monosialo
21574-9	Transferrin.carbohydrate deficient.monosialo/Transferrin.total	CHEM		ACTIVE	CDT Monosialo/Tf MFr SerPl	Transferrin.carbohydrate deficient.monosialo/Transferrin.total in Serum or Plasma	Transferrin.carbohydrate deficient.monosialo/Total transferrin [Mass fraction]		Mono-oligo
76613-9	Transferrin.carbohydrate deficient.pentasialo+hexasialo/Transferrin.total	CHEM		ACTIVE	CDT pentasialo+hexasialo/Tf MFr SerPl	Transferrin.carbohydrate deficient.pentasialo+hexasialo/Transferrin.total in Serum or Plasma	Transferrin.carbohydrate deficient.pentasialo+hexasialo/Total transferrin [Mass fraction]		CDT pentasialo+hexasialo
21575-6	Transferrin.carbohydrate deficient.pentasialo/Transferrin.total	CHEM		ACTIVE	CDT Pentasialo/Tf MFr SerPl	Transferrin.carbohydrate deficient.pentasialo/Transferrin.total in Serum or Plasma	Transferrin.carbohydrate deficient.pentasialo/Total transferrin [Mass fraction]		CDT Pentasialo
21576-4	Transferrin.carbohydrate deficient.tetrasialo/Transferrin.total	CHEM		ACTIVE	CDT Tetrasialo/Tf MFr SerPl	Transferrin.carbohydrate deficient.tetrasialo/Transferrin.total in Serum or Plasma	Transferrin.carbohydrate deficient.tetrasialo/Total transferrin [Mass fraction]		CDT Tetrasialo
21577-2	Transferrin.carbohydrate deficient.trisialo/Transferrin.total	CHEM		ACTIVE	CDT Trisialo/Tf MFr SerPl	Transferrin.carbohydrate deficient.trisialo/Transferrin.total in Serum or Plasma	Transferrin.carbohydrate deficient.trisialo/Total transferrin [Mass fraction]		CDT Trisialo
33614-9	Transferrin.carbohydrate deficient.XXX/Transferrin.total	CHEM		ACTIVE	CDT Other/Tf MFr SerPl	Transferrin.carbohydrate deficient.XXX/Transferrin.total in Serum or Plasma	Transferrin.carbohydrate deficient.unspecified/Total transferrin [Mass fraction]		CDT Other
86271-4	Transferrin.gastrointestinal	CHEM		ACTIVE	Transferrin.gastrointestinal Stl IA-mCnc	Transferrin.gastrointestinal [Mass/volume] in Stool by Immunoassay	Transferrin.gastrointestinal IA (Stl) [Mass/Vol]		Occult blood
30248-9	Transferrin receptor.soluble	CHEM		ACTIVE	sTfR SerPl-mCnc	Transferrin receptor.soluble [Mass/volume] in Serum or Plasma	Transferrin receptor.soluble [Mass/Vol]		sTfR
101924-9	Transforming growth factor beta 1	CHEM		ACTIVE	TGF-beta-1 Ur IA-mCnc	Transforming growth factor beta 1 [Mass/volume] in Urine by Immunoassay	Transforming growth factor beta 1 IA (U) [Mass/Vol]		TGF-beta
101924-9	Transforming growth factor beta 1	CHEM		ACTIVE	TGF-beta-1 Ur IA-mCnc	Transforming growth factor beta 1 [Mass/volume] in Urine by Immunoassay	Transforming growth factor beta 1 IA (U) [Mass/Vol]		TGF-beta-1
98860-0	Transforming growth factor beta.free	CHEM		ACTIVE	TGF-beta free SerPl-mCnc	Transforming growth factor beta free [Mass/volume] in Serum or Plasma	Free TGF beta [Mass/Vol]		TGF-beta free
94860-4	Transthyretin	CHEM		ACTIVE	TTR Bld Qn	Transthyretin [Mass] in Blood	Transthyretin (Bld) [Mass]		TTR
94861-2	Transthyretin - transthyretin peak 2	CHEM		ACTIVE	TTR - TTR 2 MDiff Bld	Transthyretin - transthyretin peak 2 [Mass difference] in Blood	Transthyretin - transthyretin peak 2 (Bld) [Mass diff]		TTR - TTR 2
94861-2	Transthyretin - transthyretin peak 2	CHEM		ACTIVE	TTR - TTR 2 MDiff Bld	Transthyretin - transthyretin peak 2 [Mass difference] in Blood	Transthyretin - transthyretin peak 2 (Bld) [Mass diff]		Prealbumin
94861-2	Transthyretin - transthyretin peak 2	CHEM		ACTIVE	TTR - TTR 2 MDiff Bld	Transthyretin - transthyretin peak 2 [Mass difference] in Blood	Transthyretin - transthyretin peak 2 (Bld) [Mass diff]		TTR 2
94863-8	Transthyretin width at half peak height	CHEM		ACTIVE	TTR width at half height Bld Qn	Transthyretin width at half peak height [Mass] in Blood	Transthyretin width at half peak height (Bld) [Mass]		TTR width at half height
107559-7	Triacylglycerol lipase	CHEM		ACTIVE	Lipase Drain-cCnc	Lipase [Enzymatic activity/volume] in Drain	Lipase (Drain) [Catalytic activity/Vol]		Tributyrase
107559-7	Triacylglycerol lipase	CHEM		ACTIVE	Lipase Drain-cCnc	Lipase [Enzymatic activity/volume] in Drain	Lipase (Drain) [Catalytic activity/Vol]		LIPA
107559-7	Triacylglycerol lipase	CHEM		ACTIVE	Lipase Drain-cCnc	Lipase [Enzymatic activity/volume] in Drain	Lipase (Drain) [Catalytic activity/Vol]		Tributyrinase
107559-7	Triacylglycerol lipase	CHEM		ACTIVE	Lipase Drain-cCnc	Lipase [Enzymatic activity/volume] in Drain	Lipase (Drain) [Catalytic activity/Vol]		Pancreatic lipase
107559-7	Triacylglycerol lipase	CHEM		ACTIVE	Lipase Drain-cCnc	Lipase [Enzymatic activity/volume] in Drain	Lipase (Drain) [Catalytic activity/Vol]		Steapsin
107559-7	Triacylglycerol lipase	CHEM		ACTIVE	Lipase Drain-cCnc	Lipase [Enzymatic activity/volume] in Drain	Lipase (Drain) [Catalytic activity/Vol]		Lipase
107559-7	Triacylglycerol lipase	CHEM		ACTIVE	Lipase Drain-cCnc	Lipase [Enzymatic activity/volume] in Drain	Lipase (Drain) [Catalytic activity/Vol]		LPS
33620-6	Tricarboxylporphyrin 1	CHEM		ACTIVE	Tri-CP 24h Stl-mRate	Tricarboxylporphyrin 1 [Mass/time] in 24 hour Stool	Tricarboxylporphyrin 1 (24H Stl) [Mass/Time]		Tri-CP
33620-6	Tricarboxylporphyrin 1	CHEM		ACTIVE	Tri-CP 24h Stl-mRate	Tricarboxylporphyrin 1 [Mass/time] in 24 hour Stool	Tricarboxylporphyrin 1 (24H Stl) [Mass/Time]		Harderoporphyrin
33620-6	Tricarboxylporphyrin 1	CHEM		ACTIVE	Tri-CP 24h Stl-mRate	Tricarboxylporphyrin 1 [Mass/time] in 24 hour Stool	Tricarboxylporphyrin 1 (24H Stl) [Mass/Time]		Tricarboxyl porphyrin
33621-4	Tricarboxylporphyrin 3	CHEM		ACTIVE	Tri-CP3 24h Stl-mRate	Tricarboxylporphyrin 3 [Mass/time] in 24 hour Stool	Tricarboxylporphyrin 3 (24H Stl) [Mass/Time]		Tri-CP3
35411-8	Trienoate/Arachidonate	CHEM		ACTIVE	Trienoate/AA SerPl-sRto	Trienoate (C20:3w9)/Arachidonate (C20:4w6) [Molar ratio] in Serum or Plasma	Trienoate (C20:3w9)/Arachidonate (C20:4w6) [Molar ratio]		Trienoic acid
35411-8	Trienoate/Arachidonate	CHEM		ACTIVE	Trienoate/AA SerPl-sRto	Trienoate (C20:3w9)/Arachidonate (C20:4w6) [Molar ratio] in Serum or Plasma	Trienoate (C20:3w9)/Arachidonate (C20:4w6) [Molar ratio]		5,8,11-eicosatrienoic acid 20:3 w9
94865-3	Triglyceride^^corrected for glycerol	CHEM	Used to differentiate true hypertriglyceridemia from pseudohypertriglyceridemia. Triglyceride is normally measured by hydrolyzing triglycerides and measuring the amount of glycerol, but in certain conditions such as glycerol kinase deficiency, free glycerol is significantly elevated, which causes triglyceride to appear falsely elevated. In this assay, free glycerol is removed prior to hydrolysis, so that the glycerol measurement after hydrolysis is a true representation of the triglyceride measurement.	ACTIVE	Trigl Glycer cor Ser-mCnc	Triglyceride [Mass/volume] corrected for glycerol in Serum	Triglyceride corrected for glycerol (S) [Mass/Vol]		Glycer cor
3044-5	Triglyceride+ester.in HDL	CHEM		ACTIVE	Trigl+HDL Ester SerPl-mCnc	Triglyceride+ester in HDL [Mass/volume] in Serum or Plasma	Triglyceride+ester in HDL [Mass/Vol]		Trigl+HDL Ester
3045-2	Triglyceride+ester.in IDL	CHEM		ACTIVE	Trigl+IDL Ester SerPl-mCnc	Triglyceride+ester in IDL [Mass/volume] in Serum or Plasma	Triglyceride+ester in IDL [Mass/Vol]		Trigl+IDL Ester
3046-0	Triglyceride+ester.in LDL	CHEM		ACTIVE	Trigl+LDL Ester SerPl-mCnc	Triglyceride+ester in LDL [Mass/volume] in Serum or Plasma	Triglyceride+ester in LDL [Mass/Vol]		Trigl+LDL Ester
3047-8	Triglyceride+ester.in VLDL	CHEM		ACTIVE	Trigl+VLDL Ester SerPl-mCnc	Triglyceride+ester in VLDL [Mass/volume] in Serum or Plasma	Triglyceride+ester in VLDL [Mass/Vol]		Trigl+VLDL Ester
35362-3	Triglyceride.in chylomicrons	CHEM		ACTIVE	Trig in Chylo SerPl Ql	Triglyceride in Chylomicrons [Presence] in Serum or Plasma	Triglyceride in chylomicrons Ql		Trig in Chylo
53527-8	Triglyceride.in HDL 2	CHEM		ACTIVE	Trigl in HDL2 SerPl-sCnc	Triglyceride in HDL 2 [Moles/volume] in Serum or Plasma	Triglyceride in HDL 2 [Moles/Vol]		Trigl in HDL2
53528-6	Triglyceride.in HDL 3	CHEM		ACTIVE	Trigl in HDL3 SerPl-sCnc	Triglyceride in HDL 3 [Moles/volume] in Serum or Plasma	Triglyceride in HDL 3 [Moles/Vol]		Trigl in HDL3
35360-7	Triglyceride.in lipoprotein (little a)	CHEM		ACTIVE	Lpa Trigl SerPl-mCnc	Triglyceride in Lipoprotein a [Mass/volume] in Serum or Plasma	Triglyceride in lipoprotein a [Mass/Vol]		Lpa Triglyceride
35360-7	Triglyceride.in lipoprotein (little a)	CHEM		ACTIVE	Lpa Trigl SerPl-mCnc	Triglyceride in Lipoprotein a [Mass/volume] in Serum or Plasma	Triglyceride in lipoprotein a [Mass/Vol]		LP(a) Triglyceride
35360-7	Triglyceride.in lipoprotein (little a)	CHEM		ACTIVE	Lpa Trigl SerPl-mCnc	Triglyceride in Lipoprotein a [Mass/volume] in Serum or Plasma	Triglyceride in lipoprotein a [Mass/Vol]		Lpa Trigl
53526-0	Triglyceride.in VLDL	CHEM		ACTIVE	Trigl in VLDL SerPl-sCnc	Triglyceride in VLDL [Moles/volume] in Serum or Plasma	Triglyceride in VLDL [Moles/Vol]		Trigl in VLDL
70259-7	Triglyceride.pericard fld/Triglyceride.serum	CHEM	Pericardial fluid to serum tryglyceride ratio is determined to distinguish cirrohotic (non-malignant) versus malignant ascites.	ACTIVE	Trigl Pcar/Ser	Triglyceride in pericardial fluid/Triglyceride in serum	Triglyceride in pericardial fluid/Triglyceride in serum (Pericard fld+S/P) [Relative ratio]		S-TRIG
70259-7	Triglyceride.pericard fld/Triglyceride.serum	CHEM	Pericardial fluid to serum tryglyceride ratio is determined to distinguish cirrohotic (non-malignant) versus malignant ascites.	ACTIVE	Trigl Pcar/Ser	Triglyceride in pericardial fluid/Triglyceride in serum	Triglyceride in pericardial fluid/Triglyceride in serum (Pericard fld+S/P) [Relative ratio]		PC-TRIG
70259-7	Triglyceride.pericard fld/Triglyceride.serum	CHEM	Pericardial fluid to serum tryglyceride ratio is determined to distinguish cirrohotic (non-malignant) versus malignant ascites.	ACTIVE	Trigl Pcar/Ser	Triglyceride in pericardial fluid/Triglyceride in serum	Triglyceride in pericardial fluid/Triglyceride in serum (Pericard fld+S/P) [Relative ratio]		Trigl Pcar
70260-5	Triglyceride.periton fld/Triglyceride.serum	CHEM	Peritoneal fluid to serum tryglyceride ratio is determined to distinguish cirrohotic (non-malignant) versus malignant ascites.	ACTIVE	Trigl Prt/Ser	Triglyceride in peritoneal fluid/Triglyceride in serum	Triglyceride in peritoneal fluid/Triglyceride in serum (Periton fld+S/P) [Relative ratio]		Trigl Prt
70260-5	Triglyceride.periton fld/Triglyceride.serum	CHEM	Peritoneal fluid to serum tryglyceride ratio is determined to distinguish cirrohotic (non-malignant) versus malignant ascites.	ACTIVE	Trigl Prt/Ser	Triglyceride in peritoneal fluid/Triglyceride in serum	Triglyceride in peritoneal fluid/Triglyceride in serum (Periton fld+S/P) [Relative ratio]		PT-TRIG
70269-6	Triglyceride.plr fld/Triglyceride.serum	CHEM	Pleural fluid to serum triglyceride ratio is determined to help diagnose the cause of pleuritis, pleural effusion, or possible malignancy (exudate vs. transudate conditions).	ACTIVE	Trigl Plr fld/Ser	Triglyceride in pleural fluid/Triglyceride in serum	Triglyceride in pleural fluid/Triglyceride in serum (S/P+Pleur fld) [Relative ratio]		Trigl Plr fld
70269-6	Triglyceride.plr fld/Triglyceride.serum	CHEM	Pleural fluid to serum triglyceride ratio is determined to help diagnose the cause of pleuritis, pleural effusion, or possible malignancy (exudate vs. transudate conditions).	ACTIVE	Trigl Plr fld/Ser	Triglyceride in pleural fluid/Triglyceride in serum	Triglyceride in pleural fluid/Triglyceride in serum (S/P+Pleur fld) [Relative ratio]		PF-TRIG
14929-4	Triiodothyronine.reverse	CHEM		ACTIVE	T3Reverse SerPl-sCnc	Triiodothyronine (T3).reverse [Moles/volume] in Serum or Plasma	T3.reverse [Moles/Vol]		T3Reverse
14929-4	Triiodothyronine.reverse	CHEM		ACTIVE	T3Reverse SerPl-sCnc	Triiodothyronine (T3).reverse [Moles/volume] in Serum or Plasma	T3.reverse [Moles/Vol]		Reverse T3
14929-4	Triiodothyronine.reverse	CHEM		ACTIVE	T3Reverse SerPl-sCnc	Triiodothyronine (T3).reverse [Moles/volume] in Serum or Plasma	T3.reverse [Moles/Vol]		rT3
3054-4	Triiodothyronine.true	CHEM		ACTIVE	T3True SerPl-mCnc	Triiodothyronine (T3).true [Mass/volume] in Serum or Plasma	T3.true [Mass/Vol]		T3True
17748-5	Trimethylamine	CHEM		ACTIVE	Trimet-amine Ur Ql	Trimethylamine [Presence] in Urine	Trimethylamine Ql (U)		Trimet-amine
90360-9	Trimethylamine N-oxide	CHEM		ACTIVE	TMAO SerPl LC/MS/MS-sCnc	Trimethylamine N-oxide [Moles/volume] in Serum or Plasma by LC/MS/MS	Trimethylamine N-oxide LC/MS/MS [Moles/Vol]		TMAO
11063-5	Triosephosphate isomerase	CHEM		ACTIVE	TPI RBC-cCnc	Triosephosphate isomerase [Enzymatic activity/volume] in Red Blood Cells	Triosephosphate isomerase (RBC) [Catalytic activity/Vol]		TIM
11063-5	Triosephosphate isomerase	CHEM		ACTIVE	TPI RBC-cCnc	Triosephosphate isomerase [Enzymatic activity/volume] in Red Blood Cells	Triosephosphate isomerase (RBC) [Catalytic activity/Vol]		Triose phosphate isomerase
11063-5	Triosephosphate isomerase	CHEM		ACTIVE	TPI RBC-cCnc	Triosephosphate isomerase [Enzymatic activity/volume] in Red Blood Cells	Triosephosphate isomerase (RBC) [Catalytic activity/Vol]		Triose phosphate mutase
11063-5	Triosephosphate isomerase	CHEM		ACTIVE	TPI RBC-cCnc	Triosephosphate isomerase [Enzymatic activity/volume] in Red Blood Cells	Triosephosphate isomerase (RBC) [Catalytic activity/Vol]		TPI
34674-2	Tripeptide aminopeptidase	CHEM		ACTIVE	Tripeptide AP SerPl-cCnc	Tripeptide aminopeptidase [Enzymatic activity/volume] in Serum or Plasma	Tripeptide aminopeptidase [Catalytic activity/Vol]		imidoendopeptidase
34674-2	Tripeptide aminopeptidase	CHEM		ACTIVE	Tripeptide AP SerPl-cCnc	Tripeptide aminopeptidase [Enzymatic activity/volume] in Serum or Plasma	Tripeptide aminopeptidase [Catalytic activity/Vol]		peptidase B
34674-2	Tripeptide aminopeptidase	CHEM		ACTIVE	Tripeptide AP SerPl-cCnc	Tripeptide aminopeptidase [Enzymatic activity/volume] in Serum or Plasma	Tripeptide aminopeptidase [Catalytic activity/Vol]		tripeptidase
34674-2	Tripeptide aminopeptidase	CHEM		ACTIVE	Tripeptide AP SerPl-cCnc	Tripeptide aminopeptidase [Enzymatic activity/volume] in Serum or Plasma	Tripeptide aminopeptidase [Catalytic activity/Vol]		Tripeptide AP
34674-2	Tripeptide aminopeptidase	CHEM		ACTIVE	Tripeptide AP SerPl-cCnc	Tripeptide aminopeptidase [Enzymatic activity/volume] in Serum or Plasma	Tripeptide aminopeptidase [Catalytic activity/Vol]		lymphopeptidase
34674-2	Tripeptide aminopeptidase	CHEM		ACTIVE	Tripeptide AP SerPl-cCnc	Tripeptide aminopeptidase [Enzymatic activity/volume] in Serum or Plasma	Tripeptide aminopeptidase [Catalytic activity/Vol]		aminotripeptidase
34674-2	Tripeptide aminopeptidase	CHEM		ACTIVE	Tripeptide AP SerPl-cCnc	Tripeptide aminopeptidase [Enzymatic activity/volume] in Serum or Plasma	Tripeptide aminopeptidase [Catalytic activity/Vol]		aminoexotripeptidase
13496-5	Triple phosphate crystals	CHEM		ACTIVE	Tri-Phos Cry Stone Micro	Triple phosphate crystals [type] in Stone by Light microscopy	Triple phosphate crystals LM Nom (Stone)		Tri-Phos Cry
13496-5	Triple phosphate crystals	CHEM		ACTIVE	Tri-Phos Cry Stone Micro	Triple phosphate crystals [type] in Stone by Light microscopy	Triple phosphate crystals LM Nom (Stone)		Struvite
13496-5	Triple phosphate crystals	CHEM		ACTIVE	Tri-Phos Cry Stone Micro	Triple phosphate crystals [type] in Stone by Light microscopy	Triple phosphate crystals LM Nom (Stone)		Tri-Phos
13496-5	Triple phosphate crystals	CHEM		ACTIVE	Tri-Phos Cry Stone Micro	Triple phosphate crystals [type] in Stone by Light microscopy	Triple phosphate crystals LM Nom (Stone)		Trip
13496-5	Triple phosphate crystals	CHEM		ACTIVE	Tri-Phos Cry Stone Micro	Triple phosphate crystals [type] in Stone by Light microscopy	Triple phosphate crystals LM Nom (Stone)		MAP
13496-5	Triple phosphate crystals	CHEM		ACTIVE	Tri-Phos Cry Stone Micro	Triple phosphate crystals [type] in Stone by Light microscopy	Triple phosphate crystals LM Nom (Stone)		Tri
13496-5	Triple phosphate crystals	CHEM		ACTIVE	Tri-Phos Cry Stone Micro	Triple phosphate crystals [type] in Stone by Light microscopy	Triple phosphate crystals LM Nom (Stone)		Magnesium ammonium phosphate
13496-5	Triple phosphate crystals	CHEM		ACTIVE	Tri-Phos Cry Stone Micro	Triple phosphate crystals [type] in Stone by Light microscopy	Triple phosphate crystals LM Nom (Stone)		Strive
13496-5	Triple phosphate crystals	CHEM		ACTIVE	Tri-Phos Cry Stone Micro	Triple phosphate crystals [type] in Stone by Light microscopy	Triple phosphate crystals LM Nom (Stone)		MgNH4PO4.6H2O
88004-7	Trisomy 18 risk based on maternal age + Pregnancy associated plasma protein A + Choriogonadotropin + Nuchal translucency	CHEM		ACTIVE	Ts 18 risk-age+PAPPA+HCG+NT Fetus	Trisomy 18 risk based on maternal age + Pregnancy associated plasma protein A + Choriogonadotropin + Nuchal translucency [Likelihood] in Fetus	Trisomy 18 risk based on maternal age + Pregnancy associated plasma protein A + Choriogonadotropin + Nuchal translucency Qn (fetus)		Ts 18 risk-Age
88004-7	Trisomy 18 risk based on maternal age + Pregnancy associated plasma protein A + Choriogonadotropin + Nuchal translucency	CHEM		ACTIVE	Ts 18 risk-age+PAPPA+HCG+NT Fetus	Trisomy 18 risk based on maternal age + Pregnancy associated plasma protein A + Choriogonadotropin + Nuchal translucency [Likelihood] in Fetus	Trisomy 18 risk based on maternal age + Pregnancy associated plasma protein A + Choriogonadotropin + Nuchal translucency Qn (fetus)		Ts 18 risk-age+PAPPA+HCG+NT
67816-9	Trisomy 18+Trisomy 13 risk	CHEM		ACTIVE	Trisomy 18+13 risk Fetus	Trisomy 18 + Trisomy 13 risk [Likelihood] in Fetus	Trisomy 18 + Trisomy 13 risk Qn (fetus)		Trisomy 18+13 risk
47222-5	Trisomy 21 risk based on maternal age + Alpha-1-Fetoprotein + Choriogonadotropin + Estriol.unconjugated	CHEM		ACTIVE	Ts 21risk-age+AFP+HCG+uE3 Fetus	Trisomy 21 risk based on maternal age+Alpha-1-Fetoprotein+Choriogonadotropin+Estriol.unconjugated [Likelihood] in Fetus	Trisomy 21 risk based on maternal age+Alpha-1-Fetoprotein+Choriogonadotropin+Estriol.unconjugated Qn (fetus)		Ts 21risk-age
47222-5	Trisomy 21 risk based on maternal age + Alpha-1-Fetoprotein + Choriogonadotropin + Estriol.unconjugated	CHEM		ACTIVE	Ts 21risk-age+AFP+HCG+uE3 Fetus	Trisomy 21 risk based on maternal age+Alpha-1-Fetoprotein+Choriogonadotropin+Estriol.unconjugated [Likelihood] in Fetus	Trisomy 21 risk based on maternal age+Alpha-1-Fetoprotein+Choriogonadotropin+Estriol.unconjugated Qn (fetus)		Ts 21risk-age+AFP+HCG+uE3
49030-0	Trisomy 21 risk based on maternal age + Pregnancy associated plasma protein A + Choriogonadotropin + Nuchal translucency	CHEM		ACTIVE	Ts 21 risk-age+PAPPA+HCG+NT Fetus	Trisomy 21 risk based on maternal age+Pregnancy associated plasma protein A+Choriogonadotropin+Nuchal translucency [Likelihood] in Fetus	Trisomy 21 risk based on maternal age+Pregnancy associated plasma protein A+Choriogonadotropin+Nuchal translucency Qn (fetus)		Ts 21 risk-age+PAPPA+HCG+NT
49059-9	Trisomy 21+Trisomy 18 risk	CHEM		ACTIVE	Ts 21+Ts 18 risk Fetus	Trisomy 21+Trisomy 18 risk [Likelihood] in Fetus	Trisomy 21+Trisomy 18 risk Qn (fetus)		First trimester fetal risk
49059-9	Trisomy 21+Trisomy 18 risk	CHEM		ACTIVE	Ts 21+Ts 18 risk Fetus	Trisomy 21+Trisomy 18 risk [Likelihood] in Fetus	Trisomy 21+Trisomy 18 risk Qn (fetus)		Ts 21+Ts 18 risk
101375-4	Troponin I.cardiac^2H post baseline measurement	CHEM		ACTIVE	Troponin I 2H bs meas SerPl Calc-MCDiff	Troponin I.cardiac [Mass concentration difference] in Serum or Plasma by Calculation --2H post baseline measurement	Troponin I.cardiac 2H post baseline measurement Calc [Mass conc diff]		BS
101375-4	Troponin I.cardiac^2H post baseline measurement	CHEM		ACTIVE	Troponin I 2H bs meas SerPl Calc-MCDiff	Troponin I.cardiac [Mass concentration difference] in Serum or Plasma by Calculation --2H post baseline measurement	Troponin I.cardiac 2H post baseline measurement Calc [Mass conc diff]		TrI
101375-4	Troponin I.cardiac^2H post baseline measurement	CHEM		ACTIVE	Troponin I 2H bs meas SerPl Calc-MCDiff	Troponin I.cardiac [Mass concentration difference] in Serum or Plasma by Calculation --2H post baseline measurement	Troponin I.cardiac 2H post baseline measurement Calc [Mass conc diff]		cTnI
101375-4	Troponin I.cardiac^2H post baseline measurement	CHEM		ACTIVE	Troponin I 2H bs meas SerPl Calc-MCDiff	Troponin I.cardiac [Mass concentration difference] in Serum or Plasma by Calculation --2H post baseline measurement	Troponin I.cardiac 2H post baseline measurement Calc [Mass conc diff]		Trop I
101375-4	Troponin I.cardiac^2H post baseline measurement	CHEM		ACTIVE	Troponin I 2H bs meas SerPl Calc-MCDiff	Troponin I.cardiac [Mass concentration difference] in Serum or Plasma by Calculation --2H post baseline measurement	Troponin I.cardiac 2H post baseline measurement Calc [Mass conc diff]		Troponin
101375-4	Troponin I.cardiac^2H post baseline measurement	CHEM		ACTIVE	Troponin I 2H bs meas SerPl Calc-MCDiff	Troponin I.cardiac [Mass concentration difference] in Serum or Plasma by Calculation --2H post baseline measurement	Troponin I.cardiac 2H post baseline measurement Calc [Mass conc diff]		TnI
101375-4	Troponin I.cardiac^2H post baseline measurement	CHEM		ACTIVE	Troponin I 2H bs meas SerPl Calc-MCDiff	Troponin I.cardiac [Mass concentration difference] in Serum or Plasma by Calculation --2H post baseline measurement	Troponin I.cardiac 2H post baseline measurement Calc [Mass conc diff]		MCDiff
101375-4	Troponin I.cardiac^2H post baseline measurement	CHEM		ACTIVE	Troponin I 2H bs meas SerPl Calc-MCDiff	Troponin I.cardiac [Mass concentration difference] in Serum or Plasma by Calculation --2H post baseline measurement	Troponin I.cardiac 2H post baseline measurement Calc [Mass conc diff]		2H bs meas
101915-7	Troponin T.cardiac	CHEM		ACTIVE	Troponin T 6h SerPl-mCnc	Troponin T.cardiac [Mass/volume] in 6 hour Serum or Plasma	Troponin T.cardiac (6H) [Mass/Vol]		6Hr
101915-7	Troponin T.cardiac	CHEM		ACTIVE	Troponin T 6h SerPl-mCnc	Troponin T.cardiac [Mass/volume] in 6 hour Serum or Plasma	Troponin T.cardiac (6H) [Mass/Vol]		6 hours
101911-6	Troponin T. cardiac 2 Hr 5th generation	CHEM		ACTIVE	Troponin T 2h 5th gen SerPl-MCnc	Troponin T. cardiac [Mass/volume] in 2 hour 5th generation Serum or Plasma	Troponin T. cardiac 2 Hr 5th generation		2HR
101912-4	Troponin T.cardiac delta	CHEM		ACTIVE	Troponin T. D 2h SerPl-MCDiff	Troponin T.cardiac delta [Mass concentration difference] in 2 hour Serum or Plasma	Troponin T.cardiac delta (2H) [Mass conc diff]		Troponin T. D
101913-2	Troponin T.cardiac delta/Troponin T.cardiac^baseline	CHEM		ACTIVE	Troponin T. D/Troponin T BS 2h % SerPl	Troponin T.cardiac delta/Troponin T.cardiac in 2 hour Serum or Plasma --baseline	Troponin T.cardiac delta/Troponin T.cardiac baseline (2H) [%]		%
3067-6	Trypsinogen I.free	CHEM		ACTIVE	Trypsinogen I Free SerPl-mCnc	Trypsinogen I Free [Mass/volume] in Serum or Plasma	Trypsinogen I Free [Mass/Vol]		Trypsinogen I Free
3067-6	Trypsinogen I.free	CHEM		ACTIVE	Trypsinogen I Free SerPl-mCnc	Trypsinogen I Free [Mass/volume] in Serum or Plasma	Trypsinogen I Free [Mass/Vol]		Immunoreactive trypsin
3067-6	Trypsinogen I.free	CHEM		ACTIVE	Trypsinogen I Free SerPl-mCnc	Trypsinogen I Free [Mass/volume] in Serum or Plasma	Trypsinogen I Free [Mass/Vol]		IRT
13418-9	Tryptophan	CHEM		ACTIVE	Tryptophan Amn-mCnc	Tryptophan [Mass/volume] in Amniotic fluid	Tryptophan (Amn fld) [Mass/Vol]		Trp
13418-9	Tryptophan	CHEM		ACTIVE	Tryptophan Amn-mCnc	Tryptophan [Mass/volume] in Amniotic fluid	Tryptophan (Amn fld) [Mass/Vol]		c244
13418-9	Tryptophan	CHEM		ACTIVE	Tryptophan Amn-mCnc	Tryptophan [Mass/volume] in Amniotic fluid	Tryptophan (Amn fld) [Mass/Vol]		L-tryptophan
3073-4	Tryptophan.free	CHEM		ACTIVE	Tryptophan Free SerPl-mCnc	Tryptophan Free [Mass/volume] in Serum or Plasma	Tryptophan Free [Mass/Vol]		Tryptophan Free
87378-6	Tubular extraction rate/1.73 sq M	CHEM	This test is for the tubular extraction rate (TER) based on the clearance of a radioisotope (e.g., 99mTc-MAG3). The TER can be calculated using various algorithms, including continuous infusion, single injection, single sample, and the two-compartment model. [PMID: 11545186]. Clearance calculation methods may differ for children [PMID:1831838]. Radioisotopes, such as 99mTc-MAG3, provide evidence of tubular clearance because 99mTc-MAG3 is selectively filtered by the renal tubule and not by glomerular filtration. Tc-99m Mertiatide (99mTc-MAG3) is also a radiopharmaceutical used for renography [PMID:11545186]. To report the results of a renography study (and not TER measurement), use [LOINC:39746-3].	ACTIVE	Isotopic TER/1.73 sq M SerBld-ArVRat	Isotopic Tubular extraction rate/1.73 sq M [Volume Rate/Area] in Serum or Blood	Tubular extraction rate/1.73 sq M Isotopic (S/Bld) [Vol rate/Area]		TER
103542-7	Tubular reabsorption of phosphorus/Glomerular filtration rate	CHEM		ACTIVE	TmP/GFR Ur+SerPl-mCnc	Tubular reabsorption of phosphorus/Glomerular filtration rate [Mass/volume] in Urine and Serum or Plasma	Tubular reabsorption of phosphorus/Glomerular filtration rate (U+S/P) [Mass/Vol]		TmP
103542-7	Tubular reabsorption of phosphorus/Glomerular filtration rate	CHEM		ACTIVE	TmP/GFR Ur+SerPl-mCnc	Tubular reabsorption of phosphorus/Glomerular filtration rate [Mass/volume] in Urine and Serum or Plasma	Tubular reabsorption of phosphorus/Glomerular filtration rate (U+S/P) [Mass/Vol]		TRP/GFR
54165-6	Tumor necrosis factor binding protein	CHEM		DISCOURAGED	TBP-1 Ser-aCnc	Tumor necrosis factor binding protein [Units/volume] in Serum	Tumor necrosis factor binding protein Qn (S)		TBP-1
101543-7	Tumor necrosis factor ligand superfamily member 10	CHEM		ACTIVE	TNFSF10 SerPlBld-mCnc	Tumor necrosis factor ligand superfamily member 10 [Mass/volume] in Serum, Plasma or Blood	Tumor necrosis factor ligand superfamily member 10 (S/P/Bld) [Mass/Vol]		TNF-related apoptosis-inducing ligand
101543-7	Tumor necrosis factor ligand superfamily member 10	CHEM		ACTIVE	TNFSF10 SerPlBld-mCnc	Tumor necrosis factor ligand superfamily member 10 [Mass/volume] in Serum, Plasma or Blood	Tumor necrosis factor ligand superfamily member 10 (S/P/Bld) [Mass/Vol]		TRAIL
101543-7	Tumor necrosis factor ligand superfamily member 10	CHEM		ACTIVE	TNFSF10 SerPlBld-mCnc	Tumor necrosis factor ligand superfamily member 10 [Mass/volume] in Serum, Plasma or Blood	Tumor necrosis factor ligand superfamily member 10 (S/P/Bld) [Mass/Vol]		TNFSF10
101543-7	Tumor necrosis factor ligand superfamily member 10	CHEM		ACTIVE	TNFSF10 SerPlBld-mCnc	Tumor necrosis factor ligand superfamily member 10 [Mass/volume] in Serum, Plasma or Blood	Tumor necrosis factor ligand superfamily member 10 (S/P/Bld) [Mass/Vol]		APO2L
75629-6	Tumor necrosis factor receptor superfamily member 1A	CHEM		ACTIVE	TNFRSF1A SerPl-mCnc	Tumor necrosis factor receptor superfamily member 1A [Mass/volume] in Serum or Plasma	Tumor necrosis factor receptor superfamily member 1A [Mass/Vol]		TNFRSF1A
75629-6	Tumor necrosis factor receptor superfamily member 1A	CHEM		ACTIVE	TNFRSF1A SerPl-mCnc	Tumor necrosis factor receptor superfamily member 1A [Mass/volume] in Serum or Plasma	Tumor necrosis factor receptor superfamily member 1A [Mass/Vol]		Tumor necrosis factor receptor type I
75629-6	Tumor necrosis factor receptor superfamily member 1A	CHEM		ACTIVE	TNFRSF1A SerPl-mCnc	Tumor necrosis factor receptor superfamily member 1A [Mass/volume] in Serum or Plasma	Tumor necrosis factor receptor superfamily member 1A [Mass/Vol]		TNF-R1
75629-6	Tumor necrosis factor receptor superfamily member 1A	CHEM		ACTIVE	TNFRSF1A SerPl-mCnc	Tumor necrosis factor receptor superfamily member 1A [Mass/volume] in Serum or Plasma	Tumor necrosis factor receptor superfamily member 1A [Mass/Vol]		TNFR-1
3082-5	Tyrosine aminotransferase	CHEM		DISCOURAGED	TyrAT Plas-mCnc	Tyrosine aminotransferase [Mass/volume] in Plasma	Tyrosine aminotransferase (P) [Mass/Vol]		TyrAT
46748-0	Tyrosinemias	CHEM		DISCOURAGED	TYR DBS-Imp	Tyrosinemias newborn screen interpretation	Tyrosinemias (DBS) [Interp]		Tyrosinemia
104604-4	Ubiquinone 10	CHEM		ACTIVE	Ubiquinone10 Tiss-sCnt	Coenzyme Q10 [Moles/mass] in Tissue	Coenzyme Q10 (Tiss) [Moles/Mass]		Coenzyme Q10
104604-4	Ubiquinone 10	CHEM		ACTIVE	Ubiquinone10 Tiss-sCnt	Coenzyme Q10 [Moles/mass] in Tissue	Coenzyme Q10 (Tiss) [Moles/Mass]		Ubiquinone10
104604-4	Ubiquinone 10	CHEM		ACTIVE	Ubiquinone10 Tiss-sCnt	Coenzyme Q10 [Moles/mass] in Tissue	Coenzyme Q10 (Tiss) [Moles/Mass]		Substance content
104604-4	Ubiquinone 10	CHEM		ACTIVE	Ubiquinone10 Tiss-sCnt	Coenzyme Q10 [Moles/mass] in Tissue	Coenzyme Q10 (Tiss) [Moles/Mass]		CO-Q10
104604-4	Ubiquinone 10	CHEM		ACTIVE	Ubiquinone10 Tiss-sCnt	Coenzyme Q10 [Moles/mass] in Tissue	Coenzyme Q10 (Tiss) [Moles/Mass]		CoQ10
81156-2	Ubiquinone 10.reduced/Ubiquinone 10	CHEM		ACTIVE	Ubiquinone10.red/Ubiquinone10 MFr SerPl	Coenzyme Q10.reduced/Coenzyme Q10 in Serum or Plasma	Coenzyme Q10.reduced/Coenzyme Q10 [Mass fraction]		Ubiquinol
81156-2	Ubiquinone 10.reduced/Ubiquinone 10	CHEM		ACTIVE	Ubiquinone10.red/Ubiquinone10 MFr SerPl	Coenzyme Q10.reduced/Coenzyme Q10 in Serum or Plasma	Coenzyme Q10.reduced/Coenzyme Q10 [Mass fraction]		Ubiquinone10.red
81156-2	Ubiquinone 10.reduced/Ubiquinone 10	CHEM		ACTIVE	Ubiquinone10.red/Ubiquinone10 MFr SerPl	Coenzyme Q10.reduced/Coenzyme Q10 in Serum or Plasma	Coenzyme Q10.reduced/Coenzyme Q10 [Mass fraction]		Primary CoQ10 deficiency
16259-4	Urate dihydrate crystals	CHEM		ACTIVE	Urate dihyd Cry Stone Ql IR	Urate dihydrate crystals [Presence] in Stone by Infrared spectroscopy	Urate dihydrate crystals Infrared spectroscopy Ql (Stone)		Urate dihyd Cry
32556-3	Urea	CHEM		ACTIVE	Urea ?Tm sub Ur Qn	Urea [Molar amount] in Urine collected for unspecified duration	Urea Unsp time (U) [Molar amount]		Substance amount
48622-5	Urea nitrogen^24H post peritoneal dialysis	CHEM		ACTIVE	Urea nit 24h p PD Prt-mCnc	Urea nitrogen [Mass/volume] in Peritoneal fluid --24 hours post peritoneal dialysis	Urea nitrogen 24 Hr post PD (Periton fld) [Mass/Vol]		24h p PD
19158-5	Urea nitrogen comment	CHEM		ACTIVE	UUN 24h Ur-Imp	Urea nitrogen comment - 24 hour Urine Narrative	Urea nitrogen comment Nar (24H U) [Interp]		Urea Nit Cmnt
12981-7	Urea nitrogen^post dialysis/pre dialysis	CHEM		ACTIVE	Urea nit post/pre dialysis DiafP	Urea nitrogen [Mass Ratio] in Peritoneal dialysis fluid --post dialysis/pre dialysis	Urea nitrogen post dialysis/pre dialysis (Perit dial fld) [Mass ratio]		post/pre dialysis
54456-9	Urea reduction ratio	CHEM		ACTIVE	Urea reduction ratio SerPl	Urea reduction ratio in Serum or Plasma	Urea reduction ratio [Molar fraction]		URR
3099-9	Uridine diphosphate glucose-4-Epimerase	CHEM		ACTIVE	UDPG4Epimerase Plas-cCnc	Uridine diphosphate glucose-4-Epimerase [Enzymatic activity/volume] in Plasma	Uridine diphosphate glucose-4-Epimerase (P) [Catalytic activity/Vol]		UDP-glucose 4-epimerase
3099-9	Uridine diphosphate glucose-4-Epimerase	CHEM		ACTIVE	UDPG4Epimerase Plas-cCnc	Uridine diphosphate glucose-4-Epimerase [Enzymatic activity/volume] in Plasma	Uridine diphosphate glucose-4-Epimerase (P) [Catalytic activity/Vol]		GALE
3099-9	Uridine diphosphate glucose-4-Epimerase	CHEM		ACTIVE	UDPG4Epimerase Plas-cCnc	Uridine diphosphate glucose-4-Epimerase [Enzymatic activity/volume] in Plasma	Uridine diphosphate glucose-4-Epimerase (P) [Catalytic activity/Vol]		UDPG4Epimerase
3099-9	Uridine diphosphate glucose-4-Epimerase	CHEM		ACTIVE	UDPG4Epimerase Plas-cCnc	Uridine diphosphate glucose-4-Epimerase [Enzymatic activity/volume] in Plasma	Uridine diphosphate glucose-4-Epimerase (P) [Catalytic activity/Vol]		Uridine diphosphate galactose 4-epimerase
79470-1	Uridine monophosphate synthetase	CHEM		ACTIVE	UMP synthetase RBC-cCnt	Uridine monophosphate synthetase [Enzymatic activity/mass] in Red Blood Cells	Uridine monophosphate synthetase (RBC) [Catalytic activity/Mass]		Uridine monophosphate synthase
79470-1	Uridine monophosphate synthetase	CHEM		ACTIVE	UMP synthetase RBC-cCnt	Uridine monophosphate synthetase [Enzymatic activity/mass] in Red Blood Cells	Uridine monophosphate synthetase (RBC) [Catalytic activity/Mass]		Uridine 5-monophosphate synthetase
79470-1	Uridine monophosphate synthetase	CHEM		ACTIVE	UMP synthetase RBC-cCnt	Uridine monophosphate synthetase [Enzymatic activity/mass] in Red Blood Cells	Uridine monophosphate synthetase (RBC) [Catalytic activity/Mass]		orotate phosphoribosyltransferase
79470-1	Uridine monophosphate synthetase	CHEM		ACTIVE	UMP synthetase RBC-cCnt	Uridine monophosphate synthetase [Enzymatic activity/mass] in Red Blood Cells	Uridine monophosphate synthetase (RBC) [Catalytic activity/Mass]		UMP synthetase
3110-4	Uronate	CHEM		ACTIVE	Uronate Ur-mCnc	Uronate [Mass/volume] in Urine	Uronate (U) [Mass/Vol]		Uronic acid
3110-4	Uronate	CHEM		ACTIVE	Uronate Ur-mCnc	Uronate [Mass/volume] in Urine	Uronate (U) [Mass/Vol]		Uronates
11228-4	Uroporphyrin	CHEM		ACTIVE	Uropor Ur-mCnc	Uroporphyrin [Mass/volume] in Urine	Uroporphyrin (U) [Mass/Vol]		Octacarboxylporphyrin
11228-4	Uroporphyrin	CHEM		ACTIVE	Uropor Ur-mCnc	Uroporphyrin [Mass/volume] in Urine	Uroporphyrin (U) [Mass/Vol]		Octacarboxyl porphyrin
11228-4	Uroporphyrin	CHEM		ACTIVE	Uropor Ur-mCnc	Uroporphyrin [Mass/volume] in Urine	Uroporphyrin (U) [Mass/Vol]		Octacarboxyphyrin
14940-1	Uroporphyrin 1 isomer	CHEM		ACTIVE	Uropor1 SerPl-sCnc	Uroporphyrin 1 isomer [Moles/volume] in Serum or Plasma	Uroporphyrin 1 isomer [Moles/Vol]		Uroporphyrin I
14940-1	Uroporphyrin 1 isomer	CHEM		ACTIVE	Uropor1 SerPl-sCnc	Uroporphyrin 1 isomer [Moles/volume] in Serum or Plasma	Uroporphyrin 1 isomer [Moles/Vol]		Porphyria cutanea tarda
14940-1	Uroporphyrin 1 isomer	CHEM		ACTIVE	Uropor1 SerPl-sCnc	Uroporphyrin 1 isomer [Moles/volume] in Serum or Plasma	Uroporphyrin 1 isomer [Moles/Vol]		Porphyria
14940-1	Uroporphyrin 1 isomer	CHEM		ACTIVE	Uropor1 SerPl-sCnc	Uroporphyrin 1 isomer [Moles/volume] in Serum or Plasma	Uroporphyrin 1 isomer [Moles/Vol]		Uropor1
14943-5	Uroporphyrin 3 isomer	CHEM		ACTIVE	Uropor3 SerPl-sCnc	Uroporphyrin 3 isomer [Moles/volume] in Serum or Plasma	Uroporphyrin 3 isomer [Moles/Vol]		Uroporphyrin III
14943-5	Uroporphyrin 3 isomer	CHEM		ACTIVE	Uropor3 SerPl-sCnc	Uroporphyrin 3 isomer [Moles/volume] in Serum or Plasma	Uroporphyrin 3 isomer [Moles/Vol]		Uropor3
18380-6	Uroporphyrinogen decarboxylase	CHEM		ACTIVE	URO-D RBC Qn	Uroporphyrinogen decarboxylase [Entitic Catalytic Activity] in Red Blood Cells	Uroporphyrinogen decarboxylase (RBC) [Entitic Catalytic Activity]		UPGD
18380-6	Uroporphyrinogen decarboxylase	CHEM		ACTIVE	URO-D RBC Qn	Uroporphyrinogen decarboxylase [Entitic Catalytic Activity] in Red Blood Cells	Uroporphyrinogen decarboxylase (RBC) [Entitic Catalytic Activity]		Upg D
18380-6	Uroporphyrinogen decarboxylase	CHEM		ACTIVE	URO-D RBC Qn	Uroporphyrinogen decarboxylase [Entitic Catalytic Activity] in Red Blood Cells	Uroporphyrinogen decarboxylase (RBC) [Entitic Catalytic Activity]		URO-D
11066-8	Uroporphyrinogen III synthase	CHEM		ACTIVE	URO-S RBC-cCnc	Uroporphyrinogen III synthase [Enzymatic activity/volume] in Red Blood Cells	Uroporphyrinogen III synthase (RBC) [Catalytic activity/Vol]		Urophorph
11066-8	Uroporphyrinogen III synthase	CHEM		ACTIVE	URO-S RBC-cCnc	Uroporphyrinogen III synthase [Enzymatic activity/volume] in Red Blood Cells	Uroporphyrinogen III synthase (RBC) [Catalytic activity/Vol]		URO synthase
11066-8	Uroporphyrinogen III synthase	CHEM		ACTIVE	URO-S RBC-cCnc	Uroporphyrinogen III synthase [Enzymatic activity/volume] in Red Blood Cells	Uroporphyrinogen III synthase (RBC) [Catalytic activity/Vol]		Uroporhngn
11066-8	Uroporphyrinogen III synthase	CHEM		ACTIVE	URO-S RBC-cCnc	Uroporphyrinogen III synthase [Enzymatic activity/volume] in Red Blood Cells	Uroporphyrinogen III synthase (RBC) [Catalytic activity/Vol]		URO-S
11066-8	Uroporphyrinogen III synthase	CHEM		ACTIVE	URO-S RBC-cCnc	Uroporphyrinogen III synthase [Enzymatic activity/volume] in Red Blood Cells	Uroporphyrinogen III synthase (RBC) [Catalytic activity/Vol]		Uroporphrg
11066-8	Uroporphyrinogen III synthase	CHEM		ACTIVE	URO-S RBC-cCnc	Uroporphyrinogen III synthase [Enzymatic activity/volume] in Red Blood Cells	Uroporphyrinogen III synthase (RBC) [Catalytic activity/Vol]		UPGC
55159-8	Ursodeoxycholate	CHEM		ACTIVE	Ursodeoxycholate SerPl-sCnc	Ursodeoxycholate [Moles/volume] in Serum or Plasma	Ursodeoxycholate [Moles/Vol]		Ursodiol
55159-8	Ursodeoxycholate	CHEM		ACTIVE	Ursodeoxycholate SerPl-sCnc	Ursodeoxycholate [Moles/volume] in Serum or Plasma	Ursodeoxycholate [Moles/Vol]		UDC
55159-8	Ursodeoxycholate	CHEM		ACTIVE	Ursodeoxycholate SerPl-sCnc	Ursodeoxycholate [Moles/volume] in Serum or Plasma	Ursodeoxycholate [Moles/Vol]		UDCA
55159-8	Ursodeoxycholate	CHEM		ACTIVE	Ursodeoxycholate SerPl-sCnc	Ursodeoxycholate [Moles/volume] in Serum or Plasma	Ursodeoxycholate [Moles/Vol]		Ursodeoxycholic acid
35167-6	Vaccenate	CHEM		ACTIVE	Vaccenate SerPl-sCnc	Vaccenate (C18:1w7) [Moles/volume] in Serum or Plasma	Vaccenate (C18:1w7) [Moles/Vol]		C18:1w7
35167-6	Vaccenate	CHEM		ACTIVE	Vaccenate SerPl-sCnc	Vaccenate (C18:1w7) [Moles/volume] in Serum or Plasma	Vaccenate (C18:1w7) [Moles/Vol]		Vaccenic acid
13419-7	Valine	CHEM		ACTIVE	Valine Amn-mCnc	Valine [Mass/volume] in Amniotic fluid	Valine (Amn fld) [Mass/Vol]		Val
48158-0	Vanillate/Creatinine	CHEM		ACTIVE	Vanillate/Creat Ur-sRto	Vanillate/Creatinine [Molar ratio] in Urine	Vanillate/Creatinine (U) [Molar ratio]		Vanillic acid
75627-0	Vascular adhesion protein 1	CHEM		ACTIVE	VAP-1 SerPl-mCnc	Vascular adhesion protein 1 [Mass/volume] in Serum or Plasma	Vascular adhesion protein 1 [Mass/Vol]		VAP-1
75627-0	Vascular adhesion protein 1	CHEM		ACTIVE	VAP-1 SerPl-mCnc	Vascular adhesion protein 1 [Mass/volume] in Serum or Plasma	Vascular adhesion protein 1 [Mass/Vol]		CD106
34694-0	Vascular endothelial growth factor	CHEM		ACTIVE	VEGF SerPl-mCnc	Vascular endothelial growth factor [Mass/volume] in Serum or Plasma	Vascular endothelial growth factor [Mass/Vol]		vascular permeability factor
34694-0	Vascular endothelial growth factor	CHEM		ACTIVE	VEGF SerPl-mCnc	Vascular endothelial growth factor [Mass/volume] in Serum or Plasma	Vascular endothelial growth factor [Mass/Vol]		VEGF-A
34694-0	Vascular endothelial growth factor	CHEM		ACTIVE	VEGF SerPl-mCnc	Vascular endothelial growth factor [Mass/volume] in Serum or Plasma	Vascular endothelial growth factor [Mass/Vol]		VEGF
34694-0	Vascular endothelial growth factor	CHEM		ACTIVE	VEGF SerPl-mCnc	Vascular endothelial growth factor [Mass/volume] in Serum or Plasma	Vascular endothelial growth factor [Mass/Vol]		Vascular endothelial growth factor A
75628-8	Vascular endothelial growth factor A	CHEM		ACTIVE	VEGF-A SerPl-mCnc	Vascular endothelial growth factor A [Mass/volume] in Serum or Plasma	Vascular endothelial growth factor A [Mass/Vol]		Diabetic retinopathy
75628-8	Vascular endothelial growth factor A	CHEM		ACTIVE	VEGF-A SerPl-mCnc	Vascular endothelial growth factor A [Mass/volume] in Serum or Plasma	Vascular endothelial growth factor A [Mass/Vol]		POEMS syndrome
75628-8	Vascular endothelial growth factor A	CHEM		ACTIVE	VEGF-A SerPl-mCnc	Vascular endothelial growth factor A [Mass/volume] in Serum or Plasma	Vascular endothelial growth factor A [Mass/Vol]		Growth Factor
75628-8	Vascular endothelial growth factor A	CHEM		ACTIVE	VEGF-A SerPl-mCnc	Vascular endothelial growth factor A [Mass/volume] in Serum or Plasma	Vascular endothelial growth factor A [Mass/Vol]		Crow-Fukase syndrome
98118-3	Vascular endothelial growth factor C	CHEM		ACTIVE	VEGF-C SerPl-mCnc	Vascular endothelial growth factor C [Mass/volume] in Serum or Plasma	Vascular endothelial growth factor C [Mass/Vol]		VEGF-C
82911-9	Vascular endothelial growth factor D	CHEM		ACTIVE	VEGF-D SerPl-mCnc	Vascular endothelial growth factor D [Mass/volume] in Serum or Plasma	Vascular endothelial growth factor D [Mass/Vol]		VEGFD
82911-9	Vascular endothelial growth factor D	CHEM		ACTIVE	VEGF-D SerPl-mCnc	Vascular endothelial growth factor D [Mass/volume] in Serum or Plasma	Vascular endothelial growth factor D [Mass/Vol]		FIGF
82911-9	Vascular endothelial growth factor D	CHEM		ACTIVE	VEGF-D SerPl-mCnc	Vascular endothelial growth factor D [Mass/volume] in Serum or Plasma	Vascular endothelial growth factor D [Mass/Vol]		VEGF-D
82911-9	Vascular endothelial growth factor D	CHEM		ACTIVE	VEGF-D SerPl-mCnc	Vascular endothelial growth factor D [Mass/volume] in Serum or Plasma	Vascular endothelial growth factor D [Mass/Vol]		c-fos-induced growth factor
41898-8	Vendor device model code	CHEM		ACTIVE	Model Cd Glucose Mtr Dev	Vendor device model code of Glucose meter	Vendor model code Nom (Glucose meter device) [ID]		Model Cd
46753-0	Very long chain hydroxy acyl dehydrogenase deficiency	CHEM		DISCOURAGED	VLCADD DBS-Imp	Very long chain hydroxy acyl dehydrogenase deficiency newborn screen interpretation	Very long chain hydroxy acyl dehydrogenase deficiency (DBS) [Interp]		VLCADD
46753-0	Very long chain hydroxy acyl dehydrogenase deficiency	CHEM		DISCOURAGED	VLCADD DBS-Imp	Very long chain hydroxy acyl dehydrogenase deficiency newborn screen interpretation	Very long chain hydroxy acyl dehydrogenase deficiency (DBS) [Interp]		VLCAD
46753-0	Very long chain hydroxy acyl dehydrogenase deficiency	CHEM		DISCOURAGED	VLCADD DBS-Imp	Very long chain hydroxy acyl dehydrogenase deficiency newborn screen interpretation	Very long chain hydroxy acyl dehydrogenase deficiency (DBS) [Interp]		LCHADD
100839-0	Vitamin A/Retinol binding protein	CHEM		ACTIVE	Vitamin A/Retinol Bind Prot SerPl-Rto	Vitamin A/Retinol binding protein [Ratio] in Serum or Plasma	Vitamin A/Retinol binding protein [Ratio]		Vit A
100839-0	Vitamin A/Retinol binding protein	CHEM		ACTIVE	Vitamin A/Retinol Bind Prot SerPl-Rto	Vitamin A/Retinol binding protein [Ratio] in Serum or Plasma	Vitamin A/Retinol binding protein [Ratio]		Axerophthol
100839-0	Vitamin A/Retinol binding protein	CHEM		ACTIVE	Vitamin A/Retinol Bind Prot SerPl-Rto	Vitamin A/Retinol binding protein [Ratio] in Serum or Plasma	Vitamin A/Retinol binding protein [Ratio]		Vitamin A1
100839-0	Vitamin A/Retinol binding protein	CHEM		ACTIVE	Vitamin A/Retinol Bind Prot SerPl-Rto	Vitamin A/Retinol binding protein [Ratio] in Serum or Plasma	Vitamin A/Retinol binding protein [Ratio]		Vitamin A binding protein
100839-0	Vitamin A/Retinol binding protein	CHEM		ACTIVE	Vitamin A/Retinol Bind Prot SerPl-Rto	Vitamin A/Retinol binding protein [Ratio] in Serum or Plasma	Vitamin A/Retinol binding protein [Ratio]		Vitamin A alcohol
100839-0	Vitamin A/Retinol binding protein	CHEM		ACTIVE	Vitamin A/Retinol Bind Prot SerPl-Rto	Vitamin A/Retinol binding protein [Ratio] in Serum or Plasma	Vitamin A/Retinol binding protein [Ratio]		Vitamin A
100839-0	Vitamin A/Retinol binding protein	CHEM		ACTIVE	Vitamin A/Retinol Bind Prot SerPl-Rto	Vitamin A/Retinol binding protein [Ratio] in Serum or Plasma	Vitamin A/Retinol binding protein [Ratio]		Biosterol
100839-0	Vitamin A/Retinol binding protein	CHEM		ACTIVE	Vitamin A/Retinol Bind Prot SerPl-Rto	Vitamin A/Retinol binding protein [Ratio] in Serum or Plasma	Vitamin A/Retinol binding protein [Ratio]		Ratios
100839-0	Vitamin A/Retinol binding protein	CHEM		ACTIVE	Vitamin A/Retinol Bind Prot SerPl-Rto	Vitamin A/Retinol binding protein [Ratio] in Serum or Plasma	Vitamin A/Retinol binding protein [Ratio]		RBP
100839-0	Vitamin A/Retinol binding protein	CHEM		ACTIVE	Vitamin A/Retinol Bind Prot SerPl-Rto	Vitamin A/Retinol binding protein [Ratio] in Serum or Plasma	Vitamin A/Retinol binding protein [Ratio]		Retinol Bind Prot
100839-0	Vitamin A/Retinol binding protein	CHEM		ACTIVE	Vitamin A/Retinol Bind Prot SerPl-Rto	Vitamin A/Retinol binding protein [Ratio] in Serum or Plasma	Vitamin A/Retinol binding protein [Ratio]		Vit A1 alcohol
100839-0	Vitamin A/Retinol binding protein	CHEM		ACTIVE	Vitamin A/Retinol Bind Prot SerPl-Rto	Vitamin A/Retinol binding protein [Ratio] in Serum or Plasma	Vitamin A/Retinol binding protein [Ratio]		Vit A1
100839-0	Vitamin A/Retinol binding protein	CHEM		ACTIVE	Vitamin A/Retinol Bind Prot SerPl-Rto	Vitamin A/Retinol binding protein [Ratio] in Serum or Plasma	Vitamin A/Retinol binding protein [Ratio]		Vit A/RBP
100839-0	Vitamin A/Retinol binding protein	CHEM		ACTIVE	Vitamin A/Retinol Bind Prot SerPl-Rto	Vitamin A/Retinol binding protein [Ratio] in Serum or Plasma	Vitamin A/Retinol binding protein [Ratio]		Vit A alcohol
100839-0	Vitamin A/Retinol binding protein	CHEM		ACTIVE	Vitamin A/Retinol Bind Prot SerPl-Rto	Vitamin A/Retinol binding protein [Ratio] in Serum or Plasma	Vitamin A/Retinol binding protein [Ratio]		alpha 2 microglobulin
100839-0	Vitamin A/Retinol binding protein	CHEM		ACTIVE	Vitamin A/Retinol Bind Prot SerPl-Rto	Vitamin A/Retinol binding protein [Ratio] in Serum or Plasma	Vitamin A/Retinol binding protein [Ratio]		Rto
100839-0	Vitamin A/Retinol binding protein	CHEM		ACTIVE	Vitamin A/Retinol Bind Prot SerPl-Rto	Vitamin A/Retinol binding protein [Ratio] in Serum or Plasma	Vitamin A/Retinol binding protein [Ratio]		alpha-2-microglobulin
100839-0	Vitamin A/Retinol binding protein	CHEM		ACTIVE	Vitamin A/Retinol Bind Prot SerPl-Rto	Vitamin A/Retinol binding protein [Ratio] in Serum or Plasma	Vitamin A/Retinol binding protein [Ratio]		Axerol
35365-6	Vitamin D+Metabolites	CHEM	Total vitamin D - includes D2, D3 and 25-OH	ACTIVE	Vit D+metab SerPl-mCnc	Vitamin D+Metabolites [Mass/volume] in Serum or Plasma	Vitamin D+Metabolites [Mass/Vol]		Vitamin D deficiency
35365-6	Vitamin D+Metabolites	CHEM	Total vitamin D - includes D2, D3 and 25-OH	ACTIVE	Vit D+metab SerPl-mCnc	Vitamin D+Metabolites [Mass/volume] in Serum or Plasma	Vitamin D+Metabolites [Mass/Vol]		Osteoporosis
35365-6	Vitamin D+Metabolites	CHEM	Total vitamin D - includes D2, D3 and 25-OH	ACTIVE	Vit D+metab SerPl-mCnc	Vitamin D+Metabolites [Mass/volume] in Serum or Plasma	Vitamin D+Metabolites [Mass/Vol]		Rickets
35365-6	Vitamin D+Metabolites	CHEM	Total vitamin D - includes D2, D3 and 25-OH	ACTIVE	Vit D+metab SerPl-mCnc	Vitamin D+Metabolites [Mass/volume] in Serum or Plasma	Vitamin D+Metabolites [Mass/Vol]		Total Vitamin D
35365-6	Vitamin D+Metabolites	CHEM	Total vitamin D - includes D2, D3 and 25-OH	ACTIVE	Vit D+metab SerPl-mCnc	Vitamin D+Metabolites [Mass/volume] in Serum or Plasma	Vitamin D+Metabolites [Mass/Vol]		Vit D+metab
3130-2	Vitronectin	CHEM		ACTIVE	Vitronectin Plas-mCnc	Vitronectin [Mass/volume] in Plasma	Vitronectin (P) [Mass/Vol]		S protein
3130-2	Vitronectin	CHEM		ACTIVE	Vitronectin Plas-mCnc	Vitronectin [Mass/volume] in Plasma	Vitronectin (P) [Mass/Vol]		VN
3130-2	Vitronectin	CHEM		ACTIVE	Vitronectin Plas-mCnc	Vitronectin [Mass/volume] in Plasma	Vitronectin (P) [Mass/Vol]		Serum-spreading factor
3130-2	Vitronectin	CHEM		ACTIVE	Vitronectin Plas-mCnc	Vitronectin [Mass/volume] in Plasma	Vitronectin (P) [Mass/Vol]		Epibolin
80183-7	Xanthopterin	CHEM		ACTIVE	Xanthopterin SerPl-sCnc	Xanthopterin [Moles/volume] in Serum or Plasma	Xanthopterin [Moles/Vol]		2-Amino-4,6-pteridinediol
80183-7	Xanthopterin	CHEM		ACTIVE	Xanthopterin SerPl-sCnc	Xanthopterin [Moles/volume] in Serum or Plasma	Xanthopterin [Moles/Vol]		Ksantopterin
80183-7	Xanthopterin	CHEM		ACTIVE	Xanthopterin SerPl-sCnc	Xanthopterin [Moles/volume] in Serum or Plasma	Xanthopterin [Moles/Vol]		Uropterin
101990-0	Xanthurenate/Creatinine	CHEM		ACTIVE	Xanthuren/Creat Ur	Xanthurenate/Creatinine [Mass Ratio] in Urine	Xanthurenate/Creatinine (U) [Mass ratio]		XA
101990-0	Xanthurenate/Creatinine	CHEM		ACTIVE	Xanthuren/Creat Ur	Xanthurenate/Creatinine [Mass Ratio] in Urine	Xanthurenate/Creatinine (U) [Mass ratio]		Xanthurenic acid
41221-3	Xanthurenate+Kynurenate	CHEM		ACTIVE	Xanthuren+Kynuren 24h Ur-mRate	Xanthurenate+Kynurenate [Mass/time] in 24 hour Urine	Xanthurenate+Kynurenate (24H U) [Mass/Time]		Xanthuren+Kynuren
85268-1	X-linked adrenoleukodystrophy newborn screening comment-discussion	CHEM		ACTIVE	X-ALD NBS comment	X-linked adrenoleukodystrophy newborn screening comment-discussion	X-linked adrenoleukodystrophy newborn screening comment-discussion Nar (DBS)		X-ALD NBS comment
3136-9	Xylulose	CHEM		ACTIVE	Xylulose Ser-mCnc	Xylulose [Mass/volume] in Serum	Xylulose (S) [Mass/Vol]		L-xylulose
76651-9	Zinc transporter 8 Ab	CHEM	Quantitative determination of ZnT8 Ab in serum or plasma. This term was created for, but not limited in use to, the BioVendor ZnT8 autoantibody (ZnT8 Ab) ELISA kit, which contains antibodies directed to the C terminal domain of ZnT8 (residues 268 - 369).	ACTIVE	ZnT8 Ab SerPl IA-aCnc	Zinc transporter 8 Ab [Units/volume] in Serum or Plasma by Immunoassay	Zinc transporter 8 Ab IA Qn		ZnT8
76651-9	Zinc transporter 8 Ab	CHEM	Quantitative determination of ZnT8 Ab in serum or plasma. This term was created for, but not limited in use to, the BioVendor ZnT8 autoantibody (ZnT8 Ab) ELISA kit, which contains antibodies directed to the C terminal domain of ZnT8 (residues 268 - 369).	ACTIVE	ZnT8 Ab SerPl IA-aCnc	Zinc transporter 8 Ab [Units/volume] in Serum or Plasma by Immunoassay	Zinc transporter 8 Ab IA Qn		ZnT8 Ab
99399-8	Zonulin	CHEM		ACTIVE	Zonulin Stl-mCnc	Zonulin [Mass/volume] in Stool	Zonulin (Stl) [Mass/Vol]		pre haptoglobin 2
99399-8	Zonulin	CHEM		ACTIVE	Zonulin Stl-mCnc	Zonulin [Mass/volume] in Stool	Zonulin (Stl) [Mass/Vol]		pre-HP2
