DocName	SectionType	OriginalText	EntityType	BegIndex	EntityText	PossiblyCorrectedText	CorrectionDistance	ResolvedForm
82848-3	E	5-alpha	GeneOrProtein	119	5-alpha	y-alpha	1	100335124
82848-3	E	5-alpha	GeneOrProtein	119	5-alpha	y-alpha	1	100335124
82861-6	E	5-alpha	GeneOrProtein	66	5-alpha	y-alpha	1	100335124
1650-1	E	1,4-Alpha glucan branching enzyme	GeneOrProtein	0	1,4-Alpha glucan branching enzyme	1,4-Alpha-glucan branching enzyme	0	
1650-1	E	1,4-Alpha glucan branching enzyme	GeneOrProtein	0	1,4-Alpha glucan branching enzyme	1,4-Alpha-glucan branching enzyme	0	
1650-1	E	1,4-Alpha glucan branching enzyme	GeneOrProtein	0	1,4-Alpha glucan branching enzyme	1,4-Alpha-glucan branching enzyme	0	
1650-1	E	1,4-Alpha glucan branching enzyme	GeneOrProtein	0	1,4-Alpha glucan branching enzyme	1,4-Alpha-glucan branching enzyme	0	
44277-2	E	15 Beta	GeneOrProtein	0	15 Beta	15 Beta	0	
49825-3	E	16-Alpha	GeneOrProtein	0	16-Alpha	k6-Alpha	1	16687
49825-3	E	16-Alpha	GeneOrProtein	0	16-Alpha	k6-Alpha	1	16687
49825-3	E	16-Alpha	GeneOrProtein	0	16-Alpha	k6-Alpha	1	16687
53336-4	E	Cortisol	GeneOrProtein	39	Cortisol	Crtiso1	1	Q52QW3
94381-1	E	Prostaglandin	GeneOrProtein	18	Prostaglandin	Prostaglandin-e	1	
94381-1	E	Prostaglandin	GeneOrProtein	18	Prostaglandin	Prostaglandin-e	1	
94381-1	E	Prostaglandin	GeneOrProtein	18	Prostaglandin	Prostaglandin-e	1	
94381-1	E	Prostaglandin	GeneOrProtein	18	Prostaglandin	Prostaglandin-e	1	
94381-1	E	Prostaglandin	GeneOrProtein	18	Prostaglandin	Prostaglandin-e	1	
49827-9	E	16-Alpha	GeneOrProtein	17	16-Alpha	k6-Alpha	1	16687
13675-4	E	Methyl	GeneOrProtein	2	Methyl	Methel	1	19893570
13675-4	E	Methyl	GeneOrProtein	2	Methyl	Methel	1	19893570
13675-4	E	Methyl	GeneOrProtein	2	Methyl	Methel	1	19893570
13675-4	E	Methyl	GeneOrProtein	2	Methyl	Methel	1	19893570
13675-4	E	Methyl	GeneOrProtein	2	Methyl	Methel	1	19893570
13675-4	E	Methyl	GeneOrProtein	2	Methyl	Methel	1	19893570
13675-4	E	Methyl	GeneOrProtein	2	Methyl	Methel	1	19893570
13675-4	E	Methyl	GeneOrProtein	2	Methyl	Methel	1	19893570
13675-4	E	Methyl	GeneOrProtein	2	Methyl	Methel	1	19893570
13675-4	E	Methyl	GeneOrProtein	2	Methyl	Methel	1	19893570
13675-4	E	Methyl	GeneOrProtein	2	Methyl	Methel	1	19893570
13675-4	E	Methyl	GeneOrProtein	2	Methyl	Methel	1	19893570
13675-4	E	Methyl	GeneOrProtein	2	Methyl	Methel	1	19893570
13675-4	E	Methyl	GeneOrProtein	2	Methyl	Methel	1	19893570
13675-4	E	Methyl	GeneOrProtein	2	Methyl	Methel	1	19893570
46750-6	E	Methyl	GeneOrProtein	2	Methyl	Methel	1	19893570
46750-6	E	beta ketothiolase	GeneOrProtein	40	beta ketothiolase	beta ketothiolase	0	10449
46750-6	E	Methyl	GeneOrProtein	2	Methyl	Methel	1	19893570
46750-6	E	beta ketothiolase	GeneOrProtein	40	beta ketothiolase	beta ketothiolase	0	10449
50086-8	E	Methyl	GeneOrProtein	2	Methyl	Methel	1	19893570
47810-7	E	Methyl	GeneOrProtein	2	Methyl	Methel	1	19893570
47811-5	E	Methyl	GeneOrProtein	2	Methyl	Methel	1	19893570
72404-7	E	epi-25	GeneOrProtein	2	epi-25	epid25	1	398724
72404-7	E	epi-25	GeneOrProtein	2	epi-25	epid25	1	398724
72404-7	E	epi-25	GeneOrProtein	2	epi-25	epid25	1	398724
72403-9	E	epi-25	GeneOrProtein	2	epi-25	epid25	1	398724
72403-9	E	epi-25	GeneOrProtein	2	epi-25	epid25	1	398724
72403-9	E	epi-25	GeneOrProtein	2	epi-25	epid25	1	398724
72888-1	E	epi-25	GeneOrProtein	2	epi-25	epid25	1	398724
55886-6	E	3-Hydroxyanthranilate	GeneOrProtein	0	3-Hydroxyanthranilate	3-Hydroxyanthranilate	0	
55886-6	E	3-Hydroxyanthranilate	GeneOrProtein	0	3-Hydroxyanthranilate	3-Hydroxyanthranilate	0	
55886-6	E	3-Hydroxyanthranilate	GeneOrProtein	0	3-Hydroxyanthranilate	3-Hydroxyanthranilate	0	
82216-3	E	3-Hydroxyisobutyrate dehydrogenase	GeneOrProtein	0	3-Hydroxyisobutyrate dehydrogenase	3-Hydroxyisobutyrate dehydrogenase	0	HGNC:4907
82217-1	E	3-Hydroxyisobutyryl-CoA hydrolase	GeneOrProtein	0	3-Hydroxyisobutyryl-CoA hydrolase	3-Hydroxyisobutyryl-CoA hydrolase	0	HGNC:4908
82217-1	E	3-Hydroxyisobutyryl-CoA hydrolase	GeneOrProtein	0	3-Hydroxyisobutyryl-CoA hydrolase	3-Hydroxyisobutyryl-CoA hydrolase	0	HGNC:4908
82217-1	E	3-Hydroxyisobutyryl-CoA hydrolase	GeneOrProtein	0	3-Hydroxyisobutyryl-CoA hydrolase	3-Hydroxyisobutyryl-CoA hydrolase	0	HGNC:4908
82217-1	E	3-Hydroxyisobutyryl-CoA hydrolase	GeneOrProtein	0	3-Hydroxyisobutyryl-CoA hydrolase	3-Hydroxyisobutyryl-CoA hydrolase	0	HGNC:4908
51412-5	E	Methyl	GeneOrProtein	31	Methyl	Methel	1	19893570
79268-9	E	L-lysine	GeneOrProtein	19	L-lysine	δ-lysin	1	
79268-9	E	L-lysine	GeneOrProtein	19	L-lysine	δ-lysin	1	
79268-9	E	L-lysine	GeneOrProtein	19	L-lysine	δ-lysin	1	
79268-9	E	L-lysine	GeneOrProtein	19	L-lysine	δ-lysin	1	
79268-9	E	L-lysine	GeneOrProtein	19	L-lysine	δ-lysin	1	
79268-9	E	L-lysine	GeneOrProtein	19	L-lysine	δ-lysin	1	
79272-1	E	L-lysine	GeneOrProtein	19	L-lysine	δ-lysin	1	
79272-1	E	L-lysine	GeneOrProtein	19	L-lysine	δ-lysin	1	
79272-1	E	L-lysine	GeneOrProtein	19	L-lysine	δ-lysin	1	
79272-1	E	L-lysine	GeneOrProtein	19	L-lysine	δ-lysin	1	
74908-5	E	3-ketoacyl-CoA thiolase	GeneOrProtein	0	3-ketoacyl-CoA thiolase	3-ketoacyl-CoA thiolase	0	
74908-5	E	3-ketoacyl-CoA thiolase	GeneOrProtein	0	3-ketoacyl-CoA thiolase	3-ketoacyl-CoA thiolase	0	
74908-5	E	3-ketoacyl-CoA thiolase	GeneOrProtein	0	3-ketoacyl-CoA thiolase	3-ketoacyl-CoA thiolase	0	
74908-5	E	3-ketoacyl-CoA thiolase	GeneOrProtein	0	3-ketoacyl-CoA thiolase	3-ketoacyl-CoA thiolase	0	
74908-5	E	3-ketoacyl-CoA thiolase	GeneOrProtein	0	3-ketoacyl-CoA thiolase	3-ketoacyl-CoA thiolase	0	
74908-5	E	3-ketoacyl-CoA thiolase	GeneOrProtein	0	3-ketoacyl-CoA thiolase	3-ketoacyl-CoA thiolase	0	
59192-5	E	Methyl	GeneOrProtein	2	Methyl	Methel	1	19893570
59192-5	E	crotonate	GeneOrProtein	9	crotonate	crotonase	1	
59192-5	E	Methyl	GeneOrProtein	2	Methyl	Methel	1	19893570
59192-5	E	crotonate	GeneOrProtein	9	crotonate	crotonase	1	
59192-5	E	Methyl	GeneOrProtein	2	Methyl	Methel	1	19893570
59192-5	E	crotonate	GeneOrProtein	9	crotonate	crotonase	1	
74296-5	E	3-Methylcrotonyl-CoA carboxylase	GeneOrProtein	0	3-Methylcrotonyl-CoA carboxylase	3-Methylcrotonyl-CoA carboxylase	0	829549
74296-5	E	3-Methylcrotonyl-CoA carboxylase	GeneOrProtein	0	3-Methylcrotonyl-CoA carboxylase	3-Methylcrotonyl-CoA carboxylase	0	829549
74296-5	E	3-Methylcrotonyl-CoA carboxylase	GeneOrProtein	0	3-Methylcrotonyl-CoA carboxylase	3-Methylcrotonyl-CoA carboxylase	0	829549
74296-5	E	3-Methylcrotonyl-CoA carboxylase	GeneOrProtein	0	3-Methylcrotonyl-CoA carboxylase	3-Methylcrotonyl-CoA carboxylase	0	829549
74296-5	E	3-Methylcrotonyl-CoA carboxylase	GeneOrProtein	0	3-Methylcrotonyl-CoA carboxylase	3-Methylcrotonyl-CoA carboxylase	0	829549
82219-7	E	3-Methylglutaconyl-CoA hydratase	GeneOrProtein	0	3-Methylglutaconyl-CoA hydratase	3-Methylglutaconyl-CoA hydratase	0	549
13698-6	E	4-Hydroxyphenylpyruvate	GeneOrProtein	0	4-Hydroxyphenylpyruvate	4-Hydroxyphenylpyruvate	0	
13698-6	E	4-Hydroxyphenylpyruvate	GeneOrProtein	0	4-Hydroxyphenylpyruvate	4-Hydroxyphenylpyruvate	0	
13698-6	E	4-Hydroxyphenylpyruvate	GeneOrProtein	0	4-Hydroxyphenylpyruvate	4-Hydroxyphenylpyruvate	0	
13698-6	E	4-Hydroxyphenylpyruvate	GeneOrProtein	0	4-Hydroxyphenylpyruvate	4-Hydroxyphenylpyruvate	0	
1691-5	E	5,10-Methylenetetrahydrofolate reductase	GeneOrProtein	0	5,10-Methylenetetrahydrofolate reductase	5,10-Methylenetetrahydrofolate reductase	0	
1691-5	E	5,10-Methylenetetrahydrofolate reductase	GeneOrProtein	0	5,10-Methylenetetrahydrofolate reductase	5,10-Methylenetetrahydrofolate reductase	0	
1691-5	E	5,10-Methylenetetrahydrofolate reductase	GeneOrProtein	0	5,10-Methylenetetrahydrofolate reductase	5,10-Methylenetetrahydrofolate reductase	0	
44862-1	E	5-Alpha	GeneOrProtein	0	5-Alpha	y-Alpha	1	100335124
21044-3	E	5-Alpha	GeneOrProtein	0	5-Alpha	y-Alpha	1	100335124
21044-3	E	5-Alpha	GeneOrProtein	0	5-Alpha	y-Alpha	1	100335124
81804-7	E	5-Alpha	GeneOrProtein	0	5-Alpha	y-Alpha	1	100335124
80160-5	E	alpha,7	GeneOrProtein	20	alpha,7	alphae7	1	40901
80160-5	E	12-alpha	GeneOrProtein	34	12-alpha	h2-alpha	1	
80161-3	E	alpha,7	GeneOrProtein	20	alpha,7	alphae7	1	40901
80161-3	E	12-alpha	GeneOrProtein	34	12-alpha	h2-alpha	1	
80161-3	E	pentol	GeneOrProtein	49	pentol	penton	1	
1696-4	E	5-Methyltetrahydrofolate homocysteine methyltransferase	GeneOrProtein	0	5-Methyltetrahydrofolate homocysteine methyltransferase	5-Methyltetrahydrofolate-homocysteine methyltransferase	0	HGNC:7468
1696-4	E	5-Methyltetrahydrofolate homocysteine methyltransferase	GeneOrProtein	0	5-Methyltetrahydrofolate homocysteine methyltransferase	5-Methyltetrahydrofolate-homocysteine methyltransferase	0	HGNC:7468
1697-2	E	6-Phosphogluconate dehydrogenase	GeneOrProtein	0	6-Phosphogluconate dehydrogenase	6-Phosphogluconate dehydrogenase	0	
1697-2	E	6-Phosphogluconate dehydrogenase	GeneOrProtein	0	6-Phosphogluconate dehydrogenase	6-Phosphogluconate dehydrogenase	0	
34671-8	E	8-Dehydrocholesterol	GeneOrProtein	0	8-Dehydrocholesterol	7-Dehydrocholesterol	1	
1708-7	E	Acetylcholinesterase	GeneOrProtein	0	Acetylcholinesterase	Acetylcholinesterase	0	
1708-7	E	Acetylcholinesterase	GeneOrProtein	0	Acetylcholinesterase	Acetylcholinesterase	0	
1708-7	E	Acetylcholinesterase	GeneOrProtein	0	Acetylcholinesterase	Acetylcholinesterase	0	
1708-7	E	Acetylcholinesterase	GeneOrProtein	0	Acetylcholinesterase	Acetylcholinesterase	0	
1708-7	E	Acetylcholinesterase	GeneOrProtein	0	Acetylcholinesterase	Acetylcholinesterase	0	
1708-7	E	Acetylcholinesterase	GeneOrProtein	0	Acetylcholinesterase	Acetylcholinesterase	0	
1708-7	E	Acetylcholinesterase	GeneOrProtein	0	Acetylcholinesterase	Acetylcholinesterase	0	
1708-7	E	Acetylcholinesterase	GeneOrProtein	0	Acetylcholinesterase	Acetylcholinesterase	0	
1708-7	E	Acetylcholinesterase	GeneOrProtein	0	Acetylcholinesterase	Acetylcholinesterase	0	
1814-3	E	Acid alpha glucosidase	GeneOrProtein	0	Acid alpha glucosidase	Acid alpha glucosidase	0	
1814-3	E	Acid alpha glucosidase	GeneOrProtein	0	Acid alpha glucosidase	Acid alpha glucosidase	0	
1814-3	E	Acid alpha glucosidase	GeneOrProtein	0	Acid alpha glucosidase	Acid alpha glucosidase	0	
1814-3	E	Acid alpha glucosidase	GeneOrProtein	0	Acid alpha glucosidase	Acid alpha glucosidase	0	
99308-9	E	Acid alpha glucosidase	GeneOrProtein	0	Acid alpha glucosidase	Acid alpha glucosidase	0	
99308-9	E	Acid alpha glucosidase	GeneOrProtein	0	Acid alpha glucosidase	Acid alpha glucosidase	0	
16315-4	E	phosphatase	GeneOrProtein	5	phosphatase	phopshatase	1	
12173-1	E	phosphatase	GeneOrProtein	5	phosphatase	phopshatase	1	
16316-2	E	phosphatase	GeneOrProtein	5	phosphatase	phopshatase	1	
16316-2	E	tartrate resistant	GeneOrProtein	17	tartrate resistant	tartrate resistant	0	
21536-8	E	Acid sphingomyelinase	GeneOrProtein	0	Acid sphingomyelinase	Acid sphingomyelinase	0	HGNC:11120
21536-8	E	Acid sphingomyelinase	GeneOrProtein	0	Acid sphingomyelinase	Acid sphingomyelinase	0	HGNC:11120
21536-8	E	Acid sphingomyelinase	GeneOrProtein	0	Acid sphingomyelinase	Acid sphingomyelinase	0	HGNC:11120
21536-8	E	Acid sphingomyelinase	GeneOrProtein	0	Acid sphingomyelinase	Acid sphingomyelinase	0	HGNC:11120
21536-8	E	Acid sphingomyelinase	GeneOrProtein	0	Acid sphingomyelinase	Acid sphingomyelinase	0	HGNC:11120
21536-8	E	Acid sphingomyelinase	GeneOrProtein	0	Acid sphingomyelinase	Acid sphingomyelinase	0	HGNC:11120
13702-6	E	Aconitate	GeneOrProtein	0	Aconitate	Aconitase	1	
13702-6	E	Aconitate	GeneOrProtein	0	Aconitate	Aconitase	1	
88993-1	E	kidney	GeneOrProtein	6	kidney	kidney1	1	24522
88993-1	E	kidney	GeneOrProtein	6	kidney	kidney1	1	24522
88993-1	E	kidney	GeneOrProtein	6	kidney	kidney1	1	24522
88993-1	E	kidney	GeneOrProtein	6	kidney	kidney1	1	24522
59249-3	E	Carnitine	GeneOrProtein	28	Carnitine	Calmitine	1	HGNC:1512
1718-6	E	Acyl CoA dehydrogenase	GeneOrProtein	0	Acyl CoA dehydrogenase	Acyl CoA dehydrogenase	0	
1718-6	E	Acyl CoA dehydrogenase	GeneOrProtein	0	Acyl CoA dehydrogenase	Acyl CoA dehydrogenase	0	
78358-9	E	Acyl CoA dehydrogenases	GeneOrProtein	0	Acyl CoA dehydrogenases	Acyl CoA dehydrogenase	1	
78359-7	E	Acyl CoA dehydrogenases	GeneOrProtein	0	Acyl CoA dehydrogenases	Acyl CoA dehydrogenase	1	
78359-7	E	Acyl CoA dehydrogenases	GeneOrProtein	44	Acyl CoA dehydrogenases	Acyl CoA dehydrogenase	1	
78359-7	E	Acyl CoA dehydrogenases	GeneOrProtein	0	Acyl CoA dehydrogenases	Acyl CoA dehydrogenase	1	
78359-7	E	Acyl CoA dehydrogenases	GeneOrProtein	44	Acyl CoA dehydrogenases	Acyl CoA dehydrogenase	1	
1719-4	E	Adenine	GeneOrProtein	0	Adenine	Adenine7	1	
1719-4	E	Adenine	GeneOrProtein	0	Adenine	Adenine7	1	
1719-4	E	Adenine	GeneOrProtein	0	Adenine	Adenine7	1	
1719-4	E	Adenine	GeneOrProtein	0	Adenine	Adenine7	1	
1720-2	E	Adenine phosphoribosyltransferase	GeneOrProtein	0	Adenine phosphoribosyltransferase	Adenine phosphoribosyltransferase	0	HGNC:626
1720-2	E	Adenine phosphoribosyltransferase	GeneOrProtein	0	Adenine phosphoribosyltransferase	Adenine phosphoribosyltransferase	0	HGNC:626
50590-9	E	Adenine phosphoribosyltransferase	GeneOrProtein	0	Adenine phosphoribosyltransferase	Adenine phosphoribosyltransferase	0	HGNC:626
50590-9	E	Adenine phosphoribosyltransferase	GeneOrProtein	0	Adenine phosphoribosyltransferase	Adenine phosphoribosyltransferase	0	HGNC:626
50590-9	E	Adenine phosphoribosyltransferase	GeneOrProtein	0	Adenine phosphoribosyltransferase	Adenine phosphoribosyltransferase	0	HGNC:626
50590-9	E	Adenine phosphoribosyltransferase	GeneOrProtein	0	Adenine phosphoribosyltransferase	Adenine phosphoribosyltransferase	0	HGNC:626
50590-9	E	Adenine phosphoribosyltransferase	GeneOrProtein	0	Adenine phosphoribosyltransferase	Adenine phosphoribosyltransferase	0	HGNC:626
1722-8	E	Adenosine deaminase	GeneOrProtein	0	Adenosine deaminase	Adenosine deaminase	0	HGNC:186
1723-6	E	Adenosine deaminase	GeneOrProtein	0	Adenosine deaminase	Adenosine deaminase	0	HGNC:186
1723-6	E	binding protein	GeneOrProtein	20	binding protein	binding protein3	1	837429
1723-6	E	Adenosine deaminase	GeneOrProtein	0	Adenosine deaminase	Adenosine deaminase	0	HGNC:186
1723-6	E	binding protein	GeneOrProtein	20	binding protein	binding protein3	1	837429
1723-6	E	Adenosine deaminase	GeneOrProtein	0	Adenosine deaminase	Adenosine deaminase	0	HGNC:186
1723-6	E	binding protein	GeneOrProtein	20	binding protein	binding protein3	1	837429
21052-6	E	cyclic	GeneOrProtein	24	cyclic	cyclinc	1	41801
21052-6	E	cyclic	GeneOrProtein	24	cyclic	cyclinc	1	41801
1725-1	E	Adenosine monophosphate deaminase	GeneOrProtein	0	Adenosine monophosphate deaminase	Adenosine monophosphate deaminase	0	101246464
1725-1	E	Adenosine monophosphate deaminase	GeneOrProtein	0	Adenosine monophosphate deaminase	Adenosine monophosphate deaminase	0	101246464
1725-1	E	Adenosine monophosphate deaminase	GeneOrProtein	0	Adenosine monophosphate deaminase	Adenosine monophosphate deaminase	0	101246464
11035-3	E	Adenylate kinase	GeneOrProtein	0	Adenylate kinase	Adenylate kinase	0	
11035-3	E	Adenylate kinase	GeneOrProtein	0	Adenylate kinase	Adenylate kinase	0	
1732-7	E	Adenylosuccinate lyase	GeneOrProtein	0	Adenylosuccinate lyase	Adenylosuccinate lyase	0	HGNC:291
1732-7	E	Adenylosuccinate lyase	GeneOrProtein	0	Adenylosuccinate lyase	Adenylosuccinate lyase	0	HGNC:291
55819-7	E	Adiponectin	GeneOrProtein	0	Adiponectin	Adiponectin	0	HGNC:13633
90740-2	E	prostate	GeneOrProtein	11	prostate	prostase	1	Q9Y5K2
1740-0	E	Alanine aminopeptidase	GeneOrProtein	0	Alanine aminopeptidase	Alanine aminopeptidase	0	
1743-4	E	Alanine aminotransferase	GeneOrProtein	0	Alanine aminotransferase	Alanine aminotransferase	0	HGNC:4552
1744-2	E	Alanine aminotransferase	GeneOrProtein	0	Alanine aminotransferase	Alanine aminotransferase	0	HGNC:4552
100738-4	E	Alanine aminotransferase	GeneOrProtein	0	Alanine aminotransferase	Alanine aminotransferase	0	HGNC:4552
100738-4	E	Alanine aminotransferase	GeneOrProtein	0	Alanine aminotransferase	Alanine aminotransferase	0	HGNC:4552
100738-4	E	Alanine aminotransferase	GeneOrProtein	0	Alanine aminotransferase	Alanine aminotransferase	0	HGNC:4552
100738-4	E	Alanine aminotransferase	GeneOrProtein	0	Alanine aminotransferase	Alanine aminotransferase	0	HGNC:4552
100738-4	E	Alanine aminotransferase	GeneOrProtein	0	Alanine aminotransferase	Alanine aminotransferase	0	HGNC:4552
100738-4	E	Alanine aminotransferase	GeneOrProtein	0	Alanine aminotransferase	Alanine aminotransferase	0	HGNC:4552
100738-4	E	Alanine aminotransferase	GeneOrProtein	0	Alanine aminotransferase	Alanine aminotransferase	0	HGNC:4552
100738-4	E	Alanine aminotransferase	GeneOrProtein	0	Alanine aminotransferase	Alanine aminotransferase	0	HGNC:4552
100738-4	E	Alanine aminotransferase	GeneOrProtein	0	Alanine aminotransferase	Alanine aminotransferase	0	HGNC:4552
53150-9	E	Sarcosine	GeneOrProtein	21	Sarcosine	Sarcosin	0	HGNC:16905
21056-7	E	Cystine	GeneOrProtein	8	Cystine	Cystin1	1	HGNC:18525
21056-7	E	Histidine	GeneOrProtein	16	Histidine	Histidine6	1	
21056-7	E	Leucine	GeneOrProtein	39	Leucine	Leupin	1	HGNC:10570
21056-7	E	Cystine	GeneOrProtein	8	Cystine	Cystin1	1	HGNC:18525
21056-7	E	Histidine	GeneOrProtein	16	Histidine	Histidine6	1	
21056-7	E	Leucine	GeneOrProtein	39	Leucine	Leupin	1	HGNC:10570
59245-1	E	Alanine glyoxylate aminotransferase	GeneOrProtein	0	Alanine glyoxylate aminotransferase	Alanine glyoxylate aminotransferase	0	
59245-1	E	Alanine glyoxylate aminotransferase	GeneOrProtein	0	Alanine glyoxylate aminotransferase	Alanine glyoxylate aminotransferase	0	
21057-5	E	Histidine	GeneOrProtein	8	Histidine	Histidine6	1	
21057-5	E	Leucine	GeneOrProtein	18	Leucine	Leupin	1	HGNC:10570
101198-0	E	Albumin	GeneOrProtein	0	Albumin	Albumin	0	HGNC:399
101198-0	E	Albumin	GeneOrProtein	0	Albumin	Albumin	0	HGNC:399
53529-4	E	Albumin	GeneOrProtein	0	Albumin	Albumin	0	HGNC:399
77158-4	E	Albumin	GeneOrProtein	0	Albumin	Albumin	0	HGNC:399
77158-4	E	Albumin	GeneOrProtein	0	Albumin	Albumin	0	HGNC:399
1756-6	E	Albumin	GeneOrProtein	0	Albumin	Albumin	0	HGNC:399
1756-6	E	Albumin	GeneOrProtein	12	Albumin	Albumin	0	HGNC:399
1756-6	E	Albumin	GeneOrProtein	0	Albumin	Albumin	0	HGNC:399
1756-6	E	Albumin	GeneOrProtein	12	Albumin	Albumin	0	HGNC:399
1756-6	E	Albumin	GeneOrProtein	0	Albumin	Albumin	0	HGNC:399
1756-6	E	Albumin	GeneOrProtein	12	Albumin	Albumin	0	HGNC:399
1756-6	E	Albumin	GeneOrProtein	0	Albumin	Albumin	0	HGNC:399
1756-6	E	Albumin	GeneOrProtein	12	Albumin	Albumin	0	HGNC:399
1756-6	E	Albumin	GeneOrProtein	0	Albumin	Albumin	0	HGNC:399
1756-6	E	Albumin	GeneOrProtein	12	Albumin	Albumin	0	HGNC:399
1756-6	E	Albumin	GeneOrProtein	0	Albumin	Albumin	0	HGNC:399
1756-6	E	Albumin	GeneOrProtein	12	Albumin	Albumin	0	HGNC:399
106530-9	E	Albumin	GeneOrProtein	0	Albumin	Albumin	0	HGNC:399
106530-9	E	Albumin	GeneOrProtein	17	Albumin	Albumin	0	HGNC:399
106530-9	E	Albumin	GeneOrProtein	0	Albumin	Albumin	0	HGNC:399
106530-9	E	Albumin	GeneOrProtein	17	Albumin	Albumin	0	HGNC:399
106530-9	E	Albumin	GeneOrProtein	0	Albumin	Albumin	0	HGNC:399
106530-9	E	Albumin	GeneOrProtein	17	Albumin	Albumin	0	HGNC:399
48669-6	E	Albumin	GeneOrProtein	0	Albumin	Albumin	0	HGNC:399
48669-6	E	Albumin	GeneOrProtein	0	Albumin	Albumin	0	HGNC:399
48669-6	E	Albumin	GeneOrProtein	0	Albumin	Albumin	0	HGNC:399
48669-6	E	Albumin	GeneOrProtein	0	Albumin	Albumin	0	HGNC:399
48669-6	E	Albumin	GeneOrProtein	0	Albumin	Albumin	0	HGNC:399
48669-6	E	Albumin	GeneOrProtein	0	Albumin	Albumin	0	HGNC:399
66765-9	E	Albumin	GeneOrProtein	0	Albumin	Albumin	0	HGNC:399
66765-9	E	Albumin	GeneOrProtein	21	Albumin	Albumin	0	HGNC:399
13974-1	E	Albumin	GeneOrProtein	0	Albumin	Albumin	0	HGNC:399
13974-1	E	Albumin	GeneOrProtein	0	Albumin	Albumin	0	HGNC:399
72646-3	E	Albumin	GeneOrProtein	0	Albumin	Albumin	0	HGNC:399
72646-3	E	serum-albumin	GeneOrProtein	8	serum-albumin	serum albumin	1	
56153-0	E	Albumin	GeneOrProtein	0	Albumin	Albumin	0	HGNC:399
56153-0	E	serum/Albumin	GeneOrProtein	8	serum/Albumin	serum Albumin	1	
56153-0	E	Periton	GeneOrProtein	22	Periton	Penton	0	
56153-0	E	Albumin	GeneOrProtein	0	Albumin	Albumin	0	HGNC:399
56153-0	E	serum/Albumin	GeneOrProtein	8	serum/Albumin	serum Albumin	1	
56153-0	E	Periton	GeneOrProtein	22	Periton	Penton	0	
56153-0	E	Albumin	GeneOrProtein	0	Albumin	Albumin	0	HGNC:399
56153-0	E	serum/Albumin	GeneOrProtein	8	serum/Albumin	serum Albumin	1	
56153-0	E	Periton	GeneOrProtein	22	Periton	Penton	0	
56153-0	E	Albumin	GeneOrProtein	0	Albumin	Albumin	0	HGNC:399
56153-0	E	serum/Albumin	GeneOrProtein	8	serum/Albumin	serum Albumin	1	
56153-0	E	Periton	GeneOrProtein	22	Periton	Penton	0	
56153-0	E	Albumin	GeneOrProtein	0	Albumin	Albumin	0	HGNC:399
56153-0	E	serum/Albumin	GeneOrProtein	8	serum/Albumin	serum Albumin	1	
56153-0	E	Periton	GeneOrProtein	22	Periton	Penton	0	
56153-0	E	Albumin	GeneOrProtein	0	Albumin	Albumin	0	HGNC:399
56153-0	E	serum/Albumin	GeneOrProtein	8	serum/Albumin	serum Albumin	1	
56153-0	E	Periton	GeneOrProtein	22	Periton	Penton	0	
72647-1	E	Albumin	GeneOrProtein	0	Albumin	Albumin	0	HGNC:399
72647-1	E	serum-albumin	GeneOrProtein	8	serum-albumin	serum albumin	1	
11036-1	E	Aldolase	GeneOrProtein	0	Aldolase	Aldolase	0	
11036-1	E	Aldolase	GeneOrProtein	0	Aldolase	Aldolase	0	
20426-3	E	Alkaline phosphatase	GeneOrProtein	0	Alkaline phosphatase	Alkaline phosphatase	0	
20426-3	E	Alkaline phosphatase	GeneOrProtein	0	Alkaline phosphatase	Alkaline phosphatase	0	
43731-9	E	Alkaline phosphatase	GeneOrProtein	0	Alkaline phosphatase	Alkaline phosphatase	0	
32351-9	E	Alkaline phosphatase	GeneOrProtein	0	Alkaline phosphatase	Alkaline phosphatase	0	
32352-7	E	Alkaline phosphatase	GeneOrProtein	0	Alkaline phosphatase	Alkaline phosphatase	0	
53578-1	E	Alkaline phosphatase	GeneOrProtein	0	Alkaline phosphatase	Alkaline phosphatase	0	
53578-1	E	Alkaline phosphatase	GeneOrProtein	34	Alkaline phosphatase	Alkaline phosphatase	0	
53579-9	E	Alkaline phosphatase	GeneOrProtein	0	Alkaline phosphatase	Alkaline phosphatase	0	
53579-9	E	Alkaline phosphatase	GeneOrProtein	34	Alkaline phosphatase	Alkaline phosphatase	0	
15014-4	E	Alkaline phosphatase	GeneOrProtein	0	Alkaline phosphatase	Alkaline phosphatase	0	
15014-4	E	intestinal/Alkaline phosphatase	GeneOrProtein	21	intestinal/Alkaline phosphatase	intestinal Alkaline phosphatase	1	
15014-4	E	Alkaline phosphatase	GeneOrProtein	0	Alkaline phosphatase	Alkaline phosphatase	0	
15014-4	E	intestinal/Alkaline phosphatase	GeneOrProtein	21	intestinal/Alkaline phosphatase	intestinal Alkaline phosphatase	1	
15014-4	E	Alkaline phosphatase	GeneOrProtein	0	Alkaline phosphatase	Alkaline phosphatase	0	
15014-4	E	intestinal/Alkaline phosphatase	GeneOrProtein	21	intestinal/Alkaline phosphatase	intestinal Alkaline phosphatase	1	
15014-4	E	Alkaline phosphatase	GeneOrProtein	0	Alkaline phosphatase	Alkaline phosphatase	0	
15014-4	E	intestinal/Alkaline phosphatase	GeneOrProtein	21	intestinal/Alkaline phosphatase	intestinal Alkaline phosphatase	1	
43709-5	E	Alkaline phosphatase	GeneOrProtein	0	Alkaline phosphatase	Alkaline phosphatase	0	
12805-8	E	Alkaline phosphatase	GeneOrProtein	0	Alkaline phosphatase	Alkaline phosphatase	0	
12805-8	E	Alkaline phosphatase	GeneOrProtein	0	Alkaline phosphatase	Alkaline phosphatase	0	
12805-8	E	Alkaline phosphatase	GeneOrProtein	0	Alkaline phosphatase	Alkaline phosphatase	0	
12805-8	E	Alkaline phosphatase	GeneOrProtein	0	Alkaline phosphatase	Alkaline phosphatase	0	
14588-8	E	Alkaline phosphatase	GeneOrProtein	0	Alkaline phosphatase	Alkaline phosphatase	0	
14588-8	E	Alkaline phosphatase	GeneOrProtein	0	Alkaline phosphatase	Alkaline phosphatase	0	
33063-9	E	Alkaline phosphatase	GeneOrProtein	0	Alkaline phosphatase	Alkaline phosphatase	0	
13874-3	E	Alkaline phosphatase	GeneOrProtein	0	Alkaline phosphatase	Alkaline phosphatase	0	
13874-3	E	liver 1	GeneOrProtein	21	liver 1	liver b	1	
13874-3	E	Alkaline phosphatase	GeneOrProtein	0	Alkaline phosphatase	Alkaline phosphatase	0	
13874-3	E	liver 1	GeneOrProtein	21	liver 1	liver b	1	
13874-3	E	Alkaline phosphatase	GeneOrProtein	0	Alkaline phosphatase	Alkaline phosphatase	0	
13874-3	E	liver 1	GeneOrProtein	21	liver 1	liver b	1	
13875-0	E	Alkaline phosphatase	GeneOrProtein	0	Alkaline phosphatase	Alkaline phosphatase	0	
13875-0	E	liver 2	GeneOrProtein	21	liver 2	liver b	1	
43708-7	E	Alkaline phosphatase	GeneOrProtein	0	Alkaline phosphatase	Alkaline phosphatase	0	
12806-6	E	Alkaline phosphatase	GeneOrProtein	0	Alkaline phosphatase	Alkaline phosphatase	0	
12806-6	E	Alkaline phosphatase	GeneOrProtein	0	Alkaline phosphatase	Alkaline phosphatase	0	
49924-4	E	Alkaline phosphatase	GeneOrProtein	0	Alkaline phosphatase	Alkaline phosphatase	0	
49924-4	E	Alkaline phosphatase	GeneOrProtein	27	Alkaline phosphatase	Alkaline phosphatase	0	
35707-9	E	Alkaline phosphatase	GeneOrProtein	0	Alkaline phosphatase	Alkaline phosphatase	0	
35707-9	E	Alkaline phosphatase	GeneOrProtein	34	Alkaline phosphatase	Alkaline phosphatase	0	
100737-6	E	Alkaline phosphatase	GeneOrProtein	0	Alkaline phosphatase	Alkaline phosphatase	0	
100737-6	E	Alkaline phosphatase	GeneOrProtein	0	Alkaline phosphatase	Alkaline phosphatase	0	
100737-6	E	Alkaline phosphatase	GeneOrProtein	0	Alkaline phosphatase	Alkaline phosphatase	0	
100737-6	E	Alkaline phosphatase	GeneOrProtein	0	Alkaline phosphatase	Alkaline phosphatase	0	
100737-6	E	Alkaline phosphatase	GeneOrProtein	0	Alkaline phosphatase	Alkaline phosphatase	0	
100737-6	E	Alkaline phosphatase	GeneOrProtein	0	Alkaline phosphatase	Alkaline phosphatase	0	
100737-6	E	Alkaline phosphatase	GeneOrProtein	0	Alkaline phosphatase	Alkaline phosphatase	0	
100737-6	E	Alkaline phosphatase	GeneOrProtein	0	Alkaline phosphatase	Alkaline phosphatase	0	
100737-6	E	Alkaline phosphatase	GeneOrProtein	0	Alkaline phosphatase	Alkaline phosphatase	0	
26010-9	E	Alkaline phosphatase	GeneOrProtein	0	Alkaline phosphatase	Alkaline phosphatase	0	
26010-9	E	Alkaline phosphatase	GeneOrProtein	37	Alkaline phosphatase	Alkaline phosphatase	0	
71363-6	E	Alkaline phosphatase	GeneOrProtein	0	Alkaline phosphatase	Alkaline phosphatase	0	
71363-6	E	Alkaline phosphatase	GeneOrProtein	33	Alkaline phosphatase	Alkaline phosphatase	0	
15017-7	E	Alkaline phosphatase	GeneOrProtein	0	Alkaline phosphatase	Alkaline phosphatase	0	
15017-7	E	Alkaline phosphatase	GeneOrProtein	27	Alkaline phosphatase	Alkaline phosphatase	0	
15018-5	E	Alkaline phosphatase	GeneOrProtein	0	Alkaline phosphatase	Alkaline phosphatase	0	
15018-5	E	Alkaline phosphatase	GeneOrProtein	27	Alkaline phosphatase	Alkaline phosphatase	0	
15018-5	E	Alkaline phosphatase	GeneOrProtein	0	Alkaline phosphatase	Alkaline phosphatase	0	
15018-5	E	Alkaline phosphatase	GeneOrProtein	27	Alkaline phosphatase	Alkaline phosphatase	0	
82220-5	E	Alkyl-dihydroxyacetonephosphate synthase	GeneOrProtein	0	Alkyl-dihydroxyacetonephosphate synthase	Alkyl-dihydroxyacetonephosphate synthase	0	84114
82220-5	E	Alkyl-dihydroxyacetonephosphate synthase	GeneOrProtein	0	Alkyl-dihydroxyacetonephosphate synthase	Alkyl-dihydroxyacetonephosphate synthase	0	84114
82220-5	E	Alkyl-dihydroxyacetonephosphate synthase	GeneOrProtein	0	Alkyl-dihydroxyacetonephosphate synthase	Alkyl-dihydroxyacetonephosphate synthase	0	84114
82220-5	E	Alkyl-dihydroxyacetonephosphate synthase	GeneOrProtein	0	Alkyl-dihydroxyacetonephosphate synthase	Alkyl-dihydroxyacetonephosphate synthase	0	84114
82220-5	E	Alkyl-dihydroxyacetonephosphate synthase	GeneOrProtein	0	Alkyl-dihydroxyacetonephosphate synthase	Alkyl-dihydroxyacetonephosphate synthase	0	84114
82220-5	E	Alkyl-dihydroxyacetonephosphate synthase	GeneOrProtein	0	Alkyl-dihydroxyacetonephosphate synthase	Alkyl-dihydroxyacetonephosphate synthase	0	84114
82220-5	E	Alkyl-dihydroxyacetonephosphate synthase	GeneOrProtein	0	Alkyl-dihydroxyacetonephosphate synthase	Alkyl-dihydroxyacetonephosphate synthase	0	84114
82220-5	E	Alkyl-dihydroxyacetonephosphate synthase	GeneOrProtein	0	Alkyl-dihydroxyacetonephosphate synthase	Alkyl-dihydroxyacetonephosphate synthase	0	84114
53152-5	E	Leucine	GeneOrProtein	26	Leucine	Leupin	1	HGNC:10570
53154-1	E	Leucine	GeneOrProtein	26	Leucine	Leupin	1	HGNC:10570
53393-5	E	Leucine	GeneOrProtein	26	Leucine	Leupin	1	HGNC:10570
100744-2	E	Alpha-1-Acid glycoprotein	GeneOrProtein	0	Alpha-1-Acid glycoprotein	Alpha-1-Acid glycoprotein	0	
100744-2	E	Alpha-1-Acid glycoprotein	GeneOrProtein	0	Alpha-1-Acid glycoprotein	Alpha-1-Acid glycoprotein	0	
100744-2	E	Alpha-1-Acid glycoprotein	GeneOrProtein	0	Alpha-1-Acid glycoprotein	Alpha-1-Acid glycoprotein	0	
100744-2	E	Alpha-1-Acid glycoprotein	GeneOrProtein	0	Alpha-1-Acid glycoprotein	Alpha-1-Acid glycoprotein	0	
100744-2	E	Alpha-1-Acid glycoprotein	GeneOrProtein	0	Alpha-1-Acid glycoprotein	Alpha-1-Acid glycoprotein	0	
100744-2	E	Alpha-1-Acid glycoprotein	GeneOrProtein	0	Alpha-1-Acid glycoprotein	Alpha-1-Acid glycoprotein	0	
100744-2	E	Alpha-1-Acid glycoprotein	GeneOrProtein	0	Alpha-1-Acid glycoprotein	Alpha-1-Acid glycoprotein	0	
100744-2	E	Alpha-1-Acid glycoprotein	GeneOrProtein	0	Alpha-1-Acid glycoprotein	Alpha-1-Acid glycoprotein	0	
100744-2	E	Alpha-1-Acid glycoprotein	GeneOrProtein	0	Alpha-1-Acid glycoprotein	Alpha-1-Acid glycoprotein	0	
100744-2	E	Alpha-1-Acid glycoprotein	GeneOrProtein	0	Alpha-1-Acid glycoprotein	Alpha-1-Acid glycoprotein	0	
100744-2	E	Alpha-1-Acid glycoprotein	GeneOrProtein	0	Alpha-1-Acid glycoprotein	Alpha-1-Acid glycoprotein	0	
100744-2	E	Alpha-1-Acid glycoprotein	GeneOrProtein	0	Alpha-1-Acid glycoprotein	Alpha-1-Acid glycoprotein	0	
100744-2	E	Alpha-1-Acid glycoprotein	GeneOrProtein	0	Alpha-1-Acid glycoprotein	Alpha-1-Acid glycoprotein	0	
100744-2	E	Alpha-1-Acid glycoprotein	GeneOrProtein	0	Alpha-1-Acid glycoprotein	Alpha-1-Acid glycoprotein	0	
100744-2	E	Alpha-1-Acid glycoprotein	GeneOrProtein	0	Alpha-1-Acid glycoprotein	Alpha-1-Acid glycoprotein	0	
100744-2	E	Alpha-1-Acid glycoprotein	GeneOrProtein	0	Alpha-1-Acid glycoprotein	Alpha-1-Acid glycoprotein	0	
100744-2	E	Alpha-1-Acid glycoprotein	GeneOrProtein	0	Alpha-1-Acid glycoprotein	Alpha-1-Acid glycoprotein	0	
12960-1	E	Alpha 1 antitrypsin	GeneOrProtein	0	Alpha 1 antitrypsin	Alpha-1 antitrypsin	0	
12960-1	E	Alpha 1 antitrypsin	GeneOrProtein	0	Alpha 1 antitrypsin	Alpha-1 antitrypsin	0	
1826-7	E	Alpha 1 antitrypsin	GeneOrProtein	0	Alpha 1 antitrypsin	Alpha-1 antitrypsin	0	
1827-5	E	Alpha 1 antitrypsin	GeneOrProtein	0	Alpha 1 antitrypsin	Alpha-1 antitrypsin	0	
1828-3	E	Alpha 1 antitrypsin	GeneOrProtein	0	Alpha 1 antitrypsin	Alpha-1 antitrypsin	0	
32769-2	E	Alpha 1 antitrypsin	GeneOrProtein	0	Alpha 1 antitrypsin	Alpha-1 antitrypsin	0	
1829-1	E	Alpha 1 antitrypsin	GeneOrProtein	0	Alpha 1 antitrypsin	Alpha-1 antitrypsin	0	
1830-9	E	Alpha 1 antitrypsin	GeneOrProtein	0	Alpha 1 antitrypsin	Alpha-1 antitrypsin	0	
1831-7	E	Alpha 1 antitrypsin	GeneOrProtein	0	Alpha 1 antitrypsin	Alpha-1 antitrypsin	0	
43996-8	E	Alpha-1-Fetoprotein	GeneOrProtein	0	Alpha-1-Fetoprotein	Alpha-1-Fetoprotein	0	
43996-8	E	Alpha-1-Fetoprotein	GeneOrProtein	0	Alpha-1-Fetoprotein	Alpha-1-Fetoprotein	0	
50610-5	E	Alpha-1-Fetoprotein	GeneOrProtein	0	Alpha-1-Fetoprotein	Alpha-1-Fetoprotein	0	
43997-6	E	Alpha-1-Fetoprotein	GeneOrProtein	0	Alpha-1-Fetoprotein	Alpha-1-Fetoprotein	0	
41273-4	E	Alpha-1-Fetoprotein	GeneOrProtein	0	Alpha-1-Fetoprotein	Alpha-1-Fetoprotein	0	
42332-7	E	Alpha-1-Fetoprotein	GeneOrProtein	0	Alpha-1-Fetoprotein	Alpha-1-Fetoprotein	0	
42332-7	E	Alpha-1-Fetoprotein	GeneOrProtein	23	Alpha-1-Fetoprotein	Alpha-1-Fetoprotein	0	
49585-3	E	Alpha-1-Fetoprotein	GeneOrProtein	0	Alpha-1-Fetoprotein	Alpha-1-Fetoprotein	0	
49585-3	E	Alpha-1-Fetoprotein	GeneOrProtein	0	Alpha-1-Fetoprotein	Alpha-1-Fetoprotein	0	
104786-9	E	Alpha 1	GeneOrProtein	0	Alpha 1	Alpha i	0	
104786-9	E	Alpha 1	GeneOrProtein	0	Alpha 1	Alpha i	0	
50385-4	E	Alpha-1-Microglobulin	GeneOrProtein	0	Alpha-1-Microglobulin	Alpha-1-Microglobulin	0	103183099
50385-4	E	Alpha-1-Microglobulin	GeneOrProtein	0	Alpha-1-Microglobulin	Alpha-1-Microglobulin	0	103183099
104799-2	E	Alpha 2 globulin	GeneOrProtein	0	Alpha 2 globulin	Alpha2u globulin	1	298111
104799-2	E	Alpha 2 globulin	GeneOrProtein	0	Alpha 2 globulin	Alpha2u globulin	1	298111
104799-2	E	Alpha 2 globulin	GeneOrProtein	0	Alpha 2 globulin	Alpha2u globulin	1	298111
1835-8	E	Alpha-2-Macroglobulin	GeneOrProtein	0	Alpha-2-Macroglobulin	Alpha-2-Macroglobulin	0	HGNC:7
1835-8	E	Alpha-2-Macroglobulin	GeneOrProtein	0	Alpha-2-Macroglobulin	Alpha-2-Macroglobulin	0	HGNC:7
1835-8	E	Alpha-2-Macroglobulin	GeneOrProtein	0	Alpha-2-Macroglobulin	Alpha-2-Macroglobulin	0	HGNC:7
1835-8	E	Alpha-2-Macroglobulin	GeneOrProtein	0	Alpha-2-Macroglobulin	Alpha-2-Macroglobulin	0	HGNC:7
1835-8	E	Alpha-2-Macroglobulin	GeneOrProtein	0	Alpha-2-Macroglobulin	Alpha-2-Macroglobulin	0	HGNC:7
31151-4	E	Alpha-2-Microglobulin	GeneOrProtein	0	Alpha-2-Microglobulin	Alpha-2-Macroglobulin	1	HGNC:7
1784-8	E	amino acid	GeneOrProtein	6	amino acid	mino acid	1	
1784-8	E	nitrogen	GeneOrProtein	17	nitrogen	mtr gene	1	HGNC:7468
1784-8	E	amino acid	GeneOrProtein	6	amino acid	mino acid	1	
1784-8	E	nitrogen	GeneOrProtein	17	nitrogen	mtr gene	1	HGNC:7468
79279-6	E	Alpha-aminoadipic semialdehyde	GeneOrProtein	0	Alpha-aminoadipic semialdehyde	Alpha-aminoadipic semialdehyde	0	
92766-5	E	Alpha-aminoadipic semialdehyde	GeneOrProtein	0	Alpha-aminoadipic semialdehyde	Alpha-aminoadipic semialdehyde	0	
92766-5	E	Alpha-aminoadipic semialdehyde	GeneOrProtein	0	Alpha-aminoadipic semialdehyde	Alpha-aminoadipic semialdehyde	0	
92766-5	E	Alpha-aminoadipic semialdehyde	GeneOrProtein	0	Alpha-aminoadipic semialdehyde	Alpha-aminoadipic semialdehyde	0	
92766-5	E	Alpha-aminoadipic semialdehyde	GeneOrProtein	0	Alpha-aminoadipic semialdehyde	Alpha-aminoadipic semialdehyde	0	
92766-5	E	Alpha-aminoadipic semialdehyde	GeneOrProtein	0	Alpha-aminoadipic semialdehyde	Alpha-aminoadipic semialdehyde	0	
92766-5	E	Alpha-aminoadipic semialdehyde	GeneOrProtein	0	Alpha-aminoadipic semialdehyde	Alpha-aminoadipic semialdehyde	0	
94718-4	E	Alpha defensins 1	GeneOrProtein	0	Alpha defensins 1	Alpha-defensin 1	1	
94718-4	E	Alpha defensins 1	GeneOrProtein	0	Alpha defensins 1	Alpha-defensin 1	1	
94718-4	E	Alpha defensins 1	GeneOrProtein	0	Alpha defensins 1	Alpha-defensin 1	1	
94718-4	E	Alpha defensins 1	GeneOrProtein	0	Alpha defensins 1	Alpha-defensin 1	1	
94718-4	E	Alpha defensins 1	GeneOrProtein	0	Alpha defensins 1	Alpha-defensin 1	1	
94718-4	E	Alpha defensins 1	GeneOrProtein	0	Alpha defensins 1	Alpha-defensin 1	1	
94718-4	E	Alpha defensins 1	GeneOrProtein	0	Alpha defensins 1	Alpha-defensin 1	1	
94718-4	E	Alpha defensins 1	GeneOrProtein	0	Alpha defensins 1	Alpha-defensin 1	1	
17839-2	E	Alpha fucosidase	GeneOrProtein	0	Alpha fucosidase	Alpha fucosidase	0	
17839-2	E	Alpha fucosidase	GeneOrProtein	0	Alpha fucosidase	Alpha fucosidase	0	
17839-2	E	Alpha fucosidase	GeneOrProtein	0	Alpha fucosidase	Alpha fucosidase	0	
1813-5	E	Alpha galactosidase A	GeneOrProtein	0	Alpha galactosidase A	Alpha galactosidase A	0	
1813-5	E	Alpha galactosidase A	GeneOrProtein	0	Alpha galactosidase A	Alpha galactosidase A	0	
1813-5	E	Alpha galactosidase A	GeneOrProtein	0	Alpha galactosidase A	Alpha galactosidase A	0	
1813-5	E	Alpha galactosidase A	GeneOrProtein	0	Alpha galactosidase A	Alpha galactosidase A	0	
53539-3	E	Alpha globulin	GeneOrProtein	0	Alpha globulin	Alpha-globulin	0	
1677-4	E	hydroxybutyrate dehydrogenase	GeneOrProtein	6	hydroxybutyrate dehydrogenase	hydroxybutyrate dehydrogenase	0	
1677-4	E	hydroxybutyrate dehydrogenase	GeneOrProtein	6	hydroxybutyrate dehydrogenase	hydroxybutyrate dehydrogenase	0	
1677-4	E	hydroxybutyrate dehydrogenase	GeneOrProtein	6	hydroxybutyrate dehydrogenase	hydroxybutyrate dehydrogenase	0	
1677-4	E	hydroxybutyrate dehydrogenase	GeneOrProtein	6	hydroxybutyrate dehydrogenase	hydroxybutyrate dehydrogenase	0	
1699-8	E	Alpha-L-iduronidase	GeneOrProtein	0	Alpha-L-iduronidase	Alpha-L-iduronidase	0	
1699-8	E	Alpha-L-iduronidase	GeneOrProtein	0	Alpha-L-iduronidase	Alpha-L-iduronidase	0	
1818-4	E	Alpha mannosidase	GeneOrProtein	0	Alpha mannosidase	Alpha mannosidase	0	
1818-4	E	Alpha mannosidase	GeneOrProtein	0	Alpha mannosidase	Alpha mannosidase	0	
1820-0	E	Alpha melanocyte stimulating hormone	GeneOrProtein	0	Alpha melanocyte stimulating hormone	Alpha-melanocyte stimulating hormone	0	HGNC:9201
1820-0	E	Alpha melanocyte stimulating hormone	GeneOrProtein	0	Alpha melanocyte stimulating hormone	Alpha-melanocyte stimulating hormone	0	HGNC:9201
82221-3	E	Alpha-methylacyl CoA racemase	GeneOrProtein	0	Alpha-methylacyl CoA racemase	Alpha-methylacyl-CoA racemase	0	HGNC:451
82221-3	E	Alpha-methylacyl CoA racemase	GeneOrProtein	0	Alpha-methylacyl CoA racemase	Alpha-methylacyl-CoA racemase	0	HGNC:451
82221-3	E	Alpha-methylacyl CoA racemase	GeneOrProtein	0	Alpha-methylacyl CoA racemase	Alpha-methylacyl-CoA racemase	0	HGNC:451
11037-9	E	Alpha-N-acetylgalactosaminidase	GeneOrProtein	0	Alpha-N-acetylgalactosaminidase	Alpha-N-acetylgalactosaminidase	0	HGNC:7631
11037-9	E	Alpha-N-acetylgalactosaminidase	GeneOrProtein	0	Alpha-N-acetylgalactosaminidase	Alpha-N-acetylgalactosaminidase	0	HGNC:7631
11037-9	E	Alpha-N-acetylgalactosaminidase	GeneOrProtein	0	Alpha-N-acetylgalactosaminidase	Alpha-N-acetylgalactosaminidase	0	HGNC:7631
11037-9	E	Alpha-N-acetylgalactosaminidase	GeneOrProtein	0	Alpha-N-acetylgalactosaminidase	Alpha-N-acetylgalactosaminidase	0	HGNC:7631
104114-4	E	Alpha-N-acetylglucosaminidase	GeneOrProtein	0	Alpha-N-acetylglucosaminidase	Alpha-N-acetylglucosaminidase	0	
104114-4	E	Alpha-N-acetylglucosaminidase	GeneOrProtein	0	Alpha-N-acetylglucosaminidase	Alpha-N-acetylglucosaminidase	0	
104114-4	E	Alpha-N-acetylglucosaminidase	GeneOrProtein	0	Alpha-N-acetylglucosaminidase	Alpha-N-acetylglucosaminidase	0	
104114-4	E	Alpha-N-acetylglucosaminidase	GeneOrProtein	0	Alpha-N-acetylglucosaminidase	Alpha-N-acetylglucosaminidase	0	
104114-4	E	Alpha-N-acetylglucosaminidase	GeneOrProtein	0	Alpha-N-acetylglucosaminidase	Alpha-N-acetylglucosaminidase	0	
104114-4	E	Alpha-N-acetylglucosaminidase	GeneOrProtein	0	Alpha-N-acetylglucosaminidase	Alpha-N-acetylglucosaminidase	0	
104114-4	E	Alpha-N-acetylglucosaminidase	GeneOrProtein	0	Alpha-N-acetylglucosaminidase	Alpha-N-acetylglucosaminidase	0	
1843-2	E	nitrogen	GeneOrProtein	8	nitrogen	mtr gene	1	HGNC:7468
15350-2	E	Amylase	GeneOrProtein	0	Amylase	Amylase	0	
15350-2	E	Amylase	GeneOrProtein	0	Amylase	Amylase	0	
49927-7	E	Amylase	GeneOrProtein	0	Amylase	Amylase	0	
49927-7	E	Amylase	GeneOrProtein	12	Amylase	Amylase	0	
14589-6	E	Amylase	GeneOrProtein	0	Amylase	Amylase	0	
14589-6	E	Amylase	GeneOrProtein	0	Amylase	Amylase	0	
14589-6	E	Amylase	GeneOrProtein	0	Amylase	Amylase	0	
100740-0	E	Amylase	GeneOrProtein	0	Amylase	Amylase	0	
100740-0	E	Amylase	GeneOrProtein	0	Amylase	Amylase	0	
100740-0	E	Amylase	GeneOrProtein	0	Amylase	Amylase	0	
100740-0	E	Amylase	GeneOrProtein	0	Amylase	Amylase	0	
100740-0	E	Amylase	GeneOrProtein	0	Amylase	Amylase	0	
100740-0	E	Amylase	GeneOrProtein	0	Amylase	Amylase	0	
15020-1	E	Amylase	GeneOrProtein	0	Amylase	Amylase	0	
15020-1	E	Amylase	GeneOrProtein	11	Amylase	Amylase	0	
15021-9	E	Amylase	GeneOrProtein	0	Amylase	Amylase	0	
15021-9	E	Amylase	GeneOrProtein	11	Amylase	Amylase	0	
15022-7	E	Amylase	GeneOrProtein	0	Amylase	Amylase	0	
15022-7	E	Amylase	GeneOrProtein	11	Amylase	Amylase	0	
1805-1	E	Amylase	GeneOrProtein	0	Amylase	Amylase	0	
70270-4	E	Amylase	GeneOrProtein	0	Amylase	Amylase	0	
88710-9	E	Amylase	GeneOrProtein	0	Amylase	Amylase	0	
70262-1	E	Amylase	GeneOrProtein	0	Amylase	Amylase	0	
70262-1	E	periton	GeneOrProtein	8	periton	penton	0	
70262-1	E	Amylase	GeneOrProtein	20	Amylase	Amylase	0	
15023-5	E	Amylase	GeneOrProtein	0	Amylase	Amylase	0	
15023-5	E	Amylase	GeneOrProtein	11	Amylase	Amylase	0	
15024-3	E	Amylase	GeneOrProtein	0	Amylase	Amylase	0	
15024-3	E	Amylase	GeneOrProtein	11	Amylase	Amylase	0	
15025-0	E	Amylase	GeneOrProtein	0	Amylase	Amylase	0	
15025-0	E	Amylase	GeneOrProtein	11	Amylase	Amylase	0	
56776-8	E	Amylase	GeneOrProtein	0	Amylase	Amylase	0	
56776-8	E	Amylase	GeneOrProtein	14	Amylase	Amylase	0	
56782-6	E	Amylase	GeneOrProtein	0	Amylase	Amylase	0	
56782-6	E	Amylase	GeneOrProtein	11	Amylase	Amylase	0	
1809-3	E	Amylase	GeneOrProtein	0	Amylase	Amylase	0	
1809-3	E	Amylase	GeneOrProtein	0	Amylase	Amylase	0	
1846-5	E	Amylo-alpha-1,6-glucosidase	GeneOrProtein	0	Amylo-alpha-1,6-glucosidase	Amylo-alpha-1,6-glucosidase	0	
1846-5	E	Amylo-alpha-1,6-glucosidase	GeneOrProtein	0	Amylo-alpha-1,6-glucosidase	Amylo-alpha-1,6-glucosidase	0	
101806-8	E	peptide	GeneOrProtein	16	peptide	peptide9	1	
101806-8	E	beta 40	GeneOrProtein	32	beta 40	beta 10	1	
101806-8	E	peptide	GeneOrProtein	40	peptide	peptide9	1	
101806-8	E	peptide	GeneOrProtein	16	peptide	peptide9	1	
101806-8	E	beta 40	GeneOrProtein	32	beta 40	beta 10	1	
101806-8	E	peptide	GeneOrProtein	40	peptide	peptide9	1	
101806-8	E	peptide	GeneOrProtein	16	peptide	peptide9	1	
101806-8	E	beta 40	GeneOrProtein	32	beta 40	beta 10	1	
101806-8	E	peptide	GeneOrProtein	40	peptide	peptide9	1	
101806-8	E	peptide	GeneOrProtein	16	peptide	peptide9	1	
101806-8	E	beta 40	GeneOrProtein	32	beta 40	beta 10	1	
101806-8	E	peptide	GeneOrProtein	40	peptide	peptide9	1	
101806-8	E	peptide	GeneOrProtein	16	peptide	peptide9	1	
101806-8	E	beta 40	GeneOrProtein	32	beta 40	beta 10	1	
101806-8	E	peptide	GeneOrProtein	40	peptide	peptide9	1	
101806-8	E	peptide	GeneOrProtein	16	peptide	peptide9	1	
101806-8	E	beta 40	GeneOrProtein	32	beta 40	beta 10	1	
101806-8	E	peptide	GeneOrProtein	40	peptide	peptide9	1	
101806-8	E	peptide	GeneOrProtein	16	peptide	peptide9	1	
101806-8	E	beta 40	GeneOrProtein	32	beta 40	beta 10	1	
101806-8	E	peptide	GeneOrProtein	40	peptide	peptide9	1	
101806-8	E	peptide	GeneOrProtein	16	peptide	peptide9	1	
101806-8	E	beta 40	GeneOrProtein	32	beta 40	beta 10	1	
101806-8	E	peptide	GeneOrProtein	40	peptide	peptide9	1	
101806-8	E	peptide	GeneOrProtein	16	peptide	peptide9	1	
101806-8	E	beta 40	GeneOrProtein	32	beta 40	beta 10	1	
101806-8	E	peptide	GeneOrProtein	40	peptide	peptide9	1	
101806-8	E	peptide	GeneOrProtein	16	peptide	peptide9	1	
101806-8	E	beta 40	GeneOrProtein	32	beta 40	beta 10	1	
101806-8	E	peptide	GeneOrProtein	40	peptide	peptide9	1	
106941-8	E	peptide	GeneOrProtein	16	peptide	peptide9	1	
106941-8	E	beta 40	GeneOrProtein	32	beta 40	beta 10	1	
106941-8	E	peptide	GeneOrProtein	40	peptide	peptide9	1	
24125-7	E	Androgen	GeneOrProtein	0	Androgen	Andr gene	1	Q84BZ4
24125-7	E	Androgen	GeneOrProtein	0	Androgen	Andr gene	1	Q84BZ4
24125-7	E	Androgen	GeneOrProtein	0	Androgen	Andr gene	1	Q84BZ4
24125-7	E	Androgen	GeneOrProtein	0	Androgen	Andr gene	1	Q84BZ4
24125-7	E	Androgen	GeneOrProtein	0	Androgen	Andr gene	1	Q84BZ4
12480-0	E	Angiotensin converting enzyme	GeneOrProtein	0	Angiotensin converting enzyme	Angiotensin converting enzyme	0	
12480-0	E	Angiotensin converting enzyme	GeneOrProtein	0	Angiotensin converting enzyme	Angiotensin converting enzyme	0	
12480-0	E	Angiotensin converting enzyme	GeneOrProtein	0	Angiotensin converting enzyme	Angiotensin converting enzyme	0	
12480-0	E	Angiotensin converting enzyme	GeneOrProtein	0	Angiotensin converting enzyme	Angiotensin converting enzyme	0	
12480-0	E	Angiotensin converting enzyme	GeneOrProtein	0	Angiotensin converting enzyme	Angiotensin converting enzyme	0	
12480-0	E	Angiotensin converting enzyme	GeneOrProtein	0	Angiotensin converting enzyme	Angiotensin converting enzyme	0	
12480-0	E	Angiotensin converting enzyme	GeneOrProtein	0	Angiotensin converting enzyme	Angiotensin converting enzyme	0	
12480-0	E	Angiotensin converting enzyme	GeneOrProtein	0	Angiotensin converting enzyme	Angiotensin converting enzyme	0	
12480-0	E	Angiotensin converting enzyme	GeneOrProtein	0	Angiotensin converting enzyme	Angiotensin converting enzyme	0	
12480-0	E	Angiotensin converting enzyme	GeneOrProtein	0	Angiotensin converting enzyme	Angiotensin converting enzyme	0	
15031-8	E	Angiotensin I	GeneOrProtein	0	Angiotensin I	Angiotensin ll	1	11606
15133-2	E	Histidine	GeneOrProtein	28	Histidine	Histidine6	1	
15133-2	E	Histidine	GeneOrProtein	28	Histidine	Histidine6	1	
74368-2	E	Apelin	GeneOrProtein	0	Apelin	Apelin	0	HGNC:16665
13462-7	E	Apolipoprotein A-I	GeneOrProtein	0	Apolipoprotein A-I	Apolipoprotein A-I	0	
13462-7	E	Apolipoprotein B	GeneOrProtein	19	Apolipoprotein B	Apolipoprotein B	0	HGNC:603
13462-7	E	Apolipoprotein A-I	GeneOrProtein	0	Apolipoprotein A-I	Apolipoprotein A-I	0	
13462-7	E	Apolipoprotein B	GeneOrProtein	19	Apolipoprotein B	Apolipoprotein B	0	HGNC:603
13462-7	E	Apolipoprotein A-I	GeneOrProtein	0	Apolipoprotein A-I	Apolipoprotein A-I	0	
13462-7	E	Apolipoprotein B	GeneOrProtein	19	Apolipoprotein B	Apolipoprotein B	0	HGNC:603
13462-7	E	Apolipoprotein A-I	GeneOrProtein	0	Apolipoprotein A-I	Apolipoprotein A-I	0	
13462-7	E	Apolipoprotein B	GeneOrProtein	19	Apolipoprotein B	Apolipoprotein B	0	HGNC:603
13462-7	E	Apolipoprotein A-I	GeneOrProtein	0	Apolipoprotein A-I	Apolipoprotein A-I	0	
13462-7	E	Apolipoprotein B	GeneOrProtein	19	Apolipoprotein B	Apolipoprotein B	0	HGNC:603
13462-7	E	Apolipoprotein A-I	GeneOrProtein	0	Apolipoprotein A-I	Apolipoprotein A-I	0	
13462-7	E	Apolipoprotein B	GeneOrProtein	19	Apolipoprotein B	Apolipoprotein B	0	HGNC:603
1870-5	E	Apolipoprotein A-II	GeneOrProtein	0	Apolipoprotein A-II	Apolipoprotein A-II	0	
1870-5	E	Apolipoprotein A-II	GeneOrProtein	0	Apolipoprotein A-II	Apolipoprotein A-II	0	
1871-3	E	Apolipoprotein B-100	GeneOrProtein	0	Apolipoprotein B-100	Apolipoprotein B-100	0	
1872-1	E	Apolipoprotein B	GeneOrProtein	0	Apolipoprotein B	Apolipoprotein B	0	HGNC:603
1873-9	E	Apolipoprotein B-48	GeneOrProtein	0	Apolipoprotein B-48	Apolipoprotein B-48	0	54225
1875-4	E	Apolipoprotein C-I	GeneOrProtein	0	Apolipoprotein C-I	Apolipoprotein C-I	0	
1875-4	E	Apolipoprotein C-I	GeneOrProtein	0	Apolipoprotein C-I	Apolipoprotein C-I	0	
1876-2	E	Apolipoprotein C-II	GeneOrProtein	0	Apolipoprotein C-II	Apolipoprotein C-II	0	
1876-2	E	Apolipoprotein C-II	GeneOrProtein	0	Apolipoprotein C-II	Apolipoprotein C-II	0	
101823-3	E	Apolipoprotein C-III	GeneOrProtein	0	Apolipoprotein C-III	Apolipoprotein C-III	0	
101823-3	E	Apolipoprotein C-III	GeneOrProtein	0	Apolipoprotein C-III	Apolipoprotein C-III	0	
101823-3	E	Apolipoprotein C-III	GeneOrProtein	0	Apolipoprotein C-III	Apolipoprotein C-III	0	
101823-3	E	Apolipoprotein C-III	GeneOrProtein	0	Apolipoprotein C-III	Apolipoprotein C-III	0	
101823-3	E	Apolipoprotein C-III	GeneOrProtein	0	Apolipoprotein C-III	Apolipoprotein C-III	0	
101823-3	E	Apolipoprotein C-III	GeneOrProtein	0	Apolipoprotein C-III	Apolipoprotein C-III	0	
101823-3	E	Apolipoprotein C-III	GeneOrProtein	0	Apolipoprotein C-III	Apolipoprotein C-III	0	
90419-3	E	Apolipoprotein CIII	GeneOrProtein	0	Apolipoprotein CIII	Apolipoprotein CIII	0	
90419-3	E	CIII-2	GeneOrProtein	37	CIII-2	vIII-2	1	F4K0A6
90419-3	E	Apolipoprotein CIII	GeneOrProtein	0	Apolipoprotein CIII	Apolipoprotein CIII	0	
90419-3	E	CIII-2	GeneOrProtein	37	CIII-2	vIII-2	1	F4K0A6
90421-9	E	Apolipoprotein CIII	GeneOrProtein	0	Apolipoprotein CIII	Apolipoprotein CIII	0	
90421-9	E	CIII-2	GeneOrProtein	37	CIII-2	vIII-2	1	F4K0A6
48619-1	E	Apolipoprotein E1	GeneOrProtein	0	Apolipoprotein E1	Apolipoprotein E1	0	777965
48619-1	E	Apolipoprotein E1	GeneOrProtein	0	Apolipoprotein E1	Apolipoprotein E1	0	777965
15351-0	E	Apolipoprotein E2	GeneOrProtein	0	Apolipoprotein E2	Apolipoprotein E2	0	778015
15351-0	E	Apolipoprotein E2	GeneOrProtein	0	Apolipoprotein E2	Apolipoprotein E2	0	778015
15352-8	E	Apolipoprotein E3	GeneOrProtein	0	Apolipoprotein E3	Apolipoprotein E3	0	348
15352-8	E	Apolipoprotein E3	GeneOrProtein	0	Apolipoprotein E3	Apolipoprotein E3	0	348
15353-6	E	Apolipoprotein E4	GeneOrProtein	0	Apolipoprotein E4	Apolipoprotein E4	0	476438
15353-6	E	Apolipoprotein E4	GeneOrProtein	0	Apolipoprotein E4	Apolipoprotein E4	0	476438
104166-4	E	Apolipoprotein E	GeneOrProtein	0	Apolipoprotein E	Apolipoprotein E	0	HGNC:613
104166-4	E	Apolipoprotein E	GeneOrProtein	0	Apolipoprotein E	Apolipoprotein E	0	HGNC:613
104166-4	E	Apolipoprotein E	GeneOrProtein	0	Apolipoprotein E	Apolipoprotein E	0	HGNC:613
104166-4	E	Apolipoprotein E	GeneOrProtein	0	Apolipoprotein E	Apolipoprotein E	0	HGNC:613
1882-0	E	Apolipoprotein	GeneOrProtein	0	Apolipoprotein	Apolipoprotein-e	1	HGNC:613
72158-9	E	transcobalamin I	GeneOrProtein	4	transcobalamin I	transcobalamin I	0	
72158-9	E	transcobalamin I	GeneOrProtein	4	transcobalamin I	transcobalamin I	0	
72158-9	E	transcobalamin I	GeneOrProtein	4	transcobalamin I	transcobalamin I	0	
72158-9	E	transcobalamin I	GeneOrProtein	4	transcobalamin I	transcobalamin I	0	
72158-9	E	transcobalamin I	GeneOrProtein	4	transcobalamin I	transcobalamin I	0	
72157-1	E	transcobalamin II	GeneOrProtein	4	transcobalamin II	transcobalamin II	0	
72157-1	E	transcobalamin II	GeneOrProtein	4	transcobalamin II	transcobalamin II	0	
72157-1	E	transcobalamin II	GeneOrProtein	4	transcobalamin II	transcobalamin II	0	
72157-1	E	transcobalamin II	GeneOrProtein	4	transcobalamin II	transcobalamin II	0	
79281-2	E	Arabinose	GeneOrProtein	0	Arabinose	Arabinase	1	
79281-2	E	Arabinose	GeneOrProtein	0	Arabinose	Arabinase	1	
79281-2	E	Arabinose	GeneOrProtein	0	Arabinose	Arabinase	1	
79281-2	E	Arabinose	GeneOrProtein	0	Arabinose	Arabinase	1	
79281-2	E	Arabinose	GeneOrProtein	0	Arabinose	Arabinase	1	
79281-2	E	Arabinose	GeneOrProtein	0	Arabinose	Arabinase	1	
79281-2	E	Arabinose	GeneOrProtein	0	Arabinose	Arabinase	1	
77620-3	E	Arginase-1	GeneOrProtein	0	Arginase-1	Arginase-1	0	HGNC:663
77620-3	E	Arginase-1	GeneOrProtein	0	Arginase-1	Arginase-1	0	HGNC:663
15136-5	E	Arginine	GeneOrProtein	0	Arginine	Arginine3	1	
15136-5	E	Argininosuccinate	GeneOrProtein	9	Argininosuccinate	Argininosuccinase	1	435
15136-5	E	Serine	GeneOrProtein	34	Serine	Serinc	1	
1898-6	E	Argininosuccinate lyase	GeneOrProtein	0	Argininosuccinate lyase	Argininosuccinate lyase	0	HGNC:746
1898-6	E	Argininosuccinate lyase	GeneOrProtein	0	Argininosuccinate lyase	Argininosuccinate lyase	0	HGNC:746
1899-4	E	Argininosuccinate synthase	GeneOrProtein	0	Argininosuccinate synthase	Argininosuccinate synthase	0	
1901-8	E	Arylsulfatase	GeneOrProtein	0	Arylsulfatase	Arylsulfatase	0	
54350-4	E	Ascorbate	GeneOrProtein	0	Ascorbate	Ascorbase	1	
100739-2	E	Aspartate aminotransferase	GeneOrProtein	0	Aspartate aminotransferase	Aspartate aminotransferase	0	
100739-2	E	Aspartate aminotransferase	GeneOrProtein	0	Aspartate aminotransferase	Aspartate aminotransferase	0	
100739-2	E	Aspartate aminotransferase	GeneOrProtein	0	Aspartate aminotransferase	Aspartate aminotransferase	0	
100739-2	E	Aspartate aminotransferase	GeneOrProtein	0	Aspartate aminotransferase	Aspartate aminotransferase	0	
100739-2	E	Aspartate aminotransferase	GeneOrProtein	0	Aspartate aminotransferase	Aspartate aminotransferase	0	
100739-2	E	Aspartate aminotransferase	GeneOrProtein	0	Aspartate aminotransferase	Aspartate aminotransferase	0	
100739-2	E	Aspartate aminotransferase	GeneOrProtein	0	Aspartate aminotransferase	Aspartate aminotransferase	0	
54500-4	E	Aspartate aminotransferase	GeneOrProtein	0	Aspartate aminotransferase	Aspartate aminotransferase	0	
54500-4	E	Aspartate aminotransferase	GeneOrProtein	42	Aspartate aminotransferase	Aspartate aminotransferase	0	
15135-7	E	Aspartate	GeneOrProtein	0	Aspartate	Aspartase	1	3798335
101824-1	E	Aspartylglucosaminidase	GeneOrProtein	0	Aspartylglucosaminidase	Aspartylglucosaminidase	0	HGNC:318
101824-1	E	Aspartylglucosaminidase	GeneOrProtein	0	Aspartylglucosaminidase	Aspartylglucosaminidase	0	HGNC:318
101824-1	E	Aspartylglucosaminidase	GeneOrProtein	0	Aspartylglucosaminidase	Aspartylglucosaminidase	0	HGNC:318
101824-1	E	Aspartylglucosaminidase	GeneOrProtein	0	Aspartylglucosaminidase	Aspartylglucosaminidase	0	HGNC:318
101824-1	E	Aspartylglucosaminidase	GeneOrProtein	0	Aspartylglucosaminidase	Aspartylglucosaminidase	0	HGNC:318
101824-1	E	Aspartylglucosaminidase	GeneOrProtein	0	Aspartylglucosaminidase	Aspartylglucosaminidase	0	HGNC:318
101824-1	E	Aspartylglucosaminidase	GeneOrProtein	0	Aspartylglucosaminidase	Aspartylglucosaminidase	0	HGNC:318
101824-1	E	Aspartylglucosaminidase	GeneOrProtein	0	Aspartylglucosaminidase	Aspartylglucosaminidase	0	HGNC:318
101824-1	E	Aspartylglucosaminidase	GeneOrProtein	0	Aspartylglucosaminidase	Aspartylglucosaminidase	0	HGNC:318
11208-6	E	Atrial natriuretic factor	GeneOrProtein	0	Atrial natriuretic factor	Atrial natriuretic factor	0	
10873-8	E	Beta-2-Microglobulin	GeneOrProtein	0	Beta-2-Microglobulin	Beta-2-Microglobulin	0	HGNC:914
54355-3	E	Beta-2-Microglobulin	GeneOrProtein	0	Beta-2-Microglobulin	Beta-2-Microglobulin	0	HGNC:914
54355-3	E	Beta-2-Microglobulin	GeneOrProtein	25	Beta-2-Microglobulin	Beta-2-Microglobulin	0	HGNC:914
87708-4	E	Beta-2-Microglobulin	GeneOrProtein	0	Beta-2-Microglobulin	Beta-2-Microglobulin	0	HGNC:914
56786-7	E	Beta-2-Microglobulin	GeneOrProtein	0	Beta-2-Microglobulin	Beta-2-Microglobulin	0	HGNC:914
13876-8	E	transferrin	GeneOrProtein	7	transferrin	transferrin	0	HGNC:11740
13876-8	E	transferrin	GeneOrProtein	7	transferrin	transferrin	0	HGNC:11740
1938-0	E	Beta fructofuranosidase	GeneOrProtein	0	Beta fructofuranosidase	Beta-fructofuranosidase	0	
1938-0	E	Beta fructofuranosidase	GeneOrProtein	0	Beta fructofuranosidase	Beta-fructofuranosidase	0	
1938-0	E	Beta fructofuranosidase	GeneOrProtein	0	Beta fructofuranosidase	Beta-fructofuranosidase	0	
104801-6	E	Beta globulin	GeneOrProtein	0	Beta globulin	Beta-globulin	0	
104801-6	E	Beta globulin	GeneOrProtein	0	Beta globulin	Beta-globulin	0	
53587-2	E	Beta globulin	GeneOrProtein	0	Beta globulin	Beta-globulin	0	
44913-2	E	Beta globulin	GeneOrProtein	0	Beta globulin	Beta-globulin	0	
53588-0	E	Beta globulin	GeneOrProtein	0	Beta globulin	Beta-globulin	0	
53588-0	E	Beta globulin	GeneOrProtein	0	Beta globulin	Beta-globulin	0	
25830-1	E	Beta glucosidase	GeneOrProtein	0	Beta glucosidase	Beta glucosidase	0	
25830-1	E	activator	GeneOrProtein	17	activator	activator1	1	HGNC:9970
25830-1	E	Beta glucosidase	GeneOrProtein	0	Beta glucosidase	Beta glucosidase	0	
25830-1	E	activator	GeneOrProtein	17	activator	activator1	1	HGNC:9970
11209-4	E	Beta glucuronidase	GeneOrProtein	0	Beta glucuronidase	Beta glucuronidase	0	
11209-4	E	Beta glucuronidase	GeneOrProtein	0	Beta glucuronidase	Beta glucuronidase	0	
1681-6	E	Beta hydroxybutyrate dehydrogenase	GeneOrProtein	0	Beta hydroxybutyrate dehydrogenase	Beta-hydroxybutyrate dehydrogenase	0	
1681-6	E	Beta hydroxybutyrate dehydrogenase	GeneOrProtein	0	Beta hydroxybutyrate dehydrogenase	Beta-hydroxybutyrate dehydrogenase	0	
1949-7	E	Beta lipotropin	GeneOrProtein	0	Beta lipotropin	Beta-lipotropin	0	HGNC:9201
24066-3	E	Beta mannosidase	GeneOrProtein	0	Beta mannosidase	Betamannosidase	0	
24066-3	E	Beta mannosidase	GeneOrProtein	0	Beta mannosidase	Betamannosidase	0	
1950-5	E	Beta melanocyte stimulating hormone	GeneOrProtein	0	Beta melanocyte stimulating hormone	Beta-melanocyte stimulating hormone	0	HGNC:9201
1950-5	E	Beta melanocyte stimulating hormone	GeneOrProtein	0	Beta melanocyte stimulating hormone	Beta-melanocyte stimulating hormone	0	HGNC:9201
18344-2	E	Beta-N-acetylhexosaminidase	GeneOrProtein	0	Beta-N-acetylhexosaminidase	Beta-N-acetylhexosaminidase	0	
29542-8	E	Beta-N-acetylhexosaminidase	GeneOrProtein	0	Beta-N-acetylhexosaminidase	Beta-N-acetylhexosaminidase	0	
29542-8	E	Beta-N-acetylhexosaminidase	GeneOrProtein	0	Beta-N-acetylhexosaminidase	Beta-N-acetylhexosaminidase	0	
25832-7	E	Beta-N-acetylhexosaminidase	GeneOrProtein	0	Beta-N-acetylhexosaminidase	Beta-N-acetylhexosaminidase	0	
25832-7	E	activator	GeneOrProtein	30	activator	activator1	1	HGNC:9970
25832-7	E	Beta-N-acetylhexosaminidase	GeneOrProtein	0	Beta-N-acetylhexosaminidase	Beta-N-acetylhexosaminidase	0	
25832-7	E	activator	GeneOrProtein	30	activator	activator1	1	HGNC:9970
25832-7	E	Beta-N-acetylhexosaminidase	GeneOrProtein	0	Beta-N-acetylhexosaminidase	Beta-N-acetylhexosaminidase	0	
25832-7	E	activator	GeneOrProtein	30	activator	activator1	1	HGNC:9970
21328-0	E	Beta-N-acetylhexosaminidase	GeneOrProtein	0	Beta-N-acetylhexosaminidase	Beta-N-acetylhexosaminidase	0	
21328-0	E	Beta-N-acetylhexosaminidase	GeneOrProtein	0	Beta-N-acetylhexosaminidase	Beta-N-acetylhexosaminidase	0	
1957-0	E	Beta-N-acetylhexosaminidase	GeneOrProtein	0	Beta-N-acetylhexosaminidase	Beta-N-acetylhexosaminidase	0	
1958-8	E	Beta-N-acetylhexosaminidase	GeneOrProtein	0	Beta-N-acetylhexosaminidase	Beta-N-acetylhexosaminidase	0	
48493-1	E	Beta-trace protein	GeneOrProtein	0	Beta-trace protein	Beta-trace protein	0	P41222
48493-1	E	Beta-trace protein	GeneOrProtein	0	Beta-trace protein	Beta-trace protein	0	P41222
48493-1	E	Beta-trace protein	GeneOrProtein	0	Beta-trace protein	Beta-trace protein	0	P41222
48493-1	E	Beta-trace protein	GeneOrProtein	0	Beta-trace protein	Beta-trace protein	0	P41222
48493-1	E	Beta-trace protein	GeneOrProtein	0	Beta-trace protein	Beta-trace protein	0	P41222
48493-1	E	Beta-trace protein	GeneOrProtein	0	Beta-trace protein	Beta-trace protein	0	P41222
48493-1	E	Beta-trace protein	GeneOrProtein	0	Beta-trace protein	Beta-trace protein	0	P41222
48493-1	E	Beta-trace protein	GeneOrProtein	0	Beta-trace protein	Beta-trace protein	0	P41222
48493-1	E	Beta-trace protein	GeneOrProtein	0	Beta-trace protein	Beta-trace protein	0	P41222
81199-2	E	Beta-ureidopropionase	GeneOrProtein	0	Beta-ureidopropionase	Beta-ureidopropionase	0	
81199-2	E	Beta-ureidopropionase	GeneOrProtein	0	Beta-ureidopropionase	Beta-ureidopropionase	0	
81199-2	E	Beta-ureidopropionase	GeneOrProtein	0	Beta-ureidopropionase	Beta-ureidopropionase	0	
81199-2	E	Beta-ureidopropionase	GeneOrProtein	0	Beta-ureidopropionase	Beta-ureidopropionase	0	
81199-2	E	Beta-ureidopropionase	GeneOrProtein	0	Beta-ureidopropionase	Beta-ureidopropionase	0	
18264-2	E	albumin	GeneOrProtein	35	albumin	albumin	0	HGNC:399
1980-2	E	Biotin	GeneOrProtein	0	Biotin	Biotin4	1	830339
1980-2	E	Biotin	GeneOrProtein	0	Biotin	Biotin4	1	830339
1980-2	E	Biotin	GeneOrProtein	0	Biotin	Biotin4	1	830339
54457-7	E	Biotinidase	GeneOrProtein	0	Biotinidase	Biotinidase	0	HGNC:1122
54457-7	E	Biotinidase	GeneOrProtein	0	Biotinidase	Biotinidase	0	HGNC:1122
46761-3	E	Biotinidase	GeneOrProtein	0	Biotinidase	Biotinidase	0	HGNC:1122
57699-1	E	Biotinidase	GeneOrProtein	0	Biotinidase	Biotinidase	0	HGNC:1122
57699-1	E	Biotinidase	GeneOrProtein	0	Biotinidase	Biotinidase	0	HGNC:1122
72663-8	E	Bisphosphoglycerate mutase	GeneOrProtein	0	Bisphosphoglycerate mutase	Bisphosphoglycerate mutase	0	HGNC:1093
98106-8	E	Brain-derived neurotrophic factor	GeneOrProtein	0	Brain-derived neurotrophic factor	Brain-derived neurotrophic factor	0	
33359-1	E	dehydrogenase	GeneOrProtein	25	dehydrogenase	dehydrogenase2	1	423612
33359-1	E	dehydrogenase	GeneOrProtein	25	dehydrogenase	dehydrogenase2	1	423612
33359-1	E	dehydrogenase	GeneOrProtein	25	dehydrogenase	dehydrogenase2	1	423612
33359-1	E	dehydrogenase	GeneOrProtein	25	dehydrogenase	dehydrogenase2	1	423612
107221-4	E	binding protein	GeneOrProtein	11	binding protein	binding protein3	1	837429
107221-4	E	binding protein	GeneOrProtein	11	binding protein	binding protein3	1	837429
107221-4	E	binding protein	GeneOrProtein	11	binding protein	binding protein3	1	837429
107221-4	E	binding protein	GeneOrProtein	11	binding protein	binding protein3	1	837429
107221-4	E	binding protein	GeneOrProtein	11	binding protein	binding protein3	1	837429
107221-4	E	binding protein	GeneOrProtein	11	binding protein	binding protein3	1	837429
107221-4	E	binding protein	GeneOrProtein	11	binding protein	binding protein3	1	837429
107221-4	E	binding protein	GeneOrProtein	11	binding protein	binding protein3	1	837429
107221-4	E	binding protein	GeneOrProtein	11	binding protein	binding protein3	1	837429
107221-4	E	binding protein	GeneOrProtein	11	binding protein	binding protein3	1	837429
107499-6	E	Calcitonin	GeneOrProtein	0	Calcitonin	Calcitonin	0	HGNC:1437
107499-6	E	Calcitonin	GeneOrProtein	0	Calcitonin	Calcitonin	0	HGNC:1437
82736-0	E	Calcium-calmodulin-dependent protein kinase II	GeneOrProtein	0	Calcium-calmodulin-dependent protein kinase II	Calcium/calmodulin-dependent protein kinase II	1	P22517
82736-0	E	Calcium-calmodulin-dependent protein kinase II	GeneOrProtein	0	Calcium-calmodulin-dependent protein kinase II	Calcium/calmodulin-dependent protein kinase II	1	P22517
82736-0	E	Calcium-calmodulin-dependent protein kinase II	GeneOrProtein	0	Calcium-calmodulin-dependent protein kinase II	Calcium/calmodulin-dependent protein kinase II	1	P22517
29265-6	E	albumin	GeneOrProtein	23	albumin	albumin	0	HGNC:399
101931-4	E	oxalate	GeneOrProtein	8	oxalate	oxa1at	1	836325
101931-4	E	oxalate	GeneOrProtein	8	oxalate	oxa1at	1	836325
101931-4	E	oxalate	GeneOrProtein	8	oxalate	oxa1at	1	836325
101931-4	E	oxalate	GeneOrProtein	8	oxalate	oxa1at	1	836325
101931-4	E	oxalate	GeneOrProtein	8	oxalate	oxa1at	1	836325
101931-4	E	oxalate	GeneOrProtein	8	oxalate	oxa1at	1	836325
101931-4	E	oxalate	GeneOrProtein	8	oxalate	oxa1at	1	836325
16263-6	E	oxalate	GeneOrProtein	8	oxalate	oxa1at	1	836325
16263-6	E	oxalate	GeneOrProtein	8	oxalate	oxa1at	1	836325
16263-6	E	oxalate	GeneOrProtein	8	oxalate	oxa1at	1	836325
34736-9	E	oxalate	GeneOrProtein	8	oxalate	oxa1at	1	836325
34736-9	E	oxalate	GeneOrProtein	8	oxalate	oxa1at	1	836325
16264-4	E	oxalate	GeneOrProtein	8	oxalate	oxa1at	1	836325
16264-4	E	oxalate	GeneOrProtein	8	oxalate	oxa1at	1	836325
16264-4	E	oxalate	GeneOrProtein	8	oxalate	oxa1at	1	836325
16264-4	E	oxalate	GeneOrProtein	8	oxalate	oxa1at	1	836325
16264-4	E	oxalate	GeneOrProtein	8	oxalate	oxa1at	1	836325
16264-4	E	oxalate	GeneOrProtein	8	oxalate	oxa1at	1	836325
13454-4	E	phosphorus	GeneOrProtein	8	phosphorus	phosphorus3	1	
101154-3	E	Calprotectin	GeneOrProtein	0	Calprotectin	Calprotectin	0	
101154-3	E	Calprotectin	GeneOrProtein	0	Calprotectin	Calprotectin	0	
101154-3	E	Calprotectin	GeneOrProtein	0	Calprotectin	Calprotectin	0	
101154-3	E	Calprotectin	GeneOrProtein	0	Calprotectin	Calprotectin	0	
10334-1	E	Ag 125	GeneOrProtein	7	Ag 125	tAg 125	1	
10334-1	E	Ag 125	GeneOrProtein	7	Ag 125	tAg 125	1	
10334-1	E	Ag 125	GeneOrProtein	7	Ag 125	tAg 125	1	
10334-1	E	Ag 125	GeneOrProtein	7	Ag 125	tAg 125	1	
10334-1	E	Ag 125	GeneOrProtein	7	Ag 125	tAg 125	1	
10334-1	E	Ag 125	GeneOrProtein	7	Ag 125	tAg 125	1	
10334-1	E	Ag 125	GeneOrProtein	7	Ag 125	tAg 125	1	
10334-1	E	Ag 125	GeneOrProtein	7	Ag 125	tAg 125	1	
10334-1	E	Ag 125	GeneOrProtein	7	Ag 125	tAg 125	1	
2011-5	E	Ag 242	GeneOrProtein	7	Ag 242	tAg 242	1	
2011-5	E	Ag 242	GeneOrProtein	7	Ag 242	tAg 242	1	
2011-5	E	Ag 242	GeneOrProtein	7	Ag 242	tAg 242	1	
17842-6	E	Ag 27-29	GeneOrProtein	7	Ag 27-29	sg2729	1	B5RDF1
17842-6	E	Ag 27-29	GeneOrProtein	7	Ag 27-29	sg2729	1	B5RDF1
17842-6	E	Ag 27-29	GeneOrProtein	7	Ag 27-29	sg2729	1	B5RDF1
17842-6	E	Ag 27-29	GeneOrProtein	7	Ag 27-29	sg2729	1	B5RDF1
17842-6	E	Ag 27-29	GeneOrProtein	7	Ag 27-29	sg2729	1	B5RDF1
17842-6	E	Ag 27-29	GeneOrProtein	7	Ag 27-29	sg2729	1	B5RDF1
13127-6	E	DM-70K	GeneOrProtein	10	DM-70K	DM70K	0	33982
13127-6	E	DM-70K	GeneOrProtein	10	DM-70K	DM70K	0	33982
13127-6	E	DM-70K	GeneOrProtein	10	DM-70K	DM70K	0	33982
2016-4	E	Carbamoyl phosphate synthetase	GeneOrProtein	0	Carbamoyl phosphate synthetase	Carbamoyl phosphate synthetase	0	
2017-2	E	Carbamoyl phosphate synthetase	GeneOrProtein	0	Carbamoyl phosphate synthetase	Carbamoyl phosphate synthetase	0	
2036-2	E	Carbonate dehydratase	GeneOrProtein	0	Carbonate dehydratase	Carbonate dehydratase	0	
2036-2	E	Carbonate dehydratase	GeneOrProtein	0	Carbonate dehydratase	Carbonate dehydratase	0	
2041-2	E	Carnitine acyltransferase	GeneOrProtein	0	Carnitine acyltransferase	Carnitine acyltransferase	0	
2041-2	E	Carnitine acyltransferase	GeneOrProtein	0	Carnitine acyltransferase	Carnitine acyltransferase	0	
2041-2	E	Carnitine acyltransferase	GeneOrProtein	0	Carnitine acyltransferase	Carnitine acyltransferase	0	
2041-2	E	Carnitine acyltransferase	GeneOrProtein	0	Carnitine acyltransferase	Carnitine acyltransferase	0	
53236-6	E	Carnitine	GeneOrProtein	0	Carnitine	Calmitine	1	HGNC:1512
53236-6	E	Carnitine	GeneOrProtein	0	Carnitine	Calmitine	1	HGNC:1512
53235-8	E	Carnitine	GeneOrProtein	0	Carnitine	Calmitine	1	HGNC:1512
46775-3	E	Carnitine palmitoyltransferase 1	GeneOrProtein	0	Carnitine palmitoyltransferase 1	Carnitine palmitoyltransferase 1	0	
46775-3	E	Carnitine palmitoyltransferase 1	GeneOrProtein	0	Carnitine palmitoyltransferase 1	Carnitine palmitoyltransferase 1	0	
46775-3	E	Carnitine palmitoyltransferase 1	GeneOrProtein	0	Carnitine palmitoyltransferase 1	Carnitine palmitoyltransferase 1	0	
53434-7	E	Carnitine palmitoyltransferase 2	GeneOrProtein	0	Carnitine palmitoyltransferase 2	Carnitine palmitoyltransferase 2	0	HGNC:2330
53434-7	E	Carnitine palmitoyltransferase 2	GeneOrProtein	0	Carnitine palmitoyltransferase 2	Carnitine palmitoyltransferase 2	0	HGNC:2330
53434-7	E	Carnitine palmitoyltransferase 2	GeneOrProtein	0	Carnitine palmitoyltransferase 2	Carnitine palmitoyltransferase 2	0	HGNC:2330
53445-3	E	Carnitine palmitoyltransferase 2	GeneOrProtein	0	Carnitine palmitoyltransferase 2	Carnitine palmitoyltransferase 2	0	HGNC:2330
53445-3	E	Citrate synthase	GeneOrProtein	33	Citrate synthase	Citrate synthase	0	HGNC:2422
46755-5	E	Carnitine	GeneOrProtein	0	Carnitine	Calmitine	1	HGNC:1512
46755-5	E	Carnitine	GeneOrProtein	0	Carnitine	Calmitine	1	HGNC:1512
78958-6	E	Cathepsin A	GeneOrProtein	0	Cathepsin A	Cathepsin A	0	HGNC:9251
78958-6	E	Cathepsin A	GeneOrProtein	0	Cathepsin A	Cathepsin A	0	HGNC:9251
16563-9	E	Cathepsin D	GeneOrProtein	0	Cathepsin D	Cathepsin D	0	HGNC:2529
25833-5	E	Cerebroside sulfatase	GeneOrProtein	0	Cerebroside sulfatase	Cerebroside-sulfatase	0	
25833-5	E	activator	GeneOrProtein	22	activator	activator1	1	HGNC:9970
25833-5	E	Cerebroside sulfatase	GeneOrProtein	0	Cerebroside sulfatase	Cerebroside-sulfatase	0	
25833-5	E	activator	GeneOrProtein	22	activator	activator1	1	HGNC:9970
102090-8	E	Ceruloplasmin	GeneOrProtein	0	Ceruloplasmin	Ceruloplasmin	0	HGNC:2295
102090-8	E	Ceruloplasmin	GeneOrProtein	0	Ceruloplasmin	Ceruloplasmin	0	HGNC:2295
102090-8	E	Ceruloplasmin	GeneOrProtein	0	Ceruloplasmin	Ceruloplasmin	0	HGNC:2295
102090-8	E	Ceruloplasmin	GeneOrProtein	0	Ceruloplasmin	Ceruloplasmin	0	HGNC:2295
98108-4	E	Chemokine (C-C motif) ligand 11	GeneOrProtein	0	Chemokine (C-C motif) ligand 11	Chemokine (C-C motif) ligand 11	0	
98108-4	E	Chemokine (C-C motif) ligand 11	GeneOrProtein	0	Chemokine (C-C motif) ligand 11	Chemokine (C-C motif) ligand 11	0	
98108-4	E	Chemokine (C-C motif) ligand 11	GeneOrProtein	0	Chemokine (C-C motif) ligand 11	Chemokine (C-C motif) ligand 11	0	
98108-4	E	Chemokine (C-C motif) ligand 11	GeneOrProtein	0	Chemokine (C-C motif) ligand 11	Chemokine (C-C motif) ligand 11	0	
98108-4	E	Chemokine (C-C motif) ligand 11	GeneOrProtein	0	Chemokine (C-C motif) ligand 11	Chemokine (C-C motif) ligand 11	0	
98108-4	E	Chemokine (C-C motif) ligand 11	GeneOrProtein	0	Chemokine (C-C motif) ligand 11	Chemokine (C-C motif) ligand 11	0	
101153-5	E	Chemokine (C-C motif) ligand 14	GeneOrProtein	0	Chemokine (C-C motif) ligand 14	Chemokine (C-C motif) ligand 14	0	
81786-6	E	Chemokine (C-C motif) ligand 17	GeneOrProtein	0	Chemokine (C-C motif) ligand 17	Chemokine (C-C motif) ligand 17	0	
97052-5	E	Chemokine (C-C motif) ligand 2	GeneOrProtein	0	Chemokine (C-C motif) ligand 2	Chemokine (C-C motif) ligand 2	0	
97052-5	E	Chemokine (C-C motif) ligand 2	GeneOrProtein	0	Chemokine (C-C motif) ligand 2	Chemokine (C-C motif) ligand 2	0	
97052-5	E	Chemokine (C-C motif) ligand 2	GeneOrProtein	0	Chemokine (C-C motif) ligand 2	Chemokine (C-C motif) ligand 2	0	
97052-5	E	Chemokine (C-C motif) ligand 2	GeneOrProtein	0	Chemokine (C-C motif) ligand 2	Chemokine (C-C motif) ligand 2	0	
97052-5	E	Chemokine (C-C motif) ligand 2	GeneOrProtein	0	Chemokine (C-C motif) ligand 2	Chemokine (C-C motif) ligand 2	0	
97052-5	E	Chemokine (C-C motif) ligand 2	GeneOrProtein	0	Chemokine (C-C motif) ligand 2	Chemokine (C-C motif) ligand 2	0	
97052-5	E	Chemokine (C-C motif) ligand 2	GeneOrProtein	0	Chemokine (C-C motif) ligand 2	Chemokine (C-C motif) ligand 2	0	
97052-5	E	Chemokine (C-C motif) ligand 2	GeneOrProtein	0	Chemokine (C-C motif) ligand 2	Chemokine (C-C motif) ligand 2	0	
97052-5	E	Chemokine (C-C motif) ligand 2	GeneOrProtein	0	Chemokine (C-C motif) ligand 2	Chemokine (C-C motif) ligand 2	0	
98112-6	E	Chemokine (C-C motif) ligand 20	GeneOrProtein	0	Chemokine (C-C motif) ligand 20	Chemokine (C-C motif) ligand 20	0	
98112-6	E	Chemokine (C-C motif) ligand 20	GeneOrProtein	0	Chemokine (C-C motif) ligand 20	Chemokine (C-C motif) ligand 20	0	
98112-6	E	Chemokine (C-C motif) ligand 20	GeneOrProtein	0	Chemokine (C-C motif) ligand 20	Chemokine (C-C motif) ligand 20	0	
98112-6	E	Chemokine (C-C motif) ligand 20	GeneOrProtein	0	Chemokine (C-C motif) ligand 20	Chemokine (C-C motif) ligand 20	0	
98112-6	E	Chemokine (C-C motif) ligand 20	GeneOrProtein	0	Chemokine (C-C motif) ligand 20	Chemokine (C-C motif) ligand 20	0	
98112-6	E	Chemokine (C-C motif) ligand 20	GeneOrProtein	0	Chemokine (C-C motif) ligand 20	Chemokine (C-C motif) ligand 20	0	
98112-6	E	Chemokine (C-C motif) ligand 20	GeneOrProtein	0	Chemokine (C-C motif) ligand 20	Chemokine (C-C motif) ligand 20	0	
98112-6	E	Chemokine (C-C motif) ligand 20	GeneOrProtein	0	Chemokine (C-C motif) ligand 20	Chemokine (C-C motif) ligand 20	0	
98112-6	E	Chemokine (C-C motif) ligand 20	GeneOrProtein	0	Chemokine (C-C motif) ligand 20	Chemokine (C-C motif) ligand 20	0	
103784-5	E	Chemokine (C-C motif) ligand 26	GeneOrProtein	0	Chemokine (C-C motif) ligand 26	Chemokine (C-C motif) ligand 26	0	
103784-5	E	Chemokine (C-C motif) ligand 26	GeneOrProtein	0	Chemokine (C-C motif) ligand 26	Chemokine (C-C motif) ligand 26	0	
103784-5	E	Chemokine (C-C motif) ligand 26	GeneOrProtein	0	Chemokine (C-C motif) ligand 26	Chemokine (C-C motif) ligand 26	0	
103784-5	E	Chemokine (C-C motif) ligand 26	GeneOrProtein	0	Chemokine (C-C motif) ligand 26	Chemokine (C-C motif) ligand 26	0	
98116-7	E	Chemokine (C-C motif) ligand 27	GeneOrProtein	0	Chemokine (C-C motif) ligand 27	Chemokine (C-C motif) ligand 27	0	
98116-7	E	Chemokine (C-C motif) ligand 27	GeneOrProtein	0	Chemokine (C-C motif) ligand 27	Chemokine (C-C motif) ligand 27	0	
98116-7	E	Chemokine (C-C motif) ligand 27	GeneOrProtein	0	Chemokine (C-C motif) ligand 27	Chemokine (C-C motif) ligand 27	0	
98116-7	E	Chemokine (C-C motif) ligand 27	GeneOrProtein	0	Chemokine (C-C motif) ligand 27	Chemokine (C-C motif) ligand 27	0	
98116-7	E	Chemokine (C-C motif) ligand 27	GeneOrProtein	0	Chemokine (C-C motif) ligand 27	Chemokine (C-C motif) ligand 27	0	
98116-7	E	Chemokine (C-C motif) ligand 27	GeneOrProtein	0	Chemokine (C-C motif) ligand 27	Chemokine (C-C motif) ligand 27	0	
98116-7	E	Chemokine (C-C motif) ligand 27	GeneOrProtein	0	Chemokine (C-C motif) ligand 27	Chemokine (C-C motif) ligand 27	0	
98116-7	E	Chemokine (C-C motif) ligand 27	GeneOrProtein	0	Chemokine (C-C motif) ligand 27	Chemokine (C-C motif) ligand 27	0	
98116-7	E	Chemokine (C-C motif) ligand 27	GeneOrProtein	0	Chemokine (C-C motif) ligand 27	Chemokine (C-C motif) ligand 27	0	
98111-8	E	Chemokine (C-C motif) ligand 4	GeneOrProtein	0	Chemokine (C-C motif) ligand 4	Chemokine (C-C motif) ligand 4	0	
98111-8	E	Chemokine (C-C motif) ligand 4	GeneOrProtein	0	Chemokine (C-C motif) ligand 4	Chemokine (C-C motif) ligand 4	0	
98111-8	E	Chemokine (C-C motif) ligand 4	GeneOrProtein	0	Chemokine (C-C motif) ligand 4	Chemokine (C-C motif) ligand 4	0	
98111-8	E	Chemokine (C-C motif) ligand 4	GeneOrProtein	0	Chemokine (C-C motif) ligand 4	Chemokine (C-C motif) ligand 4	0	
98111-8	E	Chemokine (C-C motif) ligand 4	GeneOrProtein	0	Chemokine (C-C motif) ligand 4	Chemokine (C-C motif) ligand 4	0	
98111-8	E	Chemokine (C-C motif) ligand 4	GeneOrProtein	0	Chemokine (C-C motif) ligand 4	Chemokine (C-C motif) ligand 4	0	
98111-8	E	Chemokine (C-C motif) ligand 4	GeneOrProtein	0	Chemokine (C-C motif) ligand 4	Chemokine (C-C motif) ligand 4	0	
98111-8	E	Chemokine (C-C motif) ligand 4	GeneOrProtein	0	Chemokine (C-C motif) ligand 4	Chemokine (C-C motif) ligand 4	0	
98111-8	E	Chemokine (C-C motif) ligand 4	GeneOrProtein	0	Chemokine (C-C motif) ligand 4	Chemokine (C-C motif) ligand 4	0	
98111-8	E	Chemokine (C-C motif) ligand 4	GeneOrProtein	0	Chemokine (C-C motif) ligand 4	Chemokine (C-C motif) ligand 4	0	
98111-8	E	Chemokine (C-C motif) ligand 4	GeneOrProtein	0	Chemokine (C-C motif) ligand 4	Chemokine (C-C motif) ligand 4	0	
98111-8	E	Chemokine (C-C motif) ligand 4	GeneOrProtein	0	Chemokine (C-C motif) ligand 4	Chemokine (C-C motif) ligand 4	0	
98111-8	E	Chemokine (C-C motif) ligand 4	GeneOrProtein	0	Chemokine (C-C motif) ligand 4	Chemokine (C-C motif) ligand 4	0	
98111-8	E	Chemokine (C-C motif) ligand 4	GeneOrProtein	0	Chemokine (C-C motif) ligand 4	Chemokine (C-C motif) ligand 4	0	
98111-8	E	Chemokine (C-C motif) ligand 4	GeneOrProtein	0	Chemokine (C-C motif) ligand 4	Chemokine (C-C motif) ligand 4	0	
98113-4	E	Chemokine (C-C motif) ligand 5	GeneOrProtein	0	Chemokine (C-C motif) ligand 5	Chemokine (C-C motif) ligand 5	0	
98113-4	E	Chemokine (C-C motif) ligand 5	GeneOrProtein	0	Chemokine (C-C motif) ligand 5	Chemokine (C-C motif) ligand 5	0	
98113-4	E	Chemokine (C-C motif) ligand 5	GeneOrProtein	0	Chemokine (C-C motif) ligand 5	Chemokine (C-C motif) ligand 5	0	
98113-4	E	Chemokine (C-C motif) ligand 5	GeneOrProtein	0	Chemokine (C-C motif) ligand 5	Chemokine (C-C motif) ligand 5	0	
98113-4	E	Chemokine (C-C motif) ligand 5	GeneOrProtein	0	Chemokine (C-C motif) ligand 5	Chemokine (C-C motif) ligand 5	0	
98113-4	E	Chemokine (C-C motif) ligand 5	GeneOrProtein	0	Chemokine (C-C motif) ligand 5	Chemokine (C-C motif) ligand 5	0	
98113-4	E	Chemokine (C-C motif) ligand 5	GeneOrProtein	0	Chemokine (C-C motif) ligand 5	Chemokine (C-C motif) ligand 5	0	
98113-4	E	Chemokine (C-C motif) ligand 5	GeneOrProtein	0	Chemokine (C-C motif) ligand 5	Chemokine (C-C motif) ligand 5	0	
98113-4	E	Chemokine (C-C motif) ligand 5	GeneOrProtein	0	Chemokine (C-C motif) ligand 5	Chemokine (C-C motif) ligand 5	0	
98113-4	E	Chemokine (C-C motif) ligand 5	GeneOrProtein	0	Chemokine (C-C motif) ligand 5	Chemokine (C-C motif) ligand 5	0	
98110-0	E	Chemokine (C-C motif) ligand 7	GeneOrProtein	0	Chemokine (C-C motif) ligand 7	Chemokine (C-C motif) ligand 7	0	
98110-0	E	Chemokine (C-C motif) ligand 7	GeneOrProtein	0	Chemokine (C-C motif) ligand 7	Chemokine (C-C motif) ligand 7	0	
98110-0	E	Chemokine (C-C motif) ligand 7	GeneOrProtein	0	Chemokine (C-C motif) ligand 7	Chemokine (C-C motif) ligand 7	0	
98110-0	E	Chemokine (C-C motif) ligand 7	GeneOrProtein	0	Chemokine (C-C motif) ligand 7	Chemokine (C-C motif) ligand 7	0	
98110-0	E	Chemokine (C-C motif) ligand 7	GeneOrProtein	0	Chemokine (C-C motif) ligand 7	Chemokine (C-C motif) ligand 7	0	
98110-0	E	Chemokine (C-C motif) ligand 7	GeneOrProtein	0	Chemokine (C-C motif) ligand 7	Chemokine (C-C motif) ligand 7	0	
98110-0	E	Chemokine (C-C motif) ligand 7	GeneOrProtein	0	Chemokine (C-C motif) ligand 7	Chemokine (C-C motif) ligand 7	0	
98109-2	E	Chemokine (C-C motif) ligand 8	GeneOrProtein	0	Chemokine (C-C motif) ligand 8	Chemokine (C-C motif) ligand 8	0	
98109-2	E	Chemokine (C-C motif) ligand 8	GeneOrProtein	0	Chemokine (C-C motif) ligand 8	Chemokine (C-C motif) ligand 8	0	
98109-2	E	Chemokine (C-C motif) ligand 8	GeneOrProtein	0	Chemokine (C-C motif) ligand 8	Chemokine (C-C motif) ligand 8	0	
98109-2	E	Chemokine (C-C motif) ligand 8	GeneOrProtein	0	Chemokine (C-C motif) ligand 8	Chemokine (C-C motif) ligand 8	0	
98109-2	E	Chemokine (C-C motif) ligand 8	GeneOrProtein	0	Chemokine (C-C motif) ligand 8	Chemokine (C-C motif) ligand 8	0	
98109-2	E	Chemokine (C-C motif) ligand 8	GeneOrProtein	0	Chemokine (C-C motif) ligand 8	Chemokine (C-C motif) ligand 8	0	
98109-2	E	Chemokine (C-C motif) ligand 8	GeneOrProtein	0	Chemokine (C-C motif) ligand 8	Chemokine (C-C motif) ligand 8	0	
107481-4	E	Chemokine (C-X3-C motif) ligand 1	GeneOrProtein	0	Chemokine (C-X3-C motif) ligand 1	Chemokine (C-X3-C motif) ligand 1	0	
107481-4	E	Chemokine (C-X3-C motif) ligand 1	GeneOrProtein	0	Chemokine (C-X3-C motif) ligand 1	Chemokine (C-X3-C motif) ligand 1	0	
98237-1	E	Chemokine (C-X-C motif) ligand 1	GeneOrProtein	0	Chemokine (C-X-C motif) ligand 1	Chemokine (C-X-C motif) ligand 1	0	14825
98237-1	E	Chemokine (C-X-C motif) ligand 1	GeneOrProtein	0	Chemokine (C-X-C motif) ligand 1	Chemokine (C-X-C motif) ligand 1	0	14825
98237-1	E	Chemokine (C-X-C motif) ligand 1	GeneOrProtein	0	Chemokine (C-X-C motif) ligand 1	Chemokine (C-X-C motif) ligand 1	0	14825
98237-1	E	Chemokine (C-X-C motif) ligand 1	GeneOrProtein	0	Chemokine (C-X-C motif) ligand 1	Chemokine (C-X-C motif) ligand 1	0	14825
98237-1	E	Chemokine (C-X-C motif) ligand 1	GeneOrProtein	0	Chemokine (C-X-C motif) ligand 1	Chemokine (C-X-C motif) ligand 1	0	14825
98237-1	E	Chemokine (C-X-C motif) ligand 1	GeneOrProtein	0	Chemokine (C-X-C motif) ligand 1	Chemokine (C-X-C motif) ligand 1	0	14825
98237-1	E	Chemokine (C-X-C motif) ligand 1	GeneOrProtein	0	Chemokine (C-X-C motif) ligand 1	Chemokine (C-X-C motif) ligand 1	0	14825
98237-1	E	Chemokine (C-X-C motif) ligand 1	GeneOrProtein	0	Chemokine (C-X-C motif) ligand 1	Chemokine (C-X-C motif) ligand 1	0	14825
98237-1	E	Chemokine (C-X-C motif) ligand 1	GeneOrProtein	0	Chemokine (C-X-C motif) ligand 1	Chemokine (C-X-C motif) ligand 1	0	14825
98102-7	E	Chemokine (C-X-C motif) ligand 10	GeneOrProtein	0	Chemokine (C-X-C motif) ligand 10	Chemokine (C-X-C motif) ligand 10	0	
98102-7	E	Chemokine (C-X-C motif) ligand 10	GeneOrProtein	0	Chemokine (C-X-C motif) ligand 10	Chemokine (C-X-C motif) ligand 10	0	
98102-7	E	Chemokine (C-X-C motif) ligand 10	GeneOrProtein	0	Chemokine (C-X-C motif) ligand 10	Chemokine (C-X-C motif) ligand 10	0	
98102-7	E	Chemokine (C-X-C motif) ligand 10	GeneOrProtein	0	Chemokine (C-X-C motif) ligand 10	Chemokine (C-X-C motif) ligand 10	0	
98102-7	E	Chemokine (C-X-C motif) ligand 10	GeneOrProtein	0	Chemokine (C-X-C motif) ligand 10	Chemokine (C-X-C motif) ligand 10	0	
98102-7	E	Chemokine (C-X-C motif) ligand 10	GeneOrProtein	0	Chemokine (C-X-C motif) ligand 10	Chemokine (C-X-C motif) ligand 10	0	
98115-9	E	Chemokine (C-X-C motif) ligand 9	GeneOrProtein	0	Chemokine (C-X-C motif) ligand 9	Chemokine (C-X-C motif) ligand 9	0	
98115-9	E	Chemokine (C-X-C motif) ligand 9	GeneOrProtein	0	Chemokine (C-X-C motif) ligand 9	Chemokine (C-X-C motif) ligand 9	0	
98115-9	E	Chemokine (C-X-C motif) ligand 9	GeneOrProtein	0	Chemokine (C-X-C motif) ligand 9	Chemokine (C-X-C motif) ligand 9	0	
98115-9	E	Chemokine (C-X-C motif) ligand 9	GeneOrProtein	0	Chemokine (C-X-C motif) ligand 9	Chemokine (C-X-C motif) ligand 9	0	
98115-9	E	Chemokine (C-X-C motif) ligand 9	GeneOrProtein	0	Chemokine (C-X-C motif) ligand 9	Chemokine (C-X-C motif) ligand 9	0	
98115-9	E	Chemokine (C-X-C motif) ligand 9	GeneOrProtein	0	Chemokine (C-X-C motif) ligand 9	Chemokine (C-X-C motif) ligand 9	0	
98115-9	E	Chemokine (C-X-C motif) ligand 9	GeneOrProtein	0	Chemokine (C-X-C motif) ligand 9	Chemokine (C-X-C motif) ligand 9	0	
2081-8	E	Cholecystokinin	GeneOrProtein	0	Cholecystokinin	Cholecystokinin	0	HGNC:1569
2081-8	E	Cholecystokinin	GeneOrProtein	0	Cholecystokinin	Cholecystokinin	0	HGNC:1569
2081-8	E	Cholecystokinin	GeneOrProtein	0	Cholecystokinin	Cholecystokinin	0	HGNC:1569
2083-4	E	Cholesterol esterase	GeneOrProtein	0	Cholesterol esterase	Cholesterol esterase	0	
2083-4	E	Cholesterol esterase	GeneOrProtein	0	Cholesterol esterase	Cholesterol esterase	0	
2083-4	E	Cholesterol esterase	GeneOrProtein	0	Cholesterol esterase	Cholesterol esterase	0	
2083-4	E	Cholesterol esterase	GeneOrProtein	0	Cholesterol esterase	Cholesterol esterase	0	
2083-4	E	Cholesterol esterase	GeneOrProtein	0	Cholesterol esterase	Cholesterol esterase	0	
55839-5	E	Cholesterol ester transfer protein	GeneOrProtein	0	Cholesterol ester transfer protein	Cholesteryl ester transfer protein	1	HGNC:1869
55839-5	E	Cholesterol ester transfer protein	GeneOrProtein	0	Cholesterol ester transfer protein	Cholesteryl ester transfer protein	1	HGNC:1869
26015-8	E	HDL 2	GeneOrProtein	15	HDL 2	HpDL 2	1	
50409-2	E	HDL 2	GeneOrProtein	15	HDL 2	HpDL 2	1	
50194-0	E	VLDL 3	GeneOrProtein	34	VLDL 3	VLDL r	1	
49624-0	E	VLDL 1	GeneOrProtein	15	VLDL 1	VLDL r	1	
50192-4	E	VLDL 1	GeneOrProtein	15	VLDL 1	VLDL r	1	
46986-6	E	VLDL 3	GeneOrProtein	15	VLDL 3	VLDL r	1	
47218-3	E	VLDL 3	GeneOrProtein	15	VLDL 3	VLDL r	1	
47219-1	E	VLDL 5	GeneOrProtein	15	VLDL 5	VLDL r	1	
70261-3	E	periton	GeneOrProtein	12	periton	penton	0	
94690-5	E	Chondroitin-6	GeneOrProtein	0	Chondroitin-6	Chondroitin-4	1	58250
94690-5	E	Chondroitin-6	GeneOrProtein	0	Chondroitin-6	Chondroitin-4	1	58250
18364-0	E	Chondroitin	GeneOrProtein	0	Chondroitin	Chondroitin4	1	58250
18364-0	E	Chondroitin	GeneOrProtein	0	Chondroitin	Chondroitin4	1	58250
20415-6	E	beta subunit	GeneOrProtein	19	beta subunit	beta' subunit	1	
20415-6	E	beta subunit	GeneOrProtein	19	beta subunit	beta' subunit	1	
20415-6	E	beta subunit	GeneOrProtein	19	beta subunit	beta' subunit	1	
20415-6	E	beta subunit	GeneOrProtein	19	beta subunit	beta' subunit	1	
45293-8	E	beta subunit	GeneOrProtein	19	beta subunit	beta' subunit	1	
106737-0	E	Beta subunit	GeneOrProtein	26	Beta subunit	Beta' subunit	1	
106737-0	E	Beta subunit	GeneOrProtein	26	Beta subunit	Beta' subunit	1	
106737-0	E	Beta subunit	GeneOrProtein	26	Beta subunit	Beta' subunit	1	
2103-0	E	Choriomammotropin	GeneOrProtein	0	Choriomammotropin	Choriomammotropin	0	HGNC:2440
2103-0	E	Choriomammotropin	GeneOrProtein	0	Choriomammotropin	Choriomammotropin	0	HGNC:2440
2103-0	E	Choriomammotropin	GeneOrProtein	0	Choriomammotropin	Choriomammotropin	0	HGNC:2440
2103-0	E	Choriomammotropin	GeneOrProtein	0	Choriomammotropin	Choriomammotropin	0	HGNC:2440
2103-0	E	Choriomammotropin	GeneOrProtein	0	Choriomammotropin	Choriomammotropin	0	HGNC:2440
68123-9	E	prostate	GeneOrProtein	24	prostate	prostase	1	Q9Y5K2
74518-2	E	Clara	GeneOrProtein	0	Clara	Cflara	1	373114
74518-2	E	Clara	GeneOrProtein	0	Clara	Cflara	1	373114
74518-2	E	Clara	GeneOrProtein	0	Clara	Cflara	1	373114
74518-2	E	Clara	GeneOrProtein	0	Clara	Cflara	1	373114
74518-2	E	Clara	GeneOrProtein	0	Clara	Cflara	1	373114
74518-2	E	Clara	GeneOrProtein	0	Clara	Cflara	1	373114
74585-1	E	Coenzyme Q	GeneOrProtein	0	Coenzyme Q	Coenzyme Q	0	
74585-1	E	cytochrome C	GeneOrProtein	11	cytochrome C	cytochrome C	0	
74585-1	E	Citrate synthase	GeneOrProtein	34	Citrate synthase	Citrate synthase	0	HGNC:2422
74585-1	E	Coenzyme Q	GeneOrProtein	0	Coenzyme Q	Coenzyme Q	0	
74585-1	E	cytochrome C	GeneOrProtein	11	cytochrome C	cytochrome C	0	
74585-1	E	Citrate synthase	GeneOrProtein	34	Citrate synthase	Citrate synthase	0	HGNC:2422
74585-1	E	Coenzyme Q	GeneOrProtein	0	Coenzyme Q	Coenzyme Q	0	
74585-1	E	cytochrome C	GeneOrProtein	11	cytochrome C	cytochrome C	0	
74585-1	E	Citrate synthase	GeneOrProtein	34	Citrate synthase	Citrate synthase	0	HGNC:2422
74585-1	E	Coenzyme Q	GeneOrProtein	0	Coenzyme Q	Coenzyme Q	0	
74585-1	E	cytochrome C	GeneOrProtein	11	cytochrome C	cytochrome C	0	
74585-1	E	Citrate synthase	GeneOrProtein	34	Citrate synthase	Citrate synthase	0	HGNC:2422
74585-1	E	Coenzyme Q	GeneOrProtein	0	Coenzyme Q	Coenzyme Q	0	
74585-1	E	cytochrome C	GeneOrProtein	11	cytochrome C	cytochrome C	0	
74585-1	E	Citrate synthase	GeneOrProtein	34	Citrate synthase	Citrate synthase	0	HGNC:2422
101926-4	E	Connective tissue growth factor	GeneOrProtein	0	Connective tissue growth factor	Connective tissue growth factor	0	HGNC:2500
101926-4	E	Connective tissue growth factor	GeneOrProtein	0	Connective tissue growth factor	Connective tissue growth factor	0	HGNC:2500
101926-4	E	Connective tissue growth factor	GeneOrProtein	0	Connective tissue growth factor	Connective tissue growth factor	0	HGNC:2500
107930-0	E	glucose	GeneOrProtein	11	glucose	glucose1	1	
107930-0	E	glucose	GeneOrProtein	11	glucose	glucose1	1	
16649-6	E	Coproporphyrinogen oxidase	GeneOrProtein	0	Coproporphyrinogen oxidase	Coproporphyrinogen oxidase	0	HGNC:2321
16649-6	E	Coproporphyrinogen oxidase	GeneOrProtein	0	Coproporphyrinogen oxidase	Coproporphyrinogen oxidase	0	HGNC:2321
14149-9	E	Corticotropin	GeneOrProtein	0	Corticotropin	Corticotropin	0	
14149-9	E	Corticotropin	GeneOrProtein	0	Corticotropin	Corticotropin	0	
16653-8	E	Corticotropin	GeneOrProtein	0	Corticotropin	Corticotropin	0	
14679-5	E	Cortisol	GeneOrProtein	0	Cortisol	Crtiso1	1	Q52QW3
14679-5	E	Cortisol	GeneOrProtein	0	Cortisol	Crtiso1	1	Q52QW3
14679-5	E	Cortisol	GeneOrProtein	0	Cortisol	Crtiso1	1	Q52QW3
14679-5	E	Cortisol	GeneOrProtein	0	Cortisol	Crtiso1	1	Q52QW3
14679-5	E	Cortisol	GeneOrProtein	0	Cortisol	Crtiso1	1	Q52QW3
16667-8	E	Cortisol	GeneOrProtein	0	Cortisol	Crtiso1	1	Q52QW3
16667-8	E	Cortisol	GeneOrProtein	0	Cortisol	Crtiso1	1	Q52QW3
16667-8	E	Cortisol	GeneOrProtein	0	Cortisol	Crtiso1	1	Q52QW3
16667-8	E	Cortisol	GeneOrProtein	0	Cortisol	Crtiso1	1	Q52QW3
14678-7	E	Cortisol	GeneOrProtein	0	Cortisol	Crtiso1	1	Q52QW3
14678-7	E	Cortisol	GeneOrProtein	0	Cortisol	Crtiso1	1	Q52QW3
14678-7	E	Cortisol	GeneOrProtein	0	Cortisol	Crtiso1	1	Q52QW3
14678-7	E	Cortisol	GeneOrProtein	0	Cortisol	Crtiso1	1	Q52QW3
14678-7	E	Cortisol	GeneOrProtein	0	Cortisol	Crtiso1	1	Q52QW3
14678-7	E	Cortisol	GeneOrProtein	0	Cortisol	Crtiso1	1	Q52QW3
15047-4	E	Creatine	GeneOrProtein	0	Creatine	Crestin	1	30186
104538-4	E	Creatine	GeneOrProtein	0	Creatine	Crestin	1	30186
79291-1	E	Creatine	GeneOrProtein	0	Creatine	Crestin	1	30186
33547-1	E	Creatine kinase	GeneOrProtein	0	Creatine kinase	Creatine kinase	0	
33547-1	E	Creatine kinase	GeneOrProtein	30	Creatine kinase	Creatine kinase	0	
33547-1	E	Creatine kinase	GeneOrProtein	0	Creatine kinase	Creatine kinase	0	
33547-1	E	Creatine kinase	GeneOrProtein	30	Creatine kinase	Creatine kinase	0	
33547-1	E	Creatine kinase	GeneOrProtein	0	Creatine kinase	Creatine kinase	0	
33547-1	E	Creatine kinase	GeneOrProtein	30	Creatine kinase	Creatine kinase	0	
15048-2	E	Creatine kinase	GeneOrProtein	0	Creatine kinase	Creatine kinase	0	
15048-2	E	Creatine kinase	GeneOrProtein	19	Creatine kinase	Creatine kinase	0	
15048-2	E	Creatine kinase	GeneOrProtein	0	Creatine kinase	Creatine kinase	0	
15048-2	E	Creatine kinase	GeneOrProtein	19	Creatine kinase	Creatine kinase	0	
15048-2	E	Creatine kinase	GeneOrProtein	0	Creatine kinase	Creatine kinase	0	
15048-2	E	Creatine kinase	GeneOrProtein	19	Creatine kinase	Creatine kinase	0	
14680-3	E	Creatine kinase	GeneOrProtein	0	Creatine kinase	Creatine kinase	0	
2153-5	E	Creatine kinase	GeneOrProtein	0	Creatine kinase	Creatine kinase	0	
26019-0	E	Creatine kinase	GeneOrProtein	0	Creatine kinase	Creatine kinase	0	
26019-0	E	type 1	GeneOrProtein	31	type 1	type ia	1	
26019-0	E	Creatine kinase	GeneOrProtein	38	Creatine kinase	Creatine kinase	0	
26020-8	E	Creatine kinase	GeneOrProtein	0	Creatine kinase	Creatine kinase	0	
26020-8	E	Creatine kinase	GeneOrProtein	38	Creatine kinase	Creatine kinase	0	
101446-3	E	Creatine Kinase	GeneOrProtein	0	Creatine Kinase	Creatine Kinase	0	
101446-3	E	Creatine Kinase	GeneOrProtein	0	Creatine Kinase	Creatine Kinase	0	
101446-3	E	Creatine Kinase	GeneOrProtein	0	Creatine Kinase	Creatine Kinase	0	
101446-3	E	Creatine Kinase	GeneOrProtein	0	Creatine Kinase	Creatine Kinase	0	
101446-3	E	Creatine Kinase	GeneOrProtein	0	Creatine Kinase	Creatine Kinase	0	
101446-3	E	Creatine Kinase	GeneOrProtein	0	Creatine Kinase	Creatine Kinase	0	
101446-3	E	Creatine Kinase	GeneOrProtein	0	Creatine Kinase	Creatine Kinase	0	
101446-3	E	Creatine Kinase	GeneOrProtein	0	Creatine Kinase	Creatine Kinase	0	
49129-0	E	Creatine kinase	GeneOrProtein	0	Creatine kinase	Creatine kinase	0	
49129-0	E	Creatine kinase	GeneOrProtein	21	Creatine kinase	Creatine kinase	0	
49129-0	E	Creatine kinase	GeneOrProtein	0	Creatine kinase	Creatine kinase	0	
49129-0	E	Creatine kinase	GeneOrProtein	21	Creatine kinase	Creatine kinase	0	
49129-0	E	Creatine kinase	GeneOrProtein	0	Creatine kinase	Creatine kinase	0	
49129-0	E	Creatine kinase	GeneOrProtein	21	Creatine kinase	Creatine kinase	0	
107446-7	E	Creatine kinase	GeneOrProtein	0	Creatine kinase	Creatine kinase	0	
107446-7	E	Creatine kinase	GeneOrProtein	0	Creatine kinase	Creatine kinase	0	
107446-7	E	Creatine kinase	GeneOrProtein	0	Creatine kinase	Creatine kinase	0	
70266-2	E	periton	GeneOrProtein	11	periton	penton	0	
81313-9	E	complement C3	GeneOrProtein	13	complement C3	complement C3	0	HGNC:1318
106796-6	E	CXCL13	GeneOrProtein	0	CXCL13	CXCL13	0	HGNC:10639
106796-6	E	CXCL13	GeneOrProtein	0	CXCL13	CXCL13	0	HGNC:10639
106796-6	E	CXCL13	GeneOrProtein	0	CXCL13	CXCL13	0	HGNC:10639
106796-6	E	CXCL13	GeneOrProtein	0	CXCL13	CXCL13	0	HGNC:10639
82223-9	E	Cystathionine beta synthase	GeneOrProtein	0	Cystathionine beta synthase	Cystathionine beta synthase	0	24250
46769-6	E	fibrosis	GeneOrProtein	7	fibrosis	fibrosin	1	HGNC:20442
57707-2	E	fibrosis	GeneOrProtein	7	fibrosis	fibrosin	1	HGNC:20442
12469-3	E	Cystine	GeneOrProtein	0	Cystine	Cystin1	1	HGNC:18525
12469-3	E	Cystine	GeneOrProtein	0	Cystine	Cystin1	1	HGNC:18525
12469-3	E	Cystine	GeneOrProtein	0	Cystine	Cystin1	1	HGNC:18525
2180-8	E	Cystine	GeneOrProtein	0	Cystine	Cystin1	1	HGNC:18525
34624-7	E	Cystine	GeneOrProtein	0	Cystine	Cystin1	1	HGNC:18525
10969-4	E	Cystine	GeneOrProtein	0	Cystine	Cystin1	1	HGNC:18525
10969-4	E	Cystine	GeneOrProtein	0	Cystine	Cystin1	1	HGNC:18525
10969-4	E	Cystine	GeneOrProtein	0	Cystine	Cystin1	1	HGNC:18525
16711-4	E	Cystine	GeneOrProtein	0	Cystine	Cystin1	1	HGNC:18525
2181-6	E	Cystinyl aminopeptidase	GeneOrProtein	0	Cystinyl aminopeptidase	Cystinyl aminopeptidase	0	HGNC:6656
2181-6	E	Cystinyl aminopeptidase	GeneOrProtein	0	Cystinyl aminopeptidase	Cystinyl aminopeptidase	0	HGNC:6656
2181-6	E	Cystinyl aminopeptidase	GeneOrProtein	0	Cystinyl aminopeptidase	Cystinyl aminopeptidase	0	HGNC:6656
2182-4	E	Cytochrome B reductase	GeneOrProtein	0	Cytochrome B reductase	Cytochrome B reductase	0	
2182-4	E	Cytochrome B reductase	GeneOrProtein	0	Cytochrome B reductase	Cytochrome B reductase	0	
18366-5	E	Cytochrome C oxidase	GeneOrProtein	0	Cytochrome C oxidase	Cytochrome C oxidase	0	
18366-5	E	Cytochrome C oxidase	GeneOrProtein	0	Cytochrome C oxidase	Cytochrome C oxidase	0	
78982-6	E	D-3-phosphoglycerate dehydrogenase	GeneOrProtein	0	D-3-phosphoglycerate dehydrogenase	D-3-phosphoglycerate dehydrogenase	0	
78982-6	E	D-3-phosphoglycerate dehydrogenase	GeneOrProtein	0	D-3-phosphoglycerate dehydrogenase	D-3-phosphoglycerate dehydrogenase	0	
78982-6	E	D-3-phosphoglycerate dehydrogenase	GeneOrProtein	0	D-3-phosphoglycerate dehydrogenase	D-3-phosphoglycerate dehydrogenase	0	
78982-6	E	D-3-phosphoglycerate dehydrogenase	GeneOrProtein	0	D-3-phosphoglycerate dehydrogenase	D-3-phosphoglycerate dehydrogenase	0	
78982-6	E	D-3-phosphoglycerate dehydrogenase	GeneOrProtein	0	D-3-phosphoglycerate dehydrogenase	D-3-phosphoglycerate dehydrogenase	0	
78982-6	E	D-3-phosphoglycerate dehydrogenase	GeneOrProtein	0	D-3-phosphoglycerate dehydrogenase	D-3-phosphoglycerate dehydrogenase	0	
18214-7	E	Delta 5	GeneOrProtein	0	Delta 5	Delta c	1	
2203-8	E	Dermatan	GeneOrProtein	0	Dermatan	Dermacan	1	323465
2203-8	E	Dermatan	GeneOrProtein	0	Dermatan	Dermacan	1	323465
60438-9	E	Diamine oxidase	GeneOrProtein	0	Diamine oxidase	Diamine oxidase	0	HGNC:80
60438-9	E	Diamine oxidase	GeneOrProtein	0	Diamine oxidase	Diamine oxidase	0	HGNC:80
60438-9	E	Diamine oxidase	GeneOrProtein	0	Diamine oxidase	Diamine oxidase	0	HGNC:80
60438-9	E	Diamine oxidase	GeneOrProtein	0	Diamine oxidase	Diamine oxidase	0	HGNC:80
2210-3	E	Dihydrolipoamide	GeneOrProtein	0	Dihydrolipoamide	Dihydrolipoamide	0	
2210-3	E	Dihydrolipoamide	GeneOrProtein	0	Dihydrolipoamide	Dihydrolipoamide	0	
2211-1	E	Dihydrolipoamide dehydrogenase	GeneOrProtein	0	Dihydrolipoamide dehydrogenase	Dihydrolipoamide dehydrogenase	0	HGNC:2898
78694-7	E	Dihydroorotate	GeneOrProtein	0	Dihydroorotate	Dihydroorotase	1	
78694-7	E	Dihydroorotate	GeneOrProtein	0	Dihydroorotate	Dihydroorotase	1	
78694-7	E	Dihydroorotate	GeneOrProtein	0	Dihydroorotate	Dihydroorotase	1	
78694-7	E	Dihydroorotate	GeneOrProtein	0	Dihydroorotate	Dihydroorotase	1	
2212-9	E	Dihydropteridine reductase	GeneOrProtein	0	Dihydropteridine reductase	Dihydropteridine reductase	0	
2212-9	E	Dihydropteridine reductase	GeneOrProtein	0	Dihydropteridine reductase	Dihydropteridine reductase	0	
24081-2	E	acylcoa acyl transferase	GeneOrProtein	27	acylcoa acyl transferase	acyl-coa acyltransferase	1	
24081-2	E	acylcoa acyl transferase	GeneOrProtein	27	acylcoa acyl transferase	acyl-coa acyltransferase	1	
24081-2	E	acylcoa acyl transferase	GeneOrProtein	27	acylcoa acyl transferase	acyl-coa acyltransferase	1	
47853-7	E	phosphatase	GeneOrProtein	19	phosphatase	phopshatase	1	
47853-7	E	phosphatase	GeneOrProtein	19	phosphatase	phopshatase	1	
2219-4	E	Dopamine beta-hydroxylase	GeneOrProtein	0	Dopamine beta-hydroxylase	Dopamine beta-hydroxylase	0	HGNC:2689
2219-4	E	Dopamine beta-hydroxylase	GeneOrProtein	0	Dopamine beta-hydroxylase	Dopamine beta-hydroxylase	0	HGNC:2689
2219-4	E	Dopamine beta-hydroxylase	GeneOrProtein	0	Dopamine beta-hydroxylase	Dopamine beta-hydroxylase	0	HGNC:2689
79596-3	E	serine	GeneOrProtein	2	serine	serinc	1	
35124-7	E	Dysferlin	GeneOrProtein	0	Dysferlin	Dysferlin	0	HGNC:3097
2227-7	E	Enteropeptidase	GeneOrProtein	0	Enteropeptidase	Enteropeptidase	0	HGNC:9490
100976-0	E	Eosinophil derived neurotoxin	GeneOrProtein	0	Eosinophil derived neurotoxin	Eosinophil-derived neurotoxin	0	HGNC:10045
100976-0	E	Eosinophil derived neurotoxin	GeneOrProtein	0	Eosinophil derived neurotoxin	Eosinophil-derived neurotoxin	0	HGNC:10045
100976-0	E	Eosinophil derived neurotoxin	GeneOrProtein	0	Eosinophil derived neurotoxin	Eosinophil-derived neurotoxin	0	HGNC:10045
100976-0	E	Eosinophil derived neurotoxin	GeneOrProtein	0	Eosinophil derived neurotoxin	Eosinophil-derived neurotoxin	0	HGNC:10045
100976-0	E	Eosinophil derived neurotoxin	GeneOrProtein	0	Eosinophil derived neurotoxin	Eosinophil-derived neurotoxin	0	HGNC:10045
101925-6	E	Epidermal growth factor	GeneOrProtein	0	Epidermal growth factor	Epidermal growth factor	0	HGNC:3229
77350-7	E	Erythropoietin	GeneOrProtein	0	Erythropoietin	Erythropoietin	0	HGNC:3415
28071-9	E	selectin	GeneOrProtein	2	selectin	melectin	1	P86170
28071-9	E	selectin	GeneOrProtein	2	selectin	melectin	1	P86170
28071-9	E	selectin	GeneOrProtein	2	selectin	melectin	1	P86170
104708-3	E	glucose	GeneOrProtein	18	glucose	glucose1	1	
104708-3	E	glucose	GeneOrProtein	18	glucose	glucose1	1	
104708-3	E	glucose	GeneOrProtein	18	glucose	glucose1	1	
104708-3	E	glucose	GeneOrProtein	18	glucose	glucose1	1	
17844-2	E	albumin	GeneOrProtein	10	albumin	albumin	0	HGNC:399
14051-7	E	Estrogen binding protein	GeneOrProtein	0	Estrogen binding protein	Estrogen-binding protein	0	P43084
14051-7	E	Estrogen binding protein	GeneOrProtein	0	Estrogen binding protein	Estrogen-binding protein	0	P43084
106984-8	E	Extracellular Matrix Protein 1	GeneOrProtein	0	Extracellular Matrix Protein 1	Extracellular Matrix Protein 1	0	HGNC:3153
106984-8	E	Extracellular Matrix Protein 1	GeneOrProtein	0	Extracellular Matrix Protein 1	Extracellular Matrix Protein 1	0	HGNC:3153
2277-2	E	Ferrochelatase	GeneOrProtein	0	Ferrochelatase	Ferrochelatase	0	HGNC:3647
97107-7	E	Fibroblast growth factor 19	GeneOrProtein	0	Fibroblast growth factor 19	Fibroblast growth factor 19	0	HGNC:3675
98117-5	E	Fibroblast growth factor 2	GeneOrProtein	0	Fibroblast growth factor 2	Fibroblast growth factor 2	0	HGNC:3676
98117-5	E	Fibroblast growth factor 2	GeneOrProtein	0	Fibroblast growth factor 2	Fibroblast growth factor 2	0	HGNC:3676
98117-5	E	Fibroblast growth factor 2	GeneOrProtein	0	Fibroblast growth factor 2	Fibroblast growth factor 2	0	HGNC:3676
98117-5	E	Fibroblast growth factor 2	GeneOrProtein	0	Fibroblast growth factor 2	Fibroblast growth factor 2	0	HGNC:3676
98117-5	E	Fibroblast growth factor 2	GeneOrProtein	0	Fibroblast growth factor 2	Fibroblast growth factor 2	0	HGNC:3676
87832-2	E	Fibroblast growth factor 21	GeneOrProtein	0	Fibroblast growth factor 21	Fibroblast growth factor 21	0	HGNC:3678
87832-2	E	Fibroblast growth factor 21	GeneOrProtein	0	Fibroblast growth factor 21	Fibroblast growth factor 21	0	HGNC:3678
87832-2	E	Fibroblast growth factor 21	GeneOrProtein	0	Fibroblast growth factor 21	Fibroblast growth factor 21	0	HGNC:3678
104259-7	E	Fibroblast growth factor 23	GeneOrProtein	0	Fibroblast growth factor 23	Fibroblast growth factor 23	0	HGNC:3680
104259-7	E	Fibroblast growth factor 23	GeneOrProtein	0	Fibroblast growth factor 23	Fibroblast growth factor 23	0	HGNC:3680
104259-7	E	Fibroblast growth factor 23	GeneOrProtein	0	Fibroblast growth factor 23	Fibroblast growth factor 23	0	HGNC:3680
104259-7	E	Fibroblast growth factor 23	GeneOrProtein	0	Fibroblast growth factor 23	Fibroblast growth factor 23	0	HGNC:3680
104259-7	E	Fibroblast growth factor 23	GeneOrProtein	0	Fibroblast growth factor 23	Fibroblast growth factor 23	0	HGNC:3680
47855-2	E	Fibroblast growth factor 23	GeneOrProtein	0	Fibroblast growth factor 23	Fibroblast growth factor 23	0	HGNC:3680
47855-2	E	C-terminal	GeneOrProtein	28	C-terminal	C-terminal2	1	
47855-2	E	Fibroblast growth factor 23	GeneOrProtein	0	Fibroblast growth factor 23	Fibroblast growth factor 23	0	HGNC:3680
47855-2	E	C-terminal	GeneOrProtein	28	C-terminal	C-terminal2	1	
47854-5	E	Fibroblast growth factor 23	GeneOrProtein	0	Fibroblast growth factor 23	Fibroblast growth factor 23	0	HGNC:3680
47854-5	E	Fibroblast growth factor 23	GeneOrProtein	0	Fibroblast growth factor 23	Fibroblast growth factor 23	0	HGNC:3680
20403-2	E	Fibronectin	GeneOrProtein	0	Fibronectin	Fibronectin	0	
20403-2	E	Fibronectin	GeneOrProtein	0	Fibronectin	Fibronectin	0	
48794-2	E	Fibrosis	GeneOrProtein	0	Fibrosis	Fibrosin	1	HGNC:20442
48794-2	E	Fibrosis	GeneOrProtein	0	Fibrosis	Fibrosin	1	HGNC:20442
53165-7	E	Formiminoglutamate	GeneOrProtein	0	Formiminoglutamate	Formiminoglutamase	1	
80979-8	E	Frataxin	GeneOrProtein	0	Frataxin	Frataxin	0	HGNC:3951
2293-9	E	Fructokinase	GeneOrProtein	0	Fructokinase	Fructokinase	0	HGNC:6315
2293-9	E	Fructokinase	GeneOrProtein	0	Fructokinase	Fructokinase	0	HGNC:6315
13743-0	E	Fumarate	GeneOrProtein	0	Fumarate	Fumarase	1	HGNC:3700
2304-4	E	Fumarylacetoacetate	GeneOrProtein	0	Fumarylacetoacetate	Fumarylacetoacetase	1	HGNC:3579
74950-7	E	Galactocerebrosidase	GeneOrProtein	0	Galactocerebrosidase	Galactocerebrosidase	0	
46772-0	E	Galactokinase	GeneOrProtein	0	Galactokinase	Galactokinase	0	
10970-2	E	Galactose 1 phosphate uridyl transferase	GeneOrProtein	0	Galactose 1 phosphate uridyl transferase	Galactose-1-phosphate uridyl transferase	0	
10970-2	E	Galactose 1 phosphate uridyl transferase	GeneOrProtein	0	Galactose 1 phosphate uridyl transferase	Galactose-1-phosphate uridyl transferase	0	
10970-2	E	Galactose 1 phosphate uridyl transferase	GeneOrProtein	0	Galactose 1 phosphate uridyl transferase	Galactose-1-phosphate uridyl transferase	0	
10970-2	E	Galactose 1 phosphate uridyl transferase	GeneOrProtein	0	Galactose 1 phosphate uridyl transferase	Galactose-1-phosphate uridyl transferase	0	
10970-2	E	Galactose 1 phosphate uridyl transferase	GeneOrProtein	0	Galactose 1 phosphate uridyl transferase	Galactose-1-phosphate uridyl transferase	0	
10970-2	E	Galactose 1 phosphate uridyl transferase	GeneOrProtein	0	Galactose 1 phosphate uridyl transferase	Galactose-1-phosphate uridyl transferase	0	
10970-2	E	Galactose 1 phosphate uridyl transferase	GeneOrProtein	0	Galactose 1 phosphate uridyl transferase	Galactose-1-phosphate uridyl transferase	0	
10970-2	E	Galactose 1 phosphate uridyl transferase	GeneOrProtein	0	Galactose 1 phosphate uridyl transferase	Galactose-1-phosphate uridyl transferase	0	
33780-8	E	Galactose 1 phosphate uridyl transferase	GeneOrProtein	0	Galactose 1 phosphate uridyl transferase	Galactose-1-phosphate uridyl transferase	0	
104263-9	E	Galactosylceramidase	GeneOrProtein	0	Galactosylceramidase	Galactosylceramidase	0	HGNC:4115
104263-9	E	Galactosylceramidase	GeneOrProtein	0	Galactosylceramidase	Galactosylceramidase	0	HGNC:4115
104263-9	E	Galactosylceramidase	GeneOrProtein	0	Galactosylceramidase	Galactosylceramidase	0	HGNC:4115
2320-0	E	Gamma glutamyl cysteine synthetase	GeneOrProtein	0	Gamma glutamyl cysteine synthetase	Gamma glutamylcysteine synthetase	0	
2320-0	E	Gamma glutamyl cysteine synthetase	GeneOrProtein	0	Gamma glutamyl cysteine synthetase	Gamma glutamylcysteine synthetase	0	
100741-8	E	Gamma glutamyl transferase	GeneOrProtein	0	Gamma glutamyl transferase	Gamma glutamyltransferase	0	
100741-8	E	Gamma glutamyl transferase	GeneOrProtein	0	Gamma glutamyl transferase	Gamma glutamyltransferase	0	
100741-8	E	Gamma glutamyl transferase	GeneOrProtein	0	Gamma glutamyl transferase	Gamma glutamyltransferase	0	
100741-8	E	Gamma glutamyl transferase	GeneOrProtein	0	Gamma glutamyl transferase	Gamma glutamyltransferase	0	
100741-8	E	Gamma glutamyl transferase	GeneOrProtein	0	Gamma glutamyl transferase	Gamma glutamyltransferase	0	
100741-8	E	Gamma glutamyl transferase	GeneOrProtein	0	Gamma glutamyl transferase	Gamma glutamyltransferase	0	
14162-2	E	Gamma melanocyte stimulating hormone	GeneOrProtein	0	Gamma melanocyte stimulating hormone	Gamma-melanocyte-stimulating hormone	0	P41989
14162-2	E	Gamma melanocyte stimulating hormone	GeneOrProtein	0	Gamma melanocyte stimulating hormone	Gamma-melanocyte-stimulating hormone	0	P41989
14162-2	E	Gamma melanocyte stimulating hormone	GeneOrProtein	0	Gamma melanocyte stimulating hormone	Gamma-melanocyte-stimulating hormone	0	P41989
14162-2	E	Gamma melanocyte stimulating hormone	GeneOrProtein	0	Gamma melanocyte stimulating hormone	Gamma-melanocyte-stimulating hormone	0	P41989
5923-8	E	Gastric	GeneOrProtein	0	Gastric	Gastrin	1	HGNC:4164
2326-7	E	Gastric inhibitory polypeptide	GeneOrProtein	0	Gastric inhibitory polypeptide	Gastric inhibitory polypeptide	0	HGNC:4270
2332-5	E	Gastrin	GeneOrProtein	0	Gastrin	Gastrin	0	HGNC:4164
2332-5	E	Gastrin	GeneOrProtein	0	Gastrin	Gastrin	0	HGNC:4164
2332-5	E	Gastrin	GeneOrProtein	0	Gastrin	Gastrin	0	HGNC:4164
2331-7	E	Gastrin	GeneOrProtein	0	Gastrin	Gastrin	0	HGNC:4164
2331-7	E	Gastrin	GeneOrProtein	0	Gastrin	Gastrin	0	HGNC:4164
2331-7	E	Gastrin	GeneOrProtein	0	Gastrin	Gastrin	0	HGNC:4164
2331-7	E	Gastrin	GeneOrProtein	0	Gastrin	Gastrin	0	HGNC:4164
2331-7	E	Gastrin	GeneOrProtein	0	Gastrin	Gastrin	0	HGNC:4164
2331-7	E	Gastrin	GeneOrProtein	0	Gastrin	Gastrin	0	HGNC:4164
102111-2	E	Gastrin	GeneOrProtein	0	Gastrin	Gastrin	0	HGNC:4164
102111-2	E	Gastrin	GeneOrProtein	0	Gastrin	Gastrin	0	HGNC:4164
102111-2	E	Gastrin	GeneOrProtein	0	Gastrin	Gastrin	0	HGNC:4164
102111-2	E	Gastrin	GeneOrProtein	0	Gastrin	Gastrin	0	HGNC:4164
102111-2	E	Gastrin	GeneOrProtein	0	Gastrin	Gastrin	0	HGNC:4164
102111-2	E	Gastrin	GeneOrProtein	0	Gastrin	Gastrin	0	HGNC:4164
2330-9	E	Gastrin	GeneOrProtein	0	Gastrin	Gastrin	0	HGNC:4164
2330-9	E	Gastrin	GeneOrProtein	0	Gastrin	Gastrin	0	HGNC:4164
2327-5	E	Gastrin	GeneOrProtein	0	Gastrin	Gastrin	0	HGNC:4164
2327-5	E	Gastrin	GeneOrProtein	0	Gastrin	Gastrin	0	HGNC:4164
2327-5	E	Gastrin	GeneOrProtein	0	Gastrin	Gastrin	0	HGNC:4164
96461-9	E	Gastrin	GeneOrProtein	0	Gastrin	Gastrin	0	HGNC:4164
96461-9	E	Gastrin	GeneOrProtein	0	Gastrin	Gastrin	0	HGNC:4164
96461-9	E	Gastrin	GeneOrProtein	0	Gastrin	Gastrin	0	HGNC:4164
100359-9	E	mer peptide	GeneOrProtein	11	mer peptide	mmr peptide	1	
100359-9	E	mer peptide	GeneOrProtein	11	mer peptide	mmr peptide	1	
100359-9	E	mer peptide	GeneOrProtein	11	mer peptide	mmr peptide	1	
100359-9	E	mer peptide	GeneOrProtein	11	mer peptide	mmr peptide	1	
100359-9	E	mer peptide	GeneOrProtein	11	mer peptide	mmr peptide	1	
100359-9	E	mer peptide	GeneOrProtein	11	mer peptide	mmr peptide	1	
100359-9	E	mer peptide	GeneOrProtein	11	mer peptide	mmr peptide	1	
100359-9	E	mer peptide	GeneOrProtein	11	mer peptide	mmr peptide	1	
100359-9	E	mer peptide	GeneOrProtein	11	mer peptide	mmr peptide	1	
100359-9	E	mer peptide	GeneOrProtein	11	mer peptide	mmr peptide	1	
100359-9	E	mer peptide	GeneOrProtein	11	mer peptide	mmr peptide	1	
81322-0	E	Glucan 1	GeneOrProtein	0	Glucan 1	Glucan 1	0	
81322-0	E	alpha glucosidase	GeneOrProtein	11	alpha glucosidase	alpha glucosidase	0	
81322-0	E	Glucan 1	GeneOrProtein	0	Glucan 1	Glucan 1	0	
81322-0	E	alpha glucosidase	GeneOrProtein	11	alpha glucosidase	alpha glucosidase	0	
81322-0	E	Glucan 1	GeneOrProtein	0	Glucan 1	Glucan 1	0	
81322-0	E	alpha glucosidase	GeneOrProtein	11	alpha glucosidase	alpha glucosidase	0	
100746-7	E	Glucose	GeneOrProtein	0	Glucose	Glucose1	1	
100746-7	E	Glucose	GeneOrProtein	0	Glucose	Glucose1	1	
100746-7	E	Glucose	GeneOrProtein	0	Glucose	Glucose1	1	
104597-0	E	Glucose	GeneOrProtein	0	Glucose	Glucose1	1	
21307-4	E	Glucose	GeneOrProtein	0	Glucose	Glucose1	1	
21307-4	E	Glucose	GeneOrProtein	0	Glucose	Glucose1	1	
2341-6	E	Glucose	GeneOrProtein	0	Glucose	Glucose1	1	
2354-9	E	Glucose-6-Phosphatase	GeneOrProtein	0	Glucose-6-Phosphatase	Glucose-6-Phosphatase	0	
2354-9	E	Glucose-6-Phosphatase	GeneOrProtein	0	Glucose-6-Phosphatase	Glucose-6-Phosphatase	0	
58090-2	E	Glucose-6-Phosphate dehydrogenase	GeneOrProtein	0	Glucose-6-Phosphate dehydrogenase	Glucose-6-Phosphate dehydrogenase	0	HGNC:4057
42319-4	E	Glucose-6-Phosphate dehydrogenase	GeneOrProtein	0	Glucose-6-Phosphate dehydrogenase	Glucose-6-Phosphate dehydrogenase	0	HGNC:4057
2352-3	E	Glucose	GeneOrProtein	0	Glucose	Glucose1	1	
2352-3	E	Glucose	GeneOrProtein	12	Glucose	Glucose1	1	
2352-3	E	Glucose	GeneOrProtein	0	Glucose	Glucose1	1	
2352-3	E	Glucose	GeneOrProtein	12	Glucose	Glucose1	1	
2352-3	E	Glucose	GeneOrProtein	0	Glucose	Glucose1	1	
2352-3	E	Glucose	GeneOrProtein	12	Glucose	Glucose1	1	
43740-0	E	Glucose	GeneOrProtein	0	Glucose	Glucose1	1	
43740-0	E	Insulin	GeneOrProtein	8	Insulin	Insulin	0	HGNC:6081
97506-0	E	Glucose	GeneOrProtein	0	Glucose	Glucose1	1	
13453-6	E	Glucose	GeneOrProtein	0	Glucose	Glucose1	1	
97510-2	E	Glucose	GeneOrProtein	0	Glucose	Glucose1	1	
97510-2	E	glucose	GeneOrProtein	36	glucose	glucose1	1	
97510-2	E	Glucose	GeneOrProtein	0	Glucose	Glucose1	1	
97510-2	E	glucose	GeneOrProtein	36	glucose	glucose1	1	
97510-2	E	Glucose	GeneOrProtein	0	Glucose	Glucose1	1	
97510-2	E	glucose	GeneOrProtein	36	glucose	glucose1	1	
81637-1	E	Glucose	GeneOrProtein	0	Glucose	Glucose1	1	
11047-8	E	Glucose phosphate isomerase	GeneOrProtein	0	Glucose phosphate isomerase	Glucose phosphate isomerase	0	
11047-8	E	Glucose phosphate isomerase	GeneOrProtein	0	Glucose phosphate isomerase	Glucose phosphate isomerase	0	
11047-8	E	Glucose phosphate isomerase	GeneOrProtein	0	Glucose phosphate isomerase	Glucose phosphate isomerase	0	
11047-8	E	Glucose phosphate isomerase	GeneOrProtein	0	Glucose phosphate isomerase	Glucose phosphate isomerase	0	
11047-8	E	Glucose phosphate isomerase	GeneOrProtein	0	Glucose phosphate isomerase	Glucose phosphate isomerase	0	
11047-8	E	Glucose phosphate isomerase	GeneOrProtein	0	Glucose phosphate isomerase	Glucose phosphate isomerase	0	
6883-3	E	Glucose	GeneOrProtein	0	Glucose	Glucose1	1	
6883-3	E	Glucose	GeneOrProtein	0	Glucose	Glucose1	1	
72650-5	E	Glucose	GeneOrProtein	0	Glucose	Glucose1	1	
72650-5	E	glucose	GeneOrProtein	14	glucose	glucose1	1	
72649-7	E	Glucose	GeneOrProtein	0	Glucose	Glucose1	1	
72649-7	E	glucose	GeneOrProtein	14	glucose	glucose1	1	
72649-7	E	perition	GeneOrProtein	22	perition	penton	1	
72651-3	E	Glucose	GeneOrProtein	0	Glucose	Glucose1	1	
72651-3	E	glucose	GeneOrProtein	14	glucose	glucose1	1	
72648-9	E	Glucose	GeneOrProtein	0	Glucose	Glucose1	1	
72648-9	E	glucose	GeneOrProtein	14	glucose	glucose1	1	
72648-9	E	Glucose	GeneOrProtein	0	Glucose	Glucose1	1	
72648-9	E	glucose	GeneOrProtein	14	glucose	glucose1	1	
72648-9	E	Glucose	GeneOrProtein	0	Glucose	Glucose1	1	
72648-9	E	glucose	GeneOrProtein	14	glucose	glucose1	1	
72648-9	E	Glucose	GeneOrProtein	0	Glucose	Glucose1	1	
72648-9	E	glucose	GeneOrProtein	14	glucose	glucose1	1	
104638-2	E	Glucose	GeneOrProtein	0	Glucose	Glucose1	1	
104638-2	E	Glucose	GeneOrProtein	27	Glucose	Glucose1	1	
104638-2	E	Glucose	GeneOrProtein	0	Glucose	Glucose1	1	
104638-2	E	Glucose	GeneOrProtein	27	Glucose	Glucose1	1	
104638-2	E	Glucose	GeneOrProtein	0	Glucose	Glucose1	1	
104638-2	E	Glucose	GeneOrProtein	27	Glucose	Glucose1	1	
104638-2	E	Glucose	GeneOrProtein	0	Glucose	Glucose1	1	
104638-2	E	Glucose	GeneOrProtein	27	Glucose	Glucose1	1	
53868-6	E	Glucose	GeneOrProtein	0	Glucose	Glucose1	1	
53868-6	E	Glucose	GeneOrProtein	0	Glucose	Glucose1	1	
53868-6	E	Glucose	GeneOrProtein	0	Glucose	Glucose1	1	
18195-8	E	Glucosylceramidase	GeneOrProtein	0	Glucosylceramidase	Glucosylceramidase	0	
18195-8	E	Glucosylceramidase	GeneOrProtein	0	Glucosylceramidase	Glucosylceramidase	0	
2367-1	E	Glutamate dehydrogenase	GeneOrProtein	0	Glutamate dehydrogenase	Glutamate dehydrogenase	0	
2367-1	E	Glutamate dehydrogenase	GeneOrProtein	0	Glutamate dehydrogenase	Glutamate dehydrogenase	0	
2367-1	E	Glutamate dehydrogenase	GeneOrProtein	0	Glutamate dehydrogenase	Glutamate dehydrogenase	0	
2367-1	E	Glutamate dehydrogenase	GeneOrProtein	0	Glutamate dehydrogenase	Glutamate dehydrogenase	0	
2367-1	E	Glutamate dehydrogenase	GeneOrProtein	0	Glutamate dehydrogenase	Glutamate dehydrogenase	0	
2368-9	E	Glutamate dehydrogenase	GeneOrProtein	0	Glutamate dehydrogenase	Glutamate dehydrogenase	0	
2369-7	E	Glutamate dehydrogenase	GeneOrProtein	0	Glutamate dehydrogenase	Glutamate dehydrogenase	0	
46777-9	E	ethylmalonic encephalopathy	GeneOrProtein	24	ethylmalonic encephalopathy	ethylmalonic encephalopathy1	1	
46739-9	E	type 1	GeneOrProtein	18	type 1	type ia	1	
46739-9	E	type 1	GeneOrProtein	18	type 1	type ia	1	
2375-4	E	Glutaryl CoA dehydrogenase	GeneOrProtein	0	Glutaryl CoA dehydrogenase	Glutaryl-CoA dehydrogenase	0	HGNC:4189
2376-2	E	Glutathione peroxidase	GeneOrProtein	0	Glutathione peroxidase	Glutathione peroxidase	0	
2376-2	E	Glutathione peroxidase	GeneOrProtein	0	Glutathione peroxidase	Glutathione peroxidase	0	
2376-2	E	Glutathione peroxidase	GeneOrProtein	0	Glutathione peroxidase	Glutathione peroxidase	0	
42320-2	E	Glutathione reductase	GeneOrProtein	0	Glutathione reductase	Glutathione reductase	0	
2379-6	E	Glutathione S-transferase	GeneOrProtein	0	Glutathione S-transferase	Glutathione S-transferase	0	
2380-4	E	Glutathione synthase	GeneOrProtein	0	Glutathione synthase	Glutathione synthase	0	
11048-6	E	Glyceraldehyde 3 phosphate dehydrogenase	GeneOrProtein	0	Glyceraldehyde 3 phosphate dehydrogenase	Glyceraldehyde 3 phosphate dehydrogenase	0	35728
11048-6	E	Glyceraldehyde 3 phosphate dehydrogenase	GeneOrProtein	0	Glyceraldehyde 3 phosphate dehydrogenase	Glyceraldehyde 3 phosphate dehydrogenase	0	35728
10336-6	E	peptide	GeneOrProtein	13	peptide	peptide9	1	
10336-6	E	peptide	GeneOrProtein	13	peptide	peptide9	1	
10336-6	E	peptide	GeneOrProtein	13	peptide	peptide9	1	
54458-5	E	Granulocyte colony stimulating factor	GeneOrProtein	0	Granulocyte colony stimulating factor	Granulocyte colony stimulating factor	0	HGNC:2438
54458-5	E	Granulocyte colony stimulating factor	GeneOrProtein	0	Granulocyte colony stimulating factor	Granulocyte colony stimulating factor	0	HGNC:2438
97054-1	E	Granulocyte macrophage colony stimulating factor	GeneOrProtein	0	Granulocyte macrophage colony stimulating factor	Granulocyte macrophage colony stimulating factor	0	
97054-1	E	Granulocyte macrophage colony stimulating factor	GeneOrProtein	0	Granulocyte macrophage colony stimulating factor	Granulocyte macrophage colony stimulating factor	0	
97054-1	E	Granulocyte macrophage colony stimulating factor	GeneOrProtein	0	Granulocyte macrophage colony stimulating factor	Granulocyte macrophage colony stimulating factor	0	
97054-1	E	Granulocyte macrophage colony stimulating factor	GeneOrProtein	0	Granulocyte macrophage colony stimulating factor	Granulocyte macrophage colony stimulating factor	0	
97054-1	E	Granulocyte macrophage colony stimulating factor	GeneOrProtein	0	Granulocyte macrophage colony stimulating factor	Granulocyte macrophage colony stimulating factor	0	
92665-9	E	factor 15	GeneOrProtein	27	factor 15	factor ix	1	HGNC:3551
12284-6	E	Growth hormone-releasing hormone	GeneOrProtein	0	Growth hormone-releasing hormone	Growth hormone-releasing hormone	0	
12284-6	E	Growth hormone-releasing hormone	GeneOrProtein	0	Growth hormone-releasing hormone	Growth hormone-releasing hormone	0	
12284-6	E	Growth hormone-releasing hormone	GeneOrProtein	0	Growth hormone-releasing hormone	Growth hormone-releasing hormone	0	
12284-6	E	Growth hormone-releasing hormone	GeneOrProtein	0	Growth hormone-releasing hormone	Growth hormone-releasing hormone	0	
12284-6	E	Growth hormone-releasing hormone	GeneOrProtein	0	Growth hormone-releasing hormone	Growth hormone-releasing hormone	0	
12284-6	E	Growth hormone-releasing hormone	GeneOrProtein	0	Growth hormone-releasing hormone	Growth hormone-releasing hormone	0	
12284-6	E	Growth hormone-releasing hormone	GeneOrProtein	0	Growth hormone-releasing hormone	Growth hormone-releasing hormone	0	
104192-0	E	Guanidinoacetate methyltransferase	GeneOrProtein	0	Guanidinoacetate methyltransferase	Guanidinoacetate methyltransferase	0	
104193-8	E	Guanidinoacetate methyltransferase	GeneOrProtein	0	Guanidinoacetate methyltransferase	Guanidinoacetate methyltransferase	0	
2400-0	E	Guanine deaminase	GeneOrProtein	0	Guanine deaminase	Guanine deaminase	0	HGNC:4212
2400-0	E	Guanine deaminase	GeneOrProtein	0	Guanine deaminase	Guanine deaminase	0	HGNC:4212
2400-0	E	Guanine deaminase	GeneOrProtein	0	Guanine deaminase	Guanine deaminase	0	HGNC:4212
2402-6	E	cyclic	GeneOrProtein	24	cyclic	cyclinc	1	41801
2402-6	E	cyclic	GeneOrProtein	24	cyclic	cyclinc	1	41801
2402-6	E	cyclic	GeneOrProtein	24	cyclic	cyclinc	1	41801
46759-7	E	SB thal	GeneOrProtein	17	SB thal	Bthal	1	
2403-4	E	Hemopexin	GeneOrProtein	0	Hemopexin	Hemopexin	0	HGNC:5171
104115-1	E	heparan-alpha-glucosaminide N-acetyltransferase	GeneOrProtein	0	heparan-alpha-glucosaminide N-acetyltransferase	heparan-alpha-glucosaminide N-acetyltransferase	0	HGNC:26527
104115-1	E	heparan-alpha-glucosaminide N-acetyltransferase	GeneOrProtein	0	heparan-alpha-glucosaminide N-acetyltransferase	heparan-alpha-glucosaminide N-acetyltransferase	0	HGNC:26527
104115-1	E	heparan-alpha-glucosaminide N-acetyltransferase	GeneOrProtein	0	heparan-alpha-glucosaminide N-acetyltransferase	heparan-alpha-glucosaminide N-acetyltransferase	0	HGNC:26527
104113-6	E	Heparan-N-sulfatase	GeneOrProtein	0	Heparan-N-sulfatase	Heparan N-sulfatase	1	
104113-6	E	Heparan-N-sulfatase	GeneOrProtein	0	Heparan-N-sulfatase	Heparan N-sulfatase	1	
104113-6	E	Heparan-N-sulfatase	GeneOrProtein	0	Heparan-N-sulfatase	Heparan N-sulfatase	1	
100709-5	E	Hepatocellular carcinoma	GeneOrProtein	0	Hepatocellular carcinoma	Hepatocellular carcinoma1	1	HGNC:24432
71386-7	E	Hepcidin	GeneOrProtein	0	Hepcidin	Hepcidin	0	
71386-7	E	peptide	GeneOrProtein	12	peptide	peptide9	1	
16967-2	E	Hexokinase 1	GeneOrProtein	0	Hexokinase 1	Hexokinase 1	0	HGNC:4922
16967-2	E	Hexokinase 1	GeneOrProtein	0	Hexokinase 1	Hexokinase 1	0	HGNC:4922
16967-2	E	Hexokinase 1	GeneOrProtein	0	Hexokinase 1	Hexokinase 1	0	HGNC:4922
16968-0	E	Hexokinase 3	GeneOrProtein	0	Hexokinase 3	Hexokinase 3	0	HGNC:4925
16968-0	E	Hexokinase 3	GeneOrProtein	0	Hexokinase 3	Hexokinase 3	0	HGNC:4925
13398-3	E	Histidine	GeneOrProtein	0	Histidine	Histidine6	1	
13398-3	E	Histidine	GeneOrProtein	0	Histidine	Histidine6	1	
13398-3	E	Histidine	GeneOrProtein	0	Histidine	Histidine6	1	
2425-7	E	Histidine ammonia lyase	GeneOrProtein	0	Histidine ammonia lyase	Histidine ammonia lyase	0	
2425-7	E	Histidine ammonia lyase	GeneOrProtein	0	Histidine ammonia lyase	Histidine ammonia lyase	0	
2425-7	E	Histidine ammonia lyase	GeneOrProtein	0	Histidine ammonia lyase	Histidine ammonia lyase	0	
72160-5	E	transcobalamin II	GeneOrProtein	5	transcobalamin II	transcobalamin II	0	
72160-5	E	transcobalamin II	GeneOrProtein	5	transcobalamin II	transcobalamin II	0	
72160-5	E	transcobalamin II	GeneOrProtein	5	transcobalamin II	transcobalamin II	0	
72160-5	E	transcobalamin II	GeneOrProtein	5	transcobalamin II	transcobalamin II	0	
72160-5	E	transcobalamin II	GeneOrProtein	5	transcobalamin II	transcobalamin II	0	
72160-5	E	transcobalamin II	GeneOrProtein	5	transcobalamin II	transcobalamin II	0	
55180-4	E	Human epididymis protein 4	GeneOrProtein	0	Human epididymis protein 4	Human epididymis protein 4	0	
55180-4	E	Human epididymis protein 4	GeneOrProtein	0	Human epididymis protein 4	Human epididymis protein 4	0	
55180-4	E	Human epididymis protein 4	GeneOrProtein	0	Human epididymis protein 4	Human epididymis protein 4	0	
55180-4	E	Human epididymis protein 4	GeneOrProtein	0	Human epididymis protein 4	Human epididymis protein 4	0	
2444-8	E	Hydroxymethylglutaryl CoA lyase	GeneOrProtein	0	Hydroxymethylglutaryl CoA lyase	Hydroxymethylglutaryl-CoA lyase	0	P13703
2444-8	E	Hydroxymethylglutaryl CoA lyase	GeneOrProtein	0	Hydroxymethylglutaryl CoA lyase	Hydroxymethylglutaryl-CoA lyase	0	P13703
2444-8	E	Hydroxymethylglutaryl CoA lyase	GeneOrProtein	0	Hydroxymethylglutaryl CoA lyase	Hydroxymethylglutaryl-CoA lyase	0	P13703
2444-8	E	Hydroxymethylglutaryl CoA lyase	GeneOrProtein	0	Hydroxymethylglutaryl CoA lyase	Hydroxymethylglutaryl-CoA lyase	0	P13703
74295-7	E	Hydroxymethylglutaryl CoA lyase	GeneOrProtein	0	Hydroxymethylglutaryl CoA lyase	Hydroxymethylglutaryl-CoA lyase	0	P13703
2454-7	E	Hypoxanthine phosphoribosyltransferase	GeneOrProtein	0	Hypoxanthine phosphoribosyltransferase	Hypoxanthine phosphoribosyltransferase	0	
2454-7	E	Hypoxanthine phosphoribosyltransferase	GeneOrProtein	0	Hypoxanthine phosphoribosyltransferase	Hypoxanthine phosphoribosyltransferase	0	
2454-7	E	Hypoxanthine phosphoribosyltransferase	GeneOrProtein	0	Hypoxanthine phosphoribosyltransferase	Hypoxanthine phosphoribosyltransferase	0	
24087-9	E	Iduronate-2-Sulfatase	GeneOrProtein	0	Iduronate-2-Sulfatase	Iduronate-2-Sulfatase	0	422392
24087-9	E	Iduronate-2-Sulfatase	GeneOrProtein	0	Iduronate-2-Sulfatase	Iduronate-2-Sulfatase	0	422392
105984-9	E	Kappa	GeneOrProtein	4	Kappa	iKappa	1	34969
74869-9	E	kappa	GeneOrProtein	4	kappa	ikappa	1	34969
14117-6	E	Albumin	GeneOrProtein	14	Albumin	Albumin	0	HGNC:399
78962-8	E	Transferrin	GeneOrProtein	14	Transferrin	Transferrin	0	HGNC:11740
105980-7	E	Kappa	GeneOrProtein	4	Kappa	iKappa	1	34969
105980-7	E	Kappa	GeneOrProtein	4	Kappa	iKappa	1	34969
74868-1	E	kappa	GeneOrProtein	4	kappa	ikappa	1	34969
105982-3	E	Kappa	GeneOrProtein	4	Kappa	iKappa	1	34969
74870-7	E	kappa	GeneOrProtein	4	kappa	ikappa	1	34969
101179-0	E	light	GeneOrProtein	15	light	lightr	1	HGNC:11912
101179-0	E	light	GeneOrProtein	15	light	lightr	1	HGNC:11912
101179-0	E	light	GeneOrProtein	15	light	lightr	1	HGNC:11912
101179-0	E	light	GeneOrProtein	15	light	lightr	1	HGNC:11912
101179-0	E	light	GeneOrProtein	15	light	lightr	1	HGNC:11912
101179-0	E	light	GeneOrProtein	15	light	lightr	1	HGNC:11912
101179-0	E	light	GeneOrProtein	15	light	lightr	1	HGNC:11912
101179-0	E	light	GeneOrProtein	15	light	lightr	1	HGNC:11912
101179-0	E	light	GeneOrProtein	15	light	lightr	1	HGNC:11912
101179-0	E	light	GeneOrProtein	15	light	lightr	1	HGNC:11912
101179-0	E	light	GeneOrProtein	15	light	lightr	1	HGNC:11912
101179-0	E	light	GeneOrProtein	15	light	lightr	1	HGNC:11912
101179-0	E	light	GeneOrProtein	15	light	lightr	1	HGNC:11912
101179-0	E	light	GeneOrProtein	15	light	lightr	1	HGNC:11912
104544-2	E	light	GeneOrProtein	15	light	lightr	1	HGNC:11912
104544-2	E	light	GeneOrProtein	15	light	lightr	1	HGNC:11912
104546-7	E	light	GeneOrProtein	15	light	lightr	1	HGNC:11912
104546-7	E	light	GeneOrProtein	48	light	lightr	1	HGNC:11912
104546-7	E	light	GeneOrProtein	15	light	lightr	1	HGNC:11912
104546-7	E	light	GeneOrProtein	48	light	lightr	1	HGNC:11912
104546-7	E	light	GeneOrProtein	15	light	lightr	1	HGNC:11912
104546-7	E	light	GeneOrProtein	48	light	lightr	1	HGNC:11912
48142-4	E	Indole	GeneOrProtein	0	Indole	Indol1	1	
48142-4	E	Indole	GeneOrProtein	0	Indole	Indol1	1	
48142-4	E	Indole	GeneOrProtein	0	Indole	Indol1	1	
48142-4	E	Indole	GeneOrProtein	0	Indole	Indol1	1	
23883-2	E	Inhibin A	GeneOrProtein	0	Inhibin A	Inhibin A	0	281254
2479-4	E	Inosine	GeneOrProtein	0	Inosine	Ixosin	1	Q2LKX9
80424-5	E	Inosine triphosphate pyrophosphatase	GeneOrProtein	0	Inosine triphosphate pyrophosphatase	Inosine triphosphate pyrophosphatase	0	
80424-5	E	Inosine triphosphate pyrophosphatase	GeneOrProtein	0	Inosine triphosphate pyrophosphatase	Inosine triphosphate pyrophosphatase	0	
80424-5	E	Inosine triphosphate pyrophosphatase	GeneOrProtein	0	Inosine triphosphate pyrophosphatase	Inosine triphosphate pyrophosphatase	0	
80424-5	E	Inosine triphosphate pyrophosphatase	GeneOrProtein	0	Inosine triphosphate pyrophosphatase	Inosine triphosphate pyrophosphatase	0	
80424-5	E	Inosine triphosphate pyrophosphatase	GeneOrProtein	0	Inosine triphosphate pyrophosphatase	Inosine triphosphate pyrophosphatase	0	
34156-0	E	Insulin	GeneOrProtein	0	Insulin	Insulin	0	HGNC:6081
44462-0	E	Insulin	GeneOrProtein	0	Insulin	Insulin	0	HGNC:6081
89324-8	E	Insulin	GeneOrProtein	0	Insulin	Insulin	0	HGNC:6081
12722-5	E	Insulin-like growth factor binding protein 1	GeneOrProtein	0	Insulin-like growth factor binding protein 1	Insulin-like growth factor binding protein 1	0	
12722-5	E	Insulin-like growth factor binding protein 1	GeneOrProtein	0	Insulin-like growth factor binding protein 1	Insulin-like growth factor binding protein 1	0	
12722-5	E	Insulin-like growth factor binding protein 1	GeneOrProtein	0	Insulin-like growth factor binding protein 1	Insulin-like growth factor binding protein 1	0	
12722-5	E	Insulin-like growth factor binding protein 1	GeneOrProtein	0	Insulin-like growth factor binding protein 1	Insulin-like growth factor binding protein 1	0	
12722-5	E	Insulin-like growth factor binding protein 1	GeneOrProtein	0	Insulin-like growth factor binding protein 1	Insulin-like growth factor binding protein 1	0	
12723-3	E	Insulin-like growth factor binding protein 2	GeneOrProtein	0	Insulin-like growth factor binding protein 2	Insulin-like growth factor binding protein 2	0	
2483-6	E	Insulin-like growth factor binding protein 3	GeneOrProtein	0	Insulin-like growth factor binding protein 3	Insulin-like growth factor binding protein 3	0	
38491-7	E	Insulin-like growth factor binding protein 3	GeneOrProtein	0	Insulin-like growth factor binding protein 3	Insulin-like growth factor binding protein 3	0	
2485-1	E	Insulin-like growth factor-II	GeneOrProtein	0	Insulin-like growth factor-II	Insulin-like growth factor-II	0	100303676
2485-1	E	Insulin-like growth factor-II	GeneOrProtein	0	Insulin-like growth factor-II	Insulin-like growth factor-II	0	100303676
2485-1	E	Insulin-like growth factor-II	GeneOrProtein	0	Insulin-like growth factor-II	Insulin-like growth factor-II	0	100303676
2485-1	E	Insulin-like growth factor-II	GeneOrProtein	0	Insulin-like growth factor-II	Insulin-like growth factor-II	0	100303676
72693-5	E	Insulin-like growth factor-II	GeneOrProtein	0	Insulin-like growth factor-II	Insulin-like growth factor-II	0	100303676
72693-5	E	Insulin-like growth factor-II	GeneOrProtein	0	Insulin-like growth factor-II	Insulin-like growth factor-II	0	100303676
72693-5	E	Insulin-like growth factor-II	GeneOrProtein	0	Insulin-like growth factor-II	Insulin-like growth factor-II	0	100303676
72693-5	E	Insulin-like growth factor-II	GeneOrProtein	0	Insulin-like growth factor-II	Insulin-like growth factor-II	0	100303676
72693-5	E	Insulin-like growth factor-II	GeneOrProtein	0	Insulin-like growth factor-II	Insulin-like growth factor-II	0	100303676
72693-5	E	Insulin-like growth factor-II	GeneOrProtein	0	Insulin-like growth factor-II	Insulin-like growth factor-II	0	100303676
92845-7	E	Insulin	GeneOrProtein	0	Insulin	Insulin	0	HGNC:6081
93792-0	E	Insulin	GeneOrProtein	0	Insulin	Insulin	0	HGNC:6081
2487-7	E	Inter alpha trypsin inhibitor	GeneOrProtein	0	Inter alpha trypsin inhibitor	Inter-alpha-trypsin inhibitor	0	108086152
2487-7	E	Inter alpha trypsin inhibitor	GeneOrProtein	0	Inter alpha trypsin inhibitor	Inter-alpha-trypsin inhibitor	0	108086152
2487-7	E	Inter alpha trypsin inhibitor	GeneOrProtein	0	Inter alpha trypsin inhibitor	Inter-alpha-trypsin inhibitor	0	108086152
17022-5	E	Interleukin 1+2	GeneOrProtein	0	Interleukin 1+2	Interleukin 12	1	493741
12732-4	E	Interleukin 12	GeneOrProtein	0	Interleukin 12	Interleukin 12	0	493741
12732-4	E	Interleukin 12	GeneOrProtein	0	Interleukin 12	Interleukin 12	0	493741
12732-4	E	Interleukin 12	GeneOrProtein	0	Interleukin 12	Interleukin 12	0	493741
12732-4	E	Interleukin 12	GeneOrProtein	0	Interleukin 12	Interleukin 12	0	493741
33822-8	E	Interleukin 13	GeneOrProtein	0	Interleukin 13	Interleukin 13	0	HGNC:5973
33822-8	E	Interleukin 13	GeneOrProtein	0	Interleukin 13	Interleukin 13	0	HGNC:5973
98104-3	E	Interleukin 15	GeneOrProtein	0	Interleukin 15	Interleukin 15	0	HGNC:5977
98105-0	E	Interleukin 16	GeneOrProtein	0	Interleukin 16	Interleukin 16	0	HGNC:5980
82334-4	E	Interleukin 17A	GeneOrProtein	0	Interleukin 17A	Interleukin 17A	0	HGNC:5981
82334-4	E	Interleukin 17A	GeneOrProtein	0	Interleukin 17A	Interleukin 17A	0	HGNC:5981
82334-4	E	Interleukin 17A	GeneOrProtein	0	Interleukin 17A	Interleukin 17A	0	HGNC:5981
82334-4	E	Interleukin 17A	GeneOrProtein	0	Interleukin 17A	Interleukin 17A	0	HGNC:5981
98098-7	E	Interleukin 17F	GeneOrProtein	0	Interleukin 17F	Interleukin 17F	0	HGNC:16404
33823-6	E	Interleukin 18	GeneOrProtein	0	Interleukin 18	Interleukin 18	0	HGNC:5986
33823-6	E	Interleukin 18	GeneOrProtein	0	Interleukin 18	Interleukin 18	0	HGNC:5986
33823-6	E	Interleukin 18	GeneOrProtein	0	Interleukin 18	Interleukin 18	0	HGNC:5986
33823-6	E	Interleukin 18	GeneOrProtein	0	Interleukin 18	Interleukin 18	0	HGNC:5986
33821-0	E	Interleukin 1 alpha	GeneOrProtein	0	Interleukin 1 alpha	Interleukin 1 alpha	0	HGNC:5991
33821-0	E	Interleukin 1 alpha	GeneOrProtein	0	Interleukin 1 alpha	Interleukin 1 alpha	0	HGNC:5991
33821-0	E	Interleukin 1 alpha	GeneOrProtein	0	Interleukin 1 alpha	Interleukin 1 alpha	0	HGNC:5991
13629-1	E	Interleukin 1 beta	GeneOrProtein	0	Interleukin 1 beta	Interleukin 1 beta	0	HGNC:5992
13629-1	E	Interleukin 1 beta	GeneOrProtein	0	Interleukin 1 beta	Interleukin 1 beta	0	HGNC:5992
13629-1	E	Interleukin 1 beta	GeneOrProtein	0	Interleukin 1 beta	Interleukin 1 beta	0	HGNC:5992
13629-1	E	Interleukin 1 beta	GeneOrProtein	0	Interleukin 1 beta	Interleukin 1 beta	0	HGNC:5992
13629-1	E	Interleukin 1 beta	GeneOrProtein	0	Interleukin 1 beta	Interleukin 1 beta	0	HGNC:5992
13629-1	E	Interleukin 1 beta	GeneOrProtein	0	Interleukin 1 beta	Interleukin 1 beta	0	HGNC:5992
13629-1	E	Interleukin 1 beta	GeneOrProtein	0	Interleukin 1 beta	Interleukin 1 beta	0	HGNC:5992
13629-1	E	Interleukin 1 beta	GeneOrProtein	0	Interleukin 1 beta	Interleukin 1 beta	0	HGNC:5992
13629-1	E	Interleukin 1 beta	GeneOrProtein	0	Interleukin 1 beta	Interleukin 1 beta	0	HGNC:5992
13629-1	E	Interleukin 1 beta	GeneOrProtein	0	Interleukin 1 beta	Interleukin 1 beta	0	HGNC:5992
13629-1	E	Interleukin 1 beta	GeneOrProtein	0	Interleukin 1 beta	Interleukin 1 beta	0	HGNC:5992
13629-1	E	Interleukin 1 beta	GeneOrProtein	0	Interleukin 1 beta	Interleukin 1 beta	0	HGNC:5992
55926-0	E	Interleukin 1 receptor alpha	GeneOrProtein	0	Interleukin 1 receptor alpha	Interleukin-1 receptor alpha	0	
55927-8	E	Interleukin 1 receptor alpha	GeneOrProtein	0	Interleukin 1 receptor alpha	Interleukin-1 receptor alpha	0	
98099-5	E	Interleukin 21	GeneOrProtein	0	Interleukin 21	Interleukin 21	0	HGNC:6005
98100-1	E	Interleukin 22	GeneOrProtein	0	Interleukin 22	Interleukin 22	0	HGNC:14900
98101-9	E	Interleukin 23	GeneOrProtein	0	Interleukin 23	Interleukin 23	0	
23884-0	E	Interleukin 2 receptor	GeneOrProtein	0	Interleukin 2 receptor	Interleukin 2 receptor	0	101789606
44422-4	E	Interleukin 2 receptor alpha chain	GeneOrProtein	0	Interleukin 2 receptor alpha chain	Interleukin 2 receptor alpha chain	0	403870
44422-4	E	Interleukin 2 receptor alpha chain	GeneOrProtein	0	Interleukin 2 receptor alpha chain	Interleukin 2 receptor alpha chain	0	403870
4652-4	E	Interleukin 3	GeneOrProtein	0	Interleukin 3	Interleukin 3	0	HGNC:6011
4652-4	E	Interleukin 3	GeneOrProtein	0	Interleukin 3	Interleukin 3	0	HGNC:6011
4652-4	E	Interleukin 3	GeneOrProtein	0	Interleukin 3	Interleukin 3	0	HGNC:6011
4652-4	E	Interleukin 3	GeneOrProtein	0	Interleukin 3	Interleukin 3	0	HGNC:6011
4652-4	E	Interleukin 3	GeneOrProtein	0	Interleukin 3	Interleukin 3	0	HGNC:6011
4652-4	E	Interleukin 3	GeneOrProtein	0	Interleukin 3	Interleukin 3	0	HGNC:6011
4652-4	E	Interleukin 3	GeneOrProtein	0	Interleukin 3	Interleukin 3	0	HGNC:6011
4652-4	E	Interleukin 3	GeneOrProtein	0	Interleukin 3	Interleukin 3	0	HGNC:6011
98096-1	E	Interleukin 33	GeneOrProtein	0	Interleukin 33	Interleukin 33	0	HGNC:16028
27161-9	E	Interleukin 4	GeneOrProtein	0	Interleukin 4	Interleukin 4	0	HGNC:6014
27161-9	E	Interleukin 4	GeneOrProtein	0	Interleukin 4	Interleukin 4	0	HGNC:6014
27161-9	E	Interleukin 4	GeneOrProtein	0	Interleukin 4	Interleukin 4	0	HGNC:6014
27161-9	E	Interleukin 4	GeneOrProtein	0	Interleukin 4	Interleukin 4	0	HGNC:6014
27161-9	E	Interleukin 4	GeneOrProtein	0	Interleukin 4	Interleukin 4	0	HGNC:6014
27161-9	E	Interleukin 4	GeneOrProtein	0	Interleukin 4	Interleukin 4	0	HGNC:6014
27161-9	E	Interleukin 4	GeneOrProtein	0	Interleukin 4	Interleukin 4	0	HGNC:6014
27161-9	E	Interleukin 4	GeneOrProtein	0	Interleukin 4	Interleukin 4	0	HGNC:6014
17023-3	E	Interleukin 7	GeneOrProtein	0	Interleukin 7	Interleukin 7	0	HGNC:6023
17023-3	E	Interleukin 7	GeneOrProtein	0	Interleukin 7	Interleukin 7	0	HGNC:6023
17023-3	E	Interleukin 7	GeneOrProtein	0	Interleukin 7	Interleukin 7	0	HGNC:6023
33211-4	E	Interleukin 8	GeneOrProtein	0	Interleukin 8	Interleukin 8	0	
33211-4	E	Interleukin 8	GeneOrProtein	0	Interleukin 8	Interleukin 8	0	
33211-4	E	Interleukin 8	GeneOrProtein	0	Interleukin 8	Interleukin 8	0	
33211-4	E	Interleukin 8	GeneOrProtein	0	Interleukin 8	Interleukin 8	0	
33211-4	E	Interleukin 8	GeneOrProtein	0	Interleukin 8	Interleukin 8	0	
33211-4	E	Interleukin 8	GeneOrProtein	0	Interleukin 8	Interleukin 8	0	
33211-4	E	Interleukin 8	GeneOrProtein	0	Interleukin 8	Interleukin 8	0	
33211-4	E	Interleukin 8	GeneOrProtein	0	Interleukin 8	Interleukin 8	0	
33211-4	E	Interleukin 8	GeneOrProtein	0	Interleukin 8	Interleukin 8	0	
33211-4	E	Interleukin 8	GeneOrProtein	0	Interleukin 8	Interleukin 8	0	
33211-4	E	Interleukin 8	GeneOrProtein	0	Interleukin 8	Interleukin 8	0	
98103-5	E	Interleukin 9	GeneOrProtein	0	Interleukin 9	Interleukin 9	0	HGNC:6029
75630-4	E	Interstitial collagenase	GeneOrProtein	0	Interstitial collagenase	Interstitial collagenase	0	HGNC:7155
75630-4	E	Interstitial collagenase	GeneOrProtein	0	Interstitial collagenase	Interstitial collagenase	0	HGNC:7155
75630-4	E	Interstitial collagenase	GeneOrProtein	0	Interstitial collagenase	Interstitial collagenase	0	HGNC:7155
75630-4	E	Interstitial collagenase	GeneOrProtein	0	Interstitial collagenase	Interstitial collagenase	0	HGNC:7155
2506-4	E	Isocitrate dehydrogenase	GeneOrProtein	0	Isocitrate dehydrogenase	Isocitrate dehydrogenase	0	
15131-6	E	Leucine	GeneOrProtein	11	Leucine	Leupin	1	HGNC:10570
29640-0	E	Isomaltase	GeneOrProtein	0	Isomaltase	Isomaltase	0	
85624-5	E	Kidney	GeneOrProtein	0	Kidney	Kidney1	1	24522
85624-5	E	Kidney	GeneOrProtein	0	Kidney	Kidney1	1	24522
85625-2	E	Kidney	GeneOrProtein	0	Kidney	Kidney1	1	24522
93369-7	E	Krebs von den Lungen-6	GeneOrProtein	0	Krebs von den Lungen-6	Krebs von den Lungen-6	0	P15941
93369-7	E	Krebs von den Lungen-6	GeneOrProtein	0	Krebs von den Lungen-6	Krebs von den Lungen-6	0	P15941
93369-7	E	Krebs von den Lungen-6	GeneOrProtein	0	Krebs von den Lungen-6	Krebs von den Lungen-6	0	P15941
93369-7	E	Krebs von den Lungen-6	GeneOrProtein	0	Krebs von den Lungen-6	Krebs von den Lungen-6	0	P15941
14803-1	E	Lactate dehydrogenase	GeneOrProtein	0	Lactate dehydrogenase	Lactate dehydrogenase	0	
14805-6	E	Lactate dehydrogenase	GeneOrProtein	0	Lactate dehydrogenase	Lactate dehydrogenase	0	
2535-3	E	Lactate dehydrogenase	GeneOrProtein	0	Lactate dehydrogenase	Lactate dehydrogenase	0	
14119-2	E	Lactate dehydrogenase	GeneOrProtein	0	Lactate dehydrogenase	Lactate dehydrogenase	0	
14119-2	E	1/Lactate dehydrogenase 2	GeneOrProtein	22	1/Lactate dehydrogenase 2	l-Lactate dehydrogenase 2	1	
14119-2	E	Lactate dehydrogenase	GeneOrProtein	0	Lactate dehydrogenase	Lactate dehydrogenase	0	
14119-2	E	1/Lactate dehydrogenase 2	GeneOrProtein	22	1/Lactate dehydrogenase 2	l-Lactate dehydrogenase 2	1	
14119-2	E	Lactate dehydrogenase	GeneOrProtein	0	Lactate dehydrogenase	Lactate dehydrogenase	0	
14119-2	E	1/Lactate dehydrogenase 2	GeneOrProtein	22	1/Lactate dehydrogenase 2	l-Lactate dehydrogenase 2	1	
14119-2	E	Lactate dehydrogenase	GeneOrProtein	0	Lactate dehydrogenase	Lactate dehydrogenase	0	
14119-2	E	1/Lactate dehydrogenase 2	GeneOrProtein	22	1/Lactate dehydrogenase 2	l-Lactate dehydrogenase 2	1	
104814-9	E	Lactate dehydrogenase	GeneOrProtein	0	Lactate dehydrogenase	Lactate dehydrogenase	0	
104814-9	E	1/Lactate dehydrogenase	GeneOrProtein	22	1/Lactate dehydrogenase	l-Lactate dehydrogenase	1	
104814-9	E	Lactate dehydrogenase	GeneOrProtein	0	Lactate dehydrogenase	Lactate dehydrogenase	0	
104814-9	E	1/Lactate dehydrogenase	GeneOrProtein	22	1/Lactate dehydrogenase	l-Lactate dehydrogenase	1	
104814-9	E	Lactate dehydrogenase	GeneOrProtein	0	Lactate dehydrogenase	Lactate dehydrogenase	0	
104814-9	E	1/Lactate dehydrogenase	GeneOrProtein	22	1/Lactate dehydrogenase	l-Lactate dehydrogenase	1	
104814-9	E	Lactate dehydrogenase	GeneOrProtein	0	Lactate dehydrogenase	Lactate dehydrogenase	0	
104814-9	E	1/Lactate dehydrogenase	GeneOrProtein	22	1/Lactate dehydrogenase	l-Lactate dehydrogenase	1	
104814-9	E	Lactate dehydrogenase	GeneOrProtein	0	Lactate dehydrogenase	Lactate dehydrogenase	0	
104814-9	E	1/Lactate dehydrogenase	GeneOrProtein	22	1/Lactate dehydrogenase	l-Lactate dehydrogenase	1	
104814-9	E	Lactate dehydrogenase	GeneOrProtein	0	Lactate dehydrogenase	Lactate dehydrogenase	0	
104814-9	E	1/Lactate dehydrogenase	GeneOrProtein	22	1/Lactate dehydrogenase	l-Lactate dehydrogenase	1	
13887-5	E	Lactate dehydrogenase 2	GeneOrProtein	0	Lactate dehydrogenase 2	Lactate dehydrogenase 2	0	
13887-5	E	Lactate dehydrogenase	GeneOrProtein	24	Lactate dehydrogenase	Lactate dehydrogenase	0	
13887-5	E	Lactate dehydrogenase 2	GeneOrProtein	0	Lactate dehydrogenase 2	Lactate dehydrogenase 2	0	
13887-5	E	Lactate dehydrogenase	GeneOrProtein	24	Lactate dehydrogenase	Lactate dehydrogenase	0	
13887-5	E	Lactate dehydrogenase 2	GeneOrProtein	0	Lactate dehydrogenase 2	Lactate dehydrogenase 2	0	
13887-5	E	Lactate dehydrogenase	GeneOrProtein	24	Lactate dehydrogenase	Lactate dehydrogenase	0	
13887-5	E	Lactate dehydrogenase 2	GeneOrProtein	0	Lactate dehydrogenase 2	Lactate dehydrogenase 2	0	
13887-5	E	Lactate dehydrogenase	GeneOrProtein	24	Lactate dehydrogenase	Lactate dehydrogenase	0	
13887-5	E	Lactate dehydrogenase 2	GeneOrProtein	0	Lactate dehydrogenase 2	Lactate dehydrogenase 2	0	
13887-5	E	Lactate dehydrogenase	GeneOrProtein	24	Lactate dehydrogenase	Lactate dehydrogenase	0	
13888-3	E	Lactate dehydrogenase	GeneOrProtein	0	Lactate dehydrogenase	Lactate dehydrogenase	0	
13888-3	E	Lactate dehydrogenase	GeneOrProtein	24	Lactate dehydrogenase	Lactate dehydrogenase	0	
13888-3	E	Lactate dehydrogenase	GeneOrProtein	0	Lactate dehydrogenase	Lactate dehydrogenase	0	
13888-3	E	Lactate dehydrogenase	GeneOrProtein	24	Lactate dehydrogenase	Lactate dehydrogenase	0	
13888-3	E	Lactate dehydrogenase	GeneOrProtein	0	Lactate dehydrogenase	Lactate dehydrogenase	0	
13888-3	E	Lactate dehydrogenase	GeneOrProtein	24	Lactate dehydrogenase	Lactate dehydrogenase	0	
13888-3	E	Lactate dehydrogenase	GeneOrProtein	0	Lactate dehydrogenase	Lactate dehydrogenase	0	
13888-3	E	Lactate dehydrogenase	GeneOrProtein	24	Lactate dehydrogenase	Lactate dehydrogenase	0	
13889-1	E	Lactate dehydrogenase	GeneOrProtein	0	Lactate dehydrogenase	Lactate dehydrogenase	0	
13889-1	E	Lactate dehydrogenase	GeneOrProtein	24	Lactate dehydrogenase	Lactate dehydrogenase	0	
13889-1	E	Lactate dehydrogenase	GeneOrProtein	0	Lactate dehydrogenase	Lactate dehydrogenase	0	
13889-1	E	Lactate dehydrogenase	GeneOrProtein	24	Lactate dehydrogenase	Lactate dehydrogenase	0	
13889-1	E	Lactate dehydrogenase	GeneOrProtein	0	Lactate dehydrogenase	Lactate dehydrogenase	0	
13889-1	E	Lactate dehydrogenase	GeneOrProtein	24	Lactate dehydrogenase	Lactate dehydrogenase	0	
13889-1	E	Lactate dehydrogenase	GeneOrProtein	0	Lactate dehydrogenase	Lactate dehydrogenase	0	
13889-1	E	Lactate dehydrogenase	GeneOrProtein	24	Lactate dehydrogenase	Lactate dehydrogenase	0	
13890-9	E	Lactate dehydrogenase	GeneOrProtein	0	Lactate dehydrogenase	Lactate dehydrogenase	0	
13890-9	E	Lactate dehydrogenase	GeneOrProtein	24	Lactate dehydrogenase	Lactate dehydrogenase	0	
13890-9	E	Lactate dehydrogenase	GeneOrProtein	0	Lactate dehydrogenase	Lactate dehydrogenase	0	
13890-9	E	Lactate dehydrogenase	GeneOrProtein	24	Lactate dehydrogenase	Lactate dehydrogenase	0	
13890-9	E	Lactate dehydrogenase	GeneOrProtein	0	Lactate dehydrogenase	Lactate dehydrogenase	0	
13890-9	E	Lactate dehydrogenase	GeneOrProtein	24	Lactate dehydrogenase	Lactate dehydrogenase	0	
13890-9	E	Lactate dehydrogenase	GeneOrProtein	0	Lactate dehydrogenase	Lactate dehydrogenase	0	
13890-9	E	Lactate dehydrogenase	GeneOrProtein	24	Lactate dehydrogenase	Lactate dehydrogenase	0	
75639-5	E	Lactate dehydrogenase	GeneOrProtein	0	Lactate dehydrogenase	Lactate dehydrogenase	0	
75639-5	E	Lactate dehydrogenase	GeneOrProtein	31	Lactate dehydrogenase	Lactate dehydrogenase	0	
49279-3	E	Lactate dehydrogenase	GeneOrProtein	0	Lactate dehydrogenase	Lactate dehydrogenase	0	
100742-6	E	Lactate dehydrogenase	GeneOrProtein	0	Lactate dehydrogenase	Lactate dehydrogenase	0	
100742-6	E	Lactate dehydrogenase	GeneOrProtein	0	Lactate dehydrogenase	Lactate dehydrogenase	0	
100742-6	E	Lactate dehydrogenase	GeneOrProtein	0	Lactate dehydrogenase	Lactate dehydrogenase	0	
100742-6	E	Lactate dehydrogenase	GeneOrProtein	0	Lactate dehydrogenase	Lactate dehydrogenase	0	
100742-6	E	Lactate dehydrogenase	GeneOrProtein	0	Lactate dehydrogenase	Lactate dehydrogenase	0	
100742-6	E	Lactate dehydrogenase	GeneOrProtein	0	Lactate dehydrogenase	Lactate dehydrogenase	0	
100742-6	E	Lactate dehydrogenase	GeneOrProtein	0	Lactate dehydrogenase	Lactate dehydrogenase	0	
100742-6	E	Lactate dehydrogenase	GeneOrProtein	0	Lactate dehydrogenase	Lactate dehydrogenase	0	
100742-6	E	Lactate dehydrogenase	GeneOrProtein	0	Lactate dehydrogenase	Lactate dehydrogenase	0	
100742-6	E	Lactate dehydrogenase	GeneOrProtein	0	Lactate dehydrogenase	Lactate dehydrogenase	0	
100742-6	E	Lactate dehydrogenase	GeneOrProtein	0	Lactate dehydrogenase	Lactate dehydrogenase	0	
100742-6	E	Lactate dehydrogenase	GeneOrProtein	0	Lactate dehydrogenase	Lactate dehydrogenase	0	
100742-6	E	Lactate dehydrogenase	GeneOrProtein	0	Lactate dehydrogenase	Lactate dehydrogenase	0	
100742-6	E	Lactate dehydrogenase	GeneOrProtein	0	Lactate dehydrogenase	Lactate dehydrogenase	0	
53933-8	E	Lactate dehydrogenase	GeneOrProtein	0	Lactate dehydrogenase	Lactate dehydrogenase	0	
53933-8	E	Lactate dehydrogenase	GeneOrProtein	35	Lactate dehydrogenase	Lactate dehydrogenase	0	
53933-8	E	Lactate dehydrogenase	GeneOrProtein	0	Lactate dehydrogenase	Lactate dehydrogenase	0	
53933-8	E	Lactate dehydrogenase	GeneOrProtein	35	Lactate dehydrogenase	Lactate dehydrogenase	0	
53934-6	E	Lactate dehydrogenase	GeneOrProtein	0	Lactate dehydrogenase	Lactate dehydrogenase	0	
53934-6	E	periton	GeneOrProtein	22	periton	penton	0	
53934-6	E	Lactate dehydrogenase	GeneOrProtein	34	Lactate dehydrogenase	Lactate dehydrogenase	0	
53934-6	E	Lactate dehydrogenase	GeneOrProtein	0	Lactate dehydrogenase	Lactate dehydrogenase	0	
53934-6	E	periton	GeneOrProtein	22	periton	penton	0	
53934-6	E	Lactate dehydrogenase	GeneOrProtein	34	Lactate dehydrogenase	Lactate dehydrogenase	0	
49930-1	E	Lactate dehydrogenase	GeneOrProtein	0	Lactate dehydrogenase	Lactate dehydrogenase	0	
49930-1	E	Lactate dehydrogenase	GeneOrProtein	30	Lactate dehydrogenase	Lactate dehydrogenase	0	
49930-1	E	Lactate dehydrogenase	GeneOrProtein	0	Lactate dehydrogenase	Lactate dehydrogenase	0	
49930-1	E	Lactate dehydrogenase	GeneOrProtein	30	Lactate dehydrogenase	Lactate dehydrogenase	0	
35131-2	E	L-dopa decarboxylase	GeneOrProtein	0	L-dopa decarboxylase	L-dopa decarboxylase	0	24311
35131-2	E	L-dopa decarboxylase	GeneOrProtein	0	L-dopa decarboxylase	L-dopa decarboxylase	0	24311
35131-2	E	L-dopa decarboxylase	GeneOrProtein	0	L-dopa decarboxylase	L-dopa decarboxylase	0	24311
2555-1	E	Lecithin cholesterol acyltransferase	GeneOrProtein	0	Lecithin cholesterol acyltransferase	Lecithin cholesterol acyltransferase	0	
2555-1	E	Lecithin cholesterol acyltransferase	GeneOrProtein	0	Lecithin cholesterol acyltransferase	Lecithin cholesterol acyltransferase	0	
12726-6	E	Leucine	GeneOrProtein	0	Leucine	Leupin	1	HGNC:10570
12726-6	E	enkephalin	GeneOrProtein	8	enkephalin	enkephalin	0	
32783-3	E	Leucine	GeneOrProtein	0	Leucine	Leupin	1	HGNC:10570
32783-3	E	Leucine	GeneOrProtein	0	Leucine	Leupin	1	HGNC:10570
32783-3	E	Leucine	GeneOrProtein	0	Leucine	Leupin	1	HGNC:10570
2516-3	E	dehydrogenase	GeneOrProtein	9	dehydrogenase	dehydrogenase2	1	423612
2516-3	E	dehydrogenase	GeneOrProtein	9	dehydrogenase	dehydrogenase2	1	423612
2516-3	E	dehydrogenase	GeneOrProtein	9	dehydrogenase	dehydrogenase2	1	423612
2516-3	E	dehydrogenase	GeneOrProtein	9	dehydrogenase	dehydrogenase2	1	423612
88054-2	E	Lipopolysaccharide binding protein	GeneOrProtein	0	Lipopolysaccharide binding protein	Lipopolysaccharide binding protein	0	HGNC:6517
39804-0	E	Lipoprotein associated phospholipase A2	GeneOrProtein	0	Lipoprotein associated phospholipase A2	Lipoprotein-associated phospholipase A2	0	
39804-0	E	Lipoprotein associated phospholipase A2	GeneOrProtein	0	Lipoprotein associated phospholipase A2	Lipoprotein-associated phospholipase A2	0	
62255-5	E	insulin	GeneOrProtein	12	insulin	insulin	0	HGNC:6081
62255-5	E	insulin	GeneOrProtein	12	insulin	insulin	0	HGNC:6081
2572-6	E	Lipoprotein lipase	GeneOrProtein	0	Lipoprotein lipase	Lipoprotein lipase	0	HGNC:6677
2572-6	E	Lipoprotein lipase	GeneOrProtein	0	Lipoprotein lipase	Lipoprotein lipase	0	HGNC:6677
2572-6	E	Lipoprotein lipase	GeneOrProtein	0	Lipoprotein lipase	Lipoprotein lipase	0	HGNC:6677
14816-3	E	pre-beta	GeneOrProtein	12	pre-beta	pr-beta	1	
14816-3	E	pre-beta	GeneOrProtein	12	pre-beta	pr-beta	1	
14816-3	E	pre-beta	GeneOrProtein	12	pre-beta	pr-beta	1	
14816-3	E	pre-beta	GeneOrProtein	12	pre-beta	pr-beta	1	
43728-5	E	pre-beta	GeneOrProtein	12	pre-beta	pr-beta	1	
92721-0	E	pre-beta	GeneOrProtein	12	pre-beta	pr-beta	1	
92720-2	E	pre-beta	GeneOrProtein	12	pre-beta	pr-beta	1	
88447-8	E	fibrosis	GeneOrProtein	6	fibrosis	fibrosin	1	HGNC:20442
111579-9	E	fibrosis	GeneOrProtein	6	fibrosis	fibrosin	1	HGNC:20442
111579-9	E	fibrosis	GeneOrProtein	6	fibrosis	fibrosin	1	HGNC:20442
100843-2	E	fibrosis	GeneOrProtein	6	fibrosis	fibrosin	1	HGNC:20442
48795-9	E	fibrosis	GeneOrProtein	6	fibrosis	fibrosin	1	HGNC:20442
48795-9	E	fibrosis	GeneOrProtein	6	fibrosis	fibrosin	1	HGNC:20442
88055-9	E	fibrosis	GeneOrProtein	6	fibrosis	fibrosin	1	HGNC:20442
46754-8	E	hydroxy acyl dehydrogenase	GeneOrProtein	11	hydroxy acyl dehydrogenase	hydroxyacyl dehydrogenase	0	
46754-8	E	trifunctional protein	GeneOrProtein	42	trifunctional protein	trifunctional protein	0	
46754-8	E	hydroxy acyl dehydrogenase	GeneOrProtein	11	hydroxy acyl dehydrogenase	hydroxyacyl dehydrogenase	0	
46754-8	E	trifunctional protein	GeneOrProtein	42	trifunctional protein	trifunctional protein	0	
20419-8	E	Lutropin	GeneOrProtein	0	Lutropin	Leutropin	1	16866
20419-8	E	Lutropin	GeneOrProtein	0	Lutropin	Leutropin	1	16866
2582-5	E	Lutropin	GeneOrProtein	0	Lutropin	Leutropin	1	16866
2582-5	E	Lutropin	GeneOrProtein	0	Lutropin	Leutropin	1	16866
2582-5	E	Lutropin	GeneOrProtein	0	Lutropin	Leutropin	1	16866
2583-3	E	Lutropin.beta subunit	GeneOrProtein	0	Lutropin.beta subunit	Lutropin beta subunit	1	373843
2583-3	E	Lutropin.beta subunit	GeneOrProtein	0	Lutropin.beta subunit	Lutropin beta subunit	1	373843
2583-3	E	Lutropin.beta subunit	GeneOrProtein	0	Lutropin.beta subunit	Lutropin beta subunit	1	373843
76614-7	E	Lysosomal acid lipase	GeneOrProtein	0	Lysosomal acid lipase	Lysosomal acid lipase	0	HGNC:6617
76615-4	E	Lysosomal acid lipase	GeneOrProtein	0	Lysosomal acid lipase	Lysosomal acid lipase	0	HGNC:6617
103786-0	E	Macrophage derived chemokine	GeneOrProtein	0	Macrophage derived chemokine	Macrophage-derived chemokine	0	O00626
97053-3	E	Macrophage inflammatory protein 1	GeneOrProtein	0	Macrophage inflammatory protein 1	Macrophage inflammatory protein 1	0	100510871
97053-3	E	Macrophage inflammatory protein 1	GeneOrProtein	0	Macrophage inflammatory protein 1	Macrophage inflammatory protein 1	0	100510871
13770-3	E	Malate	GeneOrProtein	0	Malate	Malat1	1	HGNC:29665
2602-1	E	Malate dehydrogenase	GeneOrProtein	0	Malate dehydrogenase	Malate dehydrogenase	0	
30152-3	E	Mannose-binding protein	GeneOrProtein	0	Mannose-binding protein	Mannose-binding protein	0	Q98TA4
30152-3	E	Mannose-binding protein	GeneOrProtein	0	Mannose-binding protein	Mannose-binding protein	0	Q98TA4
30152-3	E	Mannose-binding protein	GeneOrProtein	0	Mannose-binding protein	Mannose-binding protein	0	Q98TA4
74102-5	E	Matrix metallopeptidase 2	GeneOrProtein	0	Matrix metallopeptidase 2	Matrix metallopeptidase 2	0	HGNC:7166
74102-5	E	Matrix metallopeptidase 2	GeneOrProtein	0	Matrix metallopeptidase 2	Matrix metallopeptidase 2	0	HGNC:7166
74102-5	E	Matrix metallopeptidase 2	GeneOrProtein	0	Matrix metallopeptidase 2	Matrix metallopeptidase 2	0	HGNC:7166
58001-9	E	Matrix metallopeptidase 9	GeneOrProtein	0	Matrix metallopeptidase 9	Matrix metallopeptidase 9	0	HGNC:7176
74891-3	E	Medium-chain Acyl CoA dehydrogenase	GeneOrProtein	0	Medium-chain Acyl CoA dehydrogenase	Medium-chain Acyl-CoA dehydrogenase	0	HGNC:89
74891-3	E	Medium-chain Acyl CoA dehydrogenase	GeneOrProtein	0	Medium-chain Acyl CoA dehydrogenase	Medium-chain Acyl-CoA dehydrogenase	0	HGNC:89
46752-2	E	acyl dehydrogenase	GeneOrProtein	13	acyl dehydrogenase	acyl dehydrogenase	0	
46752-2	E	acyl dehydrogenase	GeneOrProtein	13	acyl dehydrogenase	acyl dehydrogenase	0	
46752-2	E	acyl dehydrogenase	GeneOrProtein	13	acyl dehydrogenase	acyl dehydrogenase	0	
46752-2	E	acyl dehydrogenase	GeneOrProtein	13	acyl dehydrogenase	acyl dehydrogenase	0	
46779-5	E	short chain acyl-CoA dehydrogenase	GeneOrProtein	11	short chain acyl-CoA dehydrogenase	short-chain acyl-CoA dehydrogenase	0	
46779-5	E	short chain acyl-CoA dehydrogenase	GeneOrProtein	11	short chain acyl-CoA dehydrogenase	short-chain acyl-CoA dehydrogenase	0	
46779-5	E	short chain acyl-CoA dehydrogenase	GeneOrProtein	11	short chain acyl-CoA dehydrogenase	short-chain acyl-CoA dehydrogenase	0	
33962-2	E	Melanoma inhibitory activity protein	GeneOrProtein	0	Melanoma inhibitory activity protein	Melanoma inhibitory activity protein	0	
33962-2	E	Melanoma inhibitory activity protein	GeneOrProtein	0	Melanoma inhibitory activity protein	Melanoma inhibitory activity protein	0	
2625-2	E	Methionine adenosyltransferase	GeneOrProtein	0	Methionine adenosyltransferase	Methionine adenosyltransferase	0	
2627-8	E	Methylenetetrahydrofolate dehydrogenase	GeneOrProtein	0	Methylenetetrahydrofolate dehydrogenase	Methylenetetrahydrofolate dehydrogenase	0	9317675
2628-6	E	Methylenetetrahydrofolate dehydrogenase	GeneOrProtein	0	Methylenetetrahydrofolate dehydrogenase	Methylenetetrahydrofolate dehydrogenase	0	9317675
2631-0	E	Methylmalonyl CoA mutase	GeneOrProtein	0	Methylmalonyl CoA mutase	Methylmalonyl CoA mutase	0	
74638-8	E	band 3	GeneOrProtein	11	band 3	band3	0	84703
79565-8	E	type I	GeneOrProtein	22	type I	type Ia	1	
79578-1	E	L-lysine	GeneOrProtein	10	L-lysine	δ-lysin	1	
79578-1	E	L-lysine	GeneOrProtein	10	L-lysine	δ-lysin	1	
79578-1	E	L-lysine	GeneOrProtein	10	L-lysine	δ-lysin	1	
79578-1	E	L-lysine	GeneOrProtein	10	L-lysine	δ-lysin	1	
79578-1	E	L-lysine	GeneOrProtein	10	L-lysine	δ-lysin	1	
79578-1	E	L-lysine	GeneOrProtein	10	L-lysine	δ-lysin	1	
2643-5	E	N-acetyl-beta-glucosaminidase	GeneOrProtein	0	N-acetyl-beta-glucosaminidase	N-acetyl-beta-glucosaminidase	0	
2643-5	E	N-acetyl-beta-glucosaminidase	GeneOrProtein	0	N-acetyl-beta-glucosaminidase	N-acetyl-beta-glucosaminidase	0	
2643-5	E	N-acetyl-beta-glucosaminidase	GeneOrProtein	0	N-acetyl-beta-glucosaminidase	N-acetyl-beta-glucosaminidase	0	
21413-0	E	N-Acetylgalactosamine-4-Sulfatase	GeneOrProtein	0	N-Acetylgalactosamine-4-Sulfatase	N-Acetylgalactosamine-4-Sulfatase	0	
21413-0	E	N-Acetylgalactosamine-4-Sulfatase	GeneOrProtein	0	N-Acetylgalactosamine-4-Sulfatase	N-Acetylgalactosamine-4-Sulfatase	0	
21413-0	E	N-Acetylgalactosamine-4-Sulfatase	GeneOrProtein	0	N-Acetylgalactosamine-4-Sulfatase	N-Acetylgalactosamine-4-Sulfatase	0	
21413-0	E	N-Acetylgalactosamine-4-Sulfatase	GeneOrProtein	0	N-Acetylgalactosamine-4-Sulfatase	N-Acetylgalactosamine-4-Sulfatase	0	
21413-0	E	N-Acetylgalactosamine-4-Sulfatase	GeneOrProtein	0	N-Acetylgalactosamine-4-Sulfatase	N-Acetylgalactosamine-4-Sulfatase	0	
21413-0	E	N-Acetylgalactosamine-4-Sulfatase	GeneOrProtein	0	N-Acetylgalactosamine-4-Sulfatase	N-Acetylgalactosamine-4-Sulfatase	0	
21413-0	E	N-Acetylgalactosamine-4-Sulfatase	GeneOrProtein	0	N-Acetylgalactosamine-4-Sulfatase	N-Acetylgalactosamine-4-Sulfatase	0	
24095-2	E	N-Acetylgalactosamine-6-Sulfatase	GeneOrProtein	0	N-Acetylgalactosamine-6-Sulfatase	N-Acetylgalactosamine-6-Sulfatase	0	
24095-2	E	N-Acetylgalactosamine-6-Sulfatase	GeneOrProtein	0	N-Acetylgalactosamine-6-Sulfatase	N-Acetylgalactosamine-6-Sulfatase	0	
24095-2	E	N-Acetylgalactosamine-6-Sulfatase	GeneOrProtein	0	N-Acetylgalactosamine-6-Sulfatase	N-Acetylgalactosamine-6-Sulfatase	0	
24095-2	E	N-Acetylgalactosamine-6-Sulfatase	GeneOrProtein	0	N-Acetylgalactosamine-6-Sulfatase	N-Acetylgalactosamine-6-Sulfatase	0	
24095-2	E	N-Acetylgalactosamine-6-Sulfatase	GeneOrProtein	0	N-Acetylgalactosamine-6-Sulfatase	N-Acetylgalactosamine-6-Sulfatase	0	
24095-2	E	N-Acetylgalactosamine-6-Sulfatase	GeneOrProtein	0	N-Acetylgalactosamine-6-Sulfatase	N-Acetylgalactosamine-6-Sulfatase	0	
24095-2	E	N-Acetylgalactosamine-6-Sulfatase	GeneOrProtein	0	N-Acetylgalactosamine-6-Sulfatase	N-Acetylgalactosamine-6-Sulfatase	0	
24097-8	E	N-Acetylglucosamine-6-Sulfatase	GeneOrProtein	0	N-Acetylglucosamine-6-Sulfatase	N-Acetylglucosamine-6-Sulfatase	0	HGNC:4422
24097-8	E	N-Acetylglucosamine-6-Sulfatase	GeneOrProtein	0	N-Acetylglucosamine-6-Sulfatase	N-Acetylglucosamine-6-Sulfatase	0	HGNC:4422
24097-8	E	N-Acetylglucosamine-6-Sulfatase	GeneOrProtein	0	N-Acetylglucosamine-6-Sulfatase	N-Acetylglucosamine-6-Sulfatase	0	HGNC:4422
24097-8	E	N-Acetylglucosamine-6-Sulfatase	GeneOrProtein	0	N-Acetylglucosamine-6-Sulfatase	N-Acetylglucosamine-6-Sulfatase	0	HGNC:4422
13779-4	E	aspartate	GeneOrProtein	11	aspartate	aspartase	1	3798335
13779-4	E	aspartate	GeneOrProtein	11	aspartate	aspartase	1	3798335
35497-7	E	NADH cytochrome C reductase	GeneOrProtein	0	NADH cytochrome C reductase	NADH-cytochrome reductase	1	
79395-0	E	NADH:ubiquinone reductase	GeneOrProtein	0	NADH:ubiquinone reductase	NADH:ubiquinone reductase	0	
79395-0	E	NADH:ubiquinone reductase	GeneOrProtein	0	NADH:ubiquinone reductase	NADH:ubiquinone reductase	0	
79395-0	E	NADH:ubiquinone reductase	GeneOrProtein	0	NADH:ubiquinone reductase	NADH:ubiquinone reductase	0	
79395-0	E	NADH:ubiquinone reductase	GeneOrProtein	0	NADH:ubiquinone reductase	NADH:ubiquinone reductase	0	
79395-0	E	NADH:ubiquinone reductase	GeneOrProtein	0	NADH:ubiquinone reductase	NADH:ubiquinone reductase	0	
79395-0	E	NADH:ubiquinone reductase	GeneOrProtein	0	NADH:ubiquinone reductase	NADH:ubiquinone reductase	0	
79395-0	E	NADH:ubiquinone reductase	GeneOrProtein	0	NADH:ubiquinone reductase	NADH:ubiquinone reductase	0	
79395-0	E	NADH:ubiquinone reductase	GeneOrProtein	0	NADH:ubiquinone reductase	NADH:ubiquinone reductase	0	
79395-0	E	NADH:ubiquinone reductase	GeneOrProtein	0	NADH:ubiquinone reductase	NADH:ubiquinone reductase	0	
79395-0	E	NADH:ubiquinone reductase	GeneOrProtein	0	NADH:ubiquinone reductase	NADH:ubiquinone reductase	0	
79395-0	E	NADH:ubiquinone reductase	GeneOrProtein	0	NADH:ubiquinone reductase	NADH:ubiquinone reductase	0	
106735-4	E	Natriuretic peptide	GeneOrProtein	0	Natriuretic peptide	Natriuretic peptide	0	105922672
106735-4	E	Natriuretic peptide	GeneOrProtein	0	Natriuretic peptide	Natriuretic peptide	0	105922672
106735-4	E	Natriuretic peptide	GeneOrProtein	0	Natriuretic peptide	Natriuretic peptide	0	105922672
106735-4	E	Natriuretic peptide	GeneOrProtein	0	Natriuretic peptide	Natriuretic peptide	0	105922672
106735-4	E	Natriuretic peptide	GeneOrProtein	0	Natriuretic peptide	Natriuretic peptide	0	105922672
106735-4	E	Natriuretic peptide	GeneOrProtein	0	Natriuretic peptide	Natriuretic peptide	0	105922672
106735-4	E	Natriuretic peptide	GeneOrProtein	0	Natriuretic peptide	Natriuretic peptide	0	105922672
106735-4	E	Natriuretic peptide	GeneOrProtein	0	Natriuretic peptide	Natriuretic peptide	0	105922672
106735-4	E	Natriuretic peptide	GeneOrProtein	0	Natriuretic peptide	Natriuretic peptide	0	105922672
111554-2	E	Nectin-4	GeneOrProtein	0	Nectin-4	Nectin-4	0	HGNC:19688
48803-1	E	Neural	GeneOrProtein	0	Neural	Neurla	1	561943
48803-1	E	Neural	GeneOrProtein	0	Neural	Neurla	1	561943
48803-1	E	Neural	GeneOrProtein	0	Neural	Neurla	1	561943
48803-1	E	Neural	GeneOrProtein	0	Neural	Neurla	1	561943
48803-1	E	Neural	GeneOrProtein	0	Neural	Neurla	1	561943
48803-1	E	Neural	GeneOrProtein	0	Neural	Neurla	1	561943
48803-1	E	Neural	GeneOrProtein	0	Neural	Neurla	1	561943
78969-3	E	Neurofilament heavy chain	GeneOrProtein	0	Neurofilament heavy chain	Neurofilament heavy chain	0	
100996-8	E	Neurofilament light	GeneOrProtein	0	Neurofilament light	Neurofilament light	0	HGNC:7739
100996-8	E	Neurofilament light	GeneOrProtein	0	Neurofilament light	Neurofilament light	0	HGNC:7739
100996-8	E	Neurofilament light	GeneOrProtein	0	Neurofilament light	Neurofilament light	0	HGNC:7739
100996-8	E	Neurofilament light	GeneOrProtein	0	Neurofilament light	Neurofilament light	0	HGNC:7739
78965-1	E	Neurofilament medium chain	GeneOrProtein	0	Neurofilament medium chain	Neurofilament medium chain	0	
49866-7	E	Neuropeptide Y	GeneOrProtein	0	Neuropeptide Y	Neuropeptide Y	0	HGNC:7955
2654-2	E	Neurophysin	GeneOrProtein	0	Neurophysin	Neurophysin	0	396995
2661-7	E	nonprotein	GeneOrProtein	9	nonprotein	iio protein	1	32100
2661-7	E	nonprotein	GeneOrProtein	9	nonprotein	iio protein	1	32100
35580-0	E	methyl	GeneOrProtein	2	methyl	methel	1	19893570
91670-0	E	Orexin-A	GeneOrProtein	0	Orexin-A	Orexin-A	0	P56717
2682-3	E	Ornithine carbamoyltransferase	GeneOrProtein	0	Ornithine carbamoyltransferase	Ornithine carbamoyltransferase	0	HGNC:8512
2682-3	E	Ornithine carbamoyltransferase	GeneOrProtein	0	Ornithine carbamoyltransferase	Ornithine carbamoyltransferase	0	HGNC:8512
2687-2	E	Orotate phosphoribosyltransferase	GeneOrProtein	0	Orotate phosphoribosyltransferase	Orotate phosphoribosyltransferase	0	
2687-2	E	Orotate phosphoribosyltransferase	GeneOrProtein	0	Orotate phosphoribosyltransferase	Orotate phosphoribosyltransferase	0	
2687-2	E	Orotate phosphoribosyltransferase	GeneOrProtein	0	Orotate phosphoribosyltransferase	Orotate phosphoribosyltransferase	0	
2688-0	E	Orotidine-5-Phosphate decarboxylase	GeneOrProtein	0	Orotidine-5-Phosphate decarboxylase	Orotidine-5-Phosphate decarboxylase	0	
2688-0	E	Orotidine-5-Phosphate decarboxylase	GeneOrProtein	0	Orotidine-5-Phosphate decarboxylase	Orotidine-5-Phosphate decarboxylase	0	
2688-0	E	Orotidine-5-Phosphate decarboxylase	GeneOrProtein	0	Orotidine-5-Phosphate decarboxylase	Orotidine-5-Phosphate decarboxylase	0	
21435-3	E	Osteocalcin	GeneOrProtein	0	Osteocalcin	Osteocalcin	0	HGNC:1043
102109-6	E	Oxalate	GeneOrProtein	0	Oxalate	Oxa1at	1	836325
102109-6	E	Glyoxylate &	GeneOrProtein	22	Glyoxylate &	Glyoxylate 1	1	
102109-6	E	Oxalate	GeneOrProtein	0	Oxalate	Oxa1at	1	836325
102109-6	E	Glyoxylate &	GeneOrProtein	22	Glyoxylate &	Glyoxylate 1	1	
102107-0	E	Oxalate	GeneOrProtein	0	Oxalate	Oxa1at	1	836325
102107-0	E	Glyoxylate &	GeneOrProtein	22	Glyoxylate &	Glyoxylate 1	1	
102107-0	E	Oxalate	GeneOrProtein	0	Oxalate	Oxa1at	1	836325
102107-0	E	Glyoxylate &	GeneOrProtein	22	Glyoxylate &	Glyoxylate 1	1	
102107-0	E	Oxalate	GeneOrProtein	0	Oxalate	Oxa1at	1	836325
102107-0	E	Glyoxylate &	GeneOrProtein	22	Glyoxylate &	Glyoxylate 1	1	
102107-0	E	Oxalate	GeneOrProtein	0	Oxalate	Oxa1at	1	836325
102107-0	E	Glyoxylate &	GeneOrProtein	22	Glyoxylate &	Glyoxylate 1	1	
102107-0	E	Oxalate	GeneOrProtein	0	Oxalate	Oxa1at	1	836325
102107-0	E	Glyoxylate &	GeneOrProtein	22	Glyoxylate &	Glyoxylate 1	1	
2707-8	E	Oxygen	GeneOrProtein	0	Oxygen	Oxy gene	1	18429
59275-8	E	Oxygen	GeneOrProtein	0	Oxygen	Oxy gene	1	18429
59275-8	E	Oxygen	GeneOrProtein	0	Oxygen	Oxy gene	1	18429
10226-9	E	Oxygen	GeneOrProtein	0	Oxygen	Oxy gene	1	18429
10226-9	E	Oxygen	GeneOrProtein	0	Oxygen	Oxy gene	1	18429
10226-9	E	Oxygen	GeneOrProtein	0	Oxygen	Oxy gene	1	18429
10226-9	E	Oxygen	GeneOrProtein	0	Oxygen	Oxy gene	1	18429
10226-9	E	Oxygen	GeneOrProtein	0	Oxygen	Oxy gene	1	18429
10226-9	E	Oxygen	GeneOrProtein	0	Oxygen	Oxy gene	1	18429
10226-9	E	Oxygen	GeneOrProtein	0	Oxygen	Oxy gene	1	18429
10232-7	E	Oxygen	GeneOrProtein	0	Oxygen	Oxy gene	1	18429
10232-7	E	Oxygen	GeneOrProtein	0	Oxygen	Oxy gene	1	18429
10232-7	E	Oxygen	GeneOrProtein	0	Oxygen	Oxy gene	1	18429
10233-5	E	Oxygen	GeneOrProtein	0	Oxygen	Oxy gene	1	18429
10233-5	E	Oxygen	GeneOrProtein	0	Oxygen	Oxy gene	1	18429
10234-3	E	Oxygen	GeneOrProtein	0	Oxygen	Oxy gene	1	18429
10235-0	E	Oxygen	GeneOrProtein	0	Oxygen	Oxy gene	1	18429
10236-8	E	Oxygen	GeneOrProtein	0	Oxygen	Oxy gene	1	18429
10237-6	E	Oxygen	GeneOrProtein	0	Oxygen	Oxy gene	1	18429
10239-2	E	Oxygen	GeneOrProtein	0	Oxygen	Oxy gene	1	18429
10241-8	E	Oxygen	GeneOrProtein	0	Oxygen	Oxy gene	1	18429
10242-6	E	Oxygen	GeneOrProtein	0	Oxygen	Oxy gene	1	18429
10243-4	E	Oxygen	GeneOrProtein	0	Oxygen	Oxy gene	1	18429
10243-4	E	Oxygen	GeneOrProtein	0	Oxygen	Oxy gene	1	18429
10243-4	E	Oxygen	GeneOrProtein	0	Oxygen	Oxy gene	1	18429
10243-4	E	Oxygen	GeneOrProtein	0	Oxygen	Oxy gene	1	18429
10244-2	E	Oxygen	GeneOrProtein	0	Oxygen	Oxy gene	1	18429
10244-2	E	Oxygen	GeneOrProtein	0	Oxygen	Oxy gene	1	18429
10245-9	E	Oxygen	GeneOrProtein	0	Oxygen	Oxy gene	1	18429
10246-7	E	Oxygen	GeneOrProtein	0	Oxygen	Oxy gene	1	18429
10247-5	E	Oxygen	GeneOrProtein	0	Oxygen	Oxy gene	1	18429
10248-3	E	Oxygen	GeneOrProtein	0	Oxygen	Oxy gene	1	18429
102122-9	E	Oxygen	GeneOrProtein	0	Oxygen	Oxy gene	1	18429
102122-9	E	Oxygen	GeneOrProtein	0	Oxygen	Oxy gene	1	18429
102122-9	E	Oxygen	GeneOrProtein	0	Oxygen	Oxy gene	1	18429
102122-9	E	Oxygen	GeneOrProtein	0	Oxygen	Oxy gene	1	18429
102122-9	E	Oxygen	GeneOrProtein	0	Oxygen	Oxy gene	1	18429
102122-9	E	Oxygen	GeneOrProtein	0	Oxygen	Oxy gene	1	18429
102122-9	E	Oxygen	GeneOrProtein	0	Oxygen	Oxy gene	1	18429
102122-9	E	Oxygen	GeneOrProtein	0	Oxygen	Oxy gene	1	18429
102123-7	E	Oxygen	GeneOrProtein	0	Oxygen	Oxy gene	1	18429
102123-7	E	Oxygen	GeneOrProtein	0	Oxygen	Oxy gene	1	18429
2713-6	E	Oxygen	GeneOrProtein	0	Oxygen	Oxy gene	1	18429
2713-6	E	Oxygen	GeneOrProtein	0	Oxygen	Oxy gene	1	18429
19214-6	E	Oxygen	GeneOrProtein	0	Oxygen	Oxy gene	1	18429
19214-6	E	Oxygen	GeneOrProtein	0	Oxygen	Oxy gene	1	18429
2712-8	E	Oxygen	GeneOrProtein	0	Oxygen	Oxy gene	1	18429
2712-8	E	Oxygen	GeneOrProtein	0	Oxygen	Oxy gene	1	18429
14168-9	E	Palatinase	GeneOrProtein	0	Palatinase	Palatinase	0	
14168-9	E	Palatinase	GeneOrProtein	0	Palatinase	Palatinase	0	
14168-9	E	Palatinase	GeneOrProtein	0	Palatinase	Palatinase	0	
14168-9	E	Palatinase	GeneOrProtein	0	Palatinase	Palatinase	0	
14168-9	E	Palatinase	GeneOrProtein	0	Palatinase	Palatinase	0	
14168-9	E	Palatinase	GeneOrProtein	0	Palatinase	Palatinase	0	
2720-1	E	choline	GeneOrProtein	22	choline	choline7	1	
2720-1	E	choline	GeneOrProtein	22	choline	choline7	1	
2720-1	E	choline	GeneOrProtein	22	choline	choline7	1	
2721-9	E	Pancreatic polypeptide	GeneOrProtein	0	Pancreatic polypeptide	Pancreatic polypeptide	0	HGNC:9327
96411-4	E	Pancreatic polypeptide	GeneOrProtein	0	Pancreatic polypeptide	Pancreatic polypeptide	0	HGNC:9327
96410-6	E	Pancreatic polypeptide	GeneOrProtein	0	Pancreatic polypeptide	Pancreatic polypeptide	0	HGNC:9327
96409-8	E	Pancreatic polypeptide	GeneOrProtein	0	Pancreatic polypeptide	Pancreatic polypeptide	0	HGNC:9327
96408-0	E	Pancreatic polypeptide	GeneOrProtein	0	Pancreatic polypeptide	Pancreatic polypeptide	0	HGNC:9327
96407-2	E	Pancreatic polypeptide	GeneOrProtein	0	Pancreatic polypeptide	Pancreatic polypeptide	0	HGNC:9327
96412-2	E	Pancreatic polypeptide	GeneOrProtein	0	Pancreatic polypeptide	Pancreatic polypeptide	0	HGNC:9327
88888-3	E	Pancreatic stone protein	GeneOrProtein	0	Pancreatic stone protein	Pancreatic stone protein	0	HGNC:9951
88888-3	E	Pancreatic stone protein	GeneOrProtein	0	Pancreatic stone protein	Pancreatic stone protein	0	HGNC:9951
72492-2	E	Paraoxonase	GeneOrProtein	0	Paraoxonase	Paraoxonase	0	
72492-2	E	arylesterase 1	GeneOrProtein	12	arylesterase 1	arylesterase 1	0	HGNC:9204
72492-2	E	Paraoxonase	GeneOrProtein	0	Paraoxonase	Paraoxonase	0	
72492-2	E	arylesterase 1	GeneOrProtein	12	arylesterase 1	arylesterase 1	0	HGNC:9204
72492-2	E	Paraoxonase	GeneOrProtein	0	Paraoxonase	Paraoxonase	0	
72492-2	E	arylesterase 1	GeneOrProtein	12	arylesterase 1	arylesterase 1	0	HGNC:9204
72492-2	E	Paraoxonase	GeneOrProtein	0	Paraoxonase	Paraoxonase	0	
72492-2	E	arylesterase 1	GeneOrProtein	12	arylesterase 1	arylesterase 1	0	HGNC:9204
72492-2	E	Paraoxonase	GeneOrProtein	0	Paraoxonase	Paraoxonase	0	
72492-2	E	arylesterase 1	GeneOrProtein	12	arylesterase 1	arylesterase 1	0	HGNC:9204
32045-7	E	Parathyrin	GeneOrProtein	0	Parathyrin	Parathyrin	0	HGNC:9606
32045-7	E	Parathyrin	GeneOrProtein	0	Parathyrin	Parathyrin	0	HGNC:9606
15088-8	E	Parathyrin	GeneOrProtein	0	Parathyrin	Parathyrin	0	HGNC:9606
15088-8	E	C-terminal	GeneOrProtein	11	C-terminal	C-terminal2	1	
15088-8	E	Parathyrin	GeneOrProtein	0	Parathyrin	Parathyrin	0	HGNC:9606
15088-8	E	C-terminal	GeneOrProtein	11	C-terminal	C-terminal2	1	
70664-8	E	Parathyrin	GeneOrProtein	0	Parathyrin	Parathyrin	0	HGNC:9606
2733-4	E	Parathyrin	GeneOrProtein	0	Parathyrin	Parathyrin	0	HGNC:9606
15087-0	E	Parathyrin	GeneOrProtein	0	Parathyrin	Parathyrin	0	HGNC:9606
15087-0	E	Parathyrin	GeneOrProtein	0	Parathyrin	Parathyrin	0	HGNC:9606
15087-0	E	Parathyrin	GeneOrProtein	0	Parathyrin	Parathyrin	0	HGNC:9606
15087-0	E	Parathyrin	GeneOrProtein	0	Parathyrin	Parathyrin	0	HGNC:9606
15087-0	E	Parathyrin	GeneOrProtein	0	Parathyrin	Parathyrin	0	HGNC:9606
15087-0	E	Parathyrin	GeneOrProtein	0	Parathyrin	Parathyrin	0	HGNC:9606
80828-7	E	Pepsin A	GeneOrProtein	0	Pepsin A	Pepsin A	0	
80828-7	E	Pepsinogen A	GeneOrProtein	9	Pepsinogen A	Pepsinogen A	0	
104248-0	E	Pepsinogen	GeneOrProtein	0	Pepsinogen	Pepsinogen	0	
104248-0	E	Pepsinogen	GeneOrProtein	13	Pepsinogen	Pepsinogen	0	
104248-0	E	Pepsinogen	GeneOrProtein	0	Pepsinogen	Pepsinogen	0	
104248-0	E	Pepsinogen	GeneOrProtein	13	Pepsinogen	Pepsinogen	0	
104248-0	E	Pepsinogen	GeneOrProtein	0	Pepsinogen	Pepsinogen	0	
104248-0	E	Pepsinogen	GeneOrProtein	13	Pepsinogen	Pepsinogen	0	
104248-0	E	Pepsinogen	GeneOrProtein	0	Pepsinogen	Pepsinogen	0	
104248-0	E	Pepsinogen	GeneOrProtein	13	Pepsinogen	Pepsinogen	0	
104248-0	E	Pepsinogen	GeneOrProtein	0	Pepsinogen	Pepsinogen	0	
104248-0	E	Pepsinogen	GeneOrProtein	13	Pepsinogen	Pepsinogen	0	
104248-0	E	Pepsinogen	GeneOrProtein	0	Pepsinogen	Pepsinogen	0	
104248-0	E	Pepsinogen	GeneOrProtein	13	Pepsinogen	Pepsinogen	0	
14169-7	E	histidine	GeneOrProtein	8	histidine	histidine6	1	
35128-8	E	Perforin	GeneOrProtein	0	Perforin	Perforin	0	HGNC:9360
35128-8	E	Perforin	GeneOrProtein	0	Perforin	Perforin	0	HGNC:9360
98958-2	E	Periostin	GeneOrProtein	0	Periostin	Periostin	0	HGNC:16953
98958-2	E	Periostin	GeneOrProtein	0	Periostin	Periostin	0	HGNC:16953
98958-2	E	Periostin	GeneOrProtein	0	Periostin	Periostin	0	HGNC:16953
103842-1	E	Phosphodiesterase 10A	GeneOrProtein	0	Phosphodiesterase 10A	Phosphodiesterase 10A	0	HGNC:8772
2788-8	E	Phosphoenolpyruvate carboxykinase	GeneOrProtein	0	Phosphoenolpyruvate carboxykinase	Phosphoenolpyruvate carboxykinase	0	
2788-8	E	Phosphoenolpyruvate carboxykinase	GeneOrProtein	0	Phosphoenolpyruvate carboxykinase	Phosphoenolpyruvate carboxykinase	0	
2788-8	E	Phosphoenolpyruvate carboxykinase	GeneOrProtein	0	Phosphoenolpyruvate carboxykinase	Phosphoenolpyruvate carboxykinase	0	
11058-5	E	Phosphofructokinase	GeneOrProtein	0	Phosphofructokinase	Phosphofructokinase	0	
11058-5	E	Phosphofructokinase	GeneOrProtein	0	Phosphofructokinase	Phosphofructokinase	0	
11058-5	E	Phosphofructokinase	GeneOrProtein	0	Phosphofructokinase	Phosphofructokinase	0	
2793-8	E	Phosphofructokinase	GeneOrProtein	0	Phosphofructokinase	Phosphofructokinase	0	
2793-8	E	F subunit	GeneOrProtein	20	F subunit	F subunit	0	36731
2793-8	E	Phosphofructokinase	GeneOrProtein	30	Phosphofructokinase	Phosphofructokinase	0	
2793-8	E	Phosphofructokinase	GeneOrProtein	0	Phosphofructokinase	Phosphofructokinase	0	
2793-8	E	F subunit	GeneOrProtein	20	F subunit	F subunit	0	36731
2793-8	E	Phosphofructokinase	GeneOrProtein	30	Phosphofructokinase	Phosphofructokinase	0	
2793-8	E	Phosphofructokinase	GeneOrProtein	0	Phosphofructokinase	Phosphofructokinase	0	
2793-8	E	F subunit	GeneOrProtein	20	F subunit	F subunit	0	36731
2793-8	E	Phosphofructokinase	GeneOrProtein	30	Phosphofructokinase	Phosphofructokinase	0	
2795-3	E	Phosphofructokinase	GeneOrProtein	0	Phosphofructokinase	Phosphofructokinase	0	
2795-3	E	Phosphofructokinase	GeneOrProtein	30	Phosphofructokinase	Phosphofructokinase	0	
2795-3	E	Phosphofructokinase	GeneOrProtein	0	Phosphofructokinase	Phosphofructokinase	0	
2795-3	E	Phosphofructokinase	GeneOrProtein	30	Phosphofructokinase	Phosphofructokinase	0	
2795-3	E	Phosphofructokinase	GeneOrProtein	0	Phosphofructokinase	Phosphofructokinase	0	
2795-3	E	Phosphofructokinase	GeneOrProtein	30	Phosphofructokinase	Phosphofructokinase	0	
2796-1	E	Phosphofructokinase	GeneOrProtein	0	Phosphofructokinase	Phosphofructokinase	0	
2796-1	E	Phosphofructokinase	GeneOrProtein	30	Phosphofructokinase	Phosphofructokinase	0	
2796-1	E	Phosphofructokinase	GeneOrProtein	0	Phosphofructokinase	Phosphofructokinase	0	
2796-1	E	Phosphofructokinase	GeneOrProtein	30	Phosphofructokinase	Phosphofructokinase	0	
2796-1	E	Phosphofructokinase	GeneOrProtein	0	Phosphofructokinase	Phosphofructokinase	0	
2796-1	E	Phosphofructokinase	GeneOrProtein	30	Phosphofructokinase	Phosphofructokinase	0	
100988-5	E	Phosphoglucomutase	GeneOrProtein	0	Phosphoglucomutase	Phosphoglucomutase	0	
100988-5	E	Phosphoglucomutase	GeneOrProtein	0	Phosphoglucomutase	Phosphoglucomutase	0	
100988-5	E	Phosphoglucomutase	GeneOrProtein	0	Phosphoglucomutase	Phosphoglucomutase	0	
100988-5	E	Phosphoglucomutase	GeneOrProtein	0	Phosphoglucomutase	Phosphoglucomutase	0	
11059-3	E	Phosphoglycerate kinase	GeneOrProtein	0	Phosphoglycerate kinase	Phosphoglycerate kinase	0	
2799-5	E	Phosphoglyceromutase	GeneOrProtein	0	Phosphoglyceromutase	Phosphoglyceromutase	0	
2799-5	E	Phosphoglyceromutase	GeneOrProtein	0	Phosphoglyceromutase	Phosphoglyceromutase	0	
76026-4	E	Phosphomannomutase 2	GeneOrProtein	0	Phosphomannomutase 2	Phosphomannomutase 2	0	HGNC:9115
47866-9	E	Phosphoribosylpyrophosphate synthetase	GeneOrProtein	0	Phosphoribosylpyrophosphate synthetase	Phosphoribosylpyrophosphate synthetase	0	
104883-4	E	Phosphorus	GeneOrProtein	0	Phosphorus	Phosphorus3	1	
104883-4	E	Phosphorus	GeneOrProtein	39	Phosphorus	Phosphorus3	1	
104883-4	E	Phosphorus	GeneOrProtein	0	Phosphorus	Phosphorus3	1	
104883-4	E	Phosphorus	GeneOrProtein	39	Phosphorus	Phosphorus3	1	
104883-4	E	Phosphorus	GeneOrProtein	0	Phosphorus	Phosphorus3	1	
104883-4	E	Phosphorus	GeneOrProtein	39	Phosphorus	Phosphorus3	1	
34522-3	E	Phosphorylase kinase	GeneOrProtein	0	Phosphorylase kinase	Phosphorylase kinase	0	
34522-3	E	Phosphorylase kinase	GeneOrProtein	0	Phosphorylase kinase	Phosphorylase kinase	0	
80982-2	E	Phytanoyl CoA hydroxlase	GeneOrProtein	0	Phytanoyl CoA hydroxlase	Phytanoyl-CoA hydroxylase	1	
14170-5	E	Pituitary glycoprotein hormone.alpha subunit	GeneOrProtein	0	Pituitary glycoprotein hormone.alpha subunit	Pituitary glycoprotein hormone alpha subunit	1	
14170-5	E	Pituitary glycoprotein hormone.alpha subunit	GeneOrProtein	0	Pituitary glycoprotein hormone.alpha subunit	Pituitary glycoprotein hormone alpha subunit	1	
14170-5	E	Pituitary glycoprotein hormone.alpha subunit	GeneOrProtein	0	Pituitary glycoprotein hormone.alpha subunit	Pituitary glycoprotein hormone alpha subunit	1	
114472-4	E	Placental growth factor	GeneOrProtein	0	Placental growth factor	Placental growth factor	0	HGNC:8893
112786-9	E	aggregation	GeneOrProtein	9	aggregation	aggregatin	1	
98238-9	E	Platelet-derived growth factor B	GeneOrProtein	0	Platelet-derived growth factor B	Platelet-derived growth factor B	0	540106
112787-7	E	Platelet factor 4	GeneOrProtein	0	Platelet factor 4	Platelet factor 4	0	HGNC:8861
112787-7	E	heparin	GeneOrProtein	18	heparin	separin	1	HGNC:16856
112787-7	E	Platelet factor 4	GeneOrProtein	0	Platelet factor 4	Platelet factor 4	0	HGNC:8861
112787-7	E	heparin	GeneOrProtein	18	heparin	separin	1	HGNC:16856
112787-7	E	Platelet factor 4	GeneOrProtein	0	Platelet factor 4	Platelet factor 4	0	HGNC:8861
112787-7	E	heparin	GeneOrProtein	18	heparin	separin	1	HGNC:16856
112787-7	E	Platelet factor 4	GeneOrProtein	0	Platelet factor 4	Platelet factor 4	0	HGNC:8861
112787-7	E	heparin	GeneOrProtein	18	heparin	separin	1	HGNC:16856
112787-7	E	Platelet factor 4	GeneOrProtein	0	Platelet factor 4	Platelet factor 4	0	HGNC:8861
112787-7	E	heparin	GeneOrProtein	18	heparin	separin	1	HGNC:16856
112787-7	E	Platelet factor 4	GeneOrProtein	0	Platelet factor 4	Platelet factor 4	0	HGNC:8861
112787-7	E	heparin	GeneOrProtein	18	heparin	separin	1	HGNC:16856
112787-7	E	Platelet factor 4	GeneOrProtein	0	Platelet factor 4	Platelet factor 4	0	HGNC:8861
112787-7	E	heparin	GeneOrProtein	18	heparin	separin	1	HGNC:16856
112787-7	E	Platelet factor 4	GeneOrProtein	0	Platelet factor 4	Platelet factor 4	0	HGNC:8861
112787-7	E	heparin	GeneOrProtein	18	heparin	separin	1	HGNC:16856
112787-7	E	Platelet factor 4	GeneOrProtein	0	Platelet factor 4	Platelet factor 4	0	HGNC:8861
112787-7	E	heparin	GeneOrProtein	18	heparin	separin	1	HGNC:16856
112787-7	E	Platelet factor 4	GeneOrProtein	0	Platelet factor 4	Platelet factor 4	0	HGNC:8861
112787-7	E	heparin	GeneOrProtein	18	heparin	separin	1	HGNC:16856
112787-7	E	Platelet factor 4	GeneOrProtein	0	Platelet factor 4	Platelet factor 4	0	HGNC:8861
112787-7	E	heparin	GeneOrProtein	18	heparin	separin	1	HGNC:16856
112787-7	E	Platelet factor 4	GeneOrProtein	0	Platelet factor 4	Platelet factor 4	0	HGNC:8861
112787-7	E	heparin	GeneOrProtein	18	heparin	separin	1	HGNC:16856
12810-8	E	Porphobilinogen deaminase	GeneOrProtein	0	Porphobilinogen deaminase	Porphobilinogen deaminase	0	
12810-8	E	Porphobilinogen deaminase	GeneOrProtein	0	Porphobilinogen deaminase	Porphobilinogen deaminase	0	
12810-8	E	Porphobilinogen deaminase	GeneOrProtein	0	Porphobilinogen deaminase	Porphobilinogen deaminase	0	
12810-8	E	Porphobilinogen deaminase	GeneOrProtein	0	Porphobilinogen deaminase	Porphobilinogen deaminase	0	
12810-8	E	Porphobilinogen deaminase	GeneOrProtein	0	Porphobilinogen deaminase	Porphobilinogen deaminase	0	
12916-3	E	Porphobilinogen synthase	GeneOrProtein	0	Porphobilinogen synthase	Porphobilinogen synthase	0	HGNC:395
12916-3	E	Porphobilinogen synthase	GeneOrProtein	0	Porphobilinogen synthase	Porphobilinogen synthase	0	HGNC:395
32046-5	E	Pregnancy associated plasma protein A	GeneOrProtein	0	Pregnancy associated plasma protein A	Pregnancy associated plasma protein A	0	397219
32046-5	E	Pregnancy associated plasma protein A	GeneOrProtein	0	Pregnancy associated plasma protein A	Pregnancy associated plasma protein A	0	397219
32046-5	E	Pregnancy associated plasma protein A	GeneOrProtein	0	Pregnancy associated plasma protein A	Pregnancy associated plasma protein A	0	397219
32046-5	E	Pregnancy associated plasma protein A	GeneOrProtein	0	Pregnancy associated plasma protein A	Pregnancy associated plasma protein A	0	397219
45273-0	E	Pregnancy associated plasma protein A	GeneOrProtein	0	Pregnancy associated plasma protein A	Pregnancy associated plasma protein A	0	397219
2831-6	E	Pregnancy specific protein 1	GeneOrProtein	0	Pregnancy specific protein 1	Pregnancy-specific protein b	1	Q29432
101662-5	E	Prion protein	GeneOrProtein	0	Prion protein	Prion protein	0	HGNC:9449
101662-5	E	Prion protein	GeneOrProtein	0	Prion protein	Prion protein	0	HGNC:9449
101662-5	E	Prion protein	GeneOrProtein	0	Prion protein	Prion protein	0	HGNC:9449
101662-5	E	Prion protein	GeneOrProtein	0	Prion protein	Prion protein	0	HGNC:9449
101662-5	E	Prion protein	GeneOrProtein	0	Prion protein	Prion protein	0	HGNC:9449
10337-4	E	Procollagen	GeneOrProtein	0	Procollagen	Procollagen	0	
10337-4	E	type I	GeneOrProtein	12	type I	type Ia	1	
25733-7	E	Procollagen	GeneOrProtein	0	Procollagen	Procollagen	0	
57756-9	E	Procollagen	GeneOrProtein	0	Procollagen	Procollagen	0	
57756-9	E	Procollagen	GeneOrProtein	0	Procollagen	Procollagen	0	
57756-9	E	Procollagen	GeneOrProtein	0	Procollagen	Procollagen	0	
57756-9	E	Procollagen	GeneOrProtein	0	Procollagen	Procollagen	0	
47255-5	E	Procollagen	GeneOrProtein	0	Procollagen	Procollagen	0	
47255-5	E	type I	GeneOrProtein	12	type I	type Ia	1	
47255-5	E	Procollagen	GeneOrProtein	0	Procollagen	Procollagen	0	
47255-5	E	type I	GeneOrProtein	12	type I	type Ia	1	
48497-2	E	hepcidin	GeneOrProtein	4	hepcidin	hepcidin	0	
78985-9	E	Prolactin	GeneOrProtein	0	Prolactin	Prolactin	0	HGNC:9445
42607-2	E	Prolactin	GeneOrProtein	0	Prolactin	Prolactin	0	HGNC:9445
42607-2	E	Prolactin	GeneOrProtein	0	Prolactin	Prolactin	0	HGNC:9445
42607-2	E	Prolactin	GeneOrProtein	0	Prolactin	Prolactin	0	HGNC:9445
2848-0	E	Proline dipeptidase	GeneOrProtein	0	Proline dipeptidase	Proline dipeptidase	0	
71796-7	E	Promyelocytic leukemia protein	GeneOrProtein	0	Promyelocytic leukemia protein	Promyelocytic leukemia protein	0	P29590
71796-7	E	Promyelocytic leukemia protein	GeneOrProtein	0	Promyelocytic leukemia protein	Promyelocytic leukemia protein	0	P29590
2850-6	E	Propionyl CO-A carboxylase	GeneOrProtein	0	Propionyl CO-A carboxylase	Propionyl-COA carboxylase	0	
14004-6	E	Prostaglandin A	GeneOrProtein	0	Prostaglandin A	Prostaglandin e	1	
12838-9	E	Prostaglandin	GeneOrProtein	0	Prostaglandin	Prostaglandin-e	1	
17493-8	E	Prostaglandin E	GeneOrProtein	0	Prostaglandin E	Prostaglandin E	0	
12837-1	E	Prostaglandin E1	GeneOrProtein	0	Prostaglandin E1	Prostaglandin E	1	
12837-1	E	Prostaglandin E1	GeneOrProtein	0	Prostaglandin E1	Prostaglandin E	1	
12836-3	E	Prostaglandin E2	GeneOrProtein	0	Prostaglandin E2	Prostaglandin E	1	
12836-3	E	Prostaglandin E2	GeneOrProtein	0	Prostaglandin E2	Prostaglandin E	1	
2854-8	E	Prostaglandin F	GeneOrProtein	0	Prostaglandin F	Prostaglandin e	1	
10583-3	E	Prostaglandin	GeneOrProtein	0	Prostaglandin	Prostaglandin-e	1	
10583-3	E	Prostaglandin	GeneOrProtein	0	Prostaglandin	Prostaglandin-e	1	
10583-3	E	Prostaglandin	GeneOrProtein	0	Prostaglandin	Prostaglandin-e	1	
104740-6	E	Prostate	GeneOrProtein	0	Prostate	Prostase	1	Q9Y5K2
2858-9	E	CSF/Protein	GeneOrProtein	8	CSF/Protein	CSF Protein	1	
2858-9	E	CSF/Protein	GeneOrProtein	8	CSF/Protein	CSF Protein	1	
50792-1	E	band 3	GeneOrProtein	19	band 3	band3	0	84703
50792-1	E	band 3	GeneOrProtein	19	band 3	band3	0	84703
50793-9	E	band 4	GeneOrProtein	19	band 4	band 7	1	26642589
101200-4	E	band 6/Protein	GeneOrProtein	19	band 6/Protein	band 6 Protein	1	Q13835
2860-5	E	nitrogen	GeneOrProtein	8	nitrogen	mtr gene	1	HGNC:7468
70265-4	E	fld/Protein	GeneOrProtein	17	fld/Protein	fld Protein	1	
70267-0	E	periton	GeneOrProtein	8	periton	penton	0	
70267-0	E	fld/Protein	GeneOrProtein	16	fld/Protein	fld Protein	1	
49929-3	E	fld/Protein	GeneOrProtein	12	fld/Protein	fld Protein	1	
49929-3	E	fld/Protein	GeneOrProtein	12	fld/Protein	fld Protein	1	
49929-3	E	fld/Protein	GeneOrProtein	12	fld/Protein	fld Protein	1	
49929-3	E	fld/Protein	GeneOrProtein	12	fld/Protein	fld Protein	1	
57697-5	E	Protein Z	GeneOrProtein	0	Protein Z	Protein Z	0	
78987-5	E	C-terminal	GeneOrProtein	15	C-terminal	C-terminal2	1	
78987-5	E	C-terminal	GeneOrProtein	15	C-terminal	C-terminal2	1	
33050-6	E	Pseudocholinesterase	GeneOrProtein	0	Pseudocholinesterase	Pseudocholinesterase	0	
33050-6	E	Pseudocholinesterase	GeneOrProtein	0	Pseudocholinesterase	Pseudocholinesterase	0	
2899-3	E	Purine nucleoside phosphorylase	GeneOrProtein	0	Purine nucleoside phosphorylase	Purine nucleoside phosphorylase	0	HGNC:7892
2910-8	E	Pyruvate dehydrogenase	GeneOrProtein	0	Pyruvate dehydrogenase	Pyruvate dehydrogenase	0	
2910-8	E	Pyruvate dehydrogenase	GeneOrProtein	0	Pyruvate dehydrogenase	Pyruvate dehydrogenase	0	
74575-2	E	Pyruvate dehydrogenase	GeneOrProtein	0	Pyruvate dehydrogenase	Pyruvate dehydrogenase	0	
2911-6	E	Pyruvate dehydrogenase	GeneOrProtein	0	Pyruvate dehydrogenase	Pyruvate dehydrogenase	0	
100654-3	E	Pyruvate kinase	GeneOrProtein	0	Pyruvate kinase	Pyruvate kinase	0	
100654-3	E	Pyruvate kinase	GeneOrProtein	0	Pyruvate kinase	Pyruvate kinase	0	
100654-3	E	Pyruvate kinase	GeneOrProtein	0	Pyruvate kinase	Pyruvate kinase	0	
100654-3	E	Pyruvate kinase	GeneOrProtein	0	Pyruvate kinase	Pyruvate kinase	0	
75632-0	E	Resistin	GeneOrProtein	0	Resistin	Resistin	0	HGNC:20389
75632-0	E	Resistin	GeneOrProtein	0	Resistin	Resistin	0	HGNC:20389
75632-0	E	Resistin	GeneOrProtein	0	Resistin	Resistin	0	HGNC:20389
75632-0	E	Resistin	GeneOrProtein	0	Resistin	Resistin	0	HGNC:20389
82224-7	E	Ribose-5-phosphate isomerase	GeneOrProtein	0	Ribose-5-phosphate isomerase	Ribose-5-phosphate isomerase	0	
2927-2	E	Ribulose	GeneOrProtein	0	Ribulose	Ribulose1	1	
79580-7	E	serine	GeneOrProtein	38	serine	serinc	1	
79580-7	E	serine	GeneOrProtein	38	serine	serinc	1	
79580-7	E	serine	GeneOrProtein	38	serine	serinc	1	
100795-4	E	S100 calcium binding protein B	GeneOrProtein	0	S100 calcium binding protein B	S100 calcium binding protein B	0	HGNC:10500
100795-4	E	S100 calcium binding protein B	GeneOrProtein	0	S100 calcium binding protein B	S100 calcium binding protein B	0	HGNC:10500
100795-4	E	S100 calcium binding protein B	GeneOrProtein	0	S100 calcium binding protein B	S100 calcium binding protein B	0	HGNC:10500
100795-4	E	S100 calcium binding protein B	GeneOrProtein	0	S100 calcium binding protein B	S100 calcium binding protein B	0	HGNC:10500
100795-4	E	S100 calcium binding protein B	GeneOrProtein	0	S100 calcium binding protein B	S100 calcium binding protein B	0	HGNC:10500
100795-4	E	S100 calcium binding protein B	GeneOrProtein	0	S100 calcium binding protein B	S100 calcium binding protein B	0	HGNC:10500
53206-9	E	Salc)	GeneOrProtein	20	Salc)	Sal(c)	1	
13380-1	E	Sarcosine	GeneOrProtein	0	Sarcosine	Sarcosin	0	HGNC:16905
13380-1	E	Sarcosine	GeneOrProtein	0	Sarcosine	Sarcosin	0	HGNC:16905
13967-5	E	Sex hormone binding globulin	GeneOrProtein	0	Sex hormone binding globulin	Sex hormone binding globulin	0	HGNC:10839
13967-5	E	Sex hormone binding globulin	GeneOrProtein	0	Sex hormone binding globulin	Sex hormone binding globulin	0	HGNC:10839
13967-5	E	Sex hormone binding globulin	GeneOrProtein	0	Sex hormone binding globulin	Sex hormone binding globulin	0	HGNC:10839
13967-5	E	Sex hormone binding globulin	GeneOrProtein	0	Sex hormone binding globulin	Sex hormone binding globulin	0	HGNC:10839
13967-5	E	Sex hormone binding globulin	GeneOrProtein	0	Sex hormone binding globulin	Sex hormone binding globulin	0	HGNC:10839
13967-5	E	Sex hormone binding globulin	GeneOrProtein	0	Sex hormone binding globulin	Sex hormone binding globulin	0	HGNC:10839
13967-5	E	Sex hormone binding globulin	GeneOrProtein	0	Sex hormone binding globulin	Sex hormone binding globulin	0	HGNC:10839
13967-5	E	Sex hormone binding globulin	GeneOrProtein	0	Sex hormone binding globulin	Sex hormone binding globulin	0	HGNC:10839
13967-5	E	Sex hormone binding globulin	GeneOrProtein	0	Sex hormone binding globulin	Sex hormone binding globulin	0	HGNC:10839
46780-3	E	acyl-CoA	GeneOrProtein	12	acyl-CoA	acyl-CoA	0	
46780-3	E	isobutyryl-CoA dehydrogenase	GeneOrProtein	68	isobutyryl-CoA dehydrogenase	isobutyryl-CoA dehydrogenase	0	102934048
46780-3	E	acyl-CoA	GeneOrProtein	12	acyl-CoA	acyl-CoA	0	
46780-3	E	isobutyryl-CoA dehydrogenase	GeneOrProtein	68	isobutyryl-CoA dehydrogenase	isobutyryl-CoA dehydrogenase	0	102934048
46780-3	E	acyl-CoA	GeneOrProtein	12	acyl-CoA	acyl-CoA	0	
46780-3	E	isobutyryl-CoA dehydrogenase	GeneOrProtein	68	isobutyryl-CoA dehydrogenase	isobutyryl-CoA dehydrogenase	0	102934048
46780-3	E	acyl-CoA	GeneOrProtein	12	acyl-CoA	acyl-CoA	0	
46780-3	E	isobutyryl-CoA dehydrogenase	GeneOrProtein	68	isobutyryl-CoA dehydrogenase	isobutyryl-CoA dehydrogenase	0	102934048
82937-4	E	Signaling lymphocytic activation molecule	GeneOrProtein	0	Signaling lymphocytic activation molecule	Signaling lymphocytic activation molecule	0	
82937-4	E	X-linked inhibitor of apoptosis protein	GeneOrProtein	62	X-linked inhibitor of apoptosis protein	X-linked inhibitor of apoptosis protein	0	
82937-4	E	Signaling lymphocytic activation molecule	GeneOrProtein	0	Signaling lymphocytic activation molecule	Signaling lymphocytic activation molecule	0	
82937-4	E	X-linked inhibitor of apoptosis protein	GeneOrProtein	62	X-linked inhibitor of apoptosis protein	X-linked inhibitor of apoptosis protein	0	
82937-4	E	Signaling lymphocytic activation molecule	GeneOrProtein	0	Signaling lymphocytic activation molecule	Signaling lymphocytic activation molecule	0	
82937-4	E	X-linked inhibitor of apoptosis protein	GeneOrProtein	62	X-linked inhibitor of apoptosis protein	X-linked inhibitor of apoptosis protein	0	
82937-4	E	Signaling lymphocytic activation molecule	GeneOrProtein	0	Signaling lymphocytic activation molecule	Signaling lymphocytic activation molecule	0	
82937-4	E	X-linked inhibitor of apoptosis protein	GeneOrProtein	62	X-linked inhibitor of apoptosis protein	X-linked inhibitor of apoptosis protein	0	
82937-4	E	Signaling lymphocytic activation molecule	GeneOrProtein	0	Signaling lymphocytic activation molecule	Signaling lymphocytic activation molecule	0	
82937-4	E	X-linked inhibitor of apoptosis protein	GeneOrProtein	62	X-linked inhibitor of apoptosis protein	X-linked inhibitor of apoptosis protein	0	
82937-4	E	Signaling lymphocytic activation molecule	GeneOrProtein	0	Signaling lymphocytic activation molecule	Signaling lymphocytic activation molecule	0	
82937-4	E	X-linked inhibitor of apoptosis protein	GeneOrProtein	62	X-linked inhibitor of apoptosis protein	X-linked inhibitor of apoptosis protein	0	
82937-4	E	Signaling lymphocytic activation molecule	GeneOrProtein	0	Signaling lymphocytic activation molecule	Signaling lymphocytic activation molecule	0	
82937-4	E	X-linked inhibitor of apoptosis protein	GeneOrProtein	62	X-linked inhibitor of apoptosis protein	X-linked inhibitor of apoptosis protein	0	
82937-4	E	Signaling lymphocytic activation molecule	GeneOrProtein	0	Signaling lymphocytic activation molecule	Signaling lymphocytic activation molecule	0	
82937-4	E	X-linked inhibitor of apoptosis protein	GeneOrProtein	62	X-linked inhibitor of apoptosis protein	X-linked inhibitor of apoptosis protein	0	
82937-4	E	Signaling lymphocytic activation molecule	GeneOrProtein	0	Signaling lymphocytic activation molecule	Signaling lymphocytic activation molecule	0	
82937-4	E	X-linked inhibitor of apoptosis protein	GeneOrProtein	62	X-linked inhibitor of apoptosis protein	X-linked inhibitor of apoptosis protein	0	
82937-4	E	Signaling lymphocytic activation molecule	GeneOrProtein	0	Signaling lymphocytic activation molecule	Signaling lymphocytic activation molecule	0	
82937-4	E	X-linked inhibitor of apoptosis protein	GeneOrProtein	62	X-linked inhibitor of apoptosis protein	X-linked inhibitor of apoptosis protein	0	
51419-0	E	glucose	GeneOrProtein	22	glucose	glucose1	1	
94554-3	E	Soluble CD14	GeneOrProtein	0	Soluble CD14	Soluble CD44	1	960
94554-3	E	Soluble CD14	GeneOrProtein	0	Soluble CD14	Soluble CD44	1	960
94554-3	E	Soluble CD14	GeneOrProtein	0	Soluble CD14	Soluble CD44	1	960
94554-3	E	Soluble CD14	GeneOrProtein	0	Soluble CD14	Soluble CD44	1	960
94554-3	E	Soluble CD14	GeneOrProtein	0	Soluble CD14	Soluble CD44	1	960
74756-8	E	Soluble fms-like tyrosine kinase-1	GeneOrProtein	0	Soluble fms-like tyrosine kinase-1	Soluble fms-like tyrosine kinase-1	0	544667
74756-8	E	Soluble fms-like tyrosine kinase-1	GeneOrProtein	0	Soluble fms-like tyrosine kinase-1	Soluble fms-like tyrosine kinase-1	0	544667
74757-6	E	Soluble fms-like tyrosine kinase-1	GeneOrProtein	0	Soluble fms-like tyrosine kinase-1	Soluble fms-like tyrosine kinase-1	0	544667
74757-6	E	placental growth factor	GeneOrProtein	35	placental growth factor	placental growth factor	0	HGNC:8893
41292-4	E	mesothelin	GeneOrProtein	8	mesothelin	mesothelin	0	HGNC:7371
41292-4	E	mesothelin	GeneOrProtein	8	mesothelin	mesothelin	0	HGNC:7371
103676-3	E	triggering receptor expressed on myeloid cells-1	GeneOrProtein	8	triggering receptor expressed on myeloid cells-1	triggering receptor expressed on myeloid cells-1	0	HGNC:17760
101170-9	E	urokinase plasminogen activator receptor	GeneOrProtein	8	urokinase plasminogen activator receptor	urokinase plasminogen activator receptor	0	
101170-9	E	urokinase plasminogen activator receptor	GeneOrProtein	8	urokinase plasminogen activator receptor	urokinase plasminogen activator receptor	0	
101170-9	E	urokinase plasminogen activator receptor	GeneOrProtein	8	urokinase plasminogen activator receptor	urokinase plasminogen activator receptor	0	
101170-9	E	urokinase plasminogen activator receptor	GeneOrProtein	8	urokinase plasminogen activator receptor	urokinase plasminogen activator receptor	0	
101170-9	E	urokinase plasminogen activator receptor	GeneOrProtein	8	urokinase plasminogen activator receptor	urokinase plasminogen activator receptor	0	
101170-9	E	urokinase plasminogen activator receptor	GeneOrProtein	8	urokinase plasminogen activator receptor	urokinase plasminogen activator receptor	0	
101170-9	E	urokinase plasminogen activator receptor	GeneOrProtein	8	urokinase plasminogen activator receptor	urokinase plasminogen activator receptor	0	
101170-9	E	urokinase plasminogen activator receptor	GeneOrProtein	8	urokinase plasminogen activator receptor	urokinase plasminogen activator receptor	0	
101170-9	E	urokinase plasminogen activator receptor	GeneOrProtein	8	urokinase plasminogen activator receptor	urokinase plasminogen activator receptor	0	
2486-9	E	Somatomedins	GeneOrProtein	0	Somatomedins	Somatomedin	1	
48126-7	E	Somatotropin	GeneOrProtein	0	Somatotropin	Somatotropin	0	HGNC:4261
56983-0	E	Somatotropin	GeneOrProtein	0	Somatotropin	Somatotropin	0	HGNC:4261
95850-4	E	Somatotropin	GeneOrProtein	0	Somatotropin	Somatotropin	0	HGNC:4261
56981-4	E	Somatotropin	GeneOrProtein	0	Somatotropin	Somatotropin	0	HGNC:4261
95849-6	E	Somatotropin	GeneOrProtein	0	Somatotropin	Somatotropin	0	HGNC:4261
95848-8	E	Somatotropin	GeneOrProtein	0	Somatotropin	Somatotropin	0	HGNC:4261
95847-0	E	Somatotropin	GeneOrProtein	0	Somatotropin	Somatotropin	0	HGNC:4261
56982-2	E	Somatotropin	GeneOrProtein	0	Somatotropin	Somatotropin	0	HGNC:4261
75631-2	E	Stromelysin-1	GeneOrProtein	0	Stromelysin-1	Stromelysin-1	0	
75631-2	E	Stromelysin-1	GeneOrProtein	0	Stromelysin-1	Stromelysin-1	0	
75631-2	E	Stromelysin-1	GeneOrProtein	0	Stromelysin-1	Stromelysin-1	0	
35498-5	E	cytochrome C	GeneOrProtein	10	cytochrome C	cytochrome C	0	
34523-1	E	Succinate semialdehyde dehydrogenase	GeneOrProtein	0	Succinate semialdehyde dehydrogenase	Succinate semialdehyde dehydrogenase	0	
34523-1	E	Succinate semialdehyde dehydrogenase	GeneOrProtein	0	Succinate semialdehyde dehydrogenase	Succinate semialdehyde dehydrogenase	0	
74443-3	E	Sucrose	GeneOrProtein	0	Sucrose	Sucrose1	1	P49175
90239-5	E	Suppression of tumorigenicity	GeneOrProtein	0	Suppression of tumorigenicity	Suppression of tumorigenicity	0	
74541-4	E	Surfactant pulmonary-associated protein D	GeneOrProtein	0	Surfactant pulmonary-associated protein D	Surfactant pulmonary-associated protein D	0	
74541-4	E	Surfactant pulmonary-associated protein D	GeneOrProtein	0	Surfactant pulmonary-associated protein D	Surfactant pulmonary-associated protein D	0	
101649-2	E	Tau protein	GeneOrProtein	0	Tau protein	Tau protein	0	HGNC:6893
101649-2	E	Tau protein	GeneOrProtein	0	Tau protein	Tau protein	0	HGNC:6893
103675-5	E	Tau protein	GeneOrProtein	0	Tau protein	Tau protein	0	HGNC:6893
103675-5	E	Tau protein	GeneOrProtein	0	Tau protein	Tau protein	0	HGNC:6893
103675-5	E	Tau protein	GeneOrProtein	0	Tau protein	Tau protein	0	HGNC:6893
103675-5	E	Tau protein	GeneOrProtein	0	Tau protein	Tau protein	0	HGNC:6893
103675-5	E	Tau protein	GeneOrProtein	0	Tau protein	Tau protein	0	HGNC:6893
104663-0	E	Tau protein	GeneOrProtein	0	Tau protein	Tau protein	0	HGNC:6893
111517-9	E	Tau protein	GeneOrProtein	0	Tau protein	Tau protein	0	HGNC:6893
111517-9	E	peptide	GeneOrProtein	47	peptide	peptide9	1	
106940-0	E	Tau protein	GeneOrProtein	0	Tau protein	Tau protein	0	HGNC:6893
106940-0	E	Tau protein	GeneOrProtein	31	Tau protein	Tau protein	0	HGNC:6893
106940-0	E	Tau protein	GeneOrProtein	0	Tau protein	Tau protein	0	HGNC:6893
106940-0	E	Tau protein	GeneOrProtein	31	Tau protein	Tau protein	0	HGNC:6893
106940-0	E	Tau protein	GeneOrProtein	0	Tau protein	Tau protein	0	HGNC:6893
106940-0	E	Tau protein	GeneOrProtein	31	Tau protein	Tau protein	0	HGNC:6893
106940-0	E	Tau protein	GeneOrProtein	0	Tau protein	Tau protein	0	HGNC:6893
106940-0	E	Tau protein	GeneOrProtein	31	Tau protein	Tau protein	0	HGNC:6893
101752-4	E	Tau protein	GeneOrProtein	0	Tau protein	Tau protein	0	HGNC:6893
101752-4	E	Tau protein	GeneOrProtein	12	Tau protein	Tau protein	0	HGNC:6893
101752-4	E	Tau protein	GeneOrProtein	0	Tau protein	Tau protein	0	HGNC:6893
101752-4	E	Tau protein	GeneOrProtein	12	Tau protein	Tau protein	0	HGNC:6893
106983-0	E	Testis expressed Protein 101	GeneOrProtein	0	Testis expressed Protein 101	Testis-expressed Protein 101	0	
106983-0	E	Testis expressed Protein 101	GeneOrProtein	0	Testis expressed Protein 101	Testis-expressed Protein 101	0	
106983-0	E	Testis expressed Protein 101	GeneOrProtein	0	Testis expressed Protein 101	Testis-expressed Protein 101	0	
106983-0	E	Testis expressed Protein 101	GeneOrProtein	0	Testis expressed Protein 101	Testis-expressed Protein 101	0	
106983-0	E	Testis expressed Protein 101	GeneOrProtein	0	Testis expressed Protein 101	Testis-expressed Protein 101	0	
106983-0	E	Testis expressed Protein 101	GeneOrProtein	0	Testis expressed Protein 101	Testis-expressed Protein 101	0	
106983-0	E	Testis expressed Protein 101	GeneOrProtein	0	Testis expressed Protein 101	Testis-expressed Protein 101	0	
106983-0	E	Testis expressed Protein 101	GeneOrProtein	0	Testis expressed Protein 101	Testis-expressed Protein 101	0	
106983-0	E	Testis expressed Protein 101	GeneOrProtein	0	Testis expressed Protein 101	Testis-expressed Protein 101	0	
106983-0	E	Testis expressed Protein 101	GeneOrProtein	0	Testis expressed Protein 101	Testis-expressed Protein 101	0	
21555-8	E	sex hormone binding globulin	GeneOrProtein	27	sex hormone binding globulin	sex hormone binding globulin	0	HGNC:10839
82908-5	E	5-alpha	GeneOrProtein	19	5-alpha	y-alpha	1	100335124
82856-6	E	5-alpha	GeneOrProtein	19	5-alpha	y-alpha	1	100335124
91141-2	E	Thiopurine methyltransferase	GeneOrProtein	0	Thiopurine methyltransferase	Thiopurine methyltransferase	0	
91142-0	E	Thiopurine methyltransferase	GeneOrProtein	0	Thiopurine methyltransferase	Thiopurine methyltransferase	0	
91143-8	E	Thiopurine methyltransferase	GeneOrProtein	0	Thiopurine methyltransferase	Thiopurine methyltransferase	0	
98097-9	E	Thymic stromal lymphopoietin	GeneOrProtein	0	Thymic stromal lymphopoietin	Thymic stromal lymphopoietin	0	HGNC:30743
33988-7	E	Thymidine phosphorylase	GeneOrProtein	0	Thymidine phosphorylase	Thymidine phosphorylase	0	HGNC:3148
96460-1	E	Thyroglobulin	GeneOrProtein	0	Thyroglobulin	Thyroglobulin	0	HGNC:11764
96460-1	E	thyroglobulin	GeneOrProtein	19	thyroglobulin	thyroglobulin	0	HGNC:11764
96460-1	E	Thyroglobulin	GeneOrProtein	0	Thyroglobulin	Thyroglobulin	0	HGNC:11764
96460-1	E	thyroglobulin	GeneOrProtein	19	thyroglobulin	thyroglobulin	0	HGNC:11764
38505-4	E	Thyroglobulin	GeneOrProtein	0	Thyroglobulin	Thyroglobulin	0	HGNC:11764
38505-4	E	Thyroglobulin	GeneOrProtein	0	Thyroglobulin	Thyroglobulin	0	HGNC:11764
45173-2	E	Thyrotropin.alpha subunit	GeneOrProtein	0	Thyrotropin.alpha subunit	Thyrotropin alpha subunit	1	403483
13897-4	E	Thyrotropin.beta subunit	GeneOrProtein	0	Thyrotropin.beta subunit	Thyrotropin beta subunit	1	
13897-4	E	Thyrotropin.beta subunit	GeneOrProtein	0	Thyrotropin.beta subunit	Thyrotropin beta subunit	1	
13897-4	E	Thyrotropin.beta subunit	GeneOrProtein	0	Thyrotropin.beta subunit	Thyrotropin beta subunit	1	
3018-9	E	Thyrotropin releasing hormone	GeneOrProtein	0	Thyrotropin releasing hormone	Thyrotropin releasing hormone	0	HGNC:12298
11062-7	E	albumin	GeneOrProtein	10	albumin	albumin	0	HGNC:399
50681-6	E	binding protein	GeneOrProtein	10	binding protein	binding protein3	1	837429
14014-5	E	prealbumin	GeneOrProtein	10	prealbumin	prealbumin	0	
14014-5	E	prealbumin	GeneOrProtein	10	prealbumin	prealbumin	0	
14015-2	E	prealbumin	GeneOrProtein	10	prealbumin	prealbumin	0	
14015-2	E	Prealbumin	GeneOrProtein	27	Prealbumin	Prealbumin	0	
14016-0	E	thyroxine binding globulin	GeneOrProtein	10	thyroxine binding globulin	thyroxine-binding globulin	0	HGNC:11583
14016-0	E	thyroxine binding globulin	GeneOrProtein	10	thyroxine binding globulin	thyroxine-binding globulin	0	HGNC:11583
103745-6	E	troponin I	GeneOrProtein	22	troponin I	troponin I	0	
74101-7	E	Tissue inhibitor of metalloproteinases 1	GeneOrProtein	0	Tissue inhibitor of metalloproteinases 1	Tissue inhibitor of metalloproteinases 1	0	
14179-6	E	polypeptide Ag	GeneOrProtein	7	polypeptide Ag	polypeptide A	1	19834908
14179-6	E	polypeptide Ag	GeneOrProtein	7	polypeptide Ag	polypeptide A	1	19834908
73731-2	E	Transaldolase	GeneOrProtein	0	Transaldolase	Transaldolase	0	
38417-2	E	Trans	GeneOrProtein	0	Trans	Transk	1	
3029-6	E	Transcobalamin I	GeneOrProtein	0	Transcobalamin I	Transcobalamin I	0	
3029-6	E	Transcobalamin I	GeneOrProtein	0	Transcobalamin I	Transcobalamin I	0	
3029-6	E	Transcobalamin I	GeneOrProtein	0	Transcobalamin I	Transcobalamin I	0	
3029-6	E	Transcobalamin I	GeneOrProtein	0	Transcobalamin I	Transcobalamin I	0	
3029-6	E	Transcobalamin I	GeneOrProtein	0	Transcobalamin I	Transcobalamin I	0	
3030-4	E	Transcobalamin II	GeneOrProtein	0	Transcobalamin II	Transcobalamin II	0	
3030-4	E	Transcobalamin II	GeneOrProtein	0	Transcobalamin II	Transcobalamin II	0	
3030-4	E	Transcobalamin II	GeneOrProtein	0	Transcobalamin II	Transcobalamin II	0	
3030-4	E	Transcobalamin II	GeneOrProtein	0	Transcobalamin II	Transcobalamin II	0	
59211-3	E	Transcobalamin I	GeneOrProtein	0	Transcobalamin I	Transcobalamin I	0	
18378-0	E	Transcortin	GeneOrProtein	0	Transcortin	Transcortin	0	HGNC:1540
18378-0	E	Transcortin	GeneOrProtein	0	Transcortin	Transcortin	0	HGNC:1540
18378-0	E	Transcortin	GeneOrProtein	0	Transcortin	Transcortin	0	HGNC:1540
12949-4	E	Transferrin	GeneOrProtein	0	Transferrin	Transferrin	0	HGNC:11740
12949-4	E	Transferrin	GeneOrProtein	0	Transferrin	Transferrin	0	HGNC:11740
21572-3	E	Transferrin	GeneOrProtein	0	Transferrin	Transferrin	0	HGNC:11740
21572-3	E	Transferrin	GeneOrProtein	42	Transferrin	Transferrin	0	HGNC:11740
21573-1	E	Transferrin	GeneOrProtein	0	Transferrin	Transferrin	0	HGNC:11740
21573-1	E	Transferrin	GeneOrProtein	43	Transferrin	Transferrin	0	HGNC:11740
21573-1	E	Transferrin	GeneOrProtein	0	Transferrin	Transferrin	0	HGNC:11740
21573-1	E	Transferrin	GeneOrProtein	43	Transferrin	Transferrin	0	HGNC:11740
21574-9	E	Transferrin	GeneOrProtein	0	Transferrin	Transferrin	0	HGNC:11740
21574-9	E	Transferrin	GeneOrProtein	45	Transferrin	Transferrin	0	HGNC:11740
21574-9	E	Transferrin	GeneOrProtein	0	Transferrin	Transferrin	0	HGNC:11740
21574-9	E	Transferrin	GeneOrProtein	45	Transferrin	Transferrin	0	HGNC:11740
76613-9	E	Transferrin	GeneOrProtein	0	Transferrin	Transferrin	0	HGNC:11740
76613-9	E	Transferrin	GeneOrProtein	56	Transferrin	Transferrin	0	HGNC:11740
21575-6	E	Transferrin	GeneOrProtein	0	Transferrin	Transferrin	0	HGNC:11740
21575-6	E	Transferrin	GeneOrProtein	46	Transferrin	Transferrin	0	HGNC:11740
21576-4	E	Transferrin	GeneOrProtein	0	Transferrin	Transferrin	0	HGNC:11740
21576-4	E	Transferrin	GeneOrProtein	46	Transferrin	Transferrin	0	HGNC:11740
21577-2	E	Transferrin	GeneOrProtein	0	Transferrin	Transferrin	0	HGNC:11740
21577-2	E	Transferrin	GeneOrProtein	44	Transferrin	Transferrin	0	HGNC:11740
33614-9	E	Transferrin	GeneOrProtein	0	Transferrin	Transferrin	0	HGNC:11740
33614-9	E	Transferrin	GeneOrProtein	39	Transferrin	Transferrin	0	HGNC:11740
86271-4	E	Transferrin	GeneOrProtein	0	Transferrin	Transferrin	0	HGNC:11740
30248-9	E	Transferrin receptor	GeneOrProtein	0	Transferrin receptor	Transferrin receptor	0	HGNC:11763
101924-9	E	Transforming growth factor beta 1	GeneOrProtein	0	Transforming growth factor beta 1	Transforming growth factor beta 1	0	HGNC:11766
101924-9	E	Transforming growth factor beta 1	GeneOrProtein	0	Transforming growth factor beta 1	Transforming growth factor beta 1	0	HGNC:11766
98860-0	E	Transforming growth factor beta	GeneOrProtein	0	Transforming growth factor beta	Transforming growth factor beta	0	100136559
94860-4	E	Transthyretin	GeneOrProtein	0	Transthyretin	Transthyretin	0	HGNC:12405
94861-2	E	Transthyretin	GeneOrProtein	0	Transthyretin	Transthyretin	0	HGNC:12405
94861-2	E	transthyretin	GeneOrProtein	16	transthyretin	transthyretin	0	HGNC:12405
94861-2	E	peak 2	GeneOrProtein	30	peak 2	peak2	0	HGNC:25438
94861-2	E	Transthyretin	GeneOrProtein	0	Transthyretin	Transthyretin	0	HGNC:12405
94861-2	E	transthyretin	GeneOrProtein	16	transthyretin	transthyretin	0	HGNC:12405
94861-2	E	peak 2	GeneOrProtein	30	peak 2	peak2	0	HGNC:25438
94861-2	E	Transthyretin	GeneOrProtein	0	Transthyretin	Transthyretin	0	HGNC:12405
94861-2	E	transthyretin	GeneOrProtein	16	transthyretin	transthyretin	0	HGNC:12405
94861-2	E	peak 2	GeneOrProtein	30	peak 2	peak2	0	HGNC:25438
94863-8	E	Transthyretin	GeneOrProtein	0	Transthyretin	Transthyretin	0	HGNC:12405
107559-7	E	Triacylglycerol lipase	GeneOrProtein	0	Triacylglycerol lipase	Triacylglycerol lipase	0	HGNC:6619
107559-7	E	Triacylglycerol lipase	GeneOrProtein	0	Triacylglycerol lipase	Triacylglycerol lipase	0	HGNC:6619
107559-7	E	Triacylglycerol lipase	GeneOrProtein	0	Triacylglycerol lipase	Triacylglycerol lipase	0	HGNC:6619
107559-7	E	Triacylglycerol lipase	GeneOrProtein	0	Triacylglycerol lipase	Triacylglycerol lipase	0	HGNC:6619
107559-7	E	Triacylglycerol lipase	GeneOrProtein	0	Triacylglycerol lipase	Triacylglycerol lipase	0	HGNC:6619
107559-7	E	Triacylglycerol lipase	GeneOrProtein	0	Triacylglycerol lipase	Triacylglycerol lipase	0	HGNC:6619
107559-7	E	Triacylglycerol lipase	GeneOrProtein	0	Triacylglycerol lipase	Triacylglycerol lipase	0	HGNC:6619
53527-8	E	HDL 2	GeneOrProtein	16	HDL 2	HpDL 2	1	
70260-5	E	periton	GeneOrProtein	13	periton	penton	0	
70260-5	E	periton	GeneOrProtein	13	periton	penton	0	
11063-5	E	Triosephosphate isomerase	GeneOrProtein	0	Triosephosphate isomerase	Triosephosphate isomerase	0	
11063-5	E	Triosephosphate isomerase	GeneOrProtein	0	Triosephosphate isomerase	Triosephosphate isomerase	0	
11063-5	E	Triosephosphate isomerase	GeneOrProtein	0	Triosephosphate isomerase	Triosephosphate isomerase	0	
11063-5	E	Triosephosphate isomerase	GeneOrProtein	0	Triosephosphate isomerase	Triosephosphate isomerase	0	
34674-2	E	Tripeptide aminopeptidase	GeneOrProtein	0	Tripeptide aminopeptidase	Tripeptide aminopeptidase	0	
34674-2	E	Tripeptide aminopeptidase	GeneOrProtein	0	Tripeptide aminopeptidase	Tripeptide aminopeptidase	0	
34674-2	E	Tripeptide aminopeptidase	GeneOrProtein	0	Tripeptide aminopeptidase	Tripeptide aminopeptidase	0	
34674-2	E	Tripeptide aminopeptidase	GeneOrProtein	0	Tripeptide aminopeptidase	Tripeptide aminopeptidase	0	
34674-2	E	Tripeptide aminopeptidase	GeneOrProtein	0	Tripeptide aminopeptidase	Tripeptide aminopeptidase	0	
34674-2	E	Tripeptide aminopeptidase	GeneOrProtein	0	Tripeptide aminopeptidase	Tripeptide aminopeptidase	0	
34674-2	E	Tripeptide aminopeptidase	GeneOrProtein	0	Tripeptide aminopeptidase	Tripeptide aminopeptidase	0	
13496-5	E	Triple	GeneOrProtein	0	Triple	Trple	1	
13496-5	E	Triple	GeneOrProtein	0	Triple	Trple	1	
13496-5	E	Triple	GeneOrProtein	0	Triple	Trple	1	
13496-5	E	Triple	GeneOrProtein	0	Triple	Trple	1	
13496-5	E	Triple	GeneOrProtein	0	Triple	Trple	1	
13496-5	E	Triple	GeneOrProtein	0	Triple	Trple	1	
13496-5	E	Triple	GeneOrProtein	0	Triple	Trple	1	
13496-5	E	Triple	GeneOrProtein	0	Triple	Trple	1	
13496-5	E	Triple	GeneOrProtein	0	Triple	Trple	1	
88004-7	E	Pregnancy associated plasma protein A	GeneOrProtein	40	Pregnancy associated plasma protein A	Pregnancy associated plasma protein A	0	397219
88004-7	E	Pregnancy associated plasma protein A	GeneOrProtein	40	Pregnancy associated plasma protein A	Pregnancy associated plasma protein A	0	397219
47222-5	E	Alpha-1-Fetoprotein	GeneOrProtein	40	Alpha-1-Fetoprotein	Alpha-1-Fetoprotein	0	
47222-5	E	Alpha-1-Fetoprotein	GeneOrProtein	40	Alpha-1-Fetoprotein	Alpha-1-Fetoprotein	0	
49030-0	E	Pregnancy associated plasma protein A	GeneOrProtein	40	Pregnancy associated plasma protein A	Pregnancy associated plasma protein A	0	397219
101375-4	E	Troponin I	GeneOrProtein	0	Troponin I	Troponin I	0	
101375-4	E	Troponin I	GeneOrProtein	0	Troponin I	Troponin I	0	
101375-4	E	Troponin I	GeneOrProtein	0	Troponin I	Troponin I	0	
101375-4	E	Troponin I	GeneOrProtein	0	Troponin I	Troponin I	0	
101375-4	E	Troponin I	GeneOrProtein	0	Troponin I	Troponin I	0	
101375-4	E	Troponin I	GeneOrProtein	0	Troponin I	Troponin I	0	
101375-4	E	Troponin I	GeneOrProtein	0	Troponin I	Troponin I	0	
101375-4	E	Troponin I	GeneOrProtein	0	Troponin I	Troponin I	0	
101915-7	E	Troponin T	GeneOrProtein	0	Troponin T	Troponin T	0	
101915-7	E	Troponin T	GeneOrProtein	0	Troponin T	Troponin T	0	
101911-6	E	Troponin T	GeneOrProtein	0	Troponin T	Troponin T	0	
101912-4	E	Troponin T	GeneOrProtein	0	Troponin T	Troponin T	0	
101913-2	E	Troponin T	GeneOrProtein	0	Troponin T	Troponin T	0	
101913-2	E	Troponin T	GeneOrProtein	25	Troponin T	Troponin T	0	
3067-6	E	Trypsinogen	GeneOrProtein	0	Trypsinogen	Trypsinogen	0	
3067-6	E	Trypsinogen	GeneOrProtein	0	Trypsinogen	Trypsinogen	0	
3067-6	E	Trypsinogen	GeneOrProtein	0	Trypsinogen	Trypsinogen	0	
103542-7	E	phosphorus	GeneOrProtein	24	phosphorus	phosphorus3	1	
103542-7	E	phosphorus	GeneOrProtein	24	phosphorus	phosphorus3	1	
54165-6	E	Tumor necrosis factor	GeneOrProtein	0	Tumor necrosis factor	Tumor necrosis factor	0	HGNC:11892
54165-6	E	binding protein	GeneOrProtein	22	binding protein	binding protein3	1	837429
101543-7	E	Tumor necrosis factor ligand superfamily member 10	GeneOrProtein	0	Tumor necrosis factor ligand superfamily member 10	Tumor necrosis factor ligand superfamily member 10	0	
101543-7	E	Tumor necrosis factor ligand superfamily member 10	GeneOrProtein	0	Tumor necrosis factor ligand superfamily member 10	Tumor necrosis factor ligand superfamily member 10	0	
101543-7	E	Tumor necrosis factor ligand superfamily member 10	GeneOrProtein	0	Tumor necrosis factor ligand superfamily member 10	Tumor necrosis factor ligand superfamily member 10	0	
101543-7	E	Tumor necrosis factor ligand superfamily member 10	GeneOrProtein	0	Tumor necrosis factor ligand superfamily member 10	Tumor necrosis factor ligand superfamily member 10	0	
75629-6	E	Tumor necrosis factor receptor superfamily member 1A	GeneOrProtein	0	Tumor necrosis factor receptor superfamily member 1A	Tumor necrosis factor receptor superfamily member 1A	0	
75629-6	E	Tumor necrosis factor receptor superfamily member 1A	GeneOrProtein	0	Tumor necrosis factor receptor superfamily member 1A	Tumor necrosis factor receptor superfamily member 1A	0	
75629-6	E	Tumor necrosis factor receptor superfamily member 1A	GeneOrProtein	0	Tumor necrosis factor receptor superfamily member 1A	Tumor necrosis factor receptor superfamily member 1A	0	
75629-6	E	Tumor necrosis factor receptor superfamily member 1A	GeneOrProtein	0	Tumor necrosis factor receptor superfamily member 1A	Tumor necrosis factor receptor superfamily member 1A	0	
3082-5	E	Tyrosine aminotransferase	GeneOrProtein	0	Tyrosine aminotransferase	Tyrosine aminotransferase	0	HGNC:11573
48622-5	E	nitrogen	GeneOrProtein	5	nitrogen	mtr gene	1	HGNC:7468
19158-5	E	nitrogen	GeneOrProtein	5	nitrogen	mtr gene	1	HGNC:7468
12981-7	E	nitrogen	GeneOrProtein	5	nitrogen	mtr gene	1	HGNC:7468
3099-9	E	glucose-4	GeneOrProtein	20	glucose-4	glucose1	1	
3099-9	E	Epimerase	GeneOrProtein	30	Epimerase	Epimarase	1	
3099-9	E	glucose-4	GeneOrProtein	20	glucose-4	glucose1	1	
3099-9	E	Epimerase	GeneOrProtein	30	Epimerase	Epimarase	1	
3099-9	E	glucose-4	GeneOrProtein	20	glucose-4	glucose1	1	
3099-9	E	Epimerase	GeneOrProtein	30	Epimerase	Epimarase	1	
3099-9	E	glucose-4	GeneOrProtein	20	glucose-4	glucose1	1	
3099-9	E	Epimerase	GeneOrProtein	30	Epimerase	Epimarase	1	
79470-1	E	Uridine monophosphate synthetase	GeneOrProtein	0	Uridine monophosphate synthetase	Uridine monophosphate synthetase	0	HGNC:12563
79470-1	E	Uridine monophosphate synthetase	GeneOrProtein	0	Uridine monophosphate synthetase	Uridine monophosphate synthetase	0	HGNC:12563
79470-1	E	Uridine monophosphate synthetase	GeneOrProtein	0	Uridine monophosphate synthetase	Uridine monophosphate synthetase	0	HGNC:12563
79470-1	E	Uridine monophosphate synthetase	GeneOrProtein	0	Uridine monophosphate synthetase	Uridine monophosphate synthetase	0	HGNC:12563
18380-6	E	Uroporphyrinogen decarboxylase	GeneOrProtein	0	Uroporphyrinogen decarboxylase	Uroporphyrinogen decarboxylase	0	HGNC:12591
18380-6	E	Uroporphyrinogen decarboxylase	GeneOrProtein	0	Uroporphyrinogen decarboxylase	Uroporphyrinogen decarboxylase	0	HGNC:12591
18380-6	E	Uroporphyrinogen decarboxylase	GeneOrProtein	0	Uroporphyrinogen decarboxylase	Uroporphyrinogen decarboxylase	0	HGNC:12591
11066-8	E	Uroporphyrinogen III synthase	GeneOrProtein	0	Uroporphyrinogen III synthase	Uroporphyrinogen III synthase	0	HGNC:12592
11066-8	E	Uroporphyrinogen III synthase	GeneOrProtein	0	Uroporphyrinogen III synthase	Uroporphyrinogen III synthase	0	HGNC:12592
11066-8	E	Uroporphyrinogen III synthase	GeneOrProtein	0	Uroporphyrinogen III synthase	Uroporphyrinogen III synthase	0	HGNC:12592
11066-8	E	Uroporphyrinogen III synthase	GeneOrProtein	0	Uroporphyrinogen III synthase	Uroporphyrinogen III synthase	0	HGNC:12592
11066-8	E	Uroporphyrinogen III synthase	GeneOrProtein	0	Uroporphyrinogen III synthase	Uroporphyrinogen III synthase	0	HGNC:12592
11066-8	E	Uroporphyrinogen III synthase	GeneOrProtein	0	Uroporphyrinogen III synthase	Uroporphyrinogen III synthase	0	HGNC:12592
75627-0	E	Vascular adhesion protein 1	GeneOrProtein	0	Vascular adhesion protein 1	Vascular adhesion protein 1	0	HGNC:550
75627-0	E	Vascular adhesion protein 1	GeneOrProtein	0	Vascular adhesion protein 1	Vascular adhesion protein 1	0	HGNC:550
34694-0	E	Vascular endothelial growth factor	GeneOrProtein	0	Vascular endothelial growth factor	Vascular endothelial growth factor1	1	503620
34694-0	E	Vascular endothelial growth factor	GeneOrProtein	0	Vascular endothelial growth factor	Vascular endothelial growth factor1	1	503620
34694-0	E	Vascular endothelial growth factor	GeneOrProtein	0	Vascular endothelial growth factor	Vascular endothelial growth factor1	1	503620
34694-0	E	Vascular endothelial growth factor	GeneOrProtein	0	Vascular endothelial growth factor	Vascular endothelial growth factor1	1	503620
75628-8	E	Vascular endothelial growth factor A	GeneOrProtein	0	Vascular endothelial growth factor A	Vascular endothelial growth factor A	0	HGNC:12680
75628-8	E	Vascular endothelial growth factor A	GeneOrProtein	0	Vascular endothelial growth factor A	Vascular endothelial growth factor A	0	HGNC:12680
75628-8	E	Vascular endothelial growth factor A	GeneOrProtein	0	Vascular endothelial growth factor A	Vascular endothelial growth factor A	0	HGNC:12680
75628-8	E	Vascular endothelial growth factor A	GeneOrProtein	0	Vascular endothelial growth factor A	Vascular endothelial growth factor A	0	HGNC:12680
98118-3	E	Vascular endothelial growth factor C	GeneOrProtein	0	Vascular endothelial growth factor C	Vascular endothelial growth factor C	0	HGNC:12682
82911-9	E	Vascular endothelial growth factor D	GeneOrProtein	0	Vascular endothelial growth factor D	Vascular endothelial growth factor D	0	HGNC:3708
82911-9	E	Vascular endothelial growth factor D	GeneOrProtein	0	Vascular endothelial growth factor D	Vascular endothelial growth factor D	0	HGNC:3708
82911-9	E	Vascular endothelial growth factor D	GeneOrProtein	0	Vascular endothelial growth factor D	Vascular endothelial growth factor D	0	HGNC:3708
82911-9	E	Vascular endothelial growth factor D	GeneOrProtein	0	Vascular endothelial growth factor D	Vascular endothelial growth factor D	0	HGNC:3708
46753-0	E	hydroxy acyl dehydrogenase	GeneOrProtein	16	hydroxy acyl dehydrogenase	hydroxyacyl dehydrogenase	0	
46753-0	E	hydroxy acyl dehydrogenase	GeneOrProtein	16	hydroxy acyl dehydrogenase	hydroxyacyl dehydrogenase	0	
46753-0	E	hydroxy acyl dehydrogenase	GeneOrProtein	16	hydroxy acyl dehydrogenase	hydroxyacyl dehydrogenase	0	
100839-0	E	Retinol binding protein	GeneOrProtein	10	Retinol binding protein	Retinol-binding protein	0	
100839-0	E	Retinol binding protein	GeneOrProtein	10	Retinol binding protein	Retinol-binding protein	0	
100839-0	E	Retinol binding protein	GeneOrProtein	10	Retinol binding protein	Retinol-binding protein	0	
100839-0	E	Retinol binding protein	GeneOrProtein	10	Retinol binding protein	Retinol-binding protein	0	
100839-0	E	Retinol binding protein	GeneOrProtein	10	Retinol binding protein	Retinol-binding protein	0	
100839-0	E	Retinol binding protein	GeneOrProtein	10	Retinol binding protein	Retinol-binding protein	0	
100839-0	E	Retinol binding protein	GeneOrProtein	10	Retinol binding protein	Retinol-binding protein	0	
100839-0	E	Retinol binding protein	GeneOrProtein	10	Retinol binding protein	Retinol-binding protein	0	
100839-0	E	Retinol binding protein	GeneOrProtein	10	Retinol binding protein	Retinol-binding protein	0	
100839-0	E	Retinol binding protein	GeneOrProtein	10	Retinol binding protein	Retinol-binding protein	0	
100839-0	E	Retinol binding protein	GeneOrProtein	10	Retinol binding protein	Retinol-binding protein	0	
100839-0	E	Retinol binding protein	GeneOrProtein	10	Retinol binding protein	Retinol-binding protein	0	
100839-0	E	Retinol binding protein	GeneOrProtein	10	Retinol binding protein	Retinol-binding protein	0	
100839-0	E	Retinol binding protein	GeneOrProtein	10	Retinol binding protein	Retinol-binding protein	0	
100839-0	E	Retinol binding protein	GeneOrProtein	10	Retinol binding protein	Retinol-binding protein	0	
100839-0	E	Retinol binding protein	GeneOrProtein	10	Retinol binding protein	Retinol-binding protein	0	
100839-0	E	Retinol binding protein	GeneOrProtein	10	Retinol binding protein	Retinol-binding protein	0	
100839-0	E	Retinol binding protein	GeneOrProtein	10	Retinol binding protein	Retinol-binding protein	0	
35365-6	E	Vitamin D	GeneOrProtein	0	Vitamin D	Vitamin D[	1	
35365-6	E	Vitamin D	GeneOrProtein	0	Vitamin D	Vitamin D[	1	
35365-6	E	Vitamin D	GeneOrProtein	0	Vitamin D	Vitamin D[	1	
35365-6	E	Vitamin D	GeneOrProtein	0	Vitamin D	Vitamin D[	1	
35365-6	E	Vitamin D	GeneOrProtein	0	Vitamin D	Vitamin D[	1	
3130-2	E	Vitronectin	GeneOrProtein	0	Vitronectin	Vitronectin	0	HGNC:12724
3130-2	E	Vitronectin	GeneOrProtein	0	Vitronectin	Vitronectin	0	HGNC:12724
3130-2	E	Vitronectin	GeneOrProtein	0	Vitronectin	Vitronectin	0	HGNC:12724
3130-2	E	Vitronectin	GeneOrProtein	0	Vitronectin	Vitronectin	0	HGNC:12724
76651-9	E	Zinc transporter 8	GeneOrProtein	0	Zinc transporter 8	Zinc transporter 8	0	
76651-9	E	Zinc transporter 8	GeneOrProtein	0	Zinc transporter 8	Zinc transporter 8	0	
99399-8	E	Zonulin	GeneOrProtein	0	Zonulin	Zonulin	0	
99399-8	E	Zonulin	GeneOrProtein	0	Zonulin	Zonulin	0	
